ep1
Train step Loss: [6.218742847442627, 6.214143753051758, 6.2074408531188965, 6.199763774871826, 6.187502384185791, 6.187482833862305, 6.172671318054199, 6.1690826416015625, 6.165363311767578, 6.155474662780762, 6.141397953033447, 6.134856700897217, 6.121745586395264, 6.09701681137085, 6.104754447937012, 6.092539310455322, 6.084187030792236, 6.053377151489258, 6.035233497619629, 6.034974098205566, 6.035711288452148, 6.000333786010742, 5.98288631439209, 5.9664130210876465, 5.933748722076416, 5.914062976837158, 5.8812079429626465, 5.8434319496154785, 5.8413896560668945, 5.824203968048096, 5.757038593292236, 5.7689008712768555, 5.778141021728516, 5.724611282348633, 5.734500408172607, 5.679496765136719, 5.662144184112549, 5.603704452514648, 5.666960716247559, 5.65366792678833, 5.608521938323975, 5.592715740203857, 5.4811272621154785, 5.475223064422607, 5.576849937438965, 5.485788345336914, 5.475959777832031, 5.464718341827393, 5.426254749298096, 5.527031898498535, 5.349509239196777, 5.4908037185668945, 5.387810707092285, 5.318524360656738, 5.37632942199707, 5.3969292640686035, 5.271544456481934, 5.3090410232543945, 5.385941505432129, 5.19227409362793, 5.38435697555542, 5.321067810058594, 5.252127647399902]
val step Loss: [5.629007816314697, 5.524444103240967, 5.568615913391113, 5.611068248748779, 5.545868873596191, 5.571432113647461, 5.539420127868652, 5.590202808380127, 5.684853553771973, 5.538303852081299, 5.6533966064453125, 5.533168315887451, 5.585148811340332, 5.51699686050415, 5.562574863433838, 5.627752304077148]
Train step Accs: [0.0013281976358082083, 0.001556662515566625, 0.006365655070318283, 0.026860059092130004, 0.07384054925038532, 0.046112372304199775, 0.08241758241758242, 0.07705426356589147, 0.08160371277555756, 0.11018816748601458, 0.12118830556428796, 0.11591720199857244, 0.11402463249900675, 0.12515010006671115, 0.10269263821254655, 0.10843582192967262, 0.08735705209656926, 0.09106962663975782, 0.08851391355831853, 0.10009219017516133, 0.056399812000626666, 0.07094776521270867, 0.06105675146771037, 0.04991587212563096, 0.04150525733259546, 0.04605475040257649, 0.03868447580645161, 0.05388099328439794, 0.04638065264204075, 0.03436760818143871, 0.07915287888815355, 0.03718797758532858, 0.02699914015477214, 0.0594656707842574, 0.04287138584247258, 0.03653460767689225, 0.04356620507235102, 0.05069512708889201, 0.028929188255613126, 0.022111582955044663, 0.03064935064935065, 0.026629509211952316, 0.054917692626919354, 0.05053661187338677, 0.028454645495991197, 0.0384565583322543, 0.03666206473385489, 0.03630452451910052, 0.03709810387469085, 0.025458570524984188, 0.046066525871172125, 0.02719538134305682, 0.04261449802851077, 0.053155659686630545, 0.04853675945753034, 0.04612850082372323, 0.09751001218875152, 0.07613382899628253, 0.08388059701492537, 0.11282051282051282, 0.067637727141621, 0.0627062706270627, 0.07577679137603044]
val step Accs: [0.039764735967267616, 0.044743935309973046, 0.031100130794942595, 0.0316938453445555, 0.04917170654746253, 0.04437420986093552, 0.04530157908361377, 0.03660280240205891, 0.025899280575539568, 0.03908668730650155, 0.030117491312262122, 0.06128095172222991, 0.03263654753877276, 0.05598775666369086, 0.048401966810079904, 0.03538928210313448]
Preds: [63, 63, 63, 63, 392, 392, 392, 392, 392, 392, 63, 63, 63, 392, 392, 392, 392, 392, 392, 392, 392, 392, 392, 392, 392, 392, 392, 392, 392, 392, 392, 392, 392, 392, 213, 213, 213, 392, 392, 392, 392, 392, 392, 392, 392, 392, 392, 392, 392, 392, 392, 392, 392, 392, 392, 392, 392, 392, 392, 392, 392, 392, 392, 392, 392, 392, 392, 392, 392, 392, 392, 392, 392, 392, 392, 392, 392, 392, 392, 392, 392, 392, 392, 392, 392, 392, 392, 392, 392, 392, 392, 392, 392, 392, 392, 392, 213, 213, 246, 246, 246, 246, 246, 246, 246, 246, 246, 392, 392, 392, 392, 392, 392, 392, 392, 392, 392, 392, 392, 392, 392, 213, 213, 213, 392, 392, 392, 392, 392, 392, 392, 392, 392, 392, 392, 392, 392, 392, 392, 392, 392, 392, 392, 392, 392, 392, 392, 392, 392, 392, 392, 392, 392, 392, 392, 392, 392, 213, 392, 392, 392, 392, 392, 392, 392, 392, 213, 392, 392, 392, 392, 392, 392, 392, 392, 392, 392, 392, 392, 392, 392, 392, 392, 213, 392, 392, 392, 392, 392, 392, 392, 392, 392, 392, 392, 392, 392, 392, 392, 392, 392, 392, 392, 392, 392, 392, 213, 213, 213, 213, 213, 213, 392, 392, 392, 392, 392, 392, 392, 392, 392, 392, 392, 392, 392, 392, 392, 392, 392, 392, 392, 392, 392, 392, 392, 392, 392, 392, 392, 392, 63, 63, 63, 63, 63, 63, 63, 63, 63, 63, 63, 63, 63, 63, 63, 63, 63, 63, 63, 63, 63, 63, 63, 63, 63, 63, 392, 392, 392, 392, 392, 246, 246, 246, 246, 246, 246, 246, 246, 246, 246, 246, 246, 246, 246, 392, 392, 392, 392, 392, 392, 392, 392, 392, 392, 392, 392, 392, 392, 392, 392, 392, 392, 392, 392, 213, 392, 392, 392, 392, 392, 392, 392, 392, 392, 392, 392, 392, 392, 392, 392, 392, 392, 392, 392, 392, 392, 392, 392, 392, 392, 392, 392, 392, 392, 392, 392, 213, 213, 213, 213, 213, 392, 392, 392, 392, 392, 392, 392, 392, 392, 392, 392, 392, 392, 392, 392, 392, 392, 392, 392, 392, 392, 392, 392, 392, 392, 392, 392, 392, 392, 392, 392, 392, 392, 392, 392, 213, 213, 392, 392, 392, 392, 392, 392, 392, 392, 392, 392, 392, 392, 392, 392, 392, 392, 392, 392, 392, 392, 392, 392, 392, 392, 392, 392, 392, 392, 392, 392, 392, 392, 392, 392, 392, 392, 392, 392, 392, 392, 63, 63, 63, 63, 392, 392, 392, 392, 392, 392, 392, 392, 246, 246, 246, 246, 246, 246, 246, 246, 246, 392, 392, 392, 392, 392, 392, 392, 392, 392, 392, 392, 392, 392, 392, 392, 392, 392, 392, 392, 392, 392, 392, 392, 392, 392, 392, 392, 392, 392, 392, 392, 392, 392, 392, 392, 392, 392, 392, 392, 392, 392, 392, 392, 392, 392, 392, 392, 392, 392, 392, 392, 392, 392, 392, 392, 392, 392, 392, 392, 392, 392, 392, 392, 392, 392, 392, 392, 392, 392, 392, 392, 392, 392, 392, 392, 392, 392, 392, 392, 392, 392, 392, 392, 392, 392, 392, 392, 392, 392, 392, 392, 392, 392, 392, 392, 392, 392, 392, 392, 392, 392, 392, 392, 392, 392, 392, 392, 392, 392, 392, 392, 392, 392, 392, 392, 392, 392, 392, 392, 392, 392, 392, 392, 392, 392, 392, 392, 392, 392, 392, 392, 392, 392, 392, 392, 392, 392, 392, 392, 392, 392, 392, 392, 392, 392, 392, 392, 392, 392, 392, 392, 392, 392, 392, 392, 392, 392, 392, 392, 392]

ep2
Train step Loss: [5.266563415527344, 5.353992462158203, 5.335315704345703, 5.243977069854736, 5.107173442840576, 5.234569072723389, 5.158613681793213, 5.227738380432129, 5.296106815338135, 5.227485656738281, 5.161763668060303, 5.207392692565918, 5.196681499481201, 5.149834632873535, 5.230357646942139, 5.170004367828369, 5.242165565490723, 5.165083885192871, 5.148635387420654, 5.151547431945801, 5.275458812713623, 5.173098087310791, 5.172447204589844, 5.207220077514648, 5.137773513793945, 5.158900737762451, 5.120017051696777, 5.073269844055176, 5.1042327880859375, 5.106701850891113, 4.908620834350586, 5.061684608459473, 5.119662284851074, 5.014822483062744, 5.115039348602295, 5.069023132324219, 5.066591262817383, 5.010358810424805, 5.119518280029297, 5.105755805969238, 5.087664604187012, 5.09405517578125, 4.942443370819092, 4.983062744140625, 5.139291286468506, 5.036594867706299, 5.039437770843506, 5.059847831726074, 5.020004749298096, 5.178494453430176, 4.946582794189453, 5.14028787612915, 5.021152496337891, 4.949739456176758, 5.028433322906494, 5.05438756942749, 4.911534786224365, 4.960090160369873, 5.060631275177002, 4.854024887084961, 5.068716526031494, 5.008341312408447, 4.941442489624023]
val step Loss: [5.403493881225586, 5.277566432952881, 5.333730697631836, 5.376877307891846, 5.3072028160095215, 5.348916530609131, 5.294551372528076, 5.345146656036377, 5.477137088775635, 5.298457622528076, 5.4434709548950195, 5.29844856262207, 5.3516130447387695, 5.2738871574401855, 5.330265522003174, 5.4176836013793945]
Train step Accs: [0.08168415460220481, 0.08312577833125778, 0.08008882309400445, 0.09118990061778136, 0.1111111111111111, 0.08725879682179341, 0.1035046035046035, 0.09674418604651162, 0.0862446822225087, 0.1037463976945245, 0.10845646023263125, 0.1140613847251963, 0.11892464574228578, 0.1315543695797198, 0.10627327413348611, 0.10289277671921011, 0.09990470139771283, 0.11503531786074672, 0.12122557726465365, 0.1281443434742526, 0.09431301895660348, 0.11012385568120625, 0.11206784083496413, 0.10530005608524957, 0.10666851134477033, 0.1254428341384863, 0.1219758064516129, 0.12384819615805091, 0.1300314725857214, 0.12411298177264506, 0.1454665784248842, 0.13436067244014263, 0.1284608770421324, 0.14435507038207412, 0.11793191853012391, 0.12162787112686912, 0.13147658316477362, 0.14506389552029209, 0.1141335636154289, 0.12900863962512812, 0.12207792207792208, 0.11766527326211487, 0.15313321344584313, 0.14739845129737808, 0.11664832573494734, 0.13220251197721092, 0.12716674336554687, 0.12896234082904362, 0.13314097279472384, 0.11290322580645161, 0.14519535374868003, 0.11045274992403525, 0.14877161055505003, 0.1410162542099868, 0.13576017130620985, 0.11352403774150067, 0.16176214522026816, 0.1317472118959108, 0.13298507462686568, 0.15444947209653093, 0.115950389385636, 0.14104568351572, 0.14426125554850983]
val step Accs: [0.09640710906533691, 0.10997304582210242, 0.0805115535532626, 0.08377169910573383, 0.10333946884038916, 0.09077117572692794, 0.10121667098110276, 0.09050614812696597, 0.07730542838456507, 0.10203818369453044, 0.0795962270395499, 0.10886706321759579, 0.08482805124747134, 0.10789440122433364, 0.10402581438229871, 0.08634984833164813]
Preds: [63, 392, 392, 324, 284, 284, 284, 284, 213, 213, 246, 246, 213, 213, 213, 213, 171, 171, 171, 324, 324, 324, 324, 324, 213, 213, 213, 213, 213, 213, 213, 213, 213, 324, 324, 324, 324, 213, 213, 213, 213, 213, 213, 213, 213, 213, 213, 213, 213, 324, 324, 324, 414, 414, 392, 392, 392, 392, 392, 392, 392, 392, 324, 324, 324, 324, 324, 324, 392, 392, 392, 392, 392, 392, 392, 392, 392, 246, 246, 213, 213, 213, 213, 324, 324, 324, 324, 324, 392, 392, 392, 392, 213, 213, 213, 213, 213, 246, 246, 246, 246, 246, 246, 246, 246, 246, 246, 246, 246, 246, 246, 246, 246, 246, 246, 246, 246, 213, 213, 213, 213, 213, 213, 213, 324, 324, 324, 324, 324, 324, 324, 324, 324, 324, 171, 171, 171, 171, 392, 392, 324, 324, 324, 324, 324, 324, 324, 171, 171, 324, 324, 324, 324, 324, 324, 324, 324, 324, 324, 324, 284, 284, 284, 324, 324, 324, 324, 324, 324, 324, 324, 324, 324, 324, 324, 324, 324, 324, 324, 324, 324, 324, 213, 213, 213, 213, 213, 213, 213, 213, 213, 213, 213, 213, 213, 213, 213, 213, 213, 213, 213, 213, 213, 284, 324, 324, 324, 324, 324, 213, 324, 324, 324, 324, 324, 414, 414, 392, 392, 392, 392, 392, 392, 392, 392, 392, 392, 171, 171, 171, 171, 171, 324, 324, 324, 324, 324, 324, 324, 324, 63, 63, 63, 63, 63, 63, 63, 63, 63, 63, 63, 63, 63, 63, 63, 63, 63, 63, 73, 73, 246, 246, 246, 246, 246, 246, 213, 213, 213, 213, 246, 246, 246, 246, 246, 246, 246, 246, 246, 246, 246, 246, 246, 246, 246, 246, 246, 246, 246, 284, 284, 284, 284, 284, 284, 324, 324, 324, 171, 171, 171, 171, 324, 324, 324, 324, 324, 324, 213, 246, 464, 464, 464, 171, 171, 171, 171, 171, 171, 171, 324, 324, 324, 324, 324, 324, 324, 324, 324, 324, 324, 324, 324, 324, 324, 324, 213, 213, 213, 213, 213, 213, 213, 213, 213, 213, 213, 213, 324, 324, 324, 324, 324, 324, 324, 324, 324, 392, 392, 392, 392, 392, 392, 324, 324, 324, 324, 324, 324, 324, 324, 324, 324, 324, 324, 324, 324, 324, 324, 324, 324, 324, 324, 324, 213, 213, 213, 213, 213, 213, 213, 213, 213, 213, 213, 213, 213, 213, 213, 213, 213, 213, 213, 213, 213, 246, 246, 246, 246, 246, 171, 171, 392, 392, 392, 392, 392, 392, 392, 392, 213, 213, 392, 392, 392, 392, 213, 213, 213, 213, 246, 246, 246, 246, 246, 246, 246, 246, 246, 246, 246, 246, 246, 246, 246, 246, 246, 246, 324, 324, 324, 324, 324, 392, 171, 171, 171, 171, 171, 171, 171, 171, 171, 171, 246, 246, 171, 171, 171, 171, 171, 324, 324, 213, 213, 213, 213, 213, 213, 213, 213, 324, 324, 324, 324, 324, 324, 324, 246, 324, 324, 324, 324, 213, 213, 213, 246, 392, 324, 324, 324, 324, 324, 392, 392, 392, 392, 392, 392, 392, 392, 392, 392, 392, 392, 392, 392, 392, 392, 392, 392, 392, 392, 392, 392, 392, 392, 392, 392, 392, 392, 392, 392, 392, 392, 392, 392, 392, 392, 392, 392, 392, 392, 392, 392, 392, 392, 392, 392, 392, 392, 392, 392, 392, 392, 392, 392, 392, 392, 392, 392, 392, 392, 392, 392, 392, 392, 392, 392, 392, 392, 392, 392, 392, 392, 392, 392, 392, 392, 392, 392, 392, 392, 392, 392, 392, 392, 392, 392, 392, 392, 392, 392, 392, 392, 392, 392, 392, 392, 392]

ep3
Train step Loss: [5.00297212600708, 5.020833492279053, 5.050937175750732, 4.839511871337891, 5.0099897384643555, 4.892827987670898, 4.89382791519165, 5.004718780517578, 5.031188011169434, 4.935227870941162, 4.982693195343018, 5.028783321380615, 4.830260753631592, 4.951099872589111, 4.962259769439697, 4.890879154205322, 4.847269535064697, 5.043462753295898, 4.87716817855835, 4.954668998718262, 4.962792873382568, 4.866008281707764, 4.932953357696533, 4.795149326324463, 4.880100250244141, 4.8158063888549805, 4.724667549133301, 4.771908760070801, 4.85289192199707, 4.858084678649902, 4.866610050201416, 4.836261749267578, 4.856825351715088, 4.774996280670166, 4.851955413818359, 4.8289947509765625, 4.903136730194092, 4.882227420806885, 4.811010360717773, 4.831336498260498, 4.8338518142700195, 4.840056896209717, 4.812311172485352, 4.74168586730957, 4.777924537658691, 4.926953315734863, 4.780269145965576, 4.760797500610352, 4.802186012268066, 4.716580390930176, 4.715396404266357, 4.882660388946533, 4.873913764953613, 4.862996578216553, 4.711949348449707, 4.672708511352539, 4.757555961608887, 4.881532669067383, 4.57215690612793, 4.64213752746582, 4.784327507019043, 4.676731586456299, 4.828721523284912]
val step Loss: [5.180974006652832, 5.161708354949951, 5.163647651672363, 5.1304731369018555, 5.217916011810303, 5.019439220428467, 5.179930210113525, 5.189149856567383, 5.2133989334106445, 5.161520957946777, 5.151052474975586, 5.110230445861816, 5.07191276550293, 5.067859649658203, 5.062648296356201, 5.059687614440918]
Train step Accs: [0.12838545563369744, 0.13261843355504277, 0.12660354306658522, 0.154894283476899, 0.13439671509791534, 0.1528390113560454, 0.1451637705674304, 0.13242375601926162, 0.13231552162849872, 0.15109930647779254, 0.15025161754133717, 0.13277100905966885, 0.1555478741790529, 0.14320844785187328, 0.14038205242114615, 0.15278783490224476, 0.15403726708074533, 0.1257441818509832, 0.14357511545775603, 0.14005907041815638, 0.1404177065545777, 0.14703675918979744, 0.13353993520214114, 0.1637655932695097, 0.14983985517337417, 0.15689332501559575, 0.16692062612550215, 0.16836034056577864, 0.1426389737324374, 0.14824684431977558, 0.15696577741848558, 0.16505119453924916, 0.1646033929390188, 0.17107715244129706, 0.15090361445783132, 0.167973124300112, 0.1472809667673716, 0.16795903438185808, 0.16803811173668254, 0.17129711555476906, 0.15583927900863687, 0.16677125823658612, 0.16437289015840043, 0.173998786407767, 0.17197364809223167, 0.16458752515090544, 0.18024861878453038, 0.1668967421314191, 0.15805511393746688, 0.19053289669544507, 0.1744074530757638, 0.16416309012875535, 0.15381488006504945, 0.16348560700876094, 0.19262187088274044, 0.20567144719687092, 0.18135664927372727, 0.15616710875331566, 0.21349557522123894, 0.20674229110081482, 0.1824445775913721, 0.1888773850022186, 0.17068811438784628]
val step Accs: [0.12264969626844084, 0.1377371749824315, 0.14083979005248687, 0.14652448657187994, 0.12686863341711865, 0.1615129056989522, 0.13026367571822117, 0.1461699581089168, 0.14116819141449682, 0.13857303511183305, 0.13807429130009774, 0.14044865542705867, 0.16073354908306364, 0.15690182011425535, 0.14083865086599817, 0.15401695599515544]
Preds: [17, 17, 284, 213, 213, 213, 213, 324, 324, 324, 324, 324, 324, 171, 171, 171, 171, 171, 171, 171, 171, 171, 324, 324, 324, 324, 324, 324, 324, 324, 324, 324, 324, 324, 324, 324, 324, 324, 324, 324, 324, 213, 213, 213, 213, 213, 213, 213, 414, 414, 414, 213, 213, 213, 171, 171, 171, 171, 213, 324, 324, 171, 171, 171, 324, 324, 324, 171, 171, 250, 250, 250, 324, 324, 324, 324, 324, 324, 324, 324, 171, 324, 324, 213, 213, 213, 213, 213, 213, 213, 213, 213, 213, 213, 213, 213, 213, 213, 171, 171, 171, 171, 324, 324, 213, 213, 324, 324, 324, 324, 324, 324, 324, 414, 414, 414, 414, 414, 414, 414, 414, 414, 414, 414, 414, 392, 392, 392, 392, 392, 392, 392, 392, 392, 392, 392, 392, 392, 392, 324, 324, 324, 324, 324, 324, 213, 213, 213, 213, 213, 324, 324, 324, 324, 213, 213, 213, 213, 213, 213, 213, 213, 213, 213, 213, 213, 213, 213, 213, 213, 414, 414, 324, 324, 324, 324, 324, 414, 414, 414, 324, 324, 324, 324, 324, 464, 464, 464, 464, 464, 171, 486, 486, 486, 324, 170, 170, 170, 170, 170, 170, 170, 324, 324, 324, 213, 213, 213, 213, 324, 324, 464, 464, 464, 464, 464, 464, 464, 171, 171, 324, 324, 324, 324, 324, 213, 213, 213, 213, 324, 324, 324, 324, 324, 324, 324, 324, 324, 324, 324, 213, 213, 213, 213, 213, 213, 213, 414, 414, 414, 414, 414, 414, 414, 414, 414, 414, 414, 414, 414, 392, 392, 392, 392, 392, 392, 392, 392, 392, 392, 392, 320, 320, 320, 320, 320, 320, 320, 171, 171, 171, 171, 171, 171, 171, 213, 213, 213, 213, 213, 213, 213, 213, 213, 464, 464, 464, 464, 171, 171, 284, 284, 284, 324, 324, 284, 414, 414, 324, 414, 414, 414, 414, 213, 213, 213, 213, 213, 213, 213, 414, 213, 213, 213, 213, 213, 213, 213, 324, 284, 284, 284, 284, 324, 324, 324, 324, 324, 324, 324, 35, 35, 324, 213, 213, 213, 213, 213, 213, 213, 414, 414, 414, 414, 414, 414, 414, 414, 392, 392, 392, 392, 392, 392, 392, 392, 392, 392, 392, 392, 63, 63, 63, 63, 63, 63, 63, 63, 73, 73, 73, 320, 320, 287, 287, 287, 213, 213, 324, 324, 324, 324, 324, 324, 213, 213, 213, 213, 414, 414, 213, 213, 213, 213, 464, 464, 464, 213, 213, 213, 213, 213, 213, 213, 213, 213, 213, 213, 213, 213, 213, 213, 324, 324, 324, 213, 213, 213, 213, 213, 213, 213, 213, 213, 213, 324, 324, 414, 414, 414, 414, 414, 414, 414, 414, 213, 213, 213, 213, 324, 324, 324, 324, 324, 324, 324, 324, 324, 213, 213, 213, 213, 213, 213, 213, 213, 246, 246, 414, 414, 414, 414, 414, 414, 414, 414, 414, 414, 392, 392, 392, 392, 392, 392, 392, 392, 392, 392, 392, 392, 392, 320, 320, 324, 324, 324, 324, 324, 324, 324, 324, 324, 324, 171, 171, 171, 171, 171, 171, 171, 171, 171, 324, 324, 324, 324, 324, 324, 324, 213, 213, 213, 246, 246, 246, 246, 414, 414, 414, 414, 392, 392, 392, 392, 392, 392, 392, 392, 392, 392, 171, 171, 171, 171, 171, 171, 171, 171, 171, 171, 171, 171, 171, 171, 171, 171, 171, 171, 171, 171, 171, 171, 171, 171, 171, 171, 171, 171, 171, 171, 171, 171, 171, 171, 171, 171, 171, 171, 171, 171, 171, 171, 171, 171, 171, 171, 171, 171, 171, 171, 171, 171, 171, 171, 171, 171, 171, 171, 171, 171]

ep4
Train step Loss: [4.8233256340026855, 4.611542701721191, 4.671706676483154, 4.663032054901123, 4.734539985656738, 4.733110427856445, 4.726473808288574, 4.760529518127441, 4.825011253356934, 4.765212059020996, 4.614003658294678, 4.760066032409668, 4.771218776702881, 4.703938961029053, 4.803319931030273, 4.712920665740967, 4.501082420349121, 4.610287189483643, 4.754018306732178, 4.702315330505371, 4.579457759857178, 4.549161434173584, 4.5894951820373535, 4.697067737579346, 4.713395118713379, 4.689326286315918, 4.726941108703613, 4.588324546813965, 4.5887932777404785, 4.585826396942139, 4.539004325866699, 4.632014274597168, 4.657079219818115, 4.584639549255371, 4.630528450012207, 4.624658584594727, 4.701310634613037, 4.534307956695557, 4.504057884216309, 4.530673980712891, 4.6448655128479, 4.5600266456604, 4.6052446365356445, 4.681158065795898, 4.43129301071167, 4.540157318115234, 4.476113796234131, 4.5649871826171875, 4.600015640258789, 4.5385236740112305, 4.77139139175415, 4.532678604125977, 4.561946392059326, 4.449351787567139, 4.540023326873779, 4.528944969177246, 4.671356678009033, 4.465665340423584, 4.505945682525635, 4.530262470245361, 4.5911431312561035, 4.4920501708984375, 4.435197830200195]
val step Loss: [4.9438652992248535, 4.860452175140381, 4.931341171264648, 4.909876346588135, 5.015152454376221, 4.954379081726074, 4.954247951507568, 4.837697505950928, 4.987026691436768, 5.007796287536621, 4.9623613357543945, 4.966050148010254, 4.988268852233887, 4.828579902648926, 4.934447765350342, 4.957740783691406]
Train step Accs: [0.17638946352227278, 0.20836161259671507, 0.18399361871842596, 0.20088093966898024, 0.1835733502136414, 0.18992311467364634, 0.18660125190323126, 0.17985611510791366, 0.17606330365974282, 0.18572233173753872, 0.19965675057208238, 0.17886530965786054, 0.1843522757877727, 0.18115750528541227, 0.18241869918699186, 0.1990968801313629, 0.22850014675667743, 0.19608872555453472, 0.1810361307589371, 0.1892156862745098, 0.20209820778085386, 0.21359099052981828, 0.21594137879467623, 0.18676363636363635, 0.1936696960200564, 0.2057323720766661, 0.18879892037786775, 0.21487732458196593, 0.19854618015963513, 0.21016260162601627, 0.22232660090809456, 0.1976426799007444, 0.19996863237139273, 0.22094298245614036, 0.21471331648263936, 0.21246603260869565, 0.20069204152249134, 0.21991063948617703, 0.22650538349062874, 0.231043466337584, 0.2, 0.21845130904557417, 0.2099764951684513, 0.1983974358974359, 0.2327322738386308, 0.21664094289322294, 0.22674579078112062, 0.20708782742681048, 0.20800219238147438, 0.21557363970001595, 0.18238829370263915, 0.21554721179251843, 0.22311418685121107, 0.22985746436609153, 0.2185096791302042, 0.23257480738218958, 0.20254957507082152, 0.23264650007306736, 0.21438082556591212, 0.22175788622270154, 0.21212121212121213, 0.22446863659927424, 0.23900855709648863]
val step Accs: [0.15895343930229286, 0.1785399066952465, 0.16632204704057896, 0.17165504988383218, 0.16034432448205427, 0.1629351624174971, 0.16202712348322626, 0.19170437405731525, 0.16292052299103862, 0.15649081209247184, 0.17114351496546432, 0.16536380036079373, 0.16488250652741515, 0.1810955340367105, 0.17851037851037851, 0.17585301837270342]
Preds: [17, 17, 17, 213, 213, 213, 213, 284, 284, 284, 284, 324, 324, 324, 324, 324, 213, 213, 213, 213, 213, 171, 171, 171, 171, 414, 414, 414, 414, 414, 414, 414, 414, 414, 414, 414, 414, 414, 213, 213, 213, 213, 213, 213, 213, 213, 324, 324, 324, 324, 324, 324, 324, 324, 324, 324, 324, 324, 324, 324, 324, 324, 324, 324, 324, 324, 324, 324, 414, 414, 414, 414, 392, 392, 392, 392, 392, 392, 392, 213, 213, 213, 246, 246, 246, 246, 246, 246, 246, 246, 246, 246, 246, 246, 246, 414, 324, 324, 213, 213, 213, 213, 213, 213, 213, 324, 213, 213, 213, 324, 324, 213, 213, 213, 213, 213, 213, 213, 213, 324, 324, 324, 324, 324, 324, 324, 324, 324, 324, 324, 324, 324, 324, 324, 324, 324, 324, 324, 213, 171, 171, 171, 171, 171, 171, 171, 171, 213, 170, 170, 170, 170, 170, 170, 170, 171, 171, 171, 171, 171, 171, 171, 171, 171, 171, 171, 171, 171, 171, 171, 171, 171, 171, 171, 171, 171, 171, 171, 171, 171, 171, 171, 171, 171, 171, 171, 171, 171, 171, 171, 171, 171, 171, 171, 171, 171, 171, 171, 171, 171, 171, 171, 171, 171, 171, 171, 171, 171, 171, 171, 171, 171, 171, 171, 171, 171, 171, 171, 171, 171, 171, 171, 171, 171, 171, 171, 171, 171, 171, 171, 171, 171, 171, 171, 171, 171, 171, 171, 171, 171, 171, 171, 171, 171, 171, 171, 171, 171, 171, 171, 171, 171, 171, 171, 171, 171, 171, 171, 171, 171, 171, 171, 171, 171, 171, 171, 171, 171, 171, 171, 171, 171, 171, 171, 171, 171, 171, 171, 171, 171, 171, 171, 171, 171, 171, 171, 171, 171, 171, 171, 171, 171, 171, 171, 171, 171, 171, 171, 171, 171, 171, 171, 171, 171, 171, 171, 171, 171, 171, 171, 171, 171, 171, 171, 171, 171, 171, 171, 171, 171, 171, 171, 171, 171, 171, 171, 171, 171, 171, 171, 171, 171, 171, 171, 171, 171, 171, 171, 171, 171, 171, 171, 171, 171, 171, 171, 171, 171, 171, 171, 171, 171, 171, 171, 171, 171, 171, 171, 171, 171, 171, 171, 171, 171, 171, 171, 171, 171, 171, 171, 171, 171, 171, 171, 171, 171, 171, 171, 171, 171, 171, 171, 171, 171, 171, 171, 171, 171, 171, 171, 171, 171, 171, 171, 171, 171, 171, 171, 171, 171, 171, 171, 171, 171, 171, 171, 171, 171, 171, 171, 171, 171, 171, 171, 171, 171, 171, 171, 171, 171, 171, 171, 171, 171, 171, 171, 171, 171, 171, 171, 171, 171, 171, 171, 171, 171, 171, 171, 171, 171, 171, 171, 171, 171, 171, 171, 171, 171, 171, 171, 171, 171, 171, 171, 171, 171, 171, 171, 171, 171, 171, 171, 171, 171, 171, 171, 171, 171, 171, 171, 171, 171, 171, 171, 171, 171, 171, 171, 171, 171, 171, 171, 171, 171, 171, 171, 171, 171, 171, 171, 171, 171, 171, 171, 171, 171, 171, 171, 171, 171, 171, 171, 171, 171, 171, 171, 171, 171, 171, 171, 171, 171, 171, 171, 171, 171, 171, 171, 171, 171, 171, 171, 171, 171, 171, 171, 171, 171, 171, 171, 171, 171, 171, 171, 171, 171, 171, 171, 171, 171, 171, 171, 171, 171, 171, 171, 171, 171, 171, 171, 171, 171, 171, 171, 171, 171, 171, 171, 171, 171, 171, 171, 171, 171, 171, 171, 171, 171, 171, 171, 171, 171, 171, 171, 171, 171, 171, 171, 171, 171, 171, 171, 171, 171, 171, 171, 171, 171, 171, 171, 171, 171, 171, 171, 171, 171, 171, 171, 171, 171]

ep5
Train step Loss: [4.449526786804199, 4.502842426300049, 4.470667839050293, 4.387258529663086, 4.469189167022705, 4.570976734161377, 4.415670871734619, 4.414968967437744, 4.483753681182861, 4.371175289154053, 4.468050956726074, 4.365305423736572, 4.562894821166992, 4.403843402862549, 4.429404258728027, 4.544142723083496, 4.5062408447265625, 4.439592361450195, 4.449417591094971, 4.303474426269531, 4.518171310424805, 4.400994777679443, 4.388033390045166, 4.492132186889648, 4.455643177032471, 4.409389019012451, 4.439975738525391, 4.390132904052734, 4.354053020477295, 4.326232433319092, 4.4467668533325195, 4.257046699523926, 4.456999778747559, 4.457306861877441, 4.346726894378662, 4.346255302429199, 4.404068946838379, 4.379165172576904, 4.502589225769043, 4.317000865936279, 4.472228527069092, 4.315623760223389, 4.334569931030273, 4.36733341217041, 4.424623012542725, 4.282459735870361, 4.360167503356934, 4.399271488189697, 4.411675453186035, 4.291070461273193, 4.5027971267700195, 4.277688980102539, 4.3831467628479, 4.38017463684082, 4.32396125793457, 4.395719528198242, 4.274528980255127, 4.375803470611572, 4.29116153717041, 4.3127617835998535, 4.237124443054199, 4.3349504470825195, 4.336041450500488]
val step Loss: [4.634291172027588, 4.750239372253418, 4.740810394287109, 4.789863586425781, 4.693474769592285, 4.822998046875, 4.634487628936768, 4.695826530456543, 4.791632652282715, 4.75178861618042, 4.654763698577881, 4.744807243347168, 4.750073432922363, 4.766944885253906, 4.756174564361572, 4.64326286315918]
Train step Accs: [0.23455481526347668, 0.2208906642994526, 0.2380586699431731, 0.23432967587337622, 0.23511365221029146, 0.2206173888416879, 0.24228444161629017, 0.2413012729844413, 0.2327598669943617, 0.24075829383886255, 0.2346098783106657, 0.2401860210641499, 0.20852115748145994, 0.23816397228637412, 0.233198486232546, 0.21635814625180516, 0.2252044989775051, 0.228602383531961, 0.22628290096572617, 0.25967338531705164, 0.23263611687689606, 0.23795503211991434, 0.24413728839881968, 0.23796711509715995, 0.2310856471279565, 0.2373109243697479, 0.23696260493513102, 0.2387240356083086, 0.25424007903836654, 0.25213810579664236, 0.23372571266487024, 0.26496929375639716, 0.2398758981058132, 0.23696746971553015, 0.2453718230310637, 0.24076724878328085, 0.2304325871065477, 0.23906200818382123, 0.21817248459958932, 0.2525789309159112, 0.22761194029850745, 0.25876862863164235, 0.2521344717182497, 0.24758884925353417, 0.2385542168674699, 0.26427976686094923, 0.24650605616930654, 0.23638006713142268, 0.24237010570195028, 0.2523455192494338, 0.23272925466684835, 0.26118954641033343, 0.2372191011235955, 0.23820130864541278, 0.2581145739040476, 0.2459037711313394, 0.2633642661090054, 0.2399823866138265, 0.2586304470854556, 0.2600493397184734, 0.2687447346251053, 0.2521462639109698, 0.25475792988313856]
val step Accs: [0.21380264371349522, 0.20083628991383679, 0.19289269911504425, 0.1830667069121642, 0.20460323832463537, 0.184085025207794, 0.20251022422789453, 0.19793411501954217, 0.18613472858077174, 0.19205756192057563, 0.19914477703115455, 0.18738717053797088, 0.20263449464483566, 0.1858709585529127, 0.18766404199475065, 0.20495590088198237]
Preds: [17, 17, 17, 287, 284, 284, 284, 284, 284, 284, 284, 284, 284, 284, 250, 153, 153, 182, 182, 182, 182, 182, 182, 182, 182, 182, 182, 182, 182, 98, 98, 414, 414, 414, 414, 414, 414, 287, 287, 171, 171, 171, 171, 171, 171, 171, 171, 324, 324, 213, 324, 324, 324, 324, 324, 324, 250, 250, 250, 250, 250, 250, 250, 250, 284, 284, 284, 284, 284, 284, 284, 284, 324, 324, 324, 324, 250, 250, 250, 250, 250, 250, 250, 250, 284, 250, 182, 182, 182, 182, 414, 414, 287, 287, 287, 287, 284, 324, 324, 324, 324, 35, 35, 35, 35, 284, 392, 392, 392, 213, 213, 213, 213, 213, 213, 213, 213, 213, 213, 213, 213, 213, 213, 213, 213, 213, 324, 324, 464, 464, 464, 464, 464, 464, 464, 464, 324, 324, 324, 324, 324, 324, 324, 324, 324, 324, 464, 250, 250, 324, 324, 284, 284, 284, 284, 284, 284, 284, 132, 132, 132, 132, 132, 132, 132, 213, 213, 213, 213, 213, 213, 213, 246, 246, 246, 246, 246, 246, 246, 246, 246, 324, 355, 355, 324, 324, 324, 324, 324, 324, 324, 324, 324, 267, 213, 213, 213, 213, 132, 132, 376, 132, 132, 132, 132, 132, 35, 35, 35, 35, 35, 213, 213, 213, 213, 213, 213, 464, 464, 464, 464, 464, 284, 284, 284, 284, 414, 414, 35, 35, 35, 35, 213, 213, 213, 213, 213, 213, 213, 213, 213, 35, 35, 35, 35, 35, 35, 35, 35, 213, 284, 284, 284, 284, 284, 284, 132, 132, 414, 414, 170, 170, 170, 170, 392, 392, 392, 392, 392, 392, 392, 392, 392, 392, 392, 392, 392, 392, 392, 392, 392, 392, 392, 73, 73, 73, 73, 73, 320, 320, 287, 287, 324, 324, 324, 324, 324, 182, 182, 182, 324, 324, 324, 324, 324, 324, 324, 324, 324, 324, 324, 324, 464, 464, 464, 464, 464, 464, 284, 284, 284, 284, 284, 284, 250, 250, 250, 250, 250, 250, 324, 324, 324, 324, 324, 324, 324, 324, 324, 324, 324, 324, 284, 284, 284, 284, 284, 284, 35, 35, 35, 35, 35, 35, 35, 284, 284, 284, 284, 267, 267, 213, 213, 213, 213, 213, 213, 246, 246, 246, 246, 246, 246, 246, 246, 246, 414, 414, 414, 414, 414, 414, 414, 414, 47, 47, 47, 47, 47, 47, 47, 47, 47, 47, 47, 73, 73, 73, 73, 320, 320, 287, 287, 287, 7, 324, 35, 35, 35, 35, 35, 35, 213, 213, 213, 213, 213, 213, 213, 213, 213, 213, 213, 213, 213, 213, 213, 213, 182, 182, 182, 182, 182, 182, 98, 98, 414, 414, 414, 414, 414, 414, 414, 320, 320, 7, 7, 324, 213, 213, 213, 213, 246, 246, 246, 246, 246, 246, 246, 246, 246, 324, 324, 324, 324, 324, 324, 35, 35, 392, 392, 392, 392, 392, 392, 213, 213, 213, 213, 324, 324, 324, 324, 324, 35, 35, 35, 182, 98, 98, 414, 414, 414, 414, 414, 414, 414, 170, 170, 170, 170, 392, 47, 392, 47, 47, 47, 47, 47, 47, 47, 392, 73, 73, 73, 73, 73, 320, 320, 287, 287, 287, 287, 324, 324, 324, 35, 35, 35, 35, 35, 35, 213, 213, 267, 213, 213, 213, 246, 246, 246, 246, 246, 246, 246, 246, 355, 284, 284, 284, 284, 284, 284, 284, 414, 414, 414, 213, 213, 35, 35, 35, 35, 35, 35, 213, 213, 324, 324, 324, 324, 324, 324, 324, 324, 284, 284, 284, 284, 284, 324, 324, 284, 324, 324, 324, 35, 35, 35, 132, 132, 132, 132, 132, 132, 132, 132, 132, 132, 132]

ep6
Train step Loss: [4.291898250579834, 4.332536697387695, 4.373254299163818, 4.213579177856445, 4.260128974914551, 4.27521276473999, 4.33262300491333, 4.2944536209106445, 4.196712493896484, 4.251493453979492, 4.22025728225708, 4.184897422790527, 4.269485950469971, 4.194835186004639, 4.124178886413574, 4.1478447914123535, 4.305352210998535, 4.246584892272949, 4.031126499176025, 4.1975274085998535, 4.129239082336426, 4.2836809158325195, 4.276276588439941, 4.142854690551758, 4.248047351837158, 4.154386520385742, 4.205048561096191, 4.190860271453857, 4.157345294952393, 4.2001633644104, 4.13065767288208, 4.36790132522583, 4.156735897064209, 4.130702972412109, 4.152472496032715, 4.10181999206543, 4.1383867263793945, 4.099977970123291, 4.341392993927002, 4.077289581298828, 4.1355509757995605, 4.170201778411865, 4.187197685241699, 4.1239752769470215, 4.140856742858887, 4.104732513427734, 4.172596454620361, 3.891627788543701, 4.010283946990967, 4.053786754608154, 3.9741463661193848, 4.125213623046875, 4.1321210861206055, 4.109865665435791, 4.232112884521484, 4.221553802490234, 4.151322364807129, 3.997253179550171, 4.070983409881592, 4.109800338745117, 4.0649542808532715, 4.118140697479248, 4.160118579864502]
val step Loss: [4.549291610717773, 4.584219932556152, 4.655291557312012, 4.495889186859131, 4.412408351898193, 4.454705715179443, 4.459324836730957, 4.522692680358887, 4.536573886871338, 4.499008655548096, 4.433872699737549, 4.475657939910889, 4.565530300140381, 4.510647296905518, 4.470940113067627, 4.486689567565918]
Train step Accs: [0.2551362377968818, 0.24419749613166408, 0.24456599971210594, 0.26889428918590524, 0.2692652329749104, 0.2695638482128799, 0.25173768510123906, 0.2675838614932756, 0.2762582056892779, 0.26247446746425446, 0.2567044868488912, 0.2834895675839129, 0.26007387508394897, 0.2705862977602108, 0.2772522871763064, 0.2794645321556721, 0.2539310344827586, 0.27188807154190103, 0.3023816701839011, 0.267162471395881, 0.28162923699260706, 0.2566002155172414, 0.2666758926100194, 0.28276097727661026, 0.25426423821913846, 0.27607615894039733, 0.26618332470222683, 0.2731034482758621, 0.2905491698595147, 0.27202184221870956, 0.2794426131255619, 0.2497900218377289, 0.2811328074485969, 0.2835586293618359, 0.27966351829988195, 0.2955736750145603, 0.2874251497005988, 0.2878228782287823, 0.24735536110748335, 0.2880270207314232, 0.2748210395269219, 0.2790468133107727, 0.27527437056165266, 0.2868519675202998, 0.2815211104684789, 0.286105615583625, 0.275850838625631, 0.31561417532640557, 0.30477782420949995, 0.2942022041207475, 0.3056323679231553, 0.2885392609699769, 0.2862800565770863, 0.2824546485260771, 0.2637395019890968, 0.27704356338717573, 0.2738195026543727, 0.3015978695073236, 0.29627885068299575, 0.28809106830122594, 0.3010625737898465, 0.28728211749515814, 0.29361296472831266]
val step Accs: [0.235933147632312, 0.22372127501853226, 0.21776018099547512, 0.22902707049048512, 0.25915984431619915, 0.24661210250905677, 0.2380297537192149, 0.2345773038842346, 0.23260300399614164, 0.2409524932217376, 0.24643912926632625, 0.244079616446317, 0.22852233676975944, 0.23864466189572076, 0.23786770195609974, 0.23785401795993552]
Preds: [17, 17, 284, 284, 284, 284, 360, 360, 213, 213, 213, 35, 35, 35, 35, 35, 35, 284, 284, 324, 324, 324, 35, 35, 35, 35, 267, 267, 267, 267, 267, 486, 486, 486, 486, 486, 486, 486, 486, 486, 486, 213, 213, 213, 213, 213, 213, 246, 246, 246, 246, 19, 414, 414, 414, 414, 414, 414, 414, 414, 414, 392, 392, 392, 392, 392, 320, 320, 320, 7, 287, 287, 392, 73, 73, 73, 73, 73, 73, 73, 320, 287, 287, 287, 287, 287, 284, 284, 284, 284, 284, 284, 284, 324, 324, 324, 324, 324, 250, 250, 250, 250, 250, 250, 250, 250, 486, 284, 284, 284, 284, 284, 284, 284, 284, 284, 35, 35, 35, 35, 35, 35, 324, 324, 324, 324, 324, 264, 264, 264, 264, 264, 264, 264, 264, 264, 264, 264, 264, 264, 264, 264, 264, 264, 324, 324, 324, 324, 324, 267, 267, 267, 171, 171, 324, 324, 324, 324, 324, 250, 250, 250, 250, 250, 250, 284, 426, 284, 284, 284, 284, 284, 284, 486, 486, 324, 486, 486, 486, 486, 486, 486, 486, 486, 486, 132, 267, 267, 267, 267, 213, 213, 213, 213, 213, 213, 213, 213, 213, 213, 213, 213, 324, 324, 213, 213, 213, 213, 213, 213, 324, 355, 355, 355, 355, 355, 355, 170, 170, 171, 171, 171, 73, 171, 324, 324, 324, 324, 324, 324, 267, 324, 132, 324, 267, 267, 267, 213, 267, 171, 171, 171, 171, 171, 171, 171, 171, 324, 171, 171, 171, 171, 171, 171, 171, 171, 246, 246, 246, 246, 246, 246, 284, 284, 284, 486, 324, 213, 213, 213, 213, 171, 434, 246, 246, 246, 246, 19, 414, 414, 414, 414, 414, 414, 414, 414, 414, 414, 47, 47, 47, 47, 287, 287, 287, 287, 287, 73, 73, 73, 73, 73, 320, 320, 320, 287, 287, 287, 287, 324, 267, 267, 267, 267, 267, 267, 464, 464, 464, 464, 464, 464, 324, 324, 240, 240, 240, 240, 324, 324, 324, 324, 324, 324, 324, 324, 324, 355, 486, 63, 63, 132, 324, 324, 324, 324, 324, 324, 324, 182, 392, 392, 392, 392, 213, 171, 213, 213, 213, 213, 213, 246, 246, 246, 246, 246, 246, 246, 246, 246, 246, 246, 246, 486, 486, 486, 486, 486, 35, 35, 35, 35, 35, 182, 182, 324, 324, 324, 182, 182, 182, 213, 213, 324, 324, 324, 213, 464, 486, 486, 486, 486, 324, 324, 324, 324, 324, 324, 171, 171, 171, 171, 171, 171, 171, 171, 171, 171, 324, 464, 213, 246, 246, 246, 246, 246, 246, 246, 246, 246, 464, 464, 464, 486, 486, 486, 170, 170, 170, 170, 414, 414, 414, 414, 414, 414, 414, 414, 392, 392, 392, 392, 392, 392, 392, 392, 287, 287, 287, 284, 320, 320, 320, 7, 324, 324, 284, 284, 486, 486, 171, 171, 171, 171, 171, 171, 171, 171, 171, 434, 434, 434, 434, 434, 434, 434, 434, 434, 434, 434, 434, 434, 434, 246, 246, 246, 324, 324, 324, 284, 284, 284, 284, 284, 284, 284, 35, 35, 35, 170, 355, 355, 355, 355, 170, 170, 170, 414, 414, 414, 414, 414, 170, 170, 392, 392, 392, 392, 392, 392, 392, 392, 392, 392, 73, 73, 73, 73, 73, 320, 320, 287, 287, 287, 287, 284, 284, 284, 284, 284, 284, 284, 35, 35, 35, 213, 213, 213, 213, 213, 213, 213, 213, 213, 213, 213, 213, 213, 182, 182, 182, 182, 182, 182, 182, 182, 182, 182, 182, 387, 387, 387, 35, 35, 35, 35, 284, 35, 35, 35, 213, 213, 213, 213, 213, 324, 324, 324, 324, 324]

ep7
Train step Loss: [4.019449710845947, 3.9969630241394043, 4.152669429779053, 3.975684881210327, 4.018183708190918, 3.9532077312469482, 3.999558687210083, 4.060319423675537, 3.966799259185791, 4.029801845550537, 4.125003814697266, 4.196916580200195, 4.026925563812256, 4.0879740715026855, 4.015772342681885, 3.923100709915161, 4.100340366363525, 3.9162404537200928, 3.9436323642730713, 4.091738224029541, 4.142919540405273, 3.8808469772338867, 4.017008304595947, 3.947863817214966, 3.729595422744751, 3.8954455852508545, 4.045221328735352, 4.000226974487305, 3.9116876125335693, 3.9387309551239014, 3.9479029178619385, 3.9867019653320312, 3.870500087738037, 3.9761221408843994, 3.8826584815979004, 3.9259626865386963, 4.102464199066162, 3.87792706489563, 3.864598512649536, 3.830165386199951, 4.085085391998291, 3.8772192001342773, 3.8527393341064453, 3.891270399093628, 3.857278823852539, 3.879608154296875, 3.9071147441864014, 3.8071811199188232, 3.933173656463623, 3.8588173389434814, 3.8465616703033447, 3.831489086151123, 3.8920884132385254, 3.863746404647827, 3.897501230239868, 3.7231881618499756, 3.7483842372894287, 3.811868190765381, 3.8376293182373047, 3.8339197635650635, 3.799316644668579, 3.858696699142456, 3.9438138008117676]
val step Loss: [4.31206750869751, 4.233315944671631, 4.3119707107543945, 4.232197284698486, 4.2584943771362305, 4.207442760467529, 4.343802452087402, 4.27481746673584, 4.2738871574401855, 4.264328956604004, 4.314855575561523, 4.2450785636901855, 4.275355339050293, 4.2646942138671875, 4.238712310791016, 4.3335280418396]
Train step Accs: [0.30426801284993116, 0.30179028132992325, 0.28281180483464335, 0.30785683730215313, 0.3006578098800464, 0.3127955082742317, 0.30133897110641295, 0.29154078549848944, 0.31279205607476634, 0.30079794813337135, 0.287292817679558, 0.27776829892509813, 0.2993527508090615, 0.2914197371811389, 0.31151339608979, 0.33011803528366546, 0.2895564642969487, 0.32228995494301615, 0.31480545730166754, 0.2929101958136394, 0.27945119066393315, 0.3186979560938683, 0.3053691275167785, 0.3111845325501713, 0.3500874125874126, 0.33012776480285755, 0.2988779803646564, 0.3125412977401877, 0.3247159090909091, 0.3171719811813905, 0.3146507913460142, 0.30375018676228893, 0.3278784336645237, 0.3181417230226404, 0.32204273058884836, 0.31101511879049676, 0.2987545787545788, 0.32606748283069575, 0.32789297658862876, 0.33203125, 0.29347826086956524, 0.33837351859419695, 0.33203378817413903, 0.3201581027667984, 0.3361543669600542, 0.32051619699762973, 0.32711387531467495, 0.3370469798657718, 0.32257142857142856, 0.3312675225025823, 0.32390953150242324, 0.33797327394209353, 0.32510566356720205, 0.3320610687022901, 0.32445586048398, 0.3552577601531519, 0.3509101415775787, 0.3438031873742844, 0.32639680729760545, 0.340160147828765, 0.3376954452753229, 0.3383131030189854, 0.3133291219204043]
val step Accs: [0.263170821564534, 0.2656016721409376, 0.26832443692227576, 0.2748014440433213, 0.2797491805614935, 0.2835921674544227, 0.26653088934147995, 0.2617881200244948, 0.2740921339663801, 0.2700012442453652, 0.2701939602258777, 0.26917863919761453, 0.2681204894885472, 0.2708642308210867, 0.2773442497121658, 0.2591066782307025]
Preds: [17, 17, 17, 360, 360, 171, 171, 434, 171, 171, 171, 434, 434, 434, 213, 213, 213, 213, 213, 213, 213, 213, 213, 35, 35, 35, 35, 35, 35, 284, 284, 324, 284, 284, 319, 319, 413, 413, 413, 213, 324, 324, 324, 324, 213, 213, 213, 464, 464, 464, 464, 464, 464, 264, 264, 264, 468, 468, 324, 324, 324, 324, 324, 324, 413, 413, 98, 98, 414, 414, 414, 414, 414, 414, 170, 170, 170, 170, 170, 170, 170, 392, 392, 392, 392, 392, 392, 392, 392, 392, 2, 73, 73, 73, 73, 320, 320, 320, 320, 287, 324, 324, 324, 213, 213, 213, 213, 219, 213, 213, 213, 213, 213, 213, 213, 246, 246, 246, 246, 246, 246, 454, 414, 414, 414, 414, 414, 414, 414, 414, 414, 47, 47, 47, 47, 244, 320, 320, 320, 320, 320, 73, 320, 320, 320, 320, 320, 7, 7, 324, 360, 360, 360, 171, 171, 171, 171, 171, 434, 240, 324, 324, 324, 324, 324, 324, 324, 324, 464, 267, 414, 267, 267, 267, 267, 267, 267, 171, 171, 171, 171, 171, 324, 324, 324, 324, 324, 324, 324, 355, 355, 355, 213, 213, 213, 213, 213, 246, 246, 246, 246, 246, 246, 454, 454, 414, 414, 414, 414, 414, 414, 80, 80, 7, 7, 7, 213, 213, 213, 213, 213, 213, 246, 171, 171, 171, 171, 171, 171, 171, 171, 171, 171, 171, 63, 63, 414, 414, 414, 414, 414, 287, 287, 213, 213, 213, 213, 213, 213, 213, 35, 35, 486, 213, 213, 213, 360, 360, 434, 464, 464, 464, 355, 450, 450, 170, 170, 450, 450, 450, 450, 450, 450, 413, 413, 413, 413, 413, 153, 153, 182, 182, 182, 182, 182, 182, 250, 250, 250, 250, 250, 250, 250, 250, 413, 413, 413, 413, 250, 250, 250, 250, 250, 250, 250, 250, 250, 426, 426, 426, 426, 426, 35, 35, 35, 35, 35, 35, 35, 35, 35, 35, 35, 35, 35, 324, 267, 324, 324, 324, 324, 324, 464, 464, 464, 464, 464, 264, 264, 264, 35, 35, 35, 35, 35, 324, 284, 324, 324, 35, 153, 153, 182, 387, 387, 387, 387, 387, 387, 387, 324, 324, 324, 464, 324, 324, 324, 324, 324, 250, 250, 250, 48, 48, 35, 35, 153, 213, 464, 464, 464, 464, 464, 171, 171, 171, 171, 464, 464, 464, 464, 464, 464, 355, 355, 170, 170, 170, 170, 170, 170, 170, 170, 414, 73, 73, 73, 287, 287, 287, 287, 287, 35, 35, 35, 35, 35, 35, 392, 392, 392, 392, 73, 73, 73, 73, 73, 320, 320, 320, 320, 287, 284, 284, 284, 284, 284, 284, 284, 284, 284, 284, 284, 284, 284, 284, 35, 35, 35, 35, 35, 35, 387, 387, 324, 267, 324, 324, 464, 464, 464, 464, 464, 464, 486, 450, 450, 450, 450, 450, 450, 413, 413, 413, 250, 153, 153, 182, 182, 182, 182, 182, 182, 182, 182, 182, 182, 182, 182, 182, 170, 170, 392, 47, 47, 267, 267, 267, 213, 213, 213, 213, 250, 250, 250, 250, 250, 182, 182, 35, 35, 35, 35, 35, 35, 35, 35, 132, 267, 267, 267, 213, 213, 303, 303, 303, 48, 48, 414, 414, 414, 414, 170, 170, 170, 170, 170, 171, 171, 171, 48, 48, 48, 48, 170, 48, 48, 48, 48, 414, 170, 170, 170, 170, 170, 392, 392, 392, 392, 320, 320, 320, 320, 320, 320, 320, 320, 320, 287, 287, 287, 287, 287, 287, 287, 287, 287, 287, 287, 287, 287, 284, 284, 284, 35, 35, 35, 35, 35, 170, 170, 170, 170, 170, 47, 47, 47, 47, 47, 47]

ep8
Train step Loss: [3.8009440898895264, 3.7047390937805176, 3.772952079772949, 3.8851318359375, 3.837012767791748, 3.815491199493408, 3.703521490097046, 3.844095230102539, 3.850520372390747, 3.763179302215576, 3.6585471630096436, 3.692159652709961, 3.7186567783355713, 3.6338095664978027, 3.7213094234466553, 3.6738579273223877, 3.803464889526367, 3.7554163932800293, 3.7651069164276123, 3.859769821166992, 3.760354518890381, 3.687710762023926, 3.848325252532959, 3.74872088432312, 3.7822327613830566, 3.6422653198242188, 3.6411311626434326, 3.8583314418792725, 3.646822214126587, 3.7284843921661377, 3.6354613304138184, 3.7372477054595947, 3.47249436378479, 3.918536901473999, 3.6512715816497803, 3.7056751251220703, 3.6885409355163574, 3.6808385848999023, 3.7015442848205566, 3.5961039066314697, 3.703301191329956, 3.648142099380493, 3.6340413093566895, 3.622950792312622, 3.6550984382629395, 3.627354860305786, 3.650878429412842, 3.6148271560668945, 3.5446431636810303, 3.5934059619903564, 3.6240086555480957, 3.679827928543091, 3.5351152420043945, 3.6833648681640625, 3.541769027709961, 3.5950229167938232, 3.5649304389953613, 3.6324446201324463, 3.763561487197876, 3.6024210453033447, 3.478417158126831, 3.5304794311523438, 3.5177454948425293]
val step Loss: [3.865370988845825, 4.018445014953613, 4.092940330505371, 4.083862781524658, 4.006126403808594, 4.034827709197998, 3.994771718978882, 3.928217887878418, 4.037269592285156, 4.140857696533203, 3.990665912628174, 3.962810754776001, 3.932988166809082, 4.03839111328125, 4.123321533203125, 3.97637939453125]
Train step Accs: [0.3331679894179894, 0.3553569115170359, 0.34161886551943915, 0.3318117424838659, 0.344466800804829, 0.3357819131570356, 0.3499382461918485, 0.3378559914024718, 0.3341095890410959, 0.3445426873459922, 0.3650190114068441, 0.3693535514764565, 0.3512159174649963, 0.36265660784049575, 0.3514919244456611, 0.35745486313337216, 0.3519932145886344, 0.3579714455681142, 0.3406241292839231, 0.3416281549946676, 0.35441822173435783, 0.35196435803969217, 0.33672907488986786, 0.3473122928375847, 0.34190231362467866, 0.3634499726626572, 0.3630573248407643, 0.33369666770476486, 0.36376350921805467, 0.35771802920704243, 0.37587238285144564, 0.3514569428617939, 0.40206611570247935, 0.33004433004433004, 0.3636237321106016, 0.3582682753726047, 0.3668046928916494, 0.36597159262617107, 0.3592, 0.3777315296566077, 0.3581368097260876, 0.3732419335775913, 0.37640871525169045, 0.36804465375893947, 0.3673414304993252, 0.37677136596055516, 0.37682984416810955, 0.3798406263106389, 0.3846740955579301, 0.37817412333736394, 0.37430880476393025, 0.3749620637329287, 0.38363587103765917, 0.3675642781074091, 0.3955392925596794, 0.3769304359710264, 0.38947949744580973, 0.38127442140066126, 0.3559035774604637, 0.376514131897712, 0.4012765367004301, 0.3831967213114754, 0.3904788892037404]
val step Accs: [0.3340599455040872, 0.3086053412462908, 0.30194444444444446, 0.2995991983967936, 0.31900521952717226, 0.31556781876270695, 0.31695618356235417, 0.3300435413642961, 0.3093453979923653, 0.292763560670993, 0.3252894576477757, 0.32817893138202403, 0.33365770587519766, 0.31529795434331453, 0.2906038521603332, 0.3241073315022185]
Preds: [17, 17, 287, 287, 284, 284, 284, 284, 284, 284, 450, 413, 413, 413, 413, 413, 35, 35, 35, 35, 35, 35, 132, 98, 98, 287, 284, 284, 284, 284, 284, 35, 35, 48, 63, 63, 246, 246, 360, 324, 324, 324, 324, 324, 324, 35, 414, 267, 267, 267, 267, 267, 267, 267, 324, 324, 324, 464, 246, 246, 287, 287, 188, 171, 171, 171, 171, 240, 240, 240, 35, 35, 267, 267, 267, 267, 267, 267, 287, 287, 7, 443, 486, 486, 486, 486, 486, 486, 486, 486, 132, 132, 32, 32, 32, 32, 32, 32, 107, 107, 395, 395, 395, 213, 213, 264, 264, 264, 264, 264, 264, 120, 120, 120, 267, 267, 267, 267, 374, 170, 170, 170, 170, 170, 170, 170, 170, 170, 170, 170, 392, 392, 392, 392, 392, 392, 2, 392, 392, 392, 392, 392, 392, 73, 73, 73, 320, 320, 287, 287, 287, 284, 284, 284, 35, 35, 35, 35, 284, 284, 284, 284, 426, 284, 284, 284, 284, 284, 250, 250, 250, 250, 250, 250, 98, 98, 324, 7, 324, 324, 486, 486, 413, 413, 35, 35, 213, 213, 324, 324, 324, 324, 324, 324, 464, 464, 464, 464, 324, 324, 324, 324, 324, 284, 284, 284, 284, 284, 182, 182, 182, 182, 182, 182, 32, 32, 32, 32, 284, 284, 284, 426, 284, 284, 284, 284, 250, 250, 250, 250, 98, 98, 98, 98, 414, 414, 414, 170, 170, 170, 170, 170, 170, 392, 392, 392, 392, 392, 2, 2, 392, 244, 73, 73, 73, 73, 320, 320, 320, 7, 7, 7, 284, 284, 284, 35, 240, 35, 35, 35, 35, 35, 35, 267, 267, 267, 246, 153, 153, 153, 153, 387, 387, 387, 387, 387, 387, 387, 387, 182, 98, 98, 98, 182, 182, 182, 182, 182, 98, 98, 98, 98, 98, 98, 170, 73, 73, 73, 244, 287, 287, 284, 284, 284, 284, 284, 284, 284, 35, 35, 35, 35, 35, 35, 35, 35, 35, 35, 132, 132, 48, 48, 48, 250, 250, 250, 250, 250, 250, 250, 250, 250, 250, 171, 171, 171, 171, 171, 252, 32, 32, 32, 32, 32, 32, 284, 153, 153, 387, 387, 387, 387, 182, 387, 153, 284, 284, 98, 98, 98, 35, 153, 182, 182, 182, 182, 182, 182, 182, 98, 98, 98, 132, 132, 132, 98, 98, 98, 98, 414, 414, 414, 170, 170, 170, 170, 170, 170, 392, 392, 392, 392, 392, 392, 392, 392, 73, 73, 73, 320, 320, 7, 7, 7, 7, 7, 73, 73, 153, 153, 153, 182, 182, 182, 182, 182, 182, 182, 182, 182, 182, 182, 182, 182, 182, 182, 182, 182, 98, 98, 98, 213, 213, 213, 213, 213, 213, 287, 360, 182, 98, 98, 98, 98, 98, 98, 98, 98, 7, 7, 464, 434, 434, 434, 434, 434, 434, 434, 434, 434, 434, 434, 434, 434, 434, 434, 434, 434, 434, 434, 434, 434, 434, 434, 434, 434, 434, 434, 434, 434, 434, 434, 434, 434, 434, 434, 434, 434, 434, 434, 434, 434, 434, 434, 434, 434, 434, 434, 434, 434, 434, 434, 434, 434, 434, 434, 434, 434, 434, 434, 434, 434, 434, 434, 434, 434, 434, 434, 434, 434, 434, 434, 434, 434, 434, 434, 434, 434, 434, 434, 434, 434, 434, 434, 434, 434, 434, 434, 434, 434, 434, 434, 434, 434, 434, 434, 434, 434, 434, 434, 434, 434, 434, 434, 434, 434, 434, 434, 434, 434, 434, 434, 434, 434, 434, 434, 434, 434, 434, 434, 434, 434, 434, 434, 434, 434, 434, 434, 434, 434, 434, 434, 434, 434, 434, 434, 434, 434, 434, 434]

ep9
Train step Loss: [3.420535087585449, 3.4444572925567627, 3.6521031856536865, 3.563194513320923, 3.430150032043457, 3.6287057399749756, 3.5750014781951904, 3.6064109802246094, 3.4990992546081543, 3.446608543395996, 3.435670852661133, 3.4106345176696777, 3.462775230407715, 3.503448724746704, 3.5639946460723877, 3.4331376552581787, 3.3205924034118652, 3.4950292110443115, 3.5242209434509277, 3.5006093978881836, 3.3639731407165527, 3.5241284370422363, 3.532203197479248, 3.477374792098999, 3.6139228343963623, 3.3706445693969727, 3.289797306060791, 3.534752368927002, 3.3871326446533203, 3.4813239574432373, 3.384655237197876, 3.361149549484253, 3.490518093109131, 3.3131844997406006, 3.436444044113159, 3.3804614543914795, 3.477668046951294, 3.4055428504943848, 3.3641040325164795, 3.345140218734741, 3.3894405364990234, 3.4378271102905273, 3.4040687084198, 3.5066730976104736, 3.3740546703338623, 3.4846301078796387, 3.2719924449920654, 3.2725210189819336, 3.3604462146759033, 3.3870749473571777, 3.3756346702575684, 3.4211385250091553, 3.2438037395477295, 3.225290536880493, 3.266974687576294, 3.3585753440856934, 3.3692922592163086, 3.269068956375122, 3.3902783393859863, 3.2520196437835693, 3.4197263717651367, 3.3110148906707764, 3.365253448486328]
val step Loss: [3.7345287799835205, 3.7109313011169434, 3.7634172439575195, 3.8171286582946777, 3.6486053466796875, 3.8059444427490234, 3.782015085220337, 3.7201008796691895, 3.7496590614318848, 3.758301019668579, 3.6819469928741455, 3.7953617572784424, 3.5837244987487793, 3.7451977729797363, 3.6736888885498047, 3.680744171142578]
Train step Accs: [0.40628050764725027, 0.39282153539381853, 0.37380052340796743, 0.38835100660826805, 0.40476190476190477, 0.37373088291993317, 0.3754185267857143, 0.3828246249353337, 0.3989110707803993, 0.40429364960216185, 0.4059490430330367, 0.4046043926964806, 0.40699815837937386, 0.3894075708708199, 0.3838582677165354, 0.39977783263391753, 0.42853135082059196, 0.39792193204156134, 0.39621192730995647, 0.397255051467785, 0.4074867658179985, 0.39438218186976876, 0.39444949954504094, 0.3986390251622092, 0.3856820380522412, 0.4290153745502126, 0.43368027755537764, 0.3888972018554541, 0.4147738117961443, 0.40825821459726663, 0.4085303931524735, 0.4298961937716263, 0.4001787842669845, 0.4300142247510669, 0.4111682808716707, 0.41505515898767037, 0.4066087496121626, 0.4126294260513869, 0.4175416924027177, 0.421962879640045, 0.4107224683060944, 0.4060189165950129, 0.4255952380952381, 0.402797400395592, 0.41808924827792754, 0.4163619744058501, 0.43942163869037726, 0.44186902133922, 0.42752562225475843, 0.41522544780728843, 0.42426670940855904, 0.4144109797941289, 0.44236526946107785, 0.4348313033739325, 0.4439958322479812, 0.4266768292682927, 0.4214376590330789, 0.442056792018419, 0.4254271647842456, 0.4422126574206919, 0.42524916943521596, 0.4300774172294515, 0.41748166259168706]
val step Accs: [0.35750831414684064, 0.37229265715795035, 0.36904458598726114, 0.35711216158143533, 0.38145985401459853, 0.3591227125941873, 0.36218531014793665, 0.3786327151951287, 0.3631633714880333, 0.363499245852187, 0.37545069760150496, 0.35572139303482586, 0.3854423002201787, 0.3657302622819864, 0.3818428184281843, 0.36886719753403546]
Preds: [17, 17, 287, 287, 284, 319, 319, 284, 284, 293, 43, 276, 182, 182, 182, 497, 182, 497, 98, 98, 98, 98, 98, 360, 413, 284, 284, 284, 284, 426, 426, 293, 293, 293, 293, 293, 293, 250, 250, 250, 250, 250, 250, 250, 426, 426, 426, 426, 35, 35, 35, 35, 35, 342, 342, 342, 267, 267, 267, 267, 324, 464, 464, 464, 464, 464, 450, 450, 319, 319, 319, 413, 413, 35, 35, 250, 250, 250, 250, 250, 250, 387, 486, 486, 486, 486, 486, 486, 486, 486, 486, 342, 342, 267, 267, 267, 267, 267, 392, 392, 392, 213, 213, 213, 213, 213, 324, 246, 246, 246, 246, 19, 454, 392, 392, 392, 395, 395, 395, 324, 374, 374, 374, 374, 374, 374, 374, 374, 132, 132, 497, 497, 497, 153, 153, 153, 153, 153, 213, 213, 213, 213, 213, 213, 213, 259, 35, 35, 374, 213, 324, 324, 324, 324, 324, 301, 32, 32, 355, 213, 213, 213, 213, 246, 246, 246, 19, 19, 454, 454, 414, 414, 414, 414, 170, 170, 170, 170, 47, 47, 47, 321, 73, 73, 73, 73, 73, 73, 73, 7, 7, 7, 7, 132, 132, 267, 267, 267, 267, 267, 267, 267, 267, 213, 246, 246, 246, 246, 246, 246, 246, 246, 246, 246, 301, 301, 32, 32, 32, 443, 284, 284, 284, 284, 284, 35, 35, 35, 35, 342, 342, 342, 267, 267, 267, 267, 267, 267, 443, 324, 324, 153, 153, 153, 182, 182, 182, 182, 43, 276, 276, 284, 284, 284, 284, 284, 376, 376, 376, 460, 460, 240, 240, 263, 414, 414, 414, 414, 414, 170, 170, 170, 47, 47, 47, 73, 244, 244, 320, 320, 320, 7, 7, 7, 7, 324, 171, 171, 171, 434, 434, 434, 434, 250, 250, 250, 98, 98, 219, 213, 360, 434, 434, 434, 434, 434, 392, 392, 392, 392, 213, 213, 213, 213, 464, 464, 464, 464, 464, 240, 240, 240, 35, 35, 35, 182, 182, 182, 182, 182, 122, 122, 32, 32, 213, 464, 171, 171, 171, 171, 171, 171, 171, 252, 252, 464, 464, 464, 443, 240, 240, 240, 240, 35, 486, 376, 213, 213, 213, 246, 246, 246, 246, 246, 246, 19, 19, 454, 454, 414, 414, 414, 414, 414, 170, 187, 392, 392, 73, 73, 320, 320, 320, 7, 7, 7, 284, 284, 284, 284, 387, 387, 293, 35, 35, 35, 35, 35, 35, 35, 486, 486, 486, 486, 486, 293, 293, 293, 293, 293, 293, 32, 246, 324, 374, 213, 213, 32, 284, 293, 293, 443, 443, 240, 240, 240, 240, 35, 35, 35, 303, 303, 303, 284, 284, 284, 387, 387, 182, 182, 153, 153, 392, 73, 73, 287, 7, 153, 413, 413, 413, 413, 392, 392, 392, 392, 73, 213, 213, 213, 374, 213, 213, 324, 324, 324, 324, 324, 286, 392, 392, 392, 213, 213, 267, 267, 153, 213, 7, 7, 324, 324, 324, 443, 486, 486, 486, 486, 35, 35, 35, 35, 219, 246, 246, 246, 246, 246, 246, 246, 19, 19, 19, 454, 454, 414, 414, 414, 414, 170, 170, 170, 170, 392, 244, 73, 244, 320, 320, 320, 7, 7, 7, 374, 374, 132, 132, 132, 473, 219, 219, 246, 19, 19, 19, 19, 19, 454, 454, 19, 434, 434, 434, 434, 434, 434, 434, 434, 434, 434, 434, 434, 434, 434, 434, 434, 434, 434, 434, 434, 434, 434, 434, 434, 434, 434, 434, 434, 434, 434, 434, 434, 434, 434, 434, 434, 434, 434, 434, 434, 434, 434, 434, 434, 434, 434, 434, 434, 434, 434, 434, 434, 434, 434, 434, 434, 434, 434, 434, 434]

ep10
Train step Loss: [3.274296760559082, 3.358819007873535, 3.1907944679260254, 3.2324469089508057, 3.3122191429138184, 3.1880881786346436, 3.1705195903778076, 3.186565637588501, 3.181840658187866, 3.2512969970703125, 3.221381902694702, 3.2699859142303467, 3.3026061058044434, 3.209416151046753, 3.1635634899139404, 3.260927200317383, 3.2563817501068115, 3.2067408561706543, 3.217733383178711, 3.1118011474609375, 3.1917128562927246, 3.2662696838378906, 3.2704741954803467, 3.0537524223327637, 3.1703531742095947, 3.1302330493927, 3.210515022277832, 3.161543130874634, 3.0294876098632812, 3.1366705894470215, 3.0661873817443848, 3.0898489952087402, 3.2218017578125, 3.2152106761932373, 3.259857416152954, 3.2034382820129395, 3.008831262588501, 3.0036511421203613, 3.1109671592712402, 3.1259522438049316, 3.12626576423645, 3.1271042823791504, 2.995651960372925, 3.0506908893585205, 2.990553855895996, 2.950681209564209, 2.96712064743042, 3.0114970207214355, 3.0623083114624023, 3.163299560546875, 3.0141634941101074, 2.895725727081299, 3.073096990585327, 3.0161478519439697, 3.1272127628326416, 2.9424078464508057, 2.9853763580322266, 2.9230730533599854, 2.961291551589966, 3.0606741905212402, 2.943920612335205, 2.992279052734375, 3.095912218093872]
val step Loss: [3.3985133171081543, 3.310774326324463, 3.325070381164551, 3.351271629333496, 3.356499671936035, 3.3754117488861084, 3.4594802856445312, 3.39046049118042, 3.355252504348755, 3.4225363731384277, 3.4075417518615723, 3.473878860473633, 3.465533494949341, 3.4682257175445557, 3.529374837875366, 3.432072162628174]
Train step Accs: [0.43899330997132846, 0.42406726221755126, 0.45841814480953763, 0.45852828583581456, 0.43621144008680823, 0.4595602931379081, 0.452049007182087, 0.4493637327677625, 0.45834031852472756, 0.44463320463320466, 0.4462917449761457, 0.4396853146853147, 0.43647798742138366, 0.45518678852012184, 0.46155029221777916, 0.4444444444444444, 0.43520675596971464, 0.4508808599581965, 0.441073512252042, 0.4648297787786462, 0.4520032706459526, 0.44294337453291177, 0.4403438565288276, 0.4798115746971736, 0.45955200456555856, 0.4658451239920888, 0.45215451450041094, 0.4607583086284912, 0.4819682151589242, 0.4682856686371625, 0.473027052985433, 0.4687588753195115, 0.45192815636555733, 0.45387453874538747, 0.44970772021769806, 0.4402481299033023, 0.48617574596222285, 0.4904477176607846, 0.4652271034996277, 0.4662630848782949, 0.46718096234309625, 0.4623448275862069, 0.48506458557588805, 0.48146106133700894, 0.48823362631131273, 0.4904016337644656, 0.4939688143571639, 0.4892253136933988, 0.4777480735964774, 0.4684957728505344, 0.48041122534037234, 0.5065806451612903, 0.477116704805492, 0.4846066134549601, 0.4740336382413691, 0.5050463720676487, 0.4944367176634214, 0.5012406947890818, 0.4903622693096377, 0.48967504402113016, 0.4948040380047506, 0.4878658626268569, 0.4791601378878095]
val step Accs: [0.42773109243697477, 0.44186704384724185, 0.43224231983921907, 0.431891815748697, 0.42683690073851543, 0.427425716539574, 0.42514889009204115, 0.4321264300035382, 0.42481012658227846, 0.41875480399692544, 0.42497593178379867, 0.41575974652155945, 0.4169333333333333, 0.41432368163379496, 0.4032697547683924, 0.4204692407167929]
Preds: [17, 17, 17, 17, 486, 486, 486, 460, 240, 342, 342, 468, 240, 240, 240, 132, 132, 132, 132, 387, 387, 348, 348, 348, 132, 398, 324, 324, 434, 434, 434, 434, 434, 324, 219, 398, 360, 360, 360, 360, 360, 360, 434, 434, 434, 246, 246, 19, 19, 454, 454, 454, 414, 414, 414, 414, 414, 414, 80, 80, 80, 80, 320, 320, 320, 188, 171, 171, 171, 434, 434, 434, 250, 250, 250, 153, 153, 43, 43, 43, 43, 276, 48, 48, 240, 139, 139, 139, 486, 293, 293, 293, 32, 32, 354, 354, 354, 354, 360, 360, 360, 360, 434, 434, 434, 19, 19, 454, 454, 414, 414, 414, 414, 414, 414, 414, 414, 47, 47, 47, 47, 47, 320, 320, 7, 7, 7, 7, 7, 473, 219, 398, 360, 360, 360, 360, 434, 434, 434, 246, 246, 246, 246, 246, 19, 454, 454, 454, 197, 197, 197, 7, 7, 7, 219, 219, 219, 219, 219, 219, 219, 286, 286, 286, 264, 443, 443, 406, 413, 486, 486, 486, 486, 450, 450, 450, 450, 450, 348, 348, 250, 250, 250, 250, 250, 250, 250, 153, 153, 497, 497, 497, 73, 153, 153, 387, 132, 98, 98, 244, 98, 98, 153, 153, 182, 182, 98, 98, 98, 98, 98, 197, 197, 197, 197, 188, 188, 188, 188, 80, 80, 80, 267, 342, 342, 267, 267, 267, 267, 213, 213, 171, 324, 324, 324, 324, 324, 374, 77, 342, 267, 267, 267, 267, 267, 486, 486, 486, 486, 460, 460, 35, 35, 35, 35, 35, 153, 153, 182, 182, 182, 182, 182, 182, 182, 182, 182, 182, 182, 98, 98, 98, 98, 98, 98, 98, 244, 244, 287, 287, 287, 284, 426, 426, 426, 98, 98, 98, 98, 98, 244, 244, 7, 7, 7, 434, 434, 434, 434, 434, 434, 434, 434, 434, 434, 434, 434, 434, 434, 434, 434, 434, 434, 434, 434, 434, 434, 434, 434, 434, 434, 434, 434, 434, 434, 434, 434, 434, 434, 434, 434, 434, 434, 434, 434, 434, 434, 434, 434, 434, 434, 434, 434, 434, 434, 434, 434, 434, 434, 434, 434, 434, 434, 434, 434, 434, 434, 434, 434, 434, 434, 434, 434, 434, 434, 434, 434, 434, 434, 434, 434, 434, 434, 434, 434, 434, 434, 434, 434, 434, 434, 434, 434, 434, 434, 434, 434, 434, 434, 434, 434, 434, 434, 434, 434, 434, 434, 434, 434, 434, 434, 434, 434, 434, 434, 434, 434, 434, 434, 434, 434, 434, 434, 434, 434, 434, 434, 434, 434, 434, 434, 434, 434, 434, 434, 434, 434, 434, 434, 434, 434, 434, 434, 434, 434, 434, 434, 434, 434, 434, 434, 434, 434, 434, 434, 434, 434, 434, 434, 434, 434, 434, 434, 434, 434, 434, 434, 434, 434, 434, 434, 434, 434, 434, 434, 434, 434, 434, 434, 434, 434, 434, 434, 434, 434, 434, 434, 434, 434, 434, 434, 434, 434, 434, 434, 434, 434, 434, 434, 434, 434, 434, 434, 434, 434, 434, 434, 434, 434, 434, 434, 434, 434, 434, 434, 434, 434, 434, 434, 434, 434, 434, 434, 434, 434, 434, 434, 434, 434, 434, 434, 434, 434, 434, 434, 434, 434, 434, 434, 434, 434, 434, 434, 434, 434, 434, 434, 434, 434, 434, 434, 434, 434, 434, 434, 434, 434, 434, 434, 434, 434, 434, 434, 434, 434, 434, 434, 434, 434, 434, 434, 434, 434, 434, 434, 434, 434, 434, 434, 434, 434, 434, 434, 434, 434, 434, 434, 434, 434, 434, 434, 434, 434, 434, 434, 434, 434, 434, 434, 434, 434, 434, 434, 434, 434, 434, 434, 434, 434, 434]

ep11
Train step Loss: [2.9174349308013916, 2.962162733078003, 2.9993679523468018, 2.9754137992858887, 2.988110065460205, 2.914989709854126, 2.8469581604003906, 2.9504506587982178, 2.834768533706665, 2.9133858680725098, 2.8300161361694336, 2.9593992233276367, 2.858476161956787, 2.993408441543579, 2.9318437576293945, 2.9321281909942627, 2.838243246078491, 2.7930257320404053, 2.9494822025299072, 2.882711887359619, 2.844895839691162, 2.832289218902588, 2.789789915084839, 2.818598747253418, 2.791343927383423, 2.8901567459106445, 2.777061700820923, 2.829937219619751, 2.8415884971618652, 2.9477312564849854, 2.8378102779388428, 2.796745538711548, 2.8056352138519287, 2.8763351440429688, 2.8389644622802734, 2.9203927516937256, 2.6157615184783936, 2.6318485736846924, 2.8561017513275146, 2.813023090362549, 2.701321601867676, 2.801917552947998, 2.7150216102600098, 2.675401449203491, 2.749375581741333, 2.584329605102539, 2.680039405822754, 2.7140259742736816, 2.625328302383423, 2.806396484375, 2.6165130138397217, 2.7508270740509033, 2.7330148220062256, 2.5988364219665527, 2.607267141342163, 2.6277716159820557, 2.686527729034424, 2.697047233581543, 2.674168109893799, 2.5997345447540283, 2.8099277019500732, 2.6137349605560303, 2.720357894897461]
val step Loss: [3.039738893508911, 3.091236114501953, 3.1051831245422363, 3.0220346450805664, 3.085097551345825, 3.0150837898254395, 2.975032329559326, 3.204803943634033, 3.0880918502807617, 3.0433177947998047, 3.0604889392852783, 2.9896059036254883, 3.1498849391937256, 2.9789819717407227, 2.9840474128723145, 2.9999840259552]
Train step Accs: [0.5039298669891172, 0.49800502438303534, 0.49231408392189446, 0.4961342086068563, 0.4894966868743832, 0.5046951646811493, 0.5210489014883062, 0.49887133182844245, 0.5202407002188184, 0.5021057557323351, 0.5099050203527815, 0.5001566416040101, 0.5148500980666854, 0.4946548287733285, 0.5063663075416258, 0.5099260976670048, 0.5234509803921569, 0.5339327146171694, 0.5012711230746224, 0.511255763493355, 0.5222106670628436, 0.5296311093354641, 0.5300254452926209, 0.5249409293777895, 0.5325842696629214, 0.5185134014921249, 0.5340991711502109, 0.5244735741179751, 0.5210902011680727, 0.5056458275957036, 0.5199200532978014, 0.5240850571387241, 0.5298882681564245, 0.5193176847937017, 0.5299021965688633, 0.5161612130885874, 0.5699245980936122, 0.5600211528291908, 0.5207062600321027, 0.5250593119810202, 0.5556038857474264, 0.5328004825818127, 0.5504439063761097, 0.5592096538920568, 0.5381140598531903, 0.5704316972205795, 0.5558379029022336, 0.5499931043993932, 0.5640759033012738, 0.5452358679673928, 0.5649930264993026, 0.5393658159319412, 0.5498614958448753, 0.5675281643472498, 0.562921677911411, 0.5653487455667936, 0.5514847097060127, 0.5485989492119089, 0.559177888022679, 0.575997515913678, 0.5299347954949615, 0.5722592540065239, 0.5502922177791448]
val step Accs: [0.5054637526652452, 0.4931629013079667, 0.49257615184448184, 0.5096874558054023, 0.4961842105263158, 0.5017916390179163, 0.5067150147730325, 0.47392354696603667, 0.49555273189326554, 0.4986059479553903, 0.4987056494594183, 0.5082012788434807, 0.48052321402903553, 0.5000655565753245, 0.5112901257170755, 0.5053388090349076]
Preds: [17, 17, 287, 287, 287, 319, 319, 319, 319, 348, 348, 348, 250, 250, 250, 250, 250, 250, 138, 138, 182, 182, 182, 182, 182, 182, 182, 182, 182, 497, 98, 98, 14, 14, 287, 287, 287, 287, 111, 111, 111, 240, 240, 240, 240, 240, 246, 246, 398, 398, 324, 324, 324, 301, 301, 43, 43, 43, 138, 138, 153, 182, 182, 182, 182, 182, 426, 426, 284, 284, 284, 284, 426, 426, 426, 426, 413, 413, 413, 182, 497, 497, 497, 43, 43, 43, 43, 276, 276, 346, 346, 346, 146, 111, 240, 240, 240, 240, 240, 240, 240, 240, 468, 376, 376, 428, 428, 146, 146, 146, 146, 146, 213, 54, 54, 54, 54, 54, 115, 115, 267, 267, 115, 115, 115, 403, 403, 403, 171, 171, 171, 171, 252, 252, 252, 239, 239, 354, 354, 354, 324, 324, 301, 301, 301, 250, 250, 250, 98, 426, 426, 426, 426, 426, 426, 426, 319, 319, 413, 413, 77, 77, 342, 342, 342, 267, 267, 267, 267, 267, 213, 324, 246, 246, 246, 246, 246, 434, 434, 339, 434, 398, 398, 324, 324, 324, 324, 301, 239, 239, 286, 342, 267, 267, 267, 267, 115, 115, 115, 303, 303, 146, 85, 85, 85, 77, 77, 77, 77, 342, 342, 342, 267, 267, 267, 464, 464, 464, 464, 464, 464, 139, 139, 486, 486, 486, 486, 486, 486, 146, 240, 240, 240, 171, 240, 240, 120, 139, 139, 293, 293, 293, 293, 35, 35, 342, 342, 267, 115, 115, 284, 486, 486, 486, 376, 460, 460, 460, 460, 263, 263, 263, 414, 414, 414, 187, 244, 244, 321, 321, 321, 321, 287, 80, 80, 244, 244, 244, 244, 392, 392, 392, 73, 73, 115, 68, 68, 68, 115, 267, 267, 267, 267, 115, 486, 153, 153, 153, 153, 153, 153, 426, 319, 319, 319, 319, 413, 219, 219, 464, 464, 464, 464, 180, 315, 450, 319, 319, 319, 319, 348, 348, 250, 250, 250, 413, 413, 219, 219, 219, 324, 324, 324, 301, 301, 301, 301, 354, 354, 354, 106, 284, 284, 284, 284, 240, 35, 35, 35, 77, 77, 77, 342, 342, 342, 342, 342, 324, 267, 267, 267, 267, 267, 213, 213, 213, 246, 246, 246, 246, 246, 246, 246, 246, 246, 19, 454, 454, 454, 414, 414, 414, 414, 414, 414, 187, 47, 47, 187, 187, 47, 244, 73, 73, 244, 320, 320, 287, 287, 287, 284, 284, 284, 284, 460, 240, 240, 240, 342, 342, 54, 324, 115, 267, 267, 267, 267, 342, 342, 54, 54, 115, 115, 106, 106, 106, 387, 387, 387, 182, 182, 182, 497, 497, 497, 122, 122, 32, 197, 197, 197, 197, 7, 7, 7, 7, 473, 473, 398, 398, 360, 360, 360, 434, 434, 434, 434, 434, 246, 246, 246, 246, 19, 239, 392, 338, 338, 338, 338, 338, 395, 395, 374, 286, 286, 286, 374, 374, 374, 374, 374, 132, 32, 473, 303, 303, 303, 303, 303, 303, 303, 48, 48, 48, 48, 414, 414, 414, 414, 170, 170, 170, 170, 187, 187, 187, 2, 7, 2, 2, 392, 73, 244, 321, 320, 287, 287, 287, 287, 284, 284, 284, 284, 460, 460, 240, 35, 35, 77, 342, 342, 342, 267, 267, 267, 267, 213, 213, 246, 246, 246, 246, 301, 301, 301, 35, 43, 43, 468, 346, 284, 284, 284, 284, 376, 428, 146, 240, 240, 240, 35, 35, 77, 213, 213, 252, 252, 301, 301, 32, 32, 32, 250, 250, 250, 250, 250, 250, 398, 398, 398, 398, 286, 286, 374, 374, 374, 374, 374, 132, 132, 132, 132, 132, 132, 132, 132, 132, 132, 115]

ep12
Train step Loss: [2.6639065742492676, 2.609914541244507, 2.6235721111297607, 2.5689809322357178, 2.5684328079223633, 2.6244876384735107, 2.5005195140838623, 2.6172025203704834, 2.5578348636627197, 2.5589780807495117, 2.518373489379883, 2.5201029777526855, 2.6105284690856934, 2.5744192600250244, 2.5326547622680664, 2.5133979320526123, 2.5017168521881104, 2.4678595066070557, 2.479487657546997, 2.5749118328094482, 2.4969213008880615, 2.436208963394165, 2.5480453968048096, 2.4435312747955322, 2.466549873352051, 2.468858242034912, 2.425079584121704, 2.460756301879883, 2.4880900382995605, 2.4966282844543457, 2.397472858428955, 2.3888332843780518, 2.337242841720581, 2.4432103633880615, 2.4975745677948, 2.3815577030181885, 2.3969173431396484, 2.448519468307495, 2.390543222427368, 2.5154881477355957, 2.3616724014282227, 2.492919445037842, 2.4142372608184814, 2.3809292316436768, 2.3337130546569824, 2.512857437133789, 2.507063865661621, 2.2040019035339355, 2.235614776611328, 2.3047585487365723, 2.3088274002075195, 2.501188039779663, 2.4186301231384277, 2.378821611404419, 2.4075798988342285, 2.3983163833618164, 2.2485086917877197, 2.2174935340881348, 2.352729320526123, 2.335628032684326, 2.2408690452575684, 2.256678342819214, 2.4373297691345215]
val step Loss: [2.710235357284546, 2.6250667572021484, 2.7526605129241943, 2.66438364982605, 2.6283886432647705, 2.6695363521575928, 2.629142999649048, 2.6364805698394775, 2.6536314487457275, 2.6421420574188232, 2.736783504486084, 2.5648558139801025, 2.622103691101074, 2.6561715602874756, 2.79463267326355, 2.689243793487549]
Train step Accs: [0.5553698286669453, 0.5666848865810331, 0.5703328981723238, 0.57844353837972, 0.576734693877551, 0.5741897979944776, 0.588654503990878, 0.5710401087695445, 0.5771272779451858, 0.579261198371146, 0.5792891319207109, 0.5833663366336633, 0.5721803441900156, 0.577513855898654, 0.5814174942184737, 0.5907585791691752, 0.5903451995685005, 0.5956420233463035, 0.590454195535027, 0.5757215114549241, 0.6050103842159917, 0.5966763706938379, 0.589792838523803, 0.5993887855434493, 0.5922480620155038, 0.6029278872221218, 0.6110040041524544, 0.6006488926505854, 0.5892033220547523, 0.596851076123068, 0.6066043138003436, 0.6157349896480331, 0.6205940594059406, 0.6022426413331257, 0.5985803273938867, 0.6105972515856237, 0.6117460317460317, 0.6011174707004634, 0.6217584588787355, 0.592574964302713, 0.6108064516129033, 0.5931547158122967, 0.612958115183246, 0.6193548387096774, 0.6264748201438849, 0.5950709484690068, 0.6009142053445851, 0.6488484503838499, 0.6446607419946396, 0.6325934579439252, 0.6286302032913843, 0.5982212513652676, 0.614054054054054, 0.61657223796034, 0.6161562123846462, 0.618876404494382, 0.6411489829576691, 0.649030233884769, 0.6214563646470261, 0.6272, 0.6452470950580989, 0.6445688298058422, 0.6182489097618249]
val step Accs: [0.5717385408190941, 0.5805787781350482, 0.5680082826452698, 0.5806039982985963, 0.5806735360643378, 0.5770009447968687, 0.5715129151291513, 0.5769334049409237, 0.5763573883161512, 0.5855464348945759, 0.5660403236867371, 0.5889618922470433, 0.5815526102245063, 0.574385510996119, 0.5513227513227513, 0.5743470935130581]
Preds: [17, 17, 7, 217, 473, 473, 473, 473, 213, 213, 360, 360, 360, 360, 360, 310, 107, 107, 395, 395, 213, 171, 171, 171, 246, 246, 246, 3, 14, 197, 259, 354, 354, 354, 264, 264, 403, 403, 132, 213, 213, 219, 171, 360, 360, 434, 434, 434, 434, 434, 360, 252, 464, 398, 398, 398, 250, 250, 250, 250, 250, 250, 250, 250, 43, 129, 259, 441, 100, 100, 100, 497, 497, 497, 497, 497, 43, 43, 276, 106, 14, 346, 346, 346, 426, 426, 426, 348, 246, 246, 246, 246, 19, 406, 406, 303, 303, 303, 303, 303, 303, 303, 303, 48, 48, 48, 48, 48, 414, 414, 414, 170, 47, 170, 170, 244, 392, 392, 392, 244, 392, 392, 392, 321, 321, 321, 66, 68, 172, 172, 115, 267, 267, 267, 267, 286, 374, 374, 468, 468, 139, 139, 182, 98, 217, 217, 398, 398, 398, 324, 324, 324, 324, 324, 3, 3, 3, 14, 14, 145, 145, 145, 111, 240, 240, 240, 180, 111, 111, 111, 240, 240, 434, 434, 54, 54, 54, 115, 443, 443, 443, 443, 240, 240, 35, 35, 77, 63, 63, 41, 213, 213, 213, 246, 246, 246, 246, 246, 246, 246, 246, 19, 197, 197, 259, 354, 287, 287, 284, 284, 284, 284, 376, 376, 460, 460, 460, 263, 263, 263, 414, 414, 170, 170, 170, 170, 244, 7, 187, 187, 187, 187, 2, 73, 244, 73, 73, 73, 321, 320, 320, 219, 213, 213, 324, 324, 301, 301, 259, 259, 354, 354, 443, 284, 284, 319, 319, 319, 319, 443, 443, 443, 443, 434, 403, 403, 403, 403, 403, 403, 403, 403, 403, 403, 403, 403, 403, 403, 403, 403, 403, 403, 403, 403, 403, 403, 403, 403, 403, 403, 403, 403, 403, 403, 403, 403, 403, 403, 403, 403, 403, 403, 403, 403, 403, 403, 403, 403, 403, 403, 403, 403, 403, 403, 403, 403, 403, 403, 403, 403, 403, 403, 403, 403, 403, 403, 403, 403, 403, 403, 403, 403, 403, 403, 403, 403, 403, 403, 403, 403, 403, 403, 403, 403, 403, 403, 403, 403, 403, 403, 403, 403, 403, 403, 403, 403, 403, 403, 403, 403, 403, 403, 403, 403, 403, 403, 403, 403, 403, 403, 403, 403, 403, 403, 403, 403, 403, 403, 403, 403, 403, 403, 403, 403, 403, 403, 403, 403, 403, 403, 403, 403, 403, 403, 403, 403, 403, 403, 403, 403, 403, 403, 403, 403, 403, 403, 403, 403, 403, 403, 403, 403, 403, 403, 403, 403, 403, 403, 403, 403, 403, 403, 403, 403, 403, 403, 403, 403, 403, 403, 403, 403, 403, 403, 403, 403, 403, 403, 403, 403, 403, 403, 403, 403, 403, 403, 403, 403, 403, 403, 403, 403, 403, 403, 403, 403, 403, 403, 403, 403, 403, 403, 403, 403, 403, 403, 403, 403, 403, 403, 403, 403, 403, 403, 403, 403, 403, 403, 403, 403, 403, 403, 403, 403, 403, 403, 403, 403, 403, 403, 403, 403, 403, 403, 403, 403, 403, 403, 403, 403, 403, 403, 403, 403, 403, 403, 403, 403, 403, 403, 403, 403, 403, 403, 403, 403, 403, 403, 403, 403, 403, 403, 403, 403, 403, 403, 403, 403, 403, 403, 403, 403, 403, 403, 403, 403, 403, 403, 403, 403, 403, 403, 403, 403, 403, 403, 403, 403, 403, 403, 403, 403, 403, 403, 403, 403, 403, 403, 403, 403, 403, 403, 403, 403, 403, 403, 403, 403, 403, 403, 403, 403, 403, 403, 403, 403, 403, 403, 403, 403, 403, 403, 403, 403, 403, 403, 403, 403, 403, 403, 403, 403, 403, 403, 403, 403, 403, 403, 403, 403]

ep13
Train step Loss: [2.2124009132385254, 2.3497374057769775, 2.2921440601348877, 2.2157976627349854, 2.229363203048706, 2.306262254714966, 2.3076913356781006, 2.282963514328003, 2.1921205520629883, 2.161309242248535, 2.2225863933563232, 2.2348389625549316, 2.287186861038208, 2.210340738296509, 2.0691630840301514, 2.2502806186676025, 2.077756881713867, 2.2270054817199707, 2.166757583618164, 2.1204304695129395, 2.0467333793640137, 2.2391293048858643, 1.9612245559692383, 2.0775890350341797, 2.096996307373047, 2.065584897994995, 2.296229600906372, 2.1454508304595947, 1.9648900032043457, 2.0526199340820312, 2.1547091007232666, 2.067538022994995, 2.1219208240509033, 2.104722499847412, 2.068166494369507, 2.106393337249756, 2.0043888092041016, 1.9758405685424805, 2.1964476108551025, 2.0211832523345947, 2.074580192565918, 2.072239637374878, 2.1018903255462646, 2.051473379135132, 1.904004454612732, 1.9868818521499634, 2.0094704627990723, 1.9883018732070923, 2.012273073196411, 1.9558717012405396, 1.87361741065979, 1.9393041133880615, 1.8992642164230347, 1.889329195022583, 1.9147353172302246, 1.9403910636901855, 1.985085129737854, 1.9251078367233276, 1.9133857488632202, 1.827244520187378, 1.8172978162765503, 1.942970871925354, 1.9934340715408325]
val step Loss: [2.2001969814300537, 2.251178741455078, 2.356658935546875, 2.349600315093994, 2.4251549243927, 2.1785008907318115, 2.273831367492676, 2.1402721405029297, 2.2912709712982178, 2.2620935440063477, 2.358382225036621, 2.2191367149353027, 2.2763359546661377, 2.2991862297058105, 2.294895648956299, 2.1671788692474365]
Train step Accs: [0.6502800248911015, 0.6278421593076133, 0.6334636434714621, 0.6488524590163934, 0.6469586751276892, 0.6344226579520698, 0.632323542980163, 0.6430930104567969, 0.6504149377593361, 0.6513502050049484, 0.644143515286891, 0.6381490849575956, 0.6341979883536263, 0.6487796434135364, 0.6664404018463209, 0.6379011274934953, 0.6676147907354734, 0.6526177628700598, 0.6520501875565904, 0.663427768672442, 0.6771986970684039, 0.6354212942395973, 0.6910202299519721, 0.669380633905205, 0.6658284023668639, 0.6750486696950032, 0.6299404852739203, 0.6674214975845411, 0.6934386060441057, 0.6715806715806716, 0.6645789839944328, 0.6811735261401557, 0.6652419477942298, 0.6640204520990313, 0.6750344827586207, 0.6708792686205969, 0.6874912843397015, 0.6886350322202694, 0.6527888129667885, 0.6771712907117008, 0.67952993488963, 0.6739231125521075, 0.6708664135312392, 0.6824324324324325, 0.6999504050256241, 0.6856036152356358, 0.687124849939976, 0.690263225146946, 0.6773963822817263, 0.6936309354563549, 0.7185317283400208, 0.6944444444444444, 0.7054694742418223, 0.7058671156585934, 0.6926482213438735, 0.6914879792072774, 0.6906085430076068, 0.6962940181454713, 0.7044259140474664, 0.7127057274522712, 0.7120466321243524, 0.6892960717110467, 0.6973905723905723]
val step Accs: [0.6565104522475748, 0.6427403977117951, 0.6259456430372653, 0.6359862582307472, 0.6281640499839795, 0.6590685239904319, 0.6424324324324324, 0.6655252705108889, 0.6409947853991176, 0.6450238802116949, 0.625664606983762, 0.6580424701000732, 0.6432425141623954, 0.632816408204102, 0.6381755461862783, 0.6600531806095316]
Preds: [17, 17, 287, 287, 284, 284, 284, 85, 85, 330, 330, 330, 406, 251, 251, 251, 371, 250, 250, 250, 217, 217, 473, 473, 473, 398, 171, 171, 246, 246, 246, 246, 246, 246, 19, 180, 180, 403, 324, 129, 120, 395, 219, 219, 213, 246, 246, 246, 246, 19, 19, 19, 454, 454, 414, 414, 170, 392, 392, 392, 392, 392, 392, 392, 392, 392, 244, 244, 320, 321, 287, 66, 66, 66, 54, 115, 106, 106, 106, 98, 122, 129, 129, 129, 75, 75, 354, 32, 143, 143, 403, 403, 403, 290, 290, 171, 434, 434, 434, 434, 434, 434, 246, 246, 19, 19, 19, 129, 401, 401, 75, 75, 32, 32, 180, 171, 171, 171, 171, 143, 143, 143, 32, 464, 464, 171, 171, 171, 324, 143, 129, 259, 75, 75, 75, 420, 213, 213, 213, 213, 246, 246, 246, 246, 246, 19, 19, 48, 197, 197, 197, 197, 197, 7, 188, 188, 371, 342, 342, 68, 68, 68, 68, 68, 115, 115, 267, 267, 286, 286, 286, 374, 374, 132, 132, 132, 63, 63, 63, 303, 303, 213, 213, 213, 213, 324, 246, 246, 246, 143, 239, 129, 129, 77, 219, 219, 219, 324, 464, 464, 464, 464, 180, 315, 315, 315, 315, 315, 450, 450, 450, 413, 413, 413, 43, 276, 276, 153, 182, 182, 182, 182, 182, 182, 98, 98, 98, 98, 98, 414, 170, 170, 392, 392, 392, 63, 63, 63, 63, 63, 63, 63, 63, 63, 63, 63, 63, 63, 63, 392, 73, 73, 320, 320, 320, 287, 287, 287, 287, 111, 486, 376, 376, 376, 460, 460, 460, 169, 150, 342, 342, 342, 224, 324, 143, 129, 129, 77, 77, 68, 115, 115, 115, 115, 319, 319, 319, 413, 348, 348, 348, 398, 398, 473, 473, 398, 324, 324, 464, 464, 464, 139, 319, 319, 319, 319, 319, 413, 413, 250, 70, 65, 65, 319, 319, 240, 240, 324, 301, 301, 303, 324, 324, 301, 301, 301, 398, 398, 398, 398, 464, 464, 464, 464, 486, 376, 376, 460, 460, 460, 263, 263, 263, 244, 170, 170, 392, 392, 392, 392, 63, 63, 63, 63, 63, 63, 63, 63, 63, 63, 63, 63, 63, 63, 63, 63, 63, 73, 392, 244, 244, 320, 321, 7, 7, 7, 473, 331, 290, 171, 171, 171, 171, 434, 434, 434, 434, 3, 3, 14, 14, 287, 287, 287, 111, 450, 450, 43, 43, 43, 43, 182, 43, 43, 43, 109, 207, 207, 324, 324, 324, 301, 301, 32, 239, 239, 239, 354, 371, 371, 213, 213, 246, 246, 19, 19, 454, 454, 401, 401, 401, 80, 80, 320, 320, 7, 7, 75, 100, 139, 139, 106, 14, 120, 120, 120, 120, 282, 282, 282, 403, 240, 240, 77, 310, 310, 107, 107, 107, 107, 395, 395, 395, 400, 17, 17, 320, 434, 403, 403, 403, 403, 403, 403, 403, 403, 403, 403, 403, 403, 403, 403, 403, 403, 403, 403, 403, 403, 403, 403, 403, 403, 403, 403, 403, 403, 403, 403, 403, 403, 403, 403, 403, 403, 403, 403, 403, 403, 403, 403, 403, 403, 403, 403, 403, 403, 403, 403, 403, 403, 403, 403, 403, 403, 403, 403, 403, 403, 403, 403, 403, 403, 403, 403, 403, 403, 403, 403, 403, 403, 403, 403, 403, 403, 403, 403, 403, 403, 403, 403, 403, 403, 403, 403, 403, 403, 403, 403, 403, 403, 403, 403, 403, 403, 403, 403, 403, 403, 403, 403, 403, 403, 403, 403, 403, 403, 403, 403, 403, 403, 403, 403, 403, 403, 403, 403, 403, 403, 403, 403, 403, 403, 403, 403, 403, 403, 403, 403, 403, 403]

ep14
Train step Loss: [1.9322549104690552, 1.8242993354797363, 1.974351167678833, 1.8232423067092896, 1.829404354095459, 1.9935013055801392, 1.8922255039215088, 1.9730182886123657, 1.8440643548965454, 1.9951831102371216, 1.9385026693344116, 1.7301158905029297, 1.8919681310653687, 1.8354922533035278, 1.8676141500473022, 1.7948205471038818, 1.9071378707885742, 1.662560224533081, 1.8810608386993408, 1.789616584777832, 1.7494733333587646, 1.8773653507232666, 1.706242322921753, 1.7523094415664673, 1.7898823022842407, 1.809776782989502, 1.7023112773895264, 1.7191801071166992, 1.629159688949585, 1.7283662557601929, 1.714415431022644, 1.708534598350525, 1.704458236694336, 1.607701063156128, 1.682820439338684, 1.6983767747879028, 1.8200430870056152, 1.660564661026001, 1.7344715595245361, 1.6887056827545166, 1.6415750980377197, 1.5960636138916016, 1.5782251358032227, 1.6572028398513794, 1.643347978591919, 1.7764713764190674, 1.554535984992981, 1.6130770444869995, 1.5751667022705078, 1.6453746557235718, 1.6092784404754639, 1.6691443920135498, 1.5707340240478516, 1.6867254972457886, 1.6098765134811401, 1.5030014514923096, 1.4881457090377808, 1.4955321550369263, 1.4817707538604736, 1.6176068782806396, 1.4796042442321777, 1.5788553953170776, 1.5371288061141968]
val step Loss: [1.9050241708755493, 1.8880151510238647, 1.793950080871582, 1.869687795639038, 1.9392945766448975, 1.8967875242233276, 1.8759286403656006, 1.8827897310256958, 1.8567302227020264, 1.927285075187683, 1.941096544265747, 1.8991234302520752, 1.9104995727539062, 1.8941004276275635, 1.8009792566299438, 1.9684112071990967]
Train step Accs: [0.697113807805838, 0.7145343777197564, 0.68760907504363, 0.7225596835711259, 0.7133853541416567, 0.6901451961692926, 0.7056270794155938, 0.6902840059790732, 0.7153194765204003, 0.6850524912514581, 0.6983404317814657, 0.7262674134712049, 0.705218829899233, 0.7156070870244919, 0.7078169100503129, 0.7198755730189915, 0.7022238974745572, 0.7432334635982052, 0.7019635343618513, 0.7172557172557172, 0.7284420527628298, 0.7009149542522873, 0.7436422597712921, 0.7289637952559301, 0.7241801605660634, 0.7232216994187656, 0.7331635540464063, 0.7376430976430977, 0.7517293233082707, 0.7368421052631579, 0.7370725034199727, 0.7364940911648846, 0.7443101994942399, 0.7548975624345745, 0.7381668946648426, 0.7473873285434357, 0.7222138667468793, 0.7458328263779048, 0.7320230853221026, 0.7426881367071968, 0.7451662261788844, 0.7549106352857902, 0.7582114269942037, 0.7544267572884994, 0.7529631109335464, 0.7291338582677165, 0.7673678383614725, 0.7536187719030931, 0.7641665414098903, 0.7473860309493936, 0.7540328336902212, 0.7403902154921375, 0.7605669773975227, 0.7429153232648905, 0.7533893709327549, 0.7696508118982612, 0.7738212526389866, 0.7781019869390023, 0.7789746917585983, 0.7538598574821853, 0.7751250893495354, 0.7700353565114909, 0.7699530516431925]
val step Accs: [0.7151522503942739, 0.7140391963515346, 0.724109922837417, 0.7163888888888889, 0.7053704962610469, 0.7108985024958403, 0.7161981258366801, 0.7145467322557976, 0.7138185953938015, 0.7046200109349371, 0.708141702921069, 0.716586852416195, 0.7127211457455771, 0.7137062937062937, 0.7242912729294052, 0.6945001113337786]
Preds: [17, 17, 479, 479, 331, 331, 443, 443, 271, 271, 271, 342, 54, 54, 54, 224, 224, 273, 273, 273, 494, 246, 264, 468, 468, 468, 468, 468, 468, 337, 337, 337, 337, 337, 434, 339, 339, 10, 398, 479, 331, 331, 331, 84, 84, 84, 426, 426, 426, 426, 375, 375, 375, 375, 98, 98, 98, 98, 13, 13, 13, 414, 414, 414, 187, 187, 187, 187, 187, 187, 187, 187, 187, 320, 320, 320, 320, 65, 65, 65, 129, 129, 441, 441, 244, 63, 63, 63, 63, 63, 63, 63, 63, 73, 244, 73, 7, 7, 7, 7, 7, 7, 7, 7, 354, 354, 420, 213, 213, 213, 213, 213, 213, 213, 246, 246, 246, 246, 246, 246, 246, 246, 246, 246, 3, 3, 188, 188, 188, 188, 120, 301, 143, 143, 8, 259, 354, 354, 354, 109, 278, 278, 171, 171, 171, 171, 171, 171, 246, 246, 246, 246, 246, 246, 246, 246, 246, 186, 338, 338, 338, 338, 338, 338, 400, 400, 400, 400, 267, 324, 324, 464, 464, 434, 434, 339, 143, 77, 77, 77, 224, 54, 172, 395, 395, 395, 286, 286, 464, 464, 464, 264, 264, 443, 315, 315, 315, 315, 282, 282, 282, 282, 282, 413, 203, 43, 43, 43, 43, 43, 276, 182, 182, 182, 182, 182, 182, 182, 182, 182, 182, 497, 497, 497, 497, 348, 303, 303, 48, 132, 132, 406, 406, 406, 406, 406, 406, 331, 406, 406, 375, 375, 375, 375, 122, 122, 129, 129, 122, 122, 398, 479, 398, 398, 464, 464, 464, 84, 84, 84, 88, 43, 43, 43, 43, 43, 276, 153, 153, 276, 387, 426, 319, 413, 348, 348, 348, 348, 219, 398, 398, 464, 464, 464, 464, 120, 120, 282, 282, 282, 282, 263, 263, 263, 263, 414, 414, 414, 414, 187, 187, 187, 187, 187, 187, 2, 2, 392, 392, 392, 392, 392, 392, 73, 244, 73, 73, 244, 75, 310, 310, 323, 323, 54, 66, 106, 106, 106, 153, 153, 153, 153, 182, 182, 182, 182, 182, 182, 182, 182, 182, 182, 182, 497, 497, 497, 122, 122, 122, 122, 310, 310, 310, 54, 115, 115, 106, 106, 106, 106, 387, 387, 293, 293, 293, 293, 122, 35, 207, 188, 324, 324, 324, 301, 143, 143, 35, 259, 354, 354, 354, 109, 109, 109, 355, 355, 355, 355, 355, 376, 376, 376, 376, 376, 376, 376, 376, 486, 460, 460, 460, 460, 460, 35, 259, 75, 354, 354, 180, 486, 486, 486, 460, 460, 460, 169, 150, 54, 54, 54, 324, 252, 486, 486, 486, 460, 240, 240, 240, 77, 54, 244, 371, 324, 324, 324, 464, 464, 464, 139, 88, 88, 375, 375, 98, 98, 98, 13, 129, 259, 259, 441, 441, 441, 100, 100, 100, 182, 182, 182, 98, 98, 98, 48, 414, 414, 414, 170, 170, 170, 170, 170, 170, 28, 28, 63, 63, 63, 63, 392, 63, 63, 63, 63, 2, 2, 2, 2, 63, 63, 63, 63, 63, 63, 63, 63, 63, 63, 63, 63, 73, 73, 73, 73, 244, 321, 321, 287, 287, 287, 287, 287, 284, 284, 284, 284, 284, 450, 450, 450, 450, 450, 450, 88, 43, 276, 276, 276, 276, 387, 387, 387, 250, 250, 250, 219, 88, 32, 239, 354, 219, 219, 398, 464, 171, 171, 171, 171, 171, 171, 246, 252, 143, 310, 310, 310, 107, 107, 107, 400, 400, 400, 400, 434, 63, 374, 374, 374, 132, 132, 132, 186, 186, 186, 54, 482, 482, 482, 482, 482, 482, 482, 115, 115, 273, 106, 106, 106, 424, 293, 497, 497, 122, 122, 122, 310, 310, 310, 107, 107]

ep15
Train step Loss: [1.6009790897369385, 1.5142284631729126, 1.5421332120895386, 1.5044881105422974, 1.4721585512161255, 1.4723520278930664, 1.414786458015442, 1.5443828105926514, 1.5094923973083496, 1.4350183010101318, 1.4602068662643433, 1.4124952554702759, 1.5155832767486572, 1.4017244577407837, 1.331162452697754, 1.4692208766937256, 1.5074156522750854, 1.4870017766952515, 1.4752238988876343, 1.509509801864624, 1.456639051437378, 1.4385967254638672, 1.50946843624115, 1.3846051692962646, 1.3704181909561157, 1.4196200370788574, 1.4150835275650024, 1.4943009614944458, 1.4234827756881714, 1.463426947593689, 1.367597222328186, 1.3871020078659058, 1.4041526317596436, 1.3717459440231323, 1.390862226486206, 1.3868838548660278, 1.3582340478897095, 1.3800818920135498, 1.327588677406311, 1.345727801322937, 1.323173999786377, 1.3006678819656372, 1.328583836555481, 1.2298833131790161, 1.4516890048980713, 1.3090813159942627, 1.320046067237854, 1.2650067806243896, 1.4037365913391113, 1.2140827178955078, 1.2433935403823853, 1.4074625968933105, 1.3128161430358887, 1.3182885646820068, 1.238861083984375, 1.2301350831985474, 1.1479579210281372, 1.1809238195419312, 1.3033791780471802, 1.187757968902588, 1.2316638231277466, 1.2197844982147217, 1.1347631216049194]
val step Loss: [1.5375267267227173, 1.4631359577178955, 1.4659147262573242, 1.5457210540771484, 1.4292757511138916, 1.5909970998764038, 1.5040299892425537, 1.571178674697876, 1.5338671207427979, 1.4945595264434814, 1.5380949974060059, 1.4830207824707031, 1.503315806388855, 1.5182377099990845, 1.5350844860076904, 1.5753967761993408]
Train step Accs: [0.7600827300930714, 0.7698496438934318, 0.7616045845272207, 0.7718138551031201, 0.7794329649207112, 0.778945892907205, 0.7933845430318232, 0.7689017660044151, 0.7669247009148487, 0.7889746715427333, 0.780326422584914, 0.7919111816019032, 0.7731105319638203, 0.7957613586877631, 0.8038110574342459, 0.7804878048780488, 0.7768482158101417, 0.7822977201609298, 0.7794577685088634, 0.7734278668310728, 0.7808298117556666, 0.7888439204645433, 0.776980441817926, 0.7912290661368152, 0.7945302536488593, 0.789040693403849, 0.7935499058380414, 0.7762205452025258, 0.7864063629790311, 0.7846364883401921, 0.8004288969307063, 0.792841348811498, 0.7964574269732754, 0.7948385423421087, 0.796037134543439, 0.798735665980594, 0.8048857368006305, 0.7957615894039735, 0.8159070598748883, 0.8073943183362784, 0.8072255929398786, 0.8170635546443779, 0.8057663125948407, 0.8261445605770646, 0.7894372054338785, 0.8126866733039397, 0.8109926377253109, 0.8228911445572279, 0.8008676789587853, 0.8283052351375333, 0.8247574242869744, 0.7990097477951416, 0.8161590877485746, 0.8117426608369769, 0.8286343006464035, 0.8254898935349483, 0.8471182025398893, 0.8354143019296254, 0.8169983540326201, 0.8368175665513611, 0.827369571155422, 0.8274678111587983, 0.8416030534351145]
val step Accs: [0.7801641586867305, 0.7864701942397857, 0.794295949297327, 0.7793772492567673, 0.7955958549222798, 0.776455941347351, 0.7932843651626443, 0.7789898031776145, 0.782397107897664, 0.79050240880936, 0.7874316939890711, 0.7883919338159255, 0.7900643218831258, 0.7821547223540579, 0.7843535687071375, 0.7736003269309358]
Preds: [17, 287, 100, 387, 387, 98, 98, 35, 129, 129, 129, 401, 414, 414, 144, 27, 437, 426, 426, 426, 426, 426, 426, 426, 426, 263, 263, 414, 414, 414, 414, 414, 414, 414, 187, 187, 197, 7, 7, 7, 473, 473, 286, 286, 286, 286, 264, 264, 468, 468, 468, 406, 406, 406, 337, 337, 337, 171, 171, 171, 171, 3, 3, 3, 3, 3, 3, 197, 197, 197, 197, 197, 479, 398, 398, 360, 360, 360, 360, 199, 398, 398, 479, 331, 374, 374, 132, 153, 182, 182, 182, 182, 98, 98, 98, 8, 197, 197, 100, 100, 100, 497, 497, 43, 8, 129, 259, 144, 27, 27, 106, 106, 284, 426, 426, 426, 426, 206, 206, 285, 285, 467, 406, 406, 406, 467, 467, 467, 134, 100, 375, 375, 98, 98, 98, 48, 13, 263, 263, 13, 414, 414, 414, 47, 170, 47, 47, 47, 47, 80, 80, 80, 80, 80, 320, 320, 7, 7, 479, 331, 324, 324, 422, 143, 143, 143, 208, 144, 27, 27, 180, 486, 315, 319, 319, 282, 282, 348, 348, 331, 212, 76, 129, 354, 420, 420, 324, 464, 464, 464, 180, 355, 376, 460, 460, 263, 263, 13, 13, 229, 229, 229, 312, 312, 312, 187, 408, 321, 19, 19, 20, 20, 23, 23, 23, 23, 187, 392, 392, 392, 392, 244, 73, 73, 73, 244, 244, 287, 287, 111, 111, 460, 460, 460, 35, 35, 77, 342, 232, 68, 172, 172, 115, 267, 267, 267, 267, 324, 246, 246, 246, 19, 454, 197, 197, 197, 197, 197, 197, 7, 7, 473, 331, 443, 443, 443, 330, 330, 330, 76, 77, 77, 259, 310, 107, 395, 395, 106, 106, 88, 88, 88, 88, 88, 355, 355, 206, 206, 206, 206, 240, 35, 35, 35, 77, 342, 342, 172, 115, 115, 267, 267, 267, 213, 324, 246, 3, 301, 197, 197, 197, 197, 197, 414, 414, 244, 287, 100, 100, 182, 182, 182, 182, 182, 182, 182, 182, 182, 387, 387, 387, 206, 122, 122, 122, 239, 401, 401, 259, 75, 75, 371, 371, 171, 171, 171, 171, 171, 314, 314, 32, 239, 354, 473, 473, 264, 264, 264, 264, 264, 264, 264, 264, 468, 468, 468, 199, 41, 41, 41, 19, 19, 454, 454, 454, 414, 414, 414, 414, 170, 170, 170, 170, 170, 47, 408, 408, 408, 408, 408, 408, 408, 73, 244, 73, 244, 244, 83, 287, 284, 284, 460, 240, 240, 240, 35, 35, 77, 77, 342, 342, 224, 224, 267, 267, 324, 324, 324, 301, 3, 3, 14, 14, 14, 14, 411, 411, 100, 424, 424, 424, 43, 43, 43, 32, 32, 239, 239, 208, 100, 100, 100, 497, 497, 98, 98, 98, 48, 414, 414, 414, 414, 170, 170, 244, 80, 244, 244, 287, 100, 481, 481, 375, 98, 98, 129, 129, 401, 401, 144, 208, 441, 441, 441, 346, 346, 206, 206, 206, 263, 17, 17, 111, 420, 403, 403, 403, 403, 403, 403, 403, 403, 403, 403, 403, 403, 403, 403, 403, 403, 403, 403, 403, 403, 403, 403, 403, 403, 403, 403, 403, 403, 403, 403, 403, 403, 403, 403, 403, 403, 403, 403, 403, 403, 403, 403, 403, 403, 403, 403, 403, 403, 403, 403, 403, 403, 403, 403, 403, 403, 403, 403, 403, 403, 403, 403, 403, 403, 403, 403, 403, 403, 403, 403, 403, 403, 403, 403, 403, 403, 403, 403, 403, 403, 403, 403, 403, 403, 403, 403, 403, 403, 403, 403, 403, 403, 403, 403, 403, 403, 403, 403, 403, 403, 403, 403, 403, 403, 403, 403, 403, 403, 403, 403, 403, 403, 403, 403, 403, 403]

ep16
Train step Loss: [1.23866868019104, 1.356590986251831, 1.157572627067566, 1.128477931022644, 1.1488990783691406, 1.1581951379776, 1.1654472351074219, 1.147653341293335, 1.2774462699890137, 1.0848243236541748, 1.0502480268478394, 1.190380334854126, 1.226657509803772, 1.0841941833496094, 1.1693722009658813, 1.113415002822876, 1.097375750541687, 1.233417272567749, 1.1893413066864014, 1.0161263942718506, 1.0697271823883057, 1.0994234085083008, 1.1639320850372314, 1.1169275045394897, 1.1267940998077393, 1.1293625831604004, 1.1029058694839478, 1.0891749858856201, 1.0652509927749634, 1.134401559829712, 1.01187264919281, 1.0485074520111084, 1.0602524280548096, 0.9952789545059204, 1.1039003133773804, 1.0456171035766602, 1.0605169534683228, 0.944702684879303, 1.0255767107009888, 1.1289161443710327, 0.9669384956359863, 0.9882879853248596, 0.9852159023284912, 1.069719910621643, 1.048612356185913, 0.9443631172180176, 1.0794081687927246, 1.0861784219741821, 0.974655270576477, 1.0665396451950073, 0.9427812695503235, 0.9592764973640442, 0.9304947853088379, 0.8674675822257996, 0.9505713582038879, 0.9772831201553345, 0.9410945177078247, 0.982286810874939, 0.9635504484176636, 0.917141318321228, 0.8756976127624512, 0.9071325063705444, 0.9554816484451294]
val step Loss: [1.2144449949264526, 1.1257864236831665, 1.2103551626205444, 1.191141963005066, 1.1894038915634155, 1.1403595209121704, 1.1948343515396118, 1.177625060081482, 1.1709485054016113, 1.1376395225524902, 1.1165748834609985, 1.167406678199768, 1.1724331378936768, 1.2000224590301514, 1.1657521724700928, 1.2192926406860352]
Train step Accs: [0.834993858332196, 0.8070724456266625, 0.8437907721503973, 0.845565749235474, 0.8452054794520548, 0.8461421397047634, 0.8422206991089788, 0.8394653438059805, 0.8194615279486128, 0.8557121032082838, 0.8613381354758277, 0.8293421811886902, 0.8262163368546347, 0.8521400778210116, 0.8397953688745288, 0.8496188496188496, 0.847597192224622, 0.8247502918666494, 0.8381946576604237, 0.866686373041679, 0.8572200459273268, 0.8508082455880172, 0.8389615871675813, 0.8522115959354453, 0.8469241773962805, 0.8467479674796748, 0.8505044328951391, 0.8546744036105738, 0.8572631578947368, 0.8435812837432514, 0.8682561516124102, 0.8642393867924528, 0.8601428571428571, 0.8694420843953554, 0.850405821438567, 0.8619264747791393, 0.8607281177381875, 0.8799351000540833, 0.8700607902735562, 0.8529284164859002, 0.8773678963110668, 0.8764940239043825, 0.8715697036223929, 0.860686511128989, 0.8673048048048048, 0.8819967707212056, 0.8545428893905191, 0.8581188433428663, 0.8770007387343018, 0.8685633367662204, 0.8792502902637254, 0.8771074815595363, 0.8859126984126984, 0.8911355115158007, 0.8791691934505761, 0.8759083286752376, 0.8808659217877095, 0.8711290322580645, 0.8797768008116335, 0.8793077947049253, 0.8947572314049587, 0.8873439721914994, 0.8818443804034583]
val step Accs: [0.8430029880478087, 0.8588050314465409, 0.8441499774130402, 0.8478426395939086, 0.8419452887537994, 0.8533256715989082, 0.8441256830601093, 0.8474913065077, 0.8455593220338983, 0.8531838102603764, 0.8567574858376046, 0.8508948997443143, 0.8492455601548938, 0.8440860215053764, 0.8497619714365724, 0.8363709192870018]
Preds: [17, 17, 486, 486, 460, 460, 169, 169, 35, 35, 259, 208, 208, 441, 100, 153, 153, 497, 122, 129, 129, 129, 129, 208, 208, 437, 346, 346, 284, 284, 206, 98, 263, 263, 263, 263, 417, 414, 249, 249, 249, 249, 249, 249, 249, 47, 47, 47, 47, 170, 28, 249, 187, 20, 249, 187, 28, 28, 20, 408, 28, 153, 153, 424, 109, 264, 264, 264, 84, 84, 14, 14, 321, 391, 391, 20, 289, 20, 320, 287, 287, 287, 111, 111, 460, 169, 169, 99, 338, 338, 338, 338, 338, 338, 400, 400, 400, 400, 213, 213, 213, 246, 246, 246, 246, 246, 246, 422, 99, 99, 338, 338, 338, 338, 338, 400, 400, 400, 400, 286, 286, 286, 374, 374, 374, 132, 132, 132, 132, 132, 132, 132, 132, 132, 132, 132, 132, 132, 132, 132, 132, 132, 197, 197, 197, 197, 197, 197, 197, 414, 414, 414, 414, 354, 420, 213, 213, 213, 213, 246, 246, 434, 434, 374, 132, 132, 43, 43, 43, 250, 43, 276, 346, 346, 346, 480, 480, 480, 282, 282, 282, 282, 388, 303, 303, 217, 473, 473, 398, 324, 464, 301, 301, 129, 401, 197, 7, 7, 354, 276, 109, 346, 428, 428, 428, 146, 207, 207, 207, 3, 3, 3, 454, 197, 197, 197, 197, 197, 197, 7, 7, 276, 35, 35, 35, 35, 374, 374, 374, 63, 63, 19, 132, 132, 132, 132, 132, 132, 132, 132, 217, 479, 479, 331, 331, 153, 98, 98, 35, 197, 7, 217, 473, 473, 398, 213, 324, 324, 324, 246, 19, 19, 454, 454, 454, 454, 229, 229, 229, 187, 126, 126, 126, 126, 408, 408, 23, 23, 23, 23, 23, 23, 23, 391, 391, 391, 391, 392, 392, 392, 321, 287, 287, 319, 319, 319, 203, 348, 250, 250, 250, 276, 276, 109, 109, 403, 171, 324, 324, 324, 464, 301, 301, 251, 251, 251, 241, 241, 431, 486, 319, 319, 330, 388, 348, 199, 331, 250, 199, 199, 81, 290, 290, 290, 171, 324, 324, 3, 301, 301, 8, 129, 259, 259, 354, 354, 106, 284, 284, 206, 240, 240, 35, 77, 77, 342, 77, 224, 244, 485, 152, 53, 374, 374, 153, 153, 153, 182, 43, 43, 43, 276, 346, 346, 346, 428, 428, 428, 330, 388, 388, 94, 199, 398, 398, 398, 252, 116, 94, 94, 199, 134, 153, 43, 43, 43, 276, 276, 276, 153, 387, 387, 387, 387, 240, 240, 240, 35, 35, 375, 73, 14, 14, 411, 287, 206, 302, 302, 293, 497, 122, 122, 36, 94, 451, 224, 494, 494, 251, 217, 144, 27, 180, 443, 330, 388, 94, 199, 199, 464, 464, 464, 120, 330, 330, 368, 54, 453, 168, 168, 494, 278, 99, 99, 99, 310, 338, 395, 106, 330, 426, 426, 413, 413, 199, 394, 76, 239, 310, 107, 395, 395, 485, 286, 464, 139, 139, 139, 496, 496, 274, 212, 129, 129, 144, 208, 441, 437, 153, 426, 426, 426, 426, 348, 199, 250, 413, 375, 98, 98, 98, 197, 414, 320, 7, 473, 473, 286, 286, 286, 468, 468, 406, 406, 337, 337, 41, 324, 19, 454, 454, 13, 229, 229, 414, 170, 170, 170, 170, 170, 28, 187, 244, 187, 187, 187, 187, 408, 408, 408, 420, 392, 392, 153, 153, 392, 73, 73, 73, 320, 320, 7, 188, 324, 252, 252, 116, 94, 479, 331, 331, 153, 153, 387, 387, 387, 497, 43, 43, 129, 129, 208, 208, 106, 106, 387, 387, 350, 406, 406, 406, 413, 413, 375, 375, 98, 98, 98, 414, 414, 414, 414, 414, 414, 170, 47, 47, 47, 244, 80]

ep17
Train step Loss: [0.8760569095611572, 0.8915587067604065, 0.840653121471405, 0.9306130409240723, 0.9680140018463135, 0.9541457295417786, 0.8615073561668396, 0.8534680604934692, 0.9479958415031433, 0.8770387768745422, 0.8392603993415833, 0.8491703271865845, 0.9473733305931091, 0.8525657653808594, 0.8953994512557983, 0.8063563108444214, 0.8780217170715332, 0.8171733021736145, 0.849679708480835, 0.847124457359314, 0.8115800619125366, 0.8354451656341553, 0.7908592224121094, 0.8682549595832825, 0.8371772766113281, 0.7935727834701538, 0.9844403862953186, 0.7981433272361755, 0.7964203357696533, 0.7467516660690308, 0.7756702899932861, 0.8126975297927856, 0.847046971321106, 0.8232151865959167, 0.7521318793296814, 0.7585697770118713, 0.7024843692779541, 0.7797625660896301, 0.8036490678787231, 0.7670458555221558, 0.7494952082633972, 0.7121511101722717, 0.671630322933197, 0.6706138253211975, 0.7031252384185791, 0.6702028512954712, 0.8132731914520264, 0.7241374254226685, 0.7122403979301453, 0.7132675647735596, 0.7158054709434509, 0.7730147242546082, 0.6317179799079895, 0.6975265145301819, 0.7196097373962402, 0.6972628831863403, 0.6604858040809631, 0.7460666298866272, 0.719035267829895, 0.6470527648925781, 0.6462557315826416, 0.647140622138977, 0.6151571273803711]
val step Loss: [0.8497334122657776, 0.8443894386291504, 0.9331322908401489, 0.8983017206192017, 0.8857879042625427, 0.895363450050354, 0.8727280497550964, 0.8342904448509216, 0.8958012461662292, 0.8785308003425598, 0.9033803343772888, 0.9029558897018433, 0.8928257822990417, 0.8445936441421509, 0.8857434391975403, 0.928717851638794]
Train step Accs: [0.8922519913106445, 0.8894032278243463, 0.8961777542653088, 0.8848899464604402, 0.8729334608553081, 0.87692096597146, 0.8939630903972474, 0.8913409961685824, 0.8808054085831863, 0.8906576200417536, 0.8996198789243981, 0.8978995687856447, 0.8864742134284788, 0.894641384995878, 0.8902616279069767, 0.9033264033264033, 0.8948753462603878, 0.9033630200717798, 0.8971168437025797, 0.8962635976667193, 0.9020987970309701, 0.8963352314206453, 0.9083370353916778, 0.8915855021555166, 0.8975929354792764, 0.9070462633451958, 0.8766889002907474, 0.9027346637102734, 0.9095035460992907, 0.9076604554865424, 0.9053940749021799, 0.9049301182614038, 0.8940285954583683, 0.8992795389048991, 0.910966810966811, 0.9093104373490744, 0.9176507147296458, 0.9053712245201607, 0.905607036280823, 0.9068984856982614, 0.9089982527664531, 0.9176234213547646, 0.9216642288314644, 0.9231678486997635, 0.9204997940409172, 0.9253607103218646, 0.8968788249694002, 0.9177675923429496, 0.9153983885407341, 0.9197780776728145, 0.918918918918919, 0.9067735930115995, 0.9295501936252607, 0.917654028436019, 0.9144661308840414, 0.9177935466595261, 0.9222900763358779, 0.9093949970913322, 0.9173212621488483, 0.9292128895932382, 0.9286828963795256, 0.9294888597640891, 0.933204526635385]
val step Accs: [0.8976058433653455, 0.9029861616897306, 0.885699096225412, 0.8878250743951352, 0.896312423458974, 0.8924817032601464, 0.8950759318913943, 0.8974469926438771, 0.888874137015401, 0.8919622922351774, 0.8922379301146972, 0.8865248226950354, 0.8921860826746145, 0.8988269794721407, 0.8956088362068966, 0.8902284263959391]
Preds: [17, 17, 479, 479, 398, 278, 17, 17, 17, 77, 77, 54, 54, 30, 494, 351, 351, 494, 246, 468, 468, 468, 468, 467, 337, 337, 337, 337, 434, 339, 339, 94, 479, 331, 331, 84, 84, 84, 426, 426, 16, 375, 375, 375, 98, 98, 98, 98, 13, 13, 414, 259, 170, 187, 187, 187, 442, 187, 187, 2, 2, 244, 320, 320, 320, 2, 392, 2, 2, 244, 63, 63, 63, 244, 73, 73, 73, 73, 320, 320, 320, 7, 7, 7, 7, 219, 420, 420, 213, 213, 213, 213, 213, 213, 246, 246, 246, 246, 246, 246, 246, 3, 3, 3, 464, 188, 120, 114, 301, 143, 259, 354, 109, 109, 109, 403, 171, 171, 171, 171, 171, 246, 246, 246, 246, 246, 324, 422, 186, 99, 338, 338, 338, 338, 338, 400, 400, 400, 30, 464, 171, 171, 252, 252, 143, 36, 310, 310, 310, 107, 395, 395, 395, 286, 286, 464, 365, 365, 315, 315, 315, 315, 282, 282, 282, 282, 282, 413, 413, 43, 43, 43, 276, 138, 138, 138, 182, 182, 182, 182, 182, 182, 182, 426, 282, 282, 282, 282, 303, 303, 94, 199, 331, 84, 302, 302, 496, 375, 375, 375, 375, 129, 129, 196, 196, 309, 398, 398, 464, 464, 264, 468, 406, 406, 88, 43, 43, 43, 276, 276, 276, 174, 387, 413, 348, 348, 348, 398, 398, 398, 398, 464, 464, 443, 355, 355, 282, 460, 263, 263, 263, 263, 414, 414, 414, 187, 187, 187, 187, 187, 47, 47, 244, 392, 392, 73, 73, 73, 244, 75, 75, 310, 310, 310, 323, 273, 106, 106, 374, 153, 153, 424, 182, 182, 182, 182, 182, 182, 182, 497, 497, 497, 497, 122, 122, 129, 36, 310, 323, 323, 494, 437, 106, 106, 481, 481, 139, 293, 81, 81, 299, 299, 146, 324, 324, 422, 301, 143, 259, 354, 345, 109, 109, 109, 355, 355, 355, 355, 355, 355, 355, 355, 355, 355, 287, 287, 460, 460, 169, 215, 35, 259, 354, 431, 265, 111, 428, 428, 146, 438, 368, 31, 31, 451, 351, 486, 486, 443, 443, 240, 240, 146, 451, 451, 324, 324, 324, 434, 464, 464, 132, 132, 132, 381, 274, 465, 465, 259, 441, 441, 100, 100, 100, 100, 100, 375, 98, 98, 98, 48, 13, 13, 414, 170, 170, 170, 170, 28, 28, 28, 28, 63, 63, 63, 63, 244, 2, 2, 2, 2, 2, 63, 63, 63, 63, 63, 63, 244, 73, 73, 73, 73, 244, 321, 321, 287, 287, 287, 287, 284, 284, 284, 284, 450, 450, 450, 450, 16, 43, 43, 276, 276, 276, 387, 497, 497, 43, 43, 43, 8, 239, 219, 219, 464, 464, 143, 171, 171, 171, 171, 252, 252, 143, 99, 99, 338, 338, 445, 219, 219, 219, 477, 477, 374, 374, 132, 132, 186, 186, 186, 162, 482, 482, 482, 482, 482, 115, 273, 273, 106, 106, 424, 497, 497, 122, 122, 259, 310, 445, 445, 445, 351, 213, 213, 213, 324, 324, 19, 19, 19, 454, 197, 259, 7, 7, 188, 398, 398, 464, 171, 171, 252, 252, 36, 8, 364, 345, 109, 109, 109, 284, 284, 376, 376, 206, 206, 206, 167, 167, 35, 411, 100, 100, 100, 375, 98, 98, 98, 98, 259, 259, 441, 441, 100, 100, 100, 481, 387, 375, 98, 98, 98, 98, 13, 414, 414, 170, 170, 170, 170, 28, 2, 2, 2, 244, 2, 244, 63, 63, 63, 244, 63, 63, 392, 63, 73, 244, 73, 73, 73, 321, 320, 320, 7, 7, 7, 374, 374, 374, 374, 374, 374, 132, 132, 274, 274, 88, 88, 337, 337]

ep18
Train step Loss: [0.6534067988395691, 0.6359297037124634, 0.6566110849380493, 0.6213346123695374, 0.6606404781341553, 0.638044536113739, 0.5969359278678894, 0.6601501107215881, 0.6269415616989136, 0.6104792356491089, 0.6048929691314697, 0.6313180923461914, 0.6902030110359192, 0.5923543572425842, 0.5308714509010315, 0.6735473871231079, 0.6287777423858643, 0.6535955667495728, 0.6420153379440308, 0.5415999293327332, 0.6162441968917847, 0.539794385433197, 0.5194277167320251, 0.6068640351295471, 0.5575697422027588, 0.5749275088310242, 0.656323254108429, 0.5130549669265747, 0.5706019997596741, 0.5492443442344666, 0.5673156380653381, 0.5816797614097595, 0.5513849854469299, 0.5805155038833618, 0.5348116159439087, 0.6016541123390198, 0.5247340202331543, 0.6094302535057068, 0.5681418180465698, 0.5050638914108276, 0.5290582180023193, 0.5375993847846985, 0.5451512932777405, 0.5494030714035034, 0.48317477107048035, 0.530737042427063, 0.5903800129890442, 0.47828665375709534, 0.5446836948394775, 0.48254722356796265, 0.46344321966171265, 0.5090164542198181, 0.5345054268836975, 0.47013044357299805, 0.5580400228500366, 0.4901815354824066, 0.4491965174674988, 0.4488946497440338, 0.5075618624687195, 0.45648494362831116, 0.4622352421283722, 0.5121251940727234, 0.5066735744476318]
val step Loss: [0.6373768448829651, 0.5694620013237, 0.5922679901123047, 0.6206502318382263, 0.6435813307762146, 0.6768201589584351, 0.6628921627998352, 0.6294636726379395, 0.6793248057365417, 0.653305172920227, 0.6897499561309814, 0.6935785412788391, 0.6509655714035034, 0.6361833214759827, 0.6330258250236511, 0.6534096002578735]
Train step Accs: [0.9248491497531541, 0.9268839910254718, 0.9248675773626986, 0.9330087059170724, 0.9266528925619835, 0.9302325581395349, 0.9358631747728487, 0.9265867611005175, 0.9328847771236333, 0.9322270255194534, 0.9374335812964931, 0.9274804090848718, 0.921525047016584, 0.9371223256573575, 0.9476769749377106, 0.9212650522694191, 0.9297305344647908, 0.9228915662650602, 0.9287905054007201, 0.940360841964584, 0.9311793214862681, 0.9427326988223907, 0.9449211181843343, 0.9358974358974359, 0.9419698094531057, 0.9370999507631709, 0.9219700341195668, 0.9528664549557079, 0.9385650224215246, 0.9438635112823335, 0.9390381212803603, 0.9369458128078818, 0.9402407566638005, 0.9381898454746137, 0.9457153935633966, 0.9351814651131646, 0.9459787556904401, 0.9333502925464259, 0.9390884566235979, 0.9463950296199971, 0.946906887755102, 0.9424924709594149, 0.9419337535201824, 0.9427634520792965, 0.953434650455927, 0.9458843634292224, 0.9344811823861039, 0.9499084706273923, 0.942115189322501, 0.9515693793495242, 0.9539649122807018, 0.9436292314397792, 0.9411932629174993, 0.9520500347463516, 0.9402166064981949, 0.9527172244396684, 0.9581629871899701, 0.9568548387096775, 0.9477961863082213, 0.9551091703056769, 0.9512960211325738, 0.9482264150943396, 0.9445341949380721]
val step Accs: [0.9281464530892448, 0.9376616305975228, 0.9341584158415842, 0.9314178457984407, 0.9265849479372611, 0.924338542472536, 0.9247837008093777, 0.9307870088796983, 0.9189811678634331, 0.9257717157214644, 0.9209255021612001, 0.9182939362795478, 0.9255360123250739, 0.929167255761346, 0.9333522808014779, 0.9252941176470588]
Preds: [17, 17, 17, 284, 486, 486, 460, 460, 169, 150, 349, 234, 234, 234, 25, 25, 25, 145, 355, 399, 399, 53, 473, 473, 473, 398, 360, 360, 360, 360, 434, 434, 434, 339, 339, 94, 81, 398, 398, 324, 360, 360, 360, 360, 360, 360, 434, 434, 434, 434, 434, 19, 19, 454, 454, 454, 417, 414, 414, 414, 249, 249, 249, 187, 80, 80, 80, 320, 321, 188, 188, 188, 290, 171, 171, 171, 434, 339, 399, 53, 345, 345, 100, 497, 497, 497, 122, 285, 285, 285, 285, 285, 241, 431, 431, 139, 139, 139, 293, 175, 122, 122, 458, 192, 178, 180, 470, 403, 290, 290, 171, 434, 434, 434, 19, 19, 19, 19, 454, 454, 414, 414, 414, 414, 414, 414, 414, 414, 47, 47, 20, 116, 73, 244, 244, 321, 7, 7, 7, 309, 309, 309, 309, 398, 398, 360, 360, 360, 360, 360, 434, 434, 434, 434, 434, 434, 434, 434, 19, 19, 454, 454, 197, 197, 197, 197, 7, 321, 7, 219, 219, 219, 219, 451, 30, 30, 286, 286, 286, 468, 468, 468, 468, 467, 467, 180, 486, 315, 315, 315, 315, 315, 315, 315, 450, 450, 203, 203, 53, 250, 250, 250, 138, 138, 138, 345, 345, 387, 186, 186, 186, 349, 349, 234, 234, 234, 234, 25, 25, 25, 374, 374, 153, 153, 153, 182, 182, 98, 98, 98, 98, 197, 259, 259, 183, 183, 183, 183, 171, 171, 360, 422, 31, 31, 342, 342, 342, 342, 115, 273, 273, 359, 171, 171, 171, 171, 171, 171, 252, 422, 143, 478, 342, 342, 342, 115, 115, 273, 273, 486, 486, 486, 460, 460, 460, 169, 35, 35, 35, 441, 441, 100, 100, 424, 424, 182, 182, 182, 182, 182, 182, 182, 182, 182, 182, 375, 375, 98, 98, 98, 13, 13, 226, 321, 75, 437, 437, 437, 284, 405, 405, 206, 98, 98, 98, 98, 13, 13, 17, 412, 420, 420, 420, 420, 420, 351, 351, 351, 351, 351, 351, 351, 351, 351, 351, 351, 351, 351, 351, 351, 351, 351, 351, 351, 351, 351, 351, 351, 351, 351, 351, 351, 351, 351, 351, 351, 351, 351, 351, 351, 351, 351, 351, 351, 351, 351, 351, 351, 351, 351, 351, 351, 351, 351, 351, 351, 351, 351, 351, 351, 351, 351, 351, 351, 351, 351, 351, 351, 351, 351, 351, 351, 351, 351, 351, 351, 351, 351, 351, 351, 351, 351, 351, 351, 351, 351, 351, 351, 351, 351, 351, 351, 351, 351, 351, 351, 351, 351, 351, 351, 351, 351, 351, 351, 351, 351, 351, 351, 351, 351, 351, 351, 351, 351, 351, 351, 351, 351, 351, 351, 351, 351, 351, 351, 351, 351, 351, 351, 351, 351, 351, 351, 351, 351, 351, 351, 351, 351, 351, 351, 351, 351, 351, 351, 351, 351, 351, 351, 351, 351, 351, 351, 351, 351, 351, 351, 351, 351, 351, 351, 351, 351, 351, 351, 351, 351, 351, 351, 351, 351, 351, 351, 351, 351, 351, 351, 351, 351, 351, 351, 351, 351, 351, 351, 351, 351, 351, 351, 351, 351, 351, 351, 351, 351, 351, 351, 351, 351, 351, 351, 351, 351, 351, 351, 351, 351, 351, 351, 351, 351, 351, 351, 351, 351, 351, 351, 351, 351, 351, 351, 351, 351, 351, 351, 351, 351, 351, 351, 351, 351, 351, 351, 351, 351, 351, 351, 351, 351, 351, 351, 351, 351, 351, 351, 351, 351, 351, 351, 351, 351, 351, 351, 351, 351, 351, 351, 351, 351, 351, 351, 351, 351, 351, 351, 351, 351, 351, 351, 351, 351, 351, 351, 351, 351, 351, 351, 351, 351, 351, 351]

ep19
Train step Loss: [0.45779696106910706, 0.3983438014984131, 0.44744428992271423, 0.5371306538581848, 0.4753210246562958, 0.47691771388053894, 0.42916417121887207, 0.4261235296726227, 0.40133020281791687, 0.4049675464630127, 0.4287850558757782, 0.4104403853416443, 0.41685646772384644, 0.44365566968917847, 0.47658488154411316, 0.40005865693092346, 0.40810132026672363, 0.4143050014972687, 0.4455421566963196, 0.44503653049468994, 0.37443798780441284, 0.4189999997615814, 0.42147085070610046, 0.397799015045166, 0.47027793526649475, 0.378470242023468, 0.39673641324043274, 0.4187067747116089, 0.412096232175827, 0.38539689779281616, 0.3494691252708435, 0.35851702094078064, 0.37071892619132996, 0.4164310395717621, 0.37738677859306335, 0.351412296295166, 0.36225301027297974, 0.3561461865901947, 0.3586299419403076, 0.41462764143943787, 0.35981979966163635, 0.3661772310733795, 0.36960339546203613, 0.34970250725746155, 0.3507397770881653, 0.36554399132728577, 0.404924213886261, 0.39049550890922546, 0.3794928193092346, 0.35723814368247986, 0.338392049074173, 0.3662855327129364, 0.34525611996650696, 0.36347341537475586, 0.3227357268333435, 0.37859681248664856, 0.3623136878013611, 0.32134419679641724, 0.33293989300727844, 0.35874438285827637, 0.3154069185256958, 0.3275127112865448, 0.32938095927238464]
val step Loss: [0.4749943017959595, 0.46466541290283203, 0.4755136966705322, 0.4647460877895355, 0.4780615568161011, 0.46050742268562317, 0.4533044397830963, 0.47591105103492737, 0.491758793592453, 0.4471431076526642, 0.46710142493247986, 0.44506123661994934, 0.4373910427093506, 0.4944094121456146, 0.43343523144721985, 0.38160228729248047]
Train step Accs: [0.9542932242990654, 0.960879181642245, 0.9563415308096159, 0.9421272158498436, 0.9532265049805111, 0.951641956491617, 0.9573378839590444, 0.9629915188897455, 0.962071992976295, 0.9634635974304069, 0.9592274678111588, 0.9618282890673255, 0.9604058052698323, 0.9560457253260345, 0.950979011128328, 0.961333536306896, 0.9641496363006581, 0.9603698811096433, 0.9529743361519063, 0.9523748723186926, 0.9646513115802943, 0.9595530374567202, 0.9582827669902912, 0.9583805668016194, 0.9523406655386351, 0.9653576623033188, 0.9603884093711468, 0.957427536231884, 0.9630614657210402, 0.962098241358399, 0.9696837829997099, 0.9658687943262412, 0.9631982737952529, 0.9564676616915423, 0.9637023593466425, 0.9659335920655455, 0.9639054790963386, 0.9683783783783784, 0.9639012864268837, 0.959135675437307, 0.9682737169517885, 0.9642530984996739, 0.9666778298727394, 0.966268446943078, 0.9672199170124481, 0.9642906383565422, 0.9596112966899484, 0.9604067169927593, 0.9628287919357379, 0.9663357790246008, 0.9663438641054135, 0.963641488162345, 0.966824644549763, 0.965410136947621, 0.9709497206703911, 0.9659530181385667, 0.9630363971108908, 0.973301294887198, 0.968533407263654, 0.9656343384949742, 0.9727750358223213, 0.9704797047970479, 0.9674702294510601]
val step Accs: [0.9479669193659546, 0.9502449084815674, 0.94639475600874, 0.9505759442807393, 0.9453454427505676, 0.9516608155549554, 0.9508560972421906, 0.9455085374907202, 0.9470457079152731, 0.9528301886792453, 0.9496301963784749, 0.9520095187731359, 0.9538792014152135, 0.9437642369020501, 0.9520810514786419, 0.9613816777515555]
Preds: [17, 17, 287, 284, 319, 319, 319, 319, 450, 413, 203, 76, 76, 349, 349, 234, 234, 234, 234, 261, 25, 25, 106, 499, 499, 265, 265, 480, 85, 85, 299, 299, 388, 388, 388, 219, 324, 246, 324, 324, 324, 422, 31, 162, 162, 232, 232, 172, 172, 115, 267, 267, 267, 267, 213, 213, 252, 3, 3, 14, 411, 188, 188, 443, 443, 120, 271, 271, 31, 31, 342, 232, 232, 273, 273, 238, 336, 336, 110, 110, 486, 486, 486, 486, 468, 468, 468, 468, 203, 199, 303, 394, 243, 76, 465, 478, 310, 107, 107, 107, 395, 395, 470, 286, 264, 264, 264, 264, 264, 264, 264, 207, 207, 207, 207, 454, 454, 454, 454, 414, 170, 170, 170, 170, 170, 170, 82, 28, 2, 2, 2, 2, 2, 2, 392, 244, 392, 63, 63, 244, 73, 73, 244, 321, 320, 320, 287, 287, 106, 481, 293, 293, 293, 497, 58, 58, 72, 437, 437, 284, 284, 426, 426, 319, 348, 348, 348, 348, 348, 195, 250, 250, 76, 32, 320, 7, 354, 109, 109, 98, 98, 98, 468, 467, 337, 337, 290, 290, 360, 33, 434, 434, 324, 464, 464, 464, 340, 340, 116, 94, 479, 331, 331, 331, 138, 138, 182, 182, 182, 497, 497, 497, 497, 98, 58, 441, 437, 437, 284, 284, 426, 426, 319, 319, 348, 348, 53, 381, 381, 381, 275, 452, 452, 98, 48, 414, 414, 170, 170, 170, 170, 392, 2, 244, 392, 392, 392, 392, 392, 392, 73, 73, 73, 321, 320, 7, 7, 7, 345, 109, 109, 346, 284, 376, 376, 460, 460, 169, 271, 150, 269, 323, 323, 224, 168, 494, 106, 153, 153, 153, 387, 349, 349, 349, 349, 349, 349, 234, 261, 25, 25, 148, 100, 302, 153, 53, 274, 274, 497, 98, 98, 197, 197, 197, 321, 321, 209, 287, 287, 287, 284, 284, 284, 315, 480, 480, 480, 480, 480, 480, 282, 282, 282, 282, 282, 282, 282, 388, 388, 94, 195, 195, 195, 250, 250, 250, 250, 473, 109, 109, 290, 290, 290, 290, 207, 464, 434, 434, 252, 143, 458, 131, 178, 34, 302, 450, 134, 134, 134, 349, 349, 349, 349, 155, 261, 25, 148, 148, 148, 148, 153, 182, 182, 182, 182, 387, 406, 134, 134, 134, 134, 302, 302, 375, 132, 98, 98, 98, 98, 13, 13, 78, 170, 170, 170, 170, 28, 187, 187, 187, 187, 392, 392, 392, 73, 244, 75, 351, 351, 205, 205, 25, 261, 25, 106, 106, 106, 106, 153, 153, 182, 182, 182, 182, 182, 182, 182, 182, 182, 182, 182, 345, 345, 274, 122, 122, 122, 36, 310, 310, 310, 107, 395, 395, 84, 84, 84, 84, 84, 274, 274, 98, 98, 197, 17, 412, 420, 420, 351, 351, 351, 351, 351, 351, 351, 351, 351, 351, 351, 351, 351, 351, 351, 351, 351, 351, 351, 351, 351, 351, 351, 351, 351, 351, 351, 351, 351, 351, 351, 351, 351, 351, 351, 351, 351, 351, 351, 351, 351, 351, 351, 351, 351, 351, 351, 351, 351, 351, 351, 351, 351, 351, 351, 351, 351, 351, 351, 351, 351, 351, 351, 351, 351, 351, 351, 351, 351, 351, 351, 351, 351, 351, 351, 351, 351, 351, 351, 351, 351, 351, 351, 351, 351, 351, 351, 351, 351, 351, 351, 351, 351, 351, 351, 351, 351, 351, 351, 351, 351, 351, 351, 351, 351, 351, 351, 351, 351, 351, 351, 351, 351, 351, 351, 351, 351, 351, 351, 351, 351, 351, 351, 351, 351, 351, 351, 351, 351, 351, 351, 351, 351, 351, 351, 351, 351, 351, 351, 351, 351, 351]

ep20
Train step Loss: [0.28414186835289, 0.2915823459625244, 0.31352365016937256, 0.2965657114982605, 0.29727989435195923, 0.32451188564300537, 0.32811087369918823, 0.3114788830280304, 0.29291120171546936, 0.3192654252052307, 0.30768853425979614, 0.3011830151081085, 0.33108052611351013, 0.2938884496688843, 0.27996811270713806, 0.3093051016330719, 0.25950390100479126, 0.33308058977127075, 0.2770382761955261, 0.2652139365673065, 0.2928241193294525, 0.3134801983833313, 0.2618694007396698, 0.26311883330345154, 0.27118897438049316, 0.24287055432796478, 0.2931413948535919, 0.26119571924209595, 0.2456609010696411, 0.26922911405563354, 0.2405308037996292, 0.2545711398124695, 0.29857659339904785, 0.25959816575050354, 0.23808914422988892, 0.24387943744659424, 0.23688571155071259, 0.2680864632129669, 0.25601521134376526, 0.2692711651325226, 0.2750554382801056, 0.2466505765914917, 0.2306824028491974, 0.23078100383281708, 0.25107166171073914, 0.25623783469200134, 0.2309468537569046, 0.2496848702430725, 0.2692003548145294, 0.2549050748348236, 0.2289396971464157, 0.26011377573013306, 0.2109355628490448, 0.20705464482307434, 0.23409955203533173, 0.21667565405368805, 0.18677745759487152, 0.23387011885643005, 0.2092638462781906, 0.17996746301651, 0.21367907524108887, 0.20632988214492798, 0.20199456810951233]
val step Loss: [0.29092705249786377, 0.3475092351436615, 0.31671446561813354, 0.3193811774253845, 0.35519516468048096, 0.3015376627445221, 0.3489902913570404, 0.3085203468799591, 0.32144421339035034, 0.29815006256103516, 0.27112892270088196, 0.32739168405532837, 0.29380327463150024, 0.3474414646625519, 0.31488460302352905, 0.2655673325061798]
Train step Accs: [0.9764743284056588, 0.9741352446244936, 0.9732794780177101, 0.9726218745634865, 0.9718069761342775, 0.9688550012923236, 0.9675063347741839, 0.9713467048710601, 0.9765391512253437, 0.9709489051094891, 0.9735030970406057, 0.9714206050467029, 0.9706928264868179, 0.9725297827610372, 0.9742604686899731, 0.9722723543888433, 0.9788426509737985, 0.9679667803648228, 0.9764157810452759, 0.9760875439070521, 0.9739655973965597, 0.9692285255942832, 0.9798588650396942, 0.9780487804878049, 0.9753555837206027, 0.9793422125577602, 0.9736989367655288, 0.9775094339622642, 0.9792048929663608, 0.9763976793248945, 0.9798913841185968, 0.9777314963152836, 0.9693541457826149, 0.976873894708203, 0.9783648099450155, 0.9800573888091823, 0.9807400667273278, 0.974869109947644, 0.9794587544832083, 0.9751686909581646, 0.9737809752198241, 0.9798944816768858, 0.9818233862888222, 0.9816349748090363, 0.9782433521353747, 0.978463418359554, 0.9795625099792432, 0.9779351226741314, 0.9767610748002905, 0.9800765062161301, 0.9806001395673413, 0.9757678654113289, 0.9849340866290018, 0.9834509300833868, 0.9808945497630331, 0.9808211393663873, 0.9854139854139854, 0.9796296296296296, 0.9837640373427141, 0.987280519839624, 0.983134738771769, 0.9828884325804244, 0.9840615553723551]
val step Accs: [0.9715050167224081, 0.961558854718982, 0.9690393918451969, 0.9655459849958322, 0.9588862867551392, 0.9689981096408318, 0.9622817539650806, 0.9682793549246967, 0.9659290922806135, 0.9700102092904543, 0.9757730315588141, 0.9658377292137654, 0.9712690631808278, 0.9643283582089552, 0.9680775260082657, 0.9789171058936272]
Preds: [17, 17, 17, 145, 284, 284, 284, 450, 450, 450, 43, 43, 43, 43, 276, 276, 153, 153, 138, 182, 182, 182, 182, 182, 182, 182, 98, 98, 98, 98, 98, 197, 226, 226, 226, 209, 287, 287, 110, 145, 111, 111, 206, 322, 67, 10, 10, 479, 398, 398, 398, 301, 399, 43, 43, 250, 138, 138, 138, 153, 387, 387, 109, 146, 146, 324, 324, 422, 99, 99, 338, 338, 338, 338, 338, 338, 395, 395, 395, 278, 278, 278, 374, 378, 416, 8, 259, 208, 100, 100, 100, 375, 122, 122, 122, 233, 82, 75, 75, 66, 68, 68, 68, 224, 25, 267, 444, 444, 324, 464, 464, 58, 315, 486, 319, 319, 72, 72, 203, 7, 364, 276, 276, 276, 276, 153, 153, 182, 182, 182, 182, 375, 98, 98, 98, 98, 426, 426, 282, 282, 59, 282, 282, 282, 413, 413, 413, 303, 413, 303, 303, 303, 303, 303, 309, 309, 479, 479, 331, 331, 106, 481, 481, 481, 481, 182, 387, 293, 375, 98, 263, 263, 263, 78, 170, 170, 170, 170, 170, 392, 392, 392, 392, 392, 392, 392, 392, 63, 63, 63, 63, 63, 63, 63, 63, 63, 63, 63, 392, 392, 392, 392, 244, 244, 289, 289, 321, 7, 7, 420, 324, 324, 324, 464, 464, 464, 110, 486, 486, 460, 460, 169, 349, 349, 234, 234, 234, 234, 261, 25, 25, 485, 324, 324, 324, 464, 464, 464, 139, 139, 426, 426, 426, 413, 348, 10, 10, 473, 398, 398, 340, 340, 116, 94, 199, 302, 88, 274, 122, 122, 129, 129, 75, 342, 68, 115, 273, 273, 151, 151, 151, 240, 215, 35, 129, 259, 354, 354, 420, 286, 286, 286, 286, 374, 374, 374, 374, 374, 246, 246, 246, 477, 132, 132, 132, 375, 375, 375, 98, 98, 98, 13, 401, 82, 401, 321, 75, 208, 208, 441, 437, 437, 437, 481, 481, 375, 375, 98, 98, 98, 263, 13, 193, 17, 412, 420, 420, 351, 351, 351, 351, 351, 499, 499, 499, 499, 499, 499, 499, 499, 499, 499, 499, 499, 499, 499, 499, 499, 499, 499, 499, 499, 499, 499, 499, 499, 499, 499, 499, 499, 499, 499, 499, 499, 499, 499, 499, 499, 499, 499, 499, 499, 499, 499, 499, 499, 499, 499, 499, 499, 499, 499, 499, 499, 499, 499, 499, 499, 499, 499, 499, 499, 499, 499, 499, 499, 499, 499, 499, 499, 499, 499, 499, 499, 499, 499, 499, 499, 499, 499, 499, 499, 499, 499, 499, 499, 499, 499, 499, 499, 499, 499, 499, 499, 499, 499, 499, 499, 499, 499, 499, 499, 499, 499, 499, 499, 499, 499, 499, 499, 499, 499, 499, 499, 499, 499, 499, 499, 499, 499, 499, 499, 499, 499, 499, 499, 499, 499, 499, 499, 499, 499, 499, 499, 499, 499, 499, 499, 499, 499, 499, 499, 499, 499, 499, 499, 499, 499, 499, 499, 499, 499, 499, 499, 499, 499, 499, 499, 499, 499, 499, 499, 499, 499, 499, 499, 499, 499, 499, 499, 499, 499, 499, 499, 499, 499, 499, 499, 499, 499, 499, 499, 499, 499, 499, 499, 499, 499, 499, 499, 499, 499, 499, 499, 499, 499, 499, 499, 499, 499, 499, 499, 499, 499, 499, 499, 499, 499, 499, 499, 499, 499, 499, 499, 499, 499, 499, 499, 499, 499, 499, 499, 499, 499, 499, 499, 499, 499, 499, 499, 499, 499, 499, 499, 499, 499, 499, 499, 499, 499, 499, 499, 499, 499, 499, 499, 499, 499, 499, 499, 499, 499, 499, 499, 499, 499, 499, 499, 499, 499, 499, 499, 499, 499, 499, 499, 499, 499, 499, 499]

ep21
Train step Loss: [0.2201908677816391, 0.22532279789447784, 0.20281018316745758, 0.18939708173274994, 0.189847931265831, 0.20621415972709656, 0.17371176183223724, 0.21609999239444733, 0.1720244586467743, 0.19157075881958008, 0.2131301760673523, 0.1862327754497528, 0.18665258586406708, 0.1731647551059723, 0.20867015421390533, 0.21150480210781097, 0.19497959315776825, 0.21226747334003448, 0.20276714861392975, 0.1591700166463852, 0.17099209129810333, 0.20426566898822784, 0.17809642851352692, 0.2115650177001953, 0.19586388766765594, 0.15495231747627258, 0.18839383125305176, 0.1544082760810852, 0.1450047641992569, 0.1582176238298416, 0.17541269958019257, 0.1930391639471054, 0.177705779671669, 0.16402508318424225, 0.13907597959041595, 0.17079180479049683, 0.17494577169418335, 0.15661512315273285, 0.17241030931472778, 0.17011691629886627, 0.1423160284757614, 0.14459654688835144, 0.15271884202957153, 0.16493919491767883, 0.14042392373085022, 0.17005687952041626, 0.1706949770450592, 0.17434106767177582, 0.1602116972208023, 0.160443976521492, 0.12765370309352875, 0.1388326734304428, 0.15244349837303162, 0.12742173671722412, 0.13836653530597687, 0.14753419160842896, 0.139023557305336, 0.15747728943824768, 0.12917430698871613, 0.1251007318496704, 0.13351842761039734, 0.13496088981628418, 0.1329536736011505]
val step Loss: [0.23005340993404388, 0.22062690556049347, 0.21804505586624146, 0.2614322900772095, 0.21133719384670258, 0.2030748575925827, 0.23004133999347687, 0.20150642096996307, 0.19234129786491394, 0.20421382784843445, 0.19111515581607819, 0.20068000257015228, 0.19726428389549255, 0.18842080235481262, 0.20943936705589294, 0.24396643042564392]
Train step Accs: [0.98145968216598, 0.9781420765027322, 0.9821835803876853, 0.9860692771084337, 0.9858187134502924, 0.9835098538678106, 0.9865977942202988, 0.9825923942153187, 0.9859704946485391, 0.9874119586392927, 0.982202447163515, 0.9845284541907708, 0.9849972722313148, 0.9872513309050154, 0.9798994974874372, 0.9816827072337784, 0.9851399968715783, 0.9819594416644719, 0.9851613890163684, 0.9882802212272846, 0.9886839249728724, 0.982444940951165, 0.9859716244221266, 0.9828913601368692, 0.9827147259815088, 0.9885091777346665, 0.9859980462390101, 0.9882161722876879, 0.9887962480458572, 0.9883050054576641, 0.9855153203342618, 0.9837845879202618, 0.9858972280758632, 0.9868481419177244, 0.9917975567190227, 0.9870563674321503, 0.9857834713326042, 0.9887285223367698, 0.9853521126760564, 0.9859943977591037, 0.990376450608548, 0.9887607216799763, 0.9891396572204311, 0.9853513093077522, 0.9914617486338798, 0.9856325847398522, 0.988409205442634, 0.9863177697964768, 0.9869281045751634, 0.988596209444266, 0.9907545481658216, 0.9899519440803844, 0.987281181619256, 0.9906391220142027, 0.9910987888515979, 0.9881872539011229, 0.9898648648648649, 0.9871591629676602, 0.9914331348918252, 0.9926047658175843, 0.9902816901408451, 0.9883032694475761, 0.9916497975708503]
val step Accs: [0.9759099240638911, 0.978281525722818, 0.9758478288074083, 0.9717140444694624, 0.9806382694618774, 0.9821656050955414, 0.9749266471058949, 0.9807870677090235, 0.9817826935588809, 0.9787912222630869, 0.9813289401427787, 0.9803921568627451, 0.9795016077170418, 0.9813886900501074, 0.9818864229765013, 0.9727922527092461]
Preds: [17, 188, 324, 324, 422, 143, 143, 14, 14, 209, 287, 145, 145, 111, 111, 85, 85, 146, 146, 438, 438, 335, 14, 14, 14, 287, 145, 145, 145, 486, 265, 428, 85, 85, 85, 207, 207, 207, 19, 19, 454, 454, 454, 454, 414, 56, 56, 170, 170, 312, 187, 187, 187, 187, 1, 1, 1, 1, 1, 408, 408, 391, 391, 391, 391, 73, 73, 321, 321, 287, 287, 287, 287, 284, 284, 284, 284, 284, 426, 284, 450, 450, 450, 450, 450, 293, 293, 98, 169, 349, 349, 349, 234, 234, 234, 234, 261, 25, 25, 106, 346, 426, 426, 480, 85, 85, 85, 299, 330, 330, 388, 388, 116, 309, 398, 398, 398, 398, 464, 464, 464, 330, 330, 139, 139, 315, 319, 319, 450, 450, 450, 450, 413, 413, 43, 43, 43, 276, 276, 174, 174, 174, 284, 284, 284, 355, 355, 355, 355, 426, 426, 450, 450, 293, 293, 43, 43, 43, 276, 276, 346, 346, 346, 428, 428, 85, 146, 285, 285, 285, 285, 285, 285, 337, 337, 324, 324, 422, 422, 31, 162, 232, 232, 172, 172, 115, 115, 267, 267, 267, 267, 213, 3, 3, 3, 14, 188, 188, 464, 120, 120, 120, 271, 271, 271, 31, 162, 232, 232, 232, 232, 172, 172, 115, 115, 273, 273, 273, 273, 84, 84, 84, 84, 355, 355, 355, 452, 452, 452, 263, 48, 48, 414, 414, 170, 170, 170, 170, 170, 244, 28, 2, 2, 2, 2, 2, 63, 63, 2, 63, 63, 63, 63, 63, 63, 63, 63, 63, 63, 244, 63, 244, 73, 320, 249, 441, 441, 441, 441, 441, 153, 153, 424, 497, 497, 497, 122, 122, 216, 198, 127, 371, 114, 180, 443, 443, 486, 486, 460, 240, 240, 285, 285, 285, 285, 300, 134, 134, 134, 88, 42, 42, 42, 147, 147, 380, 380, 288, 288, 288, 213, 213, 213, 246, 246, 246, 246, 246, 246, 246, 246, 19, 19, 19, 454, 454, 454, 414, 414, 170, 170, 170, 170, 170, 28, 28, 28, 28, 2, 2, 244, 2, 63, 244, 63, 63, 63, 63, 63, 63, 63, 63, 63, 63, 63, 63, 63, 63, 63, 163, 244, 63, 63, 316, 63, 73, 73, 244, 73, 321, 7, 7, 7, 7, 7, 7, 398, 398, 374, 374, 374, 374, 374, 378, 378, 378, 43, 43, 276, 276, 276, 346, 346, 346, 284, 284, 284, 405, 405, 405, 206, 206, 206, 206, 206, 206, 98, 167, 197, 197, 226, 321, 75, 287, 287, 287, 287, 284, 284, 284, 284, 284, 284, 284, 426, 426, 426, 426, 426, 426, 426, 450, 450, 282, 413, 388, 94, 94, 94, 199, 467, 337, 337, 337, 207, 207, 207, 464, 464, 464, 468, 467, 467, 467, 467, 313, 200, 375, 76, 76, 465, 349, 349, 155, 155, 155, 441, 441, 148, 148, 153, 153, 153, 182, 182, 182, 182, 182, 182, 132, 88, 88, 88, 182, 497, 497, 497, 43, 399, 70, 70, 70, 65, 65, 46, 46, 46, 46, 146, 146, 146, 464, 464, 464, 324, 324, 464, 464, 286, 468, 406, 406, 406, 359, 324, 464, 464, 464, 355, 355, 355, 355, 263, 263, 17, 420, 420, 420, 420, 420, 420, 420, 420, 420, 420, 420, 420, 420, 420, 420, 420, 420, 420, 420, 420, 420, 420, 420, 420, 420, 420, 420, 420, 420, 420, 420, 420, 420, 420, 420, 420, 420, 420, 420, 420, 420, 420, 420, 420, 420, 420, 420, 420, 420, 420, 420, 420, 420, 420, 420, 420, 420, 420, 420, 420, 420, 420, 420, 420, 420, 420, 420, 420, 420, 420, 420, 420, 420, 420, 420]

ep22
Train step Loss: [0.13159464299678802, 0.15750645101070404, 0.1156192421913147, 0.1146814376115799, 0.135906383395195, 0.13283926248550415, 0.11449529975652695, 0.12269891053438187, 0.11564213037490845, 0.13218475878238678, 0.1163557916879654, 0.14577090740203857, 0.13582032918930054, 0.12965312600135803, 0.10318919271230698, 0.14219339191913605, 0.12234790623188019, 0.10856854170560837, 0.11838590353727341, 0.12684494256973267, 0.10479221493005753, 0.12238626182079315, 0.1037018746137619, 0.11699806898832321, 0.10773605108261108, 0.10733672976493835, 0.11129125207662582, 0.11291304230690002, 0.11295714229345322, 0.1156611293554306, 0.08774728327989578, 0.12271008640527725, 0.09705415368080139, 0.12120402604341507, 0.10497086495161057, 0.10424701869487762, 0.10279061645269394, 0.09024624526500702, 0.11166669428348541, 0.07790328562259674, 0.10118739306926727, 0.12031832337379456, 0.09380310028791428, 0.08270829916000366, 0.10315372794866562, 0.09888069331645966, 0.10645389556884766, 0.09290274977684021, 0.09602747112512589, 0.08114007860422134, 0.10006699711084366, 0.0880034789443016, 0.08282578736543655, 0.0874771848320961, 0.09810385853052139, 0.10781121253967285, 0.07828930765390396, 0.10185592621564865, 0.08169490098953247, 0.10932540148496628, 0.08680308610200882, 0.11049199849367142, 0.10090497136116028]
val step Loss: [0.1335715800523758, 0.13183782994747162, 0.15701690316200256, 0.14364907145500183, 0.13659656047821045, 0.14196035265922546, 0.1334550529718399, 0.1577451080083847, 0.13944286108016968, 0.1278640627861023, 0.13782227039337158, 0.1373346596956253, 0.11058853566646576, 0.1485375612974167, 0.12265417724847794, 0.13738858699798584]
Train step Accs: [0.9902060544390741, 0.988272921108742, 0.9916512059369202, 0.9907124850736367, 0.9903991222054588, 0.9912129565816679, 0.9941045251752709, 0.9913080649757766, 0.9936314363143631, 0.9897404010570496, 0.9937610199376102, 0.9885912698412699, 0.9897405833211197, 0.9908231749075469, 0.9941497141337589, 0.9899067135647652, 0.9918194640338505, 0.992268397073036, 0.9915726695189939, 0.9905506679700228, 0.9934776575076325, 0.9914900717503754, 0.9941025253288976, 0.993232044198895, 0.9936965961619274, 0.9939393939393939, 0.9936470893297031, 0.9926247288503254, 0.9938147518169167, 0.9918367346938776, 0.995070653959908, 0.9911696583671106, 0.9941099476439791, 0.9914982354828361, 0.992432268805812, 0.991902358878066, 0.9945322890498005, 0.9937304075235109, 0.9928668993777507, 0.9967294813891917, 0.9935235427971294, 0.9899190685787307, 0.994105199516324, 0.996119217634275, 0.9941638156570739, 0.9936934466684947, 0.9930242697282372, 0.9944330501025491, 0.9936848289029226, 0.9955475163489634, 0.993406930389451, 0.9944314944314945, 0.9946208344266597, 0.9947871416159861, 0.9928872114965888, 0.9927932737221407, 0.995739417262232, 0.9941750899434642, 0.9947986327834745, 0.9928518242740134, 0.9947040910896333, 0.9924597855227882, 0.9940103457664035]
val step Accs: [0.9898701669282352, 0.9906530089628681, 0.9887113326491717, 0.9897172236503856, 0.9908643710470836, 0.9887507400828893, 0.9893138357705287, 0.9884649511978705, 0.9904761904761905, 0.9920696827873114, 0.9890446976336547, 0.9897846493649917, 0.9937114989733059, 0.9897581441263573, 0.9912004202784345, 0.9918437432925521]
Preds: [17, 17, 17, 309, 309, 309, 473, 398, 324, 324, 434, 301, 339, 8, 8, 259, 354, 354, 420, 213, 213, 213, 324, 19, 19, 19, 454, 454, 454, 439, 78, 170, 170, 170, 170, 392, 237, 237, 237, 237, 237, 237, 237, 28, 244, 244, 244, 28, 63, 392, 63, 63, 63, 63, 63, 63, 63, 63, 63, 63, 63, 63, 63, 63, 63, 63, 63, 63, 63, 63, 63, 63, 63, 63, 63, 63, 63, 63, 63, 392, 244, 289, 289, 289, 287, 287, 287, 284, 284, 284, 284, 111, 85, 240, 240, 240, 314, 314, 243, 197, 414, 414, 414, 414, 47, 392, 392, 244, 80, 102, 321, 102, 102, 102, 102, 320, 320, 479, 331, 331, 307, 307, 106, 73, 167, 167, 457, 35, 401, 7, 196, 479, 473, 65, 429, 360, 171, 171, 171, 171, 171, 246, 3, 19, 3, 3, 197, 226, 320, 188, 188, 188, 340, 203, 399, 70, 70, 70, 138, 65, 174, 319, 319, 240, 251, 251, 241, 431, 443, 486, 486, 264, 264, 468, 468, 443, 443, 240, 271, 150, 150, 35, 342, 68, 68, 224, 26, 26, 494, 444, 448, 324, 324, 324, 464, 464, 464, 464, 401, 82, 271, 143, 458, 270, 96, 66, 68, 68, 68, 261, 25, 25, 106, 499, 284, 284, 306, 306, 306, 85, 59, 59, 452, 452, 48, 414, 170, 82, 170, 392, 392, 392, 392, 392, 392, 392, 392, 392, 392, 73, 289, 320, 320, 345, 345, 345, 132, 122, 236, 32, 32, 239, 259, 75, 371, 180, 180, 319, 319, 319, 319, 240, 388, 64, 64, 199, 374, 132, 132, 132, 132, 132, 359, 325, 34, 444, 324, 324, 324, 246, 246, 246, 246, 246, 246, 3, 3, 14, 14, 440, 440, 287, 284, 284, 265, 306, 85, 85, 59, 59, 59, 59, 59, 406, 42, 42, 147, 147, 147, 337, 41, 324, 324, 324, 301, 301, 8, 32, 32, 259, 259, 354, 354, 284, 284, 265, 376, 460, 17, 420, 420, 420, 420, 420, 420, 420, 420, 420, 420, 420, 420, 420, 420, 420, 420, 420, 420, 420, 420, 420, 420, 420, 420, 420, 420, 420, 420, 420, 420, 420, 420, 420, 420, 420, 420, 420, 420, 420, 420, 420, 420, 420, 420, 420, 420, 420, 420, 420, 420, 420, 420, 420, 420, 420, 420, 420, 420, 420, 420, 420, 420, 420, 420, 420, 420, 420, 420, 420, 420, 420, 420, 420, 420, 420, 420, 420, 420, 420, 420, 420, 420, 420, 420, 420, 420, 420, 420, 420, 420, 420, 420, 420, 420, 420, 420, 420, 420, 420, 420, 420, 420, 420, 420, 420, 420, 420, 420, 420, 420, 420, 420, 420, 420, 420, 420, 420, 420, 420, 420, 420, 420, 420, 420, 420, 420, 420, 420, 420, 420, 420, 420, 420, 420, 420, 420, 420, 420, 420, 420, 420, 420, 420, 420, 420, 420, 420, 420, 420, 420, 420, 420, 420, 420, 420, 420, 420, 420, 420, 420, 420, 420, 420, 420, 420, 420, 420, 420, 420, 420, 420, 420, 420, 420, 420, 420, 420, 420, 420, 420, 420, 420, 420, 420, 420, 420, 420, 420, 420, 420, 420, 420, 420, 420, 420, 420, 420, 420, 420, 420, 420, 420, 420, 420, 420, 420, 420, 420, 420, 420, 420, 420, 420, 420, 420, 420, 420, 420, 420, 420, 420, 420, 420, 420, 420, 420, 420, 420, 420, 420, 420, 420, 420, 420, 420, 420, 420, 420, 420, 420, 420, 420, 420, 420, 420, 420, 420, 420, 420, 420, 420, 420, 420, 420, 420, 420, 420, 420, 420, 420, 420, 420, 420, 420, 420, 420, 420, 420, 420, 420, 420]

ep23
Train step Loss: [0.10617172718048096, 0.08774200081825256, 0.09587003290653229, 0.09921769052743912, 0.0825672596693039, 0.08221697062253952, 0.09358223527669907, 0.07554733008146286, 0.07530038803815842, 0.09235557913780212, 0.0827537402510643, 0.0729641392827034, 0.07299533486366272, 0.06732667982578278, 0.09245747327804565, 0.07228992134332657, 0.06618478894233704, 0.0931689441204071, 0.07821197807788849, 0.07745295763015747, 0.08683647960424423, 0.06485557556152344, 0.058252204209566116, 0.05783451721072197, 0.06301532685756683, 0.07524073868989944, 0.06434691697359085, 0.07080810517072678, 0.07527753710746765, 0.08103282749652863, 0.06779936701059341, 0.06971223652362823, 0.07233653217554092, 0.06444200128316879, 0.0733661875128746, 0.06282331049442291, 0.0650373324751854, 0.06486441940069199, 0.0626746267080307, 0.06731992214918137, 0.05703224986791611, 0.06182202696800232, 0.04797600582242012, 0.05854171887040138, 0.056527264416217804, 0.05369627848267555, 0.07268116623163223, 0.04752406105399132, 0.0478009358048439, 0.06801079958677292, 0.06326549500226974, 0.05381704121828079, 0.06252814829349518, 0.05754012614488602, 0.06722721457481384, 0.049746736884117126, 0.047128234058618546, 0.07628216594457626, 0.05113811045885086, 0.058831699192523956, 0.057000499218702316, 0.04679008200764656, 0.03906801715493202]
val step Loss: [0.1029006764292717, 0.09526441246271133, 0.09232291579246521, 0.08220580965280533, 0.08894187957048416, 0.08089848607778549, 0.09417879581451416, 0.10278356075286865, 0.07208361476659775, 0.08438518643379211, 0.10235869884490967, 0.07222556322813034, 0.07310768216848373, 0.09157643467187881, 0.09287907928228378, 0.09203283488750458]
Train step Accs: [0.9927545284197377, 0.9944007263922519, 0.9934062640491533, 0.9928295642581357, 0.9947788252356781, 0.9953442437923251, 0.9930665896287737, 0.9964607464607464, 0.9949825783972125, 0.9937718956792526, 0.9953638662545659, 0.9956663055254604, 0.9960724043715847, 0.9959833596327643, 0.9908704549031954, 0.9959424566580598, 0.998116169544741, 0.9934773746432939, 0.9952188854026595, 0.9946046197943011, 0.9938521274874615, 0.9971447112264763, 0.9967028437972248, 0.9970430864545199, 0.9965799256505576, 0.9948122866894198, 0.996042216358839, 0.9958577346093416, 0.9948821548821549, 0.993975162916513, 0.9953218261009841, 0.9965090909090909, 0.9967371037911746, 0.9957217775324317, 0.9961691694759424, 0.9969070486732867, 0.9967553536664504, 0.9950193002116797, 0.9962411248781846, 0.995615837785998, 0.9970359915314044, 0.996802557953637, 0.9974916387959866, 0.9965645576868022, 0.9973941368078176, 0.9969063234748174, 0.9942675159235669, 0.9978916639636718, 0.9980321416857986, 0.9963525835866262, 0.9959758551307847, 0.997310623038996, 0.9951822707563834, 0.9962747727611384, 0.996265172735761, 0.9971847681137946, 0.9972862957937585, 0.9940661622904614, 0.9966726743380009, 0.9961553758451545, 0.9965815041381793, 0.9979833288518419, 0.9976280834914611]
val step Accs: [0.9936425372056061, 0.9938995215311005, 0.9938549774682507, 0.9951257054899949, 0.9940306254866338, 0.9960830860534124, 0.9917873674779752, 0.9918926474699469, 0.9959646127580319, 0.9955429497568882, 0.9931847968545217, 0.9956759873162294, 0.9950738916256158, 0.9939641109298532, 0.9938882777166606, 0.9942452412571935]
Preds: [17, 17, 296, 217, 479, 331, 360, 360, 360, 360, 143, 465, 458, 458, 458, 192, 445, 351, 351, 351, 432, 432, 330, 330, 330, 434, 434, 434, 200, 219, 219, 219, 19, 19, 19, 19, 19, 19, 454, 454, 102, 102, 102, 102, 102, 102, 170, 82, 170, 102, 392, 392, 392, 63, 63, 63, 63, 63, 63, 63, 63, 63, 73, 244, 289, 320, 321, 7, 7, 309, 479, 479, 398, 324, 177, 143, 143, 129, 401, 196, 196, 70, 65, 46, 46, 46, 46, 85, 438, 285, 251, 359, 34, 191, 191, 191, 301, 314, 10, 251, 251, 251, 251, 241, 331, 106, 106, 153, 153, 153, 182, 182, 182, 182, 182, 497, 122, 143, 129, 259, 208, 345, 100, 100, 122, 122, 236, 36, 36, 449, 224, 377, 288, 432, 236, 236, 129, 401, 75, 108, 108, 377, 273, 106, 106, 405, 405, 206, 167, 215, 215, 401, 401, 321, 7, 7, 345, 109, 109, 109, 403, 403, 403, 403, 207, 207, 207, 207, 207, 207, 19, 454, 454, 454, 78, 78, 78, 392, 392, 392, 392, 392, 392, 392, 63, 63, 63, 63, 63, 63, 63, 392, 392, 244, 397, 289, 209, 209, 287, 287, 284, 284, 284, 450, 450, 215, 175, 88, 88, 153, 153, 153, 387, 387, 387, 109, 146, 207, 207, 207, 207, 246, 246, 19, 19, 422, 99, 99, 338, 338, 338, 338, 338, 338, 400, 400, 400, 30, 286, 464, 464, 464, 464, 318, 318, 99, 99, 338, 338, 338, 338, 338, 400, 400, 400, 485, 286, 464, 313, 116, 10, 10, 10, 309, 479, 479, 331, 106, 106, 284, 284, 284, 426, 426, 375, 375, 375, 98, 413, 413, 37, 303, 243, 32, 239, 478, 310, 310, 107, 395, 395, 180, 264, 264, 264, 468, 139, 139, 139, 293, 293, 375, 375, 375, 98, 98, 233, 233, 75, 209, 208, 287, 100, 481, 375, 375, 98, 98, 98, 13, 170, 170, 170, 170, 392, 63, 63, 63, 63, 63, 63, 63, 63, 63, 63, 63, 63, 63, 63, 63, 63, 63, 63, 63, 63, 63, 63, 63, 63, 63, 63, 73, 244, 289, 289, 321, 287, 287, 287, 284, 284, 284, 111, 111, 240, 388, 348, 348, 251, 251, 466, 466, 309, 479, 114, 166, 324, 324, 324, 324, 246, 246, 246, 246, 246, 246, 246, 246, 422, 186, 99, 338, 338, 338, 338, 338, 400, 400, 219, 485, 477, 374, 374, 374, 374, 132, 88, 88, 302, 302, 387, 497, 497, 122, 129, 129, 401, 401, 401, 75, 354, 420, 420, 213, 213, 324, 422, 143, 129, 82, 401, 401, 261, 25, 420, 325, 325, 34, 41, 41, 324, 324, 19, 19, 32, 32, 32, 259, 75, 445, 445, 445, 180, 443, 171, 171, 416, 143, 458, 192, 445, 188, 464, 464, 443, 443, 240, 236, 314, 129, 401, 75, 354, 420, 420, 213, 213, 246, 246, 303, 442, 303, 117, 48, 48, 170, 82, 170, 244, 392, 392, 392, 392, 392, 392, 392, 289, 289, 320, 320, 127, 420, 213, 213, 213, 246, 246, 246, 246, 19, 454, 454, 197, 197, 197, 32, 32, 32, 32, 82, 310, 107, 395, 395, 395, 264, 264, 443, 120, 120, 240, 178, 178, 314, 401, 32, 32, 196, 217, 473, 473, 429, 324, 324, 324, 422, 24, 239, 310, 310, 107, 107, 107, 395, 400, 213, 19, 19, 454, 17, 17, 420, 420, 420, 420, 420, 420, 420, 420, 420, 420, 420, 420, 420, 420, 420, 420, 420, 420, 420, 420, 420, 420, 420, 420, 420, 420, 420, 420, 420, 420, 420, 420, 420, 420, 420, 420, 420, 420, 420]

ep24
Train step Loss: [0.05913131684064865, 0.06195402145385742, 0.042532313615083694, 0.04556279629468918, 0.04960004985332489, 0.058005984872579575, 0.05329768359661102, 0.047939132899045944, 0.051835499703884125, 0.05063052102923393, 0.041254639625549316, 0.05687422677874565, 0.04498525336384773, 0.047170091420412064, 0.04577510431408882, 0.05149371922016144, 0.05265354365110397, 0.042369719594717026, 0.04508858546614647, 0.037943996489048004, 0.04652556777000427, 0.05314956605434418, 0.04454200342297554, 0.05430253595113754, 0.03794986754655838, 0.049942683428525925, 0.0644625872373581, 0.045695960521698, 0.04784581437706947, 0.034934014081954956, 0.04897608608007431, 0.05380404740571976, 0.04701652005314827, 0.04181661456823349, 0.04225413128733635, 0.045193109661340714, 0.03903771936893463, 0.03989557921886444, 0.04273656755685806, 0.04119253158569336, 0.038364432752132416, 0.03848952427506447, 0.03995724767446518, 0.031712837517261505, 0.0313875712454319, 0.046802058815956116, 0.03774040564894676, 0.04079302027821541, 0.03127627447247505, 0.03387665003538132, 0.04310290887951851, 0.026940088719129562, 0.0356505922973156, 0.03639993444085121, 0.031464263796806335, 0.03453083336353302, 0.04358220100402832, 0.03406782075762749, 0.0430341437458992, 0.03492691367864609, 0.031079810112714767, 0.031300678849220276, 0.026624811813235283]
val step Loss: [0.05799242854118347, 0.0614127479493618, 0.0725303366780281, 0.04973723366856575, 0.04949664697051048, 0.049434419721364975, 0.0482780821621418, 0.06548887491226196, 0.07466158270835876, 0.05550145357847214, 0.04896480590105057, 0.05829493701457977, 0.06483988463878632, 0.07017209380865097, 0.05777657404541969, 0.03658151626586914]
Train step Accs: [0.9963841481052936, 0.9952980433793417, 0.9968926553672316, 0.9976647638816813, 0.997946611909651, 0.9955499046408137, 0.9965024330900243, 0.9966981132075472, 0.9967710234451775, 0.9973268247326825, 0.9980457844779452, 0.9967105263157895, 0.9975845410628019, 0.9977619247447196, 0.9977992957746479, 0.9965080750763858, 0.997995456367767, 0.997896120973044, 0.997326623682969, 0.9986098239110287, 0.9976535001955417, 0.9969367864104706, 0.9965936018957346, 0.9952592139470867, 0.9983336110648225, 0.9976708074534162, 0.9953501094091903, 0.9975342465753425, 0.9974579861601469, 0.9980663394318012, 0.9977603583426652, 0.9962095573304454, 0.9973992197659298, 0.9975033044499927, 0.9971992361553151, 0.9972363636363636, 0.998241817690019, 0.9987070080165503, 0.9973914377781188, 0.9983996060568755, 0.9986532994164298, 0.9985110184633711, 0.9977802441731409, 0.9994617868675996, 0.9994111585455616, 0.9962804794048767, 0.9984906695938529, 0.9978073610023492, 0.998532050236503, 0.9984124184159464, 0.997639282341832, 0.9998602571268865, 0.9981521404373268, 0.9985957247620534, 0.9997049712346954, 0.9992771432702039, 0.9972990149348586, 0.9986016159105034, 0.9981776010603048, 0.9984716490906312, 0.999448275862069, 0.9986433319766653, 0.9991704686851929]
val step Accs: [0.9967199087278951, 0.9966516419832582, 0.9953558257068706, 0.9973254504504504, 0.9963203728688826, 0.9971256501505612, 0.997479415224332, 0.9957264957264957, 0.9942212438084755, 0.9969448687682266, 0.997773411918795, 0.9957627118644068, 0.9958970533383066, 0.9954045397576939, 0.9970177578961638, 0.9985272459499264]
Preds: [17, 17, 30, 324, 422, 143, 164, 164, 164, 14, 287, 287, 145, 111, 111, 111, 330, 438, 438, 335, 14, 14, 14, 411, 287, 145, 145, 486, 486, 428, 85, 85, 299, 207, 207, 19, 19, 454, 454, 454, 56, 56, 56, 170, 312, 312, 187, 187, 187, 1, 1, 1, 1, 408, 408, 391, 391, 228, 228, 321, 321, 320, 287, 287, 287, 287, 284, 284, 284, 284, 284, 284, 426, 426, 426, 450, 293, 293, 293, 122, 349, 349, 349, 234, 234, 234, 261, 25, 25, 106, 346, 346, 426, 480, 480, 85, 85, 299, 388, 388, 116, 10, 398, 398, 398, 398, 464, 464, 464, 139, 315, 315, 315, 315, 426, 450, 450, 450, 450, 413, 413, 250, 250, 43, 276, 346, 346, 284, 284, 284, 284, 426, 426, 426, 426, 426, 426, 413, 413, 413, 43, 43, 276, 276, 346, 346, 499, 428, 428, 146, 240, 240, 285, 285, 406, 337, 337, 324, 324, 422, 368, 31, 162, 232, 232, 172, 115, 115, 267, 267, 267, 267, 324, 3, 3, 3, 188, 188, 464, 464, 120, 120, 271, 271, 31, 162, 232, 232, 232, 232, 172, 172, 115, 273, 273, 273, 273, 151, 84, 84, 84, 355, 355, 355, 452, 452, 452, 263, 263, 414, 414, 170, 170, 170, 170, 28, 28, 244, 2, 2, 2, 2, 2, 2, 2, 63, 63, 63, 63, 63, 63, 63, 63, 63, 244, 321, 249, 249, 249, 249, 320, 7, 7, 345, 153, 497, 497, 497, 122, 122, 216, 58, 58, 110, 110, 110, 443, 443, 486, 460, 240, 240, 285, 285, 285, 300, 134, 134, 88, 88, 88, 42, 42, 42, 147, 380, 288, 288, 213, 213, 213, 246, 246, 246, 246, 246, 246, 246, 19, 19, 19, 454, 454, 454, 454, 414, 170, 170, 170, 170, 28, 40, 40, 40, 40, 2, 40, 40, 63, 63, 63, 63, 2, 63, 63, 2, 63, 244, 63, 63, 63, 63, 63, 63, 63, 63, 63, 63, 244, 73, 73, 321, 102, 102, 320, 7, 7, 7, 152, 152, 152, 152, 374, 374, 378, 378, 43, 43, 43, 276, 276, 346, 346, 346, 284, 284, 284, 284, 284, 405, 405, 206, 206, 206, 206, 206, 167, 35, 35, 259, 259, 74, 437, 437, 437, 284, 284, 284, 284, 284, 284, 426, 426, 426, 426, 426, 426, 426, 206, 282, 282, 388, 388, 348, 94, 199, 467, 337, 337, 264, 207, 207, 464, 464, 468, 468, 467, 467, 467, 467, 245, 245, 497, 349, 349, 349, 155, 155, 155, 155, 441, 148, 148, 148, 153, 153, 182, 182, 182, 182, 182, 182, 182, 182, 182, 497, 497, 497, 43, 43, 276, 70, 70, 65, 46, 46, 46, 428, 146, 146, 146, 146, 219, 219, 464, 464, 286, 374, 374, 374, 132, 337, 324, 324, 464, 464, 355, 355, 355, 355, 263, 263, 17, 420, 420, 420, 420, 420, 420, 420, 420, 420, 420, 420, 420, 420, 420, 420, 420, 420, 420, 420, 420, 420, 420, 420, 420, 420, 420, 420, 420, 420, 420, 420, 420, 420, 420, 420, 420, 420, 420, 420, 420, 420, 420, 420, 420, 420, 420, 420, 420, 420, 420, 420, 420, 420, 420, 420, 420, 420, 420, 420, 420, 420, 420, 420, 420, 420, 420, 420, 420, 420, 420, 420, 420, 420, 420, 420, 420, 420, 420, 420, 420, 420, 420, 420, 420, 420, 420, 420, 420, 420, 420, 420, 420, 420, 420, 420, 420, 420, 420, 420, 420, 420, 420, 420, 420, 420, 420, 420, 420, 420, 420, 420, 420, 420, 420, 420, 420, 420, 420, 420, 420, 420, 420, 420, 420, 420, 420, 420]

ep25
Train step Loss: [0.03634657710790634, 0.03627211973071098, 0.033032797276973724, 0.03111782856285572, 0.028599074110388756, 0.02983476221561432, 0.034219734370708466, 0.03641171008348465, 0.032609228044748306, 0.029284754768013954, 0.0331343412399292, 0.03277324512600899, 0.03170380741357803, 0.028046680614352226, 0.03122805431485176, 0.03270520269870758, 0.024517491459846497, 0.02743181400001049, 0.03550924360752106, 0.03212438523769379, 0.02797210030257702, 0.0276502538472414, 0.02376059629023075, 0.02104717493057251, 0.024363333359360695, 0.03266500309109688, 0.03818913549184799, 0.034953512251377106, 0.02983762137591839, 0.028852839022874832, 0.03368525952100754, 0.034481294453144073, 0.023979682475328445, 0.02365107461810112, 0.035992082208395004, 0.029708538204431534, 0.028301453217864037, 0.02404671162366867, 0.023892519995570183, 0.026335999369621277, 0.02420700155198574, 0.029181571677327156, 0.03066461719572544, 0.02152872085571289, 0.027923908084630966, 0.02894418314099312, 0.017697298899292946, 0.02118827775120735, 0.022568190470337868, 0.023050479590892792, 0.022672418504953384, 0.018251430243253708, 0.01842530444264412, 0.02905465103685856, 0.021996909752488136, 0.019169723615050316, 0.03136689215898514, 0.026984380558133125, 0.01769322343170643, 0.020893292501568794, 0.023243622854351997, 0.01630769670009613, 0.01834729313850403]
val step Loss: [0.044546615332365036, 0.048440054059028625, 0.05065915361046791, 0.03866395354270935, 0.04038318246603012, 0.03591276705265045, 0.037590015679597855, 0.04279867187142372, 0.04686903953552246, 0.04966437816619873, 0.03513200953602791, 0.038018468767404556, 0.03177772834897041, 0.0378400944173336, 0.031245138496160507, 0.046576328575611115]
Train step Accs: [0.9983034073236251, 0.9984650805832693, 0.9986514833682949, 0.9987814784727863, 0.9986654804270463, 0.9991315675206253, 0.9983566146261298, 0.9979435957696827, 0.9986320109439124, 0.9991603694374476, 0.9983991462113126, 0.997922232116355, 0.9983564918571642, 0.9989091900736297, 0.9989089775561097, 0.9985986547085202, 0.9990542244640606, 0.9991780821917808, 0.9983152090672385, 0.9981525468461335, 0.9987078016475529, 0.998572957545487, 0.9994509265614276, 0.9992264851485149, 0.9987988789536901, 0.9983397897066962, 0.9975786924939467, 0.9977378977529784, 0.9982632858631469, 0.9983664983664984, 0.9976712328767123, 0.9982071968241772, 0.9990669154892029, 0.9985376229726136, 0.9977510252678926, 0.9984027878611877, 0.9988948749827324, 0.9995317621351647, 0.9990657116163189, 0.9983493397358943, 0.9987606506584044, 0.998093422306959, 0.9978231748158071, 0.9989397152378068, 0.998526812021214, 0.9981196380303209, 0.9994890137966275, 0.9993385368434978, 0.9990762124711317, 0.9989828784539753, 0.9992275009656237, 0.9995175491496804, 0.9995265151515151, 0.9982547993019197, 0.9990791896869244, 0.9993808816245666, 0.9976359338061466, 0.9985374285334397, 0.999577286177258, 0.9989120298414672, 0.9986284930567461, 0.9997410668047644, 0.9995525727069351]
val step Accs: [0.9962367925893761, 0.9961013645224172, 0.9961450599657339, 0.9973812196034418, 0.9969246540235777, 0.997460232589226, 0.9974160206718347, 0.9967096604369571, 0.996792535355008, 0.9958431481224885, 0.9976596916299559, 0.9970943569353112, 0.9982368099823681, 0.9978196742336796, 0.9983587930816816, 0.996517546209483]
Preds: [17, 17, 287, 287, 284, 284, 319, 450, 450, 450, 169, 169, 76, 76, 349, 234, 234, 234, 234, 234, 234, 261, 25, 106, 25, 106, 284, 428, 428, 330, 388, 388, 10, 10, 10, 309, 479, 398, 398, 324, 324, 422, 186, 162, 162, 232, 232, 172, 172, 115, 273, 267, 267, 267, 324, 324, 3, 3, 14, 14, 411, 188, 188, 171, 443, 443, 271, 178, 143, 96, 54, 232, 232, 86, 238, 6, 336, 336, 440, 145, 145, 145, 486, 486, 460, 468, 406, 406, 406, 42, 132, 32, 32, 32, 32, 239, 82, 310, 107, 107, 107, 395, 395, 286, 286, 264, 264, 264, 120, 120, 120, 120, 120, 207, 178, 178, 143, 233, 233, 170, 170, 170, 312, 312, 170, 170, 82, 170, 170, 187, 187, 187, 244, 2, 2, 2, 2, 244, 392, 316, 316, 392, 244, 73, 73, 73, 244, 287, 287, 100, 293, 293, 43, 43, 8, 129, 144, 208, 27, 346, 106, 174, 426, 319, 348, 348, 348, 199, 199, 250, 250, 98, 197, 129, 401, 7, 7, 217, 473, 109, 109, 313, 313, 406, 285, 337, 337, 337, 324, 340, 116, 94, 94, 199, 398, 340, 340, 116, 94, 94, 479, 331, 331, 138, 138, 138, 138, 138, 182, 497, 497, 43, 416, 32, 239, 208, 208, 27, 441, 346, 426, 426, 319, 348, 348, 94, 250, 250, 303, 375, 98, 98, 98, 13, 414, 414, 170, 170, 170, 170, 170, 28, 2, 2, 244, 2, 2, 2, 2, 2, 244, 244, 73, 73, 73, 73, 244, 320, 7, 70, 473, 106, 284, 405, 206, 206, 240, 385, 35, 82, 77, 270, 323, 323, 142, 397, 106, 153, 153, 153, 153, 387, 169, 349, 349, 349, 234, 234, 234, 261, 25, 25, 100, 100, 100, 302, 497, 497, 98, 98, 98, 197, 226, 226, 226, 226, 226, 442, 209, 287, 287, 284, 284, 284, 480, 480, 480, 480, 480, 480, 480, 480, 480, 282, 282, 282, 388, 388, 388, 388, 195, 195, 195, 250, 250, 250, 250, 250, 109, 109, 109, 403, 403, 403, 207, 207, 207, 252, 416, 32, 32, 239, 75, 131, 180, 106, 153, 153, 387, 349, 349, 349, 349, 234, 261, 261, 25, 148, 148, 148, 148, 153, 182, 182, 182, 182, 406, 132, 42, 42, 495, 134, 132, 132, 98, 98, 98, 98, 13, 13, 78, 78, 170, 170, 170, 170, 312, 187, 187, 187, 187, 391, 391, 392, 392, 73, 73, 73, 244, 310, 310, 323, 323, 323, 323, 273, 106, 106, 153, 153, 153, 182, 182, 182, 182, 182, 182, 182, 182, 182, 182, 182, 345, 122, 122, 236, 129, 129, 82, 75, 310, 310, 323, 323, 273, 106, 106, 106, 100, 375, 98, 98, 98, 98, 17, 420, 420, 420, 420, 420, 420, 420, 420, 420, 420, 420, 420, 420, 420, 420, 420, 420, 420, 420, 420, 420, 420, 420, 420, 420, 420, 420, 420, 420, 420, 420, 420, 420, 420, 420, 420, 420, 420, 420, 420, 420, 420, 420, 420, 420, 420, 420, 420, 420, 420, 420, 420, 420, 420, 420, 420, 420, 420, 420, 420, 420, 420, 420, 420, 420, 420, 420, 420, 420, 420, 420, 420, 420, 420, 420, 420, 420, 420, 420, 420, 420, 420, 420, 420, 420, 420, 420, 420, 420, 420, 420, 420, 420, 420, 420, 420, 420, 420, 420, 420, 420, 420, 420, 420, 420, 420, 420, 420, 420, 420, 420, 420, 420, 420, 420, 420, 420, 420, 420, 420, 420, 420, 420, 420, 420, 420, 420, 420, 420, 420, 420, 420, 420, 420, 420, 420, 420, 420, 420, 420, 420, 420, 420, 420, 420]

ep26
Train step Loss: [0.021162288263440132, 0.01827620342373848, 0.01639651320874691, 0.016998711973428726, 0.026191122829914093, 0.018992258235812187, 0.021945057436823845, 0.023554246872663498, 0.01874065399169922, 0.016675347462296486, 0.021267574280500412, 0.019430894404649734, 0.017574986442923546, 0.01903335563838482, 0.01621817797422409, 0.017191918566823006, 0.024085599929094315, 0.01650049164891243, 0.022039858624339104, 0.025503776967525482, 0.020831769332289696, 0.02004222199320793, 0.017511196434497833, 0.02362106554210186, 0.020682699978351593, 0.011997431516647339, 0.019139539450407028, 0.02072715200483799, 0.021048804745078087, 0.017082585021853447, 0.021273590624332428, 0.021634461358189583, 0.01656784676015377, 0.015262920409440994, 0.015940699726343155, 0.014957873150706291, 0.014100511558353901, 0.030078452080488205, 0.019681256264448166, 0.019267912954092026, 0.0162187609821558, 0.0189096387475729, 0.016880277544260025, 0.017335569486021996, 0.013688640668988228, 0.017150884494185448, 0.01661899872124195, 0.014608640223741531, 0.01840297318994999, 0.010681970976293087, 0.020378589630126953, 0.01277922187000513, 0.01873823069036007, 0.022513899952173233, 0.012425010092556477, 0.015248282812535763, 0.01094516646116972, 0.01305097434669733, 0.011907868087291718, 0.011235762387514114, 0.011292753741145134, 0.013828548602759838, 0.01785101555287838]
val step Loss: [0.030513649806380272, 0.02299066260457039, 0.03920462727546692, 0.03704710677266121, 0.03120775893330574, 0.020786631852388382, 0.024792302399873734, 0.019081339240074158, 0.026915350928902626, 0.030369121581315994, 0.025810621678829193, 0.04971242696046829, 0.03332110494375229, 0.0248524509370327, 0.029725700616836548, 0.03821027651429176]
Train step Accs: [0.9993298710001676, 0.999083409715857, 0.9992866060281791, 0.99958796868562, 0.9982999622213827, 0.9994308480364257, 0.999030336611719, 0.9985031807409255, 0.9990952565593899, 0.9994612794612795, 0.9988107822410148, 0.9991501416430595, 0.9991164776910617, 0.9989091475767493, 0.9994635912565375, 0.9994087737968547, 0.998155505107832, 0.999405734660526, 0.9986466368926783, 0.9981105337742088, 0.9982031789910158, 0.9988268074497727, 0.9991461505621175, 0.998619356620185, 0.9987720644666155, 0.9998445273631841, 0.9987629503633834, 0.9986500674966252, 0.9988086373790023, 0.99907019990702, 0.9986244841815681, 0.9983424498591082, 0.9990252054031472, 0.9989560224455174, 0.9992763062671878, 0.9997445721583652, 0.9995772266065389, 0.997138123211327, 0.9987269255251432, 0.9985362608117099, 0.9990813045475425, 0.9987785016286646, 0.999156355455568, 0.9986776373787835, 0.9996906419180202, 0.998846301756185, 0.9993232268543584, 1.0, 0.99867197875166, 0.9998616682805367, 0.9987027728230906, 0.9994974032501257, 0.9987350667603654, 0.9981262442909006, 0.99964406478021, 0.9990358126721763, 1.0, 0.9997315796537377, 0.9996517499564688, 0.9998413957176844, 0.999845987987063, 0.99921160517187, 0.9989261744966443]
val step Accs: [0.9973071226605628, 0.9985090204264202, 0.9964407744874715, 0.9968266560888537, 0.9978137860082305, 0.9987111741203764, 0.9981139700929543, 0.9989737010904426, 0.9974534244739311, 0.9976543209876543, 0.9978009895547004, 0.9959457352253236, 0.9974182444061962, 0.9983324781939457, 0.997193770169777, 0.9957636094047871]
Preds: [17, 17, 17, 251, 251, 241, 331, 443, 443, 432, 330, 330, 330, 360, 200, 434, 434, 324, 324, 324, 324, 324, 301, 301, 303, 303, 303, 309, 479, 479, 331, 331, 106, 284, 284, 284, 284, 426, 426, 426, 375, 98, 98, 98, 263, 13, 13, 82, 82, 170, 170, 392, 392, 392, 63, 63, 63, 63, 63, 63, 63, 63, 63, 63, 63, 63, 63, 63, 73, 244, 289, 289, 20, 320, 241, 431, 486, 486, 460, 460, 169, 150, 35, 77, 164, 224, 494, 494, 422, 186, 99, 99, 338, 338, 338, 338, 400, 400, 400, 444, 213, 324, 246, 246, 246, 246, 422, 99, 99, 338, 338, 338, 400, 400, 400, 485, 374, 374, 374, 132, 132, 345, 132, 132, 497, 122, 122, 129, 401, 401, 401, 82, 259, 354, 74, 420, 420, 324, 324, 301, 301, 239, 196, 309, 217, 473, 398, 398, 324, 324, 252, 252, 143, 36, 36, 310, 107, 107, 107, 395, 41, 41, 19, 19, 454, 454, 454, 237, 237, 237, 237, 237, 237, 237, 237, 170, 20, 170, 392, 392, 392, 392, 392, 392, 392, 392, 392, 392, 392, 73, 73, 289, 321, 209, 287, 287, 145, 486, 460, 460, 167, 215, 35, 401, 320, 196, 473, 473, 429, 324, 324, 324, 143, 143, 129, 401, 401, 82, 445, 445, 445, 445, 485, 485, 374, 374, 132, 132, 132, 122, 196, 10, 64, 473, 398, 324, 301, 301, 129, 129, 259, 196, 196, 70, 65, 46, 46, 46, 85, 146, 146, 146, 324, 324, 422, 99, 99, 338, 338, 338, 400, 400, 400, 485, 374, 374, 374, 132, 88, 182, 182, 182, 182, 497, 497, 43, 122, 122, 197, 259, 188, 188, 324, 301, 301, 8, 217, 70, 70, 276, 138, 174, 174, 319, 348, 94, 251, 251, 241, 431, 486, 486, 486, 85, 264, 468, 468, 468, 467, 467, 499, 486, 460, 167, 167, 169, 150, 342, 68, 68, 68, 68, 68, 336, 115, 267, 444, 444, 213, 213, 246, 246, 3, 14, 188, 188, 188, 171, 171, 171, 37, 385, 233, 36, 270, 433, 68, 68, 68, 97, 336, 321, 209, 287, 287, 284, 284, 284, 306, 306, 59, 59, 59, 452, 452, 452, 263, 17, 17, 420, 420, 420, 420, 420, 420, 420, 420, 420, 420, 420, 420, 420, 420, 420, 420, 420, 420, 420, 420, 420, 420, 420, 420, 420, 420, 420, 420, 420, 420, 420, 420, 420, 420, 420, 420, 420, 420, 420, 420, 420, 420, 420, 420, 420, 420, 420, 420, 420, 420, 420, 420, 420, 420, 420, 420, 420, 420, 420, 420, 420, 420, 420, 420, 420, 420, 420, 420, 420, 420, 420, 420, 420, 420, 420, 420, 420, 420, 420, 420, 420, 420, 420, 420, 420, 420, 420, 420, 420, 420, 420, 420, 420, 420, 420, 420, 420, 420, 420, 420, 420, 420, 420, 420, 420, 420, 420, 420, 420, 420, 420, 420, 420, 420, 420, 420, 420, 420, 420, 420, 420, 420, 420, 420, 420, 420, 420, 420, 420, 420, 420, 420, 420, 420, 420, 420, 420, 420, 420, 420, 420, 420, 420, 420, 420, 420, 420, 420, 420, 420, 420, 420, 420, 420, 420, 420, 420, 420, 420, 420, 420, 420, 420, 420, 420, 420, 420, 420, 420, 420, 420, 420, 420, 420, 420, 420, 420, 420, 420, 420, 420, 420, 420, 420, 420, 420, 420, 420, 420, 420, 420, 420, 420, 420, 420, 420, 420, 420, 420, 420, 420, 420, 420, 420, 420, 420, 420, 420, 420, 420, 420, 420, 420, 420, 420, 420, 420, 420, 420, 420, 420, 420, 420, 420, 420, 420, 420, 420, 420, 420, 420]

