ep1
Train step Loss: [6.2134294509887695, 6.210510730743408, 6.204370498657227, 6.19977331161499, 6.192445755004883, 6.189511775970459, 6.178246021270752, 6.175256252288818, 6.170199394226074, 6.161298751831055, 6.1495361328125, 6.1361918449401855, 6.119368553161621, 6.095755100250244, 6.099338054656982, 6.082861423492432, 6.074360370635986, 6.036106109619141, 6.013195991516113, 6.011346817016602, 6.01111364364624, 5.965808391571045, 5.948956489562988, 5.929016590118408, 5.897889137268066, 5.871430397033691, 5.845485210418701, 5.812482833862305, 5.8037824630737305, 5.772912502288818, 5.710540294647217, 5.718863487243652, 5.728207111358643, 5.683101177215576, 5.692544460296631, 5.660394191741943, 5.63765287399292, 5.591113567352295, 5.6545915603637695, 5.610959529876709, 5.601142406463623, 5.584970951080322, 5.500148773193359, 5.5025153160095215, 5.59804105758667, 5.528252601623535, 5.512251377105713, 5.522160053253174, 5.483024597167969, 5.594797611236572, 5.433541297912598, 5.549917697906494, 5.479940414428711, 5.430907249450684, 5.466282367706299, 5.473064422607422, 5.40566349029541, 5.411255359649658, 5.486395359039307, 5.355189323425293, 5.494843006134033, 5.457407474517822, 5.393158912658691]
val step Loss: [5.693755626678467, 5.599735260009766, 5.623086929321289, 5.679416179656982, 5.632626533508301, 5.648894786834717, 5.625460147857666, 5.634766578674316, 5.7410807609558105, 5.613760471343994, 5.717306613922119, 5.626585006713867, 5.652153968811035, 5.615174293518066, 5.636227130889893, 5.706213474273682]
Train step Accs: [0.002257935980873954, 0.00311332503113325, 0.003997039230199852, 0.011684125705076551, 0.019896314978282193, 0.038308740068104426, 0.05553905553905554, 0.04093023255813953, 0.03931932448111383, 0.05017799627055433, 0.055957246149009744, 0.04125624553890078, 0.03469739107402993, 0.05323549032688459, 0.023918647951876253, 0.03273861077429413, 0.027318932655654382, 0.03910191725529768, 0.03374777975133215, 0.035954168312919796, 0.024126586244712516, 0.03257942918686053, 0.027788649706457925, 0.027201346045989904, 0.02919203099059214, 0.032045088566827695, 0.03742439516129032, 0.049508043104794626, 0.0371045221136326, 0.030332544872686797, 0.0628722700198544, 0.03285787060621498, 0.02407566638005159, 0.053145647802355644, 0.04016521862982481, 0.03653460767689225, 0.0432550178932628, 0.05055469737396433, 0.028929188255613126, 0.022111582955044663, 0.03, 0.026629509211952316, 0.054917692626919354, 0.05053661187338677, 0.028140229523659802, 0.03819759160947818, 0.03635526921306949, 0.03413709021945272, 0.03654850233580654, 0.024193548387096774, 0.04461457233368532, 0.022029778182923124, 0.036851683348498636, 0.04334455996485576, 0.03683083511777302, 0.02291448255204433, 0.047187880898485114, 0.0337546468401487, 0.02507462686567164, 0.05188536953242836, 0.023507355062013267, 0.030918881361820392, 0.031071655041217502]
val step Accs: [0.007415931466564378, 0.011725067385444744, 0.0075570411277430605, 0.005523408732246186, 0.019063896923481462, 0.018710493046776234, 0.016308568470100957, 0.0015727766657134686, 0.0010464355788096795, 0.01238390092879257, 0.005626344530862155, 0.02033476276110112, 0.007147673634524612, 0.020533095268460654, 0.011216963736939152, 0.010717896865520727]
Preds: [63, 63, 63, 63, 63, 63, 63, 63, 63, 63, 63, 63, 63, 63, 63, 63, 63, 63, 63, 63, 63, 63, 63, 63, 63, 63, 63, 63, 63, 63, 63, 63, 63, 63, 63, 63, 63, 63, 63, 63, 63, 63, 63, 63, 63, 63, 63, 63, 63, 63, 63, 63, 63, 63, 63, 63, 63, 63, 63, 63, 63, 63, 63, 63, 63, 63, 63, 63, 63, 63, 63, 63, 63, 63, 63, 63, 63, 63, 63, 63, 63, 63, 63, 63, 63, 63, 63, 63, 63, 63, 63, 63, 63, 63, 63, 63, 63, 63, 63, 63, 63, 63, 63, 63, 63, 63, 63, 63, 63, 63, 63, 63, 63, 63, 63, 63, 63, 63, 63, 63, 63, 63, 63, 63, 63, 63, 63, 63, 63, 63, 63, 63, 63, 63, 63, 63, 63, 63, 63, 63, 63, 63, 63, 63, 63, 63, 63, 63, 63, 63, 63, 63, 63, 63, 63, 63, 63, 63, 63, 63, 63, 63, 63, 63, 63, 63, 63, 63, 63, 63, 63, 63, 63, 63, 63, 63, 63, 63, 63, 63, 63, 63, 63, 63, 63, 63, 63, 63, 63, 63, 63, 63, 63, 63, 63, 63, 63, 63, 63, 63, 63, 63, 63, 63, 63, 63, 63, 63, 63, 63, 63, 63, 63, 63, 63, 63, 63, 63, 63, 63, 63, 63, 63, 63, 63, 63, 63, 63, 63, 63, 63, 63, 63, 63, 63, 63, 63, 63, 63, 63, 63, 63, 63, 63, 63, 63, 63, 63, 63, 63, 63, 63, 63, 63, 63, 63, 63, 63, 63, 63, 63, 63, 63, 63, 63, 63, 63, 63, 63, 63, 63, 63, 63, 63, 63, 63, 63, 63, 63, 63, 63, 63, 63, 63, 63, 63, 63, 63, 63, 63, 63, 63, 63, 63, 63, 63, 63, 63, 63, 63, 63, 63, 63, 63, 63, 63, 63, 63, 63, 63, 63, 63, 63, 63, 63, 63, 63, 63, 63, 63, 63, 63, 63, 63, 63, 63, 63, 63, 63, 63, 63, 63, 63, 63, 63, 63, 63, 63, 63, 63, 63, 63, 63, 63, 63, 63, 63, 63, 63, 63, 63, 63, 63, 63, 63, 63, 63, 63, 63, 63, 63, 63, 63, 63, 63, 63, 63, 63, 63, 63, 63, 63, 63, 63, 63, 63, 63, 63, 63, 63, 63, 63, 63, 63, 63, 63, 63, 63, 63, 63, 63, 63, 63, 63, 63, 63, 63, 63, 63, 63, 63, 63, 63, 63, 63, 63, 63, 63, 63, 63, 63, 63, 63, 63, 63, 63, 63, 63, 63, 63, 63, 63, 63, 63, 63, 63, 63, 63, 63, 63, 63, 63, 63, 63, 63, 63, 63, 63, 63, 63, 63, 63, 63, 63, 63, 63, 63, 63, 63, 63, 63, 63, 63, 63, 63, 63, 63, 63, 63, 63, 63, 63, 63, 63, 63, 63, 63, 63, 63, 63, 63, 63, 63, 63, 63, 63, 63, 63, 63, 63, 63, 63, 63, 63, 63, 63, 63, 63, 63, 63, 63, 63, 63, 63, 63, 63, 63, 63, 63, 63, 63, 63, 63, 63, 63, 63, 63, 63, 63, 63, 63, 63, 63, 63, 63, 63, 63, 63, 63, 63, 63, 63, 63, 63, 63, 63, 63, 63, 63, 63, 63, 63, 63, 63, 63, 63, 63, 63, 63, 63, 63, 63, 63, 63, 63, 63, 63, 63, 63, 63, 63, 63, 63, 63, 63, 63, 63, 63, 63, 63, 63, 63, 63, 63, 63, 63, 63, 63, 63, 63, 63, 63, 63, 63, 63, 63, 63, 63, 63, 63, 63, 63, 63, 63, 63, 63, 63, 63, 63, 63, 63, 63, 63, 63, 63, 63, 63, 63, 63, 63]

ep2
Train step Loss: [5.388169765472412, 5.474510669708252, 5.4527997970581055, 5.392337322235107, 5.315425395965576, 5.376959800720215, 5.331782817840576, 5.391860485076904, 5.440828800201416, 5.39659309387207, 5.356706619262695, 5.386834144592285, 5.367076873779297, 5.371184825897217, 5.39618444442749, 5.362118244171143, 5.419310092926025, 5.369969844818115, 5.353805065155029, 5.366103649139404, 5.461559295654297, 5.371445655822754, 5.375724792480469, 5.397967338562012, 5.341943740844727, 5.378772735595703, 5.350963592529297, 5.314358234405518, 5.340020179748535, 5.332319736480713, 5.183077335357666, 5.305640697479248, 5.3493733406066895, 5.271207809448242, 5.331596374511719, 5.302905559539795, 5.327051639556885, 5.283157825469971, 5.351698398590088, 5.351038932800293, 5.33926248550415, 5.331007480621338, 5.2243733406066895, 5.245408535003662, 5.378004550933838, 5.291121959686279, 5.298274517059326, 5.312896728515625, 5.274631500244141, 5.423428058624268, 5.23820686340332, 5.379305839538574, 5.3018388748168945, 5.234434127807617, 5.287088394165039, 5.313730716705322, 5.212535858154297, 5.233852863311768, 5.331164836883545, 5.153164863586426, 5.339078903198242, 5.3029608726501465, 5.22027587890625]
val step Loss: [5.609975337982178, 5.501289367675781, 5.525047302246094, 5.582164287567139, 5.511769771575928, 5.5450873374938965, 5.511798858642578, 5.549437046051025, 5.666253566741943, 5.513157844543457, 5.629242420196533, 5.512569904327393, 5.55911111831665, 5.4919753074646, 5.541759490966797, 5.613186359405518]
Train step Accs: [0.028423429406295657, 0.022571606475716065, 0.01628423390081421, 0.0351866774106903, 0.06066974919433936, 0.03064699205448354, 0.04351054351054351, 0.02930232558139535, 0.02462292123243522, 0.03559925411086625, 0.0433825840930525, 0.03297644539614561, 0.028473049927161966, 0.05043362241494329, 0.023918647951876253, 0.03221895028581327, 0.026048284625158832, 0.03910191725529768, 0.03374777975133215, 0.035954168312919796, 0.024126586244712516, 0.03257942918686053, 0.027788649706457925, 0.027201346045989904, 0.02919203099059214, 0.029146537842190016, 0.03490423387096774, 0.049508043104794626, 0.03693887692562531, 0.030332544872686797, 0.0628722700198544, 0.03285787060621498, 0.02407566638005159, 0.05400746911806952, 0.043013815695769834, 0.04547556651765069, 0.05134588454955656, 0.05055469737396433, 0.028929188255613126, 0.022697320251867038, 0.03272727272727273, 0.031274191051246326, 0.06722921565915065, 0.06276321152017389, 0.036000628831944666, 0.05127541110967241, 0.04862709004448535, 0.05499864535356272, 0.05358615004122012, 0.036211258697027196, 0.0737856388595565, 0.042996049832877546, 0.06885047012435548, 0.06150241616634939, 0.053961456102783724, 0.03594428635614797, 0.07487375935921992, 0.053680297397769514, 0.04746268656716418, 0.07405731523378582, 0.03893856359965388, 0.047767934688205664, 0.05421686746987952]
val step Accs: [0.02838511699271193, 0.035309973045822104, 0.026449643947100712, 0.02524986849026828, 0.039179595056534317, 0.03893805309734513, 0.03779446026404349, 0.028309979982842435, 0.01818181818181818, 0.033797729618163054, 0.024987588945887804, 0.052012726518190625, 0.027376938637896156, 0.04552990689963015, 0.035187461585740626, 0.025682507583417592]
Preds: [392, 392, 246, 246, 246, 246, 246, 246, 246, 246, 246, 246, 246, 246, 246, 246, 246, 246, 246, 246, 246, 246, 246, 246, 246, 246, 246, 246, 246, 246, 246, 246, 246, 246, 246, 246, 246, 246, 392, 392, 392, 392, 392, 392, 246, 246, 246, 392, 392, 392, 392, 392, 392, 392, 392, 392, 392, 392, 392, 246, 246, 246, 246, 246, 246, 246, 246, 246, 246, 246, 246, 246, 246, 246, 246, 246, 246, 246, 246, 246, 246, 246, 246, 246, 246, 246, 246, 246, 246, 246, 246, 246, 246, 246, 246, 246, 246, 246, 246, 246, 246, 246, 246, 246, 246, 246, 246, 246, 246, 246, 246, 246, 246, 246, 246, 246, 246, 246, 246, 246, 246, 246, 246, 246, 246, 246, 246, 246, 392, 392, 392, 392, 392, 392, 392, 392, 392, 392, 246, 246, 246, 246, 246, 246, 246, 246, 246, 246, 246, 246, 246, 246, 246, 246, 246, 246, 246, 246, 246, 246, 246, 246, 246, 246, 246, 246, 246, 246, 246, 246, 246, 246, 246, 246, 246, 246, 246, 246, 246, 246, 246, 246, 246, 246, 246, 246, 246, 392, 392, 392, 392, 392, 392, 392, 63, 63, 63, 63, 63, 63, 63, 63, 63, 392, 392, 392, 392, 392, 392, 392, 392, 392, 392, 392, 392, 392, 392, 392, 392, 392, 63, 63, 63, 63, 63, 63, 63, 63, 392, 392, 392, 392, 392, 392, 392, 392, 392, 392, 392, 392, 392, 392, 63, 63, 63, 63, 63, 63, 63, 63, 63, 63, 63, 63, 63, 63, 63, 63, 63, 63, 63, 63, 63, 392, 392, 392, 392, 392, 392, 392, 392, 392, 392, 392, 392, 392, 392, 392, 392, 246, 246, 246, 246, 246, 246, 246, 246, 246, 246, 246, 246, 246, 246, 246, 246, 246, 246, 246, 392, 392, 392, 392, 392, 392, 392, 246, 246, 246, 246, 246, 246, 246, 246, 246, 246, 246, 246, 246, 246, 246, 246, 246, 246, 246, 246, 246, 246, 246, 246, 246, 246, 392, 392, 392, 392, 392, 392, 392, 246, 246, 246, 246, 246, 246, 246, 246, 246, 246, 246, 246, 246, 392, 392, 392, 392, 392, 392, 392, 392, 392, 392, 392, 392, 392, 392, 392, 392, 392, 392, 392, 392, 392, 392, 246, 246, 246, 246, 246, 246, 392, 392, 392, 246, 246, 246, 246, 246, 246, 246, 246, 246, 246, 246, 246, 246, 246, 392, 392, 392, 392, 392, 392, 246, 246, 246, 246, 246, 246, 392, 392, 392, 392, 392, 392, 392, 392, 392, 392, 392, 392, 246, 246, 246, 246, 246, 246, 246, 246, 246, 246, 246, 246, 246, 246, 246, 246, 246, 246, 246, 246, 246, 246, 246, 246, 246, 246, 246, 246, 246, 246, 246, 246, 246, 246, 246, 246, 246, 246, 246, 246, 246, 246, 246, 246, 246, 246, 246, 246, 392, 392, 392, 392, 392, 392, 392, 246, 246, 246, 246, 246, 246, 246, 246, 246, 246, 392, 392, 392, 392, 392, 392, 392, 392, 392, 392, 392, 392, 392, 392, 392, 392, 246, 246, 246, 246, 246, 246, 246, 246, 246, 246, 246, 246, 246, 246, 246, 246, 246, 246, 246, 246, 246, 246, 246, 246, 246, 246, 246, 246, 246, 246, 246, 246, 246, 246, 246, 246, 246, 246, 246, 246, 246, 246, 246, 246, 246, 246, 246, 246, 246, 246, 246, 246, 246, 246, 246, 246, 246, 246, 246, 246, 246, 246, 246, 246, 246, 246, 246, 246, 246, 246, 246, 246, 246, 246, 246, 246, 246, 246, 246, 246, 246, 246, 246, 246, 246, 246, 246, 246, 246, 246, 246, 246, 246, 246, 246, 246, 246, 246, 246]

ep3
Train step Loss: [5.275365352630615, 5.290170669555664, 5.319734573364258, 5.1371917724609375, 5.280361175537109, 5.176785945892334, 5.181146144866943, 5.270505428314209, 5.306640148162842, 5.224738597869873, 5.270194053649902, 5.29114294052124, 5.131848335266113, 5.234558582305908, 5.251314640045166, 5.180685520172119, 5.156769275665283, 5.334890842437744, 5.151638031005859, 5.243695259094238, 5.259589195251465, 5.172305107116699, 5.225117206573486, 5.115634918212891, 5.195619106292725, 5.119965076446533, 5.042255878448486, 5.0824294090271, 5.15195894241333, 5.157223224639893, 5.182872772216797, 5.129262447357178, 5.169257640838623, 5.074540615081787, 5.145505428314209, 5.126162528991699, 5.188536643981934, 5.18587064743042, 5.107925891876221, 5.14199161529541, 5.120207786560059, 5.137557029724121, 5.114926338195801, 5.035209655761719, 5.058435440063477, 5.233218193054199, 5.079447269439697, 5.071835517883301, 5.099523544311523, 5.028256416320801, 5.030107021331787, 5.1693644523620605, 5.148381233215332, 5.17033576965332, 5.027498722076416, 4.995256423950195, 5.06289529800415, 5.195341110229492, 4.896584510803223, 4.978608131408691, 5.10059118270874, 4.993777275085449, 5.124185085296631]
val step Loss: [5.451095104217529, 5.421768665313721, 5.434213161468506, 5.401991367340088, 5.469179153442383, 5.309500694274902, 5.442008018493652, 5.4489569664001465, 5.48340368270874, 5.440018177032471, 5.41406774520874, 5.376178741455078, 5.3571882247924805, 5.365994453430176, 5.334336280822754, 5.342112064361572]
Train step Accs: [0.04189735148885231, 0.04465861273245555, 0.05039706780696396, 0.07173061863743148, 0.03474415666456096, 0.07147628590514363, 0.05797324311856066, 0.043873729266987696, 0.0391574780887758, 0.057400029511583295, 0.05780014378145219, 0.043423930021868166, 0.07258900795022467, 0.05323303920150441, 0.05405005182881682, 0.07132512671976829, 0.0761904761904762, 0.043117445426664264, 0.07307796794349361, 0.05254158246541272, 0.054380664652567974, 0.05716429107276819, 0.051133962529933796, 0.06890049318247751, 0.055563292020609945, 0.0706487835308796, 0.09059426513367502, 0.07511672617412798, 0.06062919975565058, 0.061009817671809255, 0.05766639719752088, 0.060341296928327647, 0.059452850374445976, 0.07976146105106224, 0.06385542168674699, 0.07246840505519117, 0.0554380664652568, 0.06188734455010973, 0.06294211058178144, 0.06175898071137852, 0.05933158092377019, 0.06040163162849074, 0.05686834588418593, 0.08222087378640777, 0.0697227559703541, 0.04788732394366197, 0.07209944751381216, 0.06267255659856433, 0.052331743508214096, 0.0841024114319738, 0.06740649404027949, 0.05883404864091559, 0.06111939287166283, 0.05804130162703379, 0.07905138339920949, 0.09436114732724903, 0.07107601184600197, 0.060179045092838196, 0.11490597345132743, 0.08611599297012303, 0.07234871180347513, 0.06818517970714391, 0.06404527852249031]
val step Accs: [0.03138559444605149, 0.04778636683063949, 0.039990002499375156, 0.042917324907846235, 0.03730652202672311, 0.06350626118067978, 0.03305785123966942, 0.048025134649910234, 0.039127375087966224, 0.04810695989004123, 0.03604594330400782, 0.0470948864428034, 0.06225920789027585, 0.0535405872193437, 0.04481920388939532, 0.05672184093661688]
Preds: [17, 17, 213, 213, 213, 246, 246, 246, 246, 246, 246, 246, 246, 246, 246, 246, 414, 414, 414, 414, 414, 414, 213, 213, 213, 213, 213, 246, 246, 246, 246, 246, 246, 414, 414, 414, 414, 414, 414, 414, 414, 414, 414, 414, 414, 414, 414, 213, 213, 213, 213, 213, 213, 213, 213, 213, 213, 213, 213, 213, 213, 246, 246, 246, 246, 246, 246, 246, 246, 246, 213, 213, 213, 213, 213, 213, 213, 213, 213, 414, 414, 414, 414, 414, 414, 414, 213, 213, 213, 213, 213, 213, 213, 213, 213, 213, 213, 246, 246, 246, 414, 414, 414, 414, 414, 414, 414, 213, 213, 213, 213, 213, 213, 213, 414, 414, 414, 414, 392, 392, 392, 392, 392, 392, 392, 392, 63, 63, 63, 63, 63, 63, 63, 63, 63, 63, 63, 63, 392, 392, 392, 392, 392, 392, 392, 392, 392, 213, 213, 213, 213, 213, 213, 414, 414, 414, 213, 213, 213, 213, 213, 213, 213, 213, 246, 246, 246, 246, 246, 246, 414, 414, 414, 414, 414, 414, 414, 414, 414, 414, 213, 213, 213, 213, 213, 246, 246, 246, 246, 246, 246, 246, 246, 246, 246, 246, 246, 246, 246, 246, 246, 246, 414, 414, 414, 414, 414, 414, 213, 213, 213, 213, 246, 246, 246, 246, 246, 246, 246, 246, 246, 246, 414, 414, 414, 414, 414, 414, 414, 414, 414, 414, 414, 414, 414, 414, 414, 414, 414, 414, 414, 414, 414, 414, 213, 213, 414, 414, 414, 414, 414, 392, 392, 392, 392, 392, 392, 392, 63, 63, 63, 63, 63, 63, 63, 63, 63, 63, 63, 63, 63, 63, 63, 392, 392, 320, 213, 213, 213, 213, 213, 213, 213, 213, 213, 213, 213, 213, 213, 213, 246, 246, 246, 246, 246, 246, 246, 246, 246, 246, 246, 246, 246, 246, 246, 246, 246, 246, 246, 246, 246, 246, 246, 246, 246, 246, 246, 246, 246, 246, 246, 246, 246, 246, 213, 213, 213, 213, 213, 213, 246, 246, 246, 246, 246, 246, 246, 246, 246, 414, 414, 414, 414, 414, 213, 213, 213, 213, 213, 213, 414, 414, 414, 392, 392, 392, 392, 392, 392, 392, 392, 392, 392, 392, 63, 63, 63, 63, 392, 392, 63, 63, 63, 63, 63, 63, 63, 63, 63, 63, 63, 392, 392, 392, 320, 213, 213, 213, 213, 213, 213, 213, 213, 213, 213, 414, 414, 414, 414, 414, 414, 414, 414, 414, 414, 213, 213, 213, 213, 213, 213, 213, 213, 213, 414, 414, 414, 414, 414, 213, 213, 213, 213, 246, 246, 246, 246, 246, 246, 246, 246, 246, 246, 246, 246, 246, 246, 246, 246, 414, 414, 414, 414, 414, 414, 414, 213, 213, 213, 213, 213, 213, 246, 246, 246, 246, 246, 246, 246, 213, 213, 213, 213, 213, 246, 414, 414, 414, 392, 392, 392, 392, 392, 392, 392, 392, 392, 392, 392, 392, 392, 63, 63, 63, 63, 63, 63, 63, 63, 63, 63, 392, 320, 213, 213, 213, 213, 213, 213, 213, 213, 246, 246, 246, 246, 246, 414, 414, 414, 414, 414, 414, 213, 213, 213, 213, 246, 246, 246, 246, 246, 246, 246, 414, 414, 414, 392, 392, 392, 414, 414, 414, 414, 213, 213, 213, 213, 213, 213, 213, 213, 213, 213, 213, 213, 213, 213, 213, 213, 213, 213, 213, 213, 213, 213, 213, 213, 213, 213, 213, 213, 213, 213, 213, 213, 213, 213, 213, 213, 213, 213, 213, 213, 213, 213, 213, 213, 213, 213, 213, 213, 213, 213, 213, 213, 213, 213, 213, 213, 213, 213, 213, 213, 213, 213, 213, 213, 213, 213, 213]

ep4
Train step Loss: [5.119375228881836, 4.929556846618652, 4.979934215545654, 4.983522891998291, 5.050099849700928, 5.040805339813232, 5.028693675994873, 5.07249641418457, 5.127404689788818, 5.096151351928711, 4.937912940979004, 5.0589494705200195, 5.092132091522217, 5.0298380851745605, 5.111006736755371, 5.034804344177246, 4.8480401039123535, 4.939746856689453, 5.075177192687988, 5.032740592956543, 4.912363052368164, 4.870799541473389, 4.939591407775879, 5.0046892166137695, 5.038698196411133, 5.022881984710693, 5.049710273742676, 4.9269561767578125, 4.899101257324219, 4.926814079284668, 4.874526500701904, 4.9585394859313965, 4.982898235321045, 4.92772912979126, 4.970253944396973, 4.977170944213867, 5.026741027832031, 4.892277717590332, 4.818661212921143, 4.902585506439209, 4.957029342651367, 4.912757873535156, 4.9532694816589355, 5.0142717361450195, 4.7840752601623535, 4.876943111419678, 4.837188243865967, 4.891879558563232, 4.943465709686279, 4.891416072845459, 5.075910568237305, 4.862679958343506, 4.911269664764404, 4.789262294769287, 4.889805316925049, 4.880527973175049, 5.021102428436279, 4.844088077545166, 4.838258743286133, 4.850043773651123, 4.922101974487305, 4.816290378570557, 4.779153823852539]
val step Loss: [5.239065170288086, 5.155787944793701, 5.2285051345825195, 5.219383716583252, 5.324342250823975, 5.251617431640625, 5.257645130157471, 5.135538578033447, 5.314756870269775, 5.283092021942139, 5.257038116455078, 5.2764058113098145, 5.273304462432861, 5.153626918792725, 5.226202487945557, 5.243661880493164]
Train step Accs: [0.06481864570404082, 0.08836704221528438, 0.06833289018877958, 0.09516817939135078, 0.07865168539325842, 0.08212007197775233, 0.07832854001015056, 0.0722552392868314, 0.0645753850501625, 0.06294001689664883, 0.09568077803203662, 0.0707376930850296, 0.06180985725828171, 0.06461416490486258, 0.05030487804878049, 0.07608100711548987, 0.1052245377164661, 0.08111300695629348, 0.08181991970942458, 0.07352941176470588, 0.08567681771819904, 0.10429997440491426, 0.08882907133243607, 0.07461818181818182, 0.055781886555938576, 0.07420432565500264, 0.06572199730094468, 0.0875136740115643, 0.0734036488027366, 0.0915989159891599, 0.0933145451698763, 0.06799007444168735, 0.06994981179422835, 0.09429824561403509, 0.0858055075162964, 0.07167119565217392, 0.06949250288350635, 0.08628874616029042, 0.09796623687358766, 0.08624708624708624, 0.07978883861236802, 0.09433439534561573, 0.07991642726560459, 0.07612179487179487, 0.11338630806845966, 0.08587063280482672, 0.09688103781396633, 0.08228043143297381, 0.07782954234036722, 0.0829743098771342, 0.060883198327671806, 0.09984703101098595, 0.09411764705882353, 0.11762940735183795, 0.08366481039512066, 0.09335244579824405, 0.07124645892351275, 0.0911880754055239, 0.09054593874833555, 0.09800485306012402, 0.08086041764798242, 0.08942457231726283, 0.11419297727943346]
val step Accs: [0.05500070333380222, 0.063169839868869, 0.05996381493926079, 0.06218395517288506, 0.04187335862270207, 0.04749579396919891, 0.046538187009279086, 0.06802413273001508, 0.04906713677097106, 0.04742145820983995, 0.06114095676643643, 0.056885147324113046, 0.045169712793733684, 0.06026882497470733, 0.05347985347985348, 0.05971128608923885]
Preds: [17, 17, 17, 246, 246, 246, 246, 246, 246, 246, 246, 246, 246, 246, 246, 246, 246, 246, 246, 246, 246, 246, 246, 414, 414, 414, 414, 414, 414, 414, 414, 414, 414, 414, 414, 414, 414, 414, 414, 414, 414, 213, 213, 246, 246, 246, 246, 246, 246, 246, 246, 246, 246, 246, 246, 246, 246, 246, 246, 246, 246, 246, 246, 246, 246, 246, 246, 246, 246, 246, 246, 246, 246, 246, 246, 246, 246, 246, 246, 246, 246, 246, 246, 246, 246, 246, 246, 246, 246, 246, 246, 246, 246, 246, 246, 246, 246, 250, 250, 246, 246, 246, 246, 246, 246, 246, 246, 246, 246, 246, 246, 246, 246, 246, 246, 246, 246, 246, 246, 414, 414, 250, 246, 246, 246, 246, 246, 246, 246, 246, 246, 246, 246, 246, 246, 246, 246, 246, 246, 246, 246, 246, 246, 246, 246, 246, 246, 246, 246, 414, 414, 414, 414, 414, 414, 414, 414, 213, 213, 246, 246, 246, 246, 246, 246, 246, 246, 246, 246, 246, 246, 246, 246, 246, 246, 246, 246, 246, 246, 246, 246, 246, 246, 246, 246, 246, 246, 246, 246, 246, 246, 246, 246, 246, 246, 246, 246, 246, 246, 246, 246, 246, 246, 246, 246, 246, 246, 246, 246, 246, 246, 246, 246, 246, 246, 246, 246, 246, 246, 246, 246, 246, 246, 246, 246, 246, 246, 246, 246, 246, 246, 246, 246, 246, 246, 246, 246, 246, 246, 246, 246, 246, 246, 246, 246, 246, 246, 246, 246, 246, 246, 246, 246, 246, 246, 246, 246, 246, 246, 246, 246, 246, 246, 246, 246, 246, 246, 246, 246, 246, 246, 246, 246, 246, 246, 246, 246, 246, 246, 246, 246, 246, 246, 246, 246, 246, 246, 246, 246, 246, 246, 246, 246, 246, 246, 246, 246, 246, 246, 246, 246, 246, 246, 246, 246, 246, 246, 246, 246, 246, 246, 246, 246, 246, 246, 246, 246, 246, 246, 246, 246, 246, 246, 246, 246, 246, 246, 246, 246, 246, 246, 246, 246, 246, 246, 246, 246, 246, 246, 246, 246, 246, 246, 246, 246, 246, 246, 246, 246, 246, 246, 246, 246, 246, 246, 246, 246, 246, 246, 246, 246, 246, 246, 246, 246, 246, 246, 246, 246, 246, 246, 246, 246, 246, 246, 246, 246, 246, 246, 246, 246, 246, 246, 246, 246, 246, 246, 246, 246, 246, 246, 246, 246, 246, 246, 246, 246, 246, 246, 246, 246, 246, 246, 246, 246, 246, 246, 246, 246, 246, 246, 246, 246, 246, 246, 246, 246, 246, 246, 246, 246, 246, 246, 246, 246, 246, 246, 246, 246, 246, 246, 246, 246, 246, 246, 246, 246, 246, 246, 246, 246, 246, 246, 246, 246, 246, 246, 246, 246, 246, 246, 246, 246, 246, 246, 246, 246, 246, 246, 246, 246, 246, 246, 246, 246, 246, 246, 246, 246, 246, 246, 246, 246, 246, 246, 246, 246, 246, 246, 246, 246, 246, 246, 246, 246, 246, 246, 246, 246, 246, 246, 246, 246, 246, 246, 246, 246, 246, 246, 246, 246, 246, 246, 246, 246, 246, 246, 246, 246, 246, 246, 246, 246, 246, 246, 246, 246, 246, 246, 246, 246, 246, 246, 246, 246, 246, 246, 246, 246, 246, 246, 246, 246, 246, 246, 246, 246, 246, 246, 246, 246, 246, 246, 246, 246, 246, 246, 246, 246, 246, 246, 246, 246, 246, 246, 246, 246, 246, 246, 246, 246, 246, 246, 246, 246, 246, 246, 246, 246, 246, 246, 246, 246, 246, 246, 246, 246, 246, 246, 246, 246, 246, 246, 246, 246, 246, 246, 246, 246, 246, 246, 246, 246, 246, 246, 246, 246, 246, 246, 246]

ep5
Train step Loss: [4.8204240798950195, 4.854129314422607, 4.826089859008789, 4.74403715133667, 4.80126428604126, 4.914368152618408, 4.7793145179748535, 4.779983043670654, 4.873617172241211, 4.71771764755249, 4.826563358306885, 4.702428340911865, 4.907421112060547, 4.7641096115112305, 4.794119358062744, 4.894048690795898, 4.870889663696289, 4.8063859939575195, 4.833497524261475, 4.695947647094727, 4.8897199630737305, 4.777472019195557, 4.766323089599609, 4.8600358963012695, 4.814101219177246, 4.769168376922607, 4.826933860778809, 4.758119583129883, 4.757435321807861, 4.693043231964111, 4.804807186126709, 4.657822132110596, 4.843477249145508, 4.825841426849365, 4.71458625793457, 4.763431072235107, 4.7887444496154785, 4.767072677612305, 4.8366193771362305, 4.695185661315918, 4.832661151885986, 4.71855354309082, 4.699190616607666, 4.722489833831787, 4.8213982582092285, 4.668331623077393, 4.755538463592529, 4.751611232757568, 4.770050048828125, 4.666814804077148, 4.876645565032959, 4.700419902801514, 4.757789611816406, 4.745239734649658, 4.709535598754883, 4.776716709136963, 4.641678810119629, 4.757998466491699, 4.6963348388671875, 4.692647457122803, 4.654323577880859, 4.691996097564697, 4.730752468109131]
val step Loss: [5.002171039581299, 5.081729888916016, 5.095348834991455, 5.119818687438965, 5.04617977142334, 5.170260429382324, 4.982506275177002, 5.066483497619629, 5.126761436462402, 5.103214263916016, 5.0025506019592285, 5.094517707824707, 5.080681324005127, 5.113914966583252, 5.09874963760376, 5.001847267150879]
Train step Accs: [0.09781950333131435, 0.08610741233910342, 0.11150360927660882, 0.10329171396140749, 0.1034723190628922, 0.08241291418861513, 0.09688195991091314, 0.10056577086280057, 0.07965881162353622, 0.11022342586323629, 0.10433070866141732, 0.11571604431678292, 0.0903010033444816, 0.10017321016166282, 0.09434947148636304, 0.08284101352238414, 0.09496421267893661, 0.09936542330908528, 0.08786214732058323, 0.1131381491834633, 0.07807759859492257, 0.09301391862955032, 0.09535642180462804, 0.09910313901345291, 0.10136624063464081, 0.11563025210084034, 0.09297888577969982, 0.11261127596439169, 0.10670179482957352, 0.12749445676274945, 0.09388739185931073, 0.10823950870010235, 0.08344219464402351, 0.09255478426568667, 0.124411672419203, 0.10964786716289722, 0.09594344386466924, 0.10324205225055083, 0.09034907597535935, 0.11456705220381369, 0.0902432283029298, 0.1038687340057203, 0.10699039487726787, 0.10794028273219712, 0.09270021261516655, 0.11357202331390508, 0.09902835085851192, 0.10340821068938807, 0.09855590293285693, 0.11501132319637658, 0.09279193350592724, 0.12075698407930309, 0.08890449438202247, 0.11053877210079353, 0.12181559549980603, 0.10442132639791937, 0.13227029146516794, 0.10450609129605166, 0.11403508771929824, 0.11609345523146132, 0.11144542062823444, 0.12225755166931637, 0.12020033388981637]
val step Accs: [0.09053181678450661, 0.06981753674607197, 0.07494469026548672, 0.07274373679444612, 0.06958383513983675, 0.0662215560703093, 0.08630658581300239, 0.07049134561697376, 0.06749509483322433, 0.06669434066694341, 0.07559560171044594, 0.06583223011192682, 0.08038901883540564, 0.06423586383706024, 0.06609401097590074, 0.07811843763124737]
Preds: [17, 17, 17, 17, 284, 213, 324, 324, 246, 35, 35, 35, 35, 35, 250, 35, 284, 324, 324, 324, 324, 324, 324, 324, 324, 246, 246, 35, 98, 98, 414, 414, 414, 414, 414, 414, 414, 414, 287, 213, 213, 213, 213, 213, 246, 246, 246, 246, 246, 246, 246, 246, 246, 246, 246, 246, 246, 35, 35, 35, 35, 35, 35, 324, 35, 35, 35, 35, 35, 35, 35, 35, 35, 250, 250, 250, 250, 250, 250, 250, 250, 250, 250, 213, 35, 324, 324, 35, 98, 98, 98, 250, 250, 250, 213, 213, 213, 246, 246, 246, 246, 246, 246, 246, 246, 246, 246, 246, 246, 246, 246, 246, 246, 246, 246, 35, 35, 250, 250, 35, 35, 35, 324, 35, 35, 324, 324, 324, 324, 246, 246, 246, 246, 246, 246, 246, 246, 246, 246, 246, 246, 246, 246, 246, 246, 246, 246, 246, 35, 35, 35, 324, 324, 35, 35, 250, 250, 250, 250, 250, 250, 250, 250, 250, 250, 250, 98, 250, 213, 213, 213, 213, 213, 246, 246, 246, 246, 246, 246, 246, 246, 246, 246, 246, 246, 246, 246, 246, 246, 35, 35, 98, 98, 98, 250, 250, 250, 213, 213, 324, 246, 246, 246, 35, 35, 250, 98, 98, 414, 414, 414, 414, 414, 250, 213, 213, 213, 213, 246, 246, 246, 246, 246, 246, 35, 35, 35, 250, 250, 324, 324, 324, 35, 35, 250, 250, 250, 35, 324, 324, 246, 35, 250, 250, 98, 98, 48, 414, 250, 250, 250, 213, 213, 213, 246, 246, 35, 98, 414, 414, 414, 414, 170, 392, 392, 392, 392, 392, 392, 392, 392, 320, 320, 320, 320, 320, 73, 73, 73, 73, 73, 320, 320, 320, 320, 320, 320, 320, 320, 320, 320, 320, 7, 7, 213, 213, 213, 213, 324, 324, 324, 246, 246, 246, 246, 246, 246, 246, 246, 246, 246, 246, 246, 246, 246, 246, 246, 246, 246, 246, 246, 35, 35, 35, 250, 250, 250, 250, 250, 213, 213, 213, 213, 246, 246, 246, 246, 246, 35, 35, 35, 35, 324, 324, 324, 246, 246, 246, 246, 35, 35, 35, 250, 250, 250, 250, 250, 250, 250, 250, 250, 250, 213, 213, 213, 213, 246, 246, 246, 246, 246, 246, 246, 246, 19, 414, 414, 414, 414, 414, 414, 170, 170, 392, 392, 392, 392, 392, 392, 392, 392, 392, 392, 392, 392, 73, 320, 320, 320, 320, 7, 7, 7, 7, 284, 284, 284, 35, 250, 250, 250, 250, 250, 250, 250, 250, 250, 250, 250, 250, 250, 250, 250, 250, 250, 250, 213, 213, 324, 324, 324, 246, 35, 250, 98, 414, 414, 414, 414, 414, 170, 170, 170, 320, 320, 287, 213, 213, 213, 213, 246, 246, 246, 246, 246, 246, 246, 246, 35, 35, 35, 246, 246, 246, 246, 246, 246, 246, 246, 246, 246, 246, 246, 246, 246, 246, 246, 246, 246, 246, 246, 246, 35, 35, 35, 324, 324, 35, 250, 98, 414, 414, 414, 414, 414, 414, 170, 392, 392, 392, 392, 392, 392, 392, 392, 392, 392, 320, 320, 320, 320, 320, 320, 320, 320, 320, 320, 320, 320, 7, 7, 7, 213, 213, 213, 213, 246, 35, 35, 250, 250, 250, 250, 250, 213, 213, 213, 213, 213, 246, 246, 246, 246, 246, 246, 246, 35, 35, 35, 35, 35, 35, 324, 324, 324, 246, 246, 246, 246, 246, 35, 35, 35, 35, 324, 324, 35, 324, 324, 246, 246, 246, 246, 246, 246, 246, 246, 246, 246, 246, 246, 246, 246, 246, 246, 246, 246, 246, 246, 246, 246, 246, 35, 35, 35, 35, 250, 250, 250, 324]

ep6
Train step Loss: [4.668463706970215, 4.720780849456787, 4.761056423187256, 4.596523761749268, 4.685568809509277, 4.662642478942871, 4.748505592346191, 4.682086944580078, 4.5802435874938965, 4.679190158843994, 4.6286139488220215, 4.633687973022461, 4.670446395874023, 4.611932754516602, 4.5505051612854, 4.550637722015381, 4.711249351501465, 4.6445231437683105, 4.431204795837402, 4.626623153686523, 4.553133010864258, 4.684309482574463, 4.67086124420166, 4.567947864532471, 4.654475212097168, 4.546017169952393, 4.6192946434021, 4.589971542358398, 4.5394392013549805, 4.633516788482666, 4.571398735046387, 4.798482418060303, 4.599853038787842, 4.585054874420166, 4.564146041870117, 4.558269500732422, 4.574188709259033, 4.538425922393799, 4.736090660095215, 4.510194301605225, 4.587047576904297, 4.563004016876221, 4.619589328765869, 4.54888916015625, 4.5828070640563965, 4.502386093139648, 4.603972911834717, 4.331727981567383, 4.430622100830078, 4.475988388061523, 4.4073896408081055, 4.552438735961914, 4.592311382293701, 4.564357280731201, 4.643693447113037, 4.638411045074463, 4.588838577270508, 4.398190975189209, 4.511886119842529, 4.524184703826904, 4.486136436462402, 4.584165096282959, 4.600804328918457]
val step Loss: [4.947891712188721, 4.974571228027344, 5.019548416137695, 4.896825790405273, 4.834174633026123, 4.85956335067749, 4.870402812957764, 4.905147552490234, 4.925520896911621, 4.916062831878662, 4.835648059844971, 4.914558410644531, 4.952611446380615, 4.875180721282959, 4.890603065490723, 4.887216567993164]
Train step Accs: [0.12195832726213027, 0.10831340554227036, 0.10277817763063193, 0.137910085054678, 0.11813022700119474, 0.12879861439143442, 0.10743427017225748, 0.13046838769516153, 0.13594091903719913, 0.10986285380799533, 0.12880350696235174, 0.11778046567886302, 0.10963734049697783, 0.1190711462450593, 0.1263761823538533, 0.13400496825834943, 0.1033103448275862, 0.13154478580700996, 0.15616520952668073, 0.11513157894736842, 0.13098061096387223, 0.12365301724137931, 0.11680044284528093, 0.1254057748163335, 0.1131830008673027, 0.11451434878587197, 0.10849300880372864, 0.12122605363984675, 0.1392081736909323, 0.11582123868371892, 0.12885825591848965, 0.09575004199563246, 0.12362601836286047, 0.11521534108770827, 0.1127508854781582, 0.12376237623762376, 0.12709580838323353, 0.13908600624467782, 0.10970353924513516, 0.1297460982995574, 0.13585434173669467, 0.1377608573040045, 0.12989025177533892, 0.14178638351030606, 0.13128976286871025, 0.13331304215492315, 0.1281550236117896, 0.15987210231814547, 0.15935367042763615, 0.13464302827024438, 0.1500509387279872, 0.13943418013856812, 0.11796322489391796, 0.11607142857142858, 0.11212612347134228, 0.12530592266275087, 0.12056440346465493, 0.1603195739014647, 0.13958235201758518, 0.14565090484530063, 0.15382020576825772, 0.1344092963202066, 0.1261518906895456]
val step Accs: [0.09846796657381615, 0.08035581912527798, 0.09290158371040724, 0.09260251943178772, 0.10454972486914509, 0.10036227022675433, 0.107013376672084, 0.10814927646610815, 0.08667493454595562, 0.10020040080160321, 0.10628863208814834, 0.09603370623274735, 0.09548355424644084, 0.09420184022199503, 0.08287292817679558, 0.09532581165093254]
Preds: [17, 17, 17, 284, 284, 284, 284, 324, 324, 284, 35, 35, 35, 35, 35, 324, 324, 324, 324, 324, 284, 35, 35, 35, 98, 48, 414, 414, 48, 48, 267, 213, 213, 324, 324, 246, 35, 35, 35, 35, 284, 324, 324, 213, 213, 213, 213, 246, 19, 414, 414, 414, 414, 392, 392, 392, 392, 392, 392, 392, 73, 73, 73, 73, 73, 73, 320, 320, 320, 320, 320, 320, 320, 320, 73, 73, 73, 73, 73, 320, 320, 287, 287, 287, 284, 284, 284, 284, 171, 171, 324, 324, 324, 324, 324, 324, 284, 35, 35, 35, 250, 250, 250, 250, 35, 35, 35, 284, 324, 324, 324, 324, 324, 324, 324, 284, 35, 35, 98, 98, 98, 250, 250, 250, 284, 284, 284, 284, 35, 35, 35, 35, 35, 35, 35, 35, 35, 35, 35, 35, 35, 35, 324, 324, 324, 324, 324, 284, 324, 324, 324, 324, 324, 324, 324, 246, 284, 35, 35, 98, 98, 250, 324, 324, 324, 284, 35, 284, 324, 284, 35, 35, 35, 35, 35, 35, 324, 324, 324, 324, 246, 35, 35, 35, 35, 98, 48, 48, 48, 250, 267, 284, 284, 35, 35, 35, 250, 250, 250, 250, 250, 250, 250, 250, 267, 284, 284, 324, 284, 284, 35, 35, 35, 98, 98, 48, 48, 48, 48, 48, 48, 48, 48, 48, 48, 250, 35, 35, 250, 250, 48, 48, 48, 250, 35, 35, 35, 284, 284, 324, 324, 324, 213, 246, 246, 246, 246, 246, 246, 324, 324, 324, 246, 246, 246, 246, 246, 246, 246, 35, 35, 98, 98, 98, 250, 267, 324, 324, 324, 246, 246, 246, 246, 324, 35, 98, 414, 414, 414, 414, 392, 392, 392, 392, 392, 392, 73, 73, 73, 73, 73, 73, 73, 73, 73, 73, 73, 73, 73, 73, 73, 73, 73, 73, 320, 320, 320, 320, 320, 320, 320, 287, 7, 213, 213, 171, 213, 213, 246, 246, 246, 246, 324, 324, 324, 324, 324, 246, 324, 324, 324, 213, 246, 246, 246, 246, 35, 35, 35, 35, 324, 324, 324, 324, 246, 246, 246, 246, 246, 246, 246, 246, 246, 246, 246, 246, 246, 246, 213, 213, 246, 246, 246, 246, 246, 246, 246, 246, 246, 246, 246, 246, 35, 246, 324, 324, 35, 35, 35, 98, 98, 250, 250, 35, 324, 324, 324, 284, 35, 35, 284, 284, 284, 284, 284, 284, 284, 35, 35, 35, 35, 35, 35, 35, 324, 324, 324, 324, 324, 324, 324, 324, 246, 246, 246, 246, 35, 35, 35, 324, 324, 324, 246, 246, 246, 246, 246, 246, 246, 246, 246, 35, 35, 35, 35, 35, 98, 414, 414, 414, 414, 414, 170, 392, 392, 392, 47, 47, 73, 73, 73, 73, 73, 73, 73, 73, 73, 73, 320, 320, 320, 320, 287, 7, 7, 213, 171, 284, 284, 284, 324, 324, 324, 324, 246, 246, 246, 246, 246, 246, 246, 246, 246, 324, 324, 324, 324, 324, 284, 35, 35, 35, 35, 35, 284, 284, 284, 284, 284, 324, 324, 284, 284, 35, 35, 35, 35, 35, 35, 250, 98, 98, 48, 414, 414, 414, 414, 170, 170, 392, 392, 392, 392, 392, 63, 73, 73, 73, 73, 73, 73, 73, 73, 73, 73, 73, 73, 73, 320, 320, 320, 287, 287, 287, 287, 284, 284, 284, 171, 171, 171, 284, 35, 35, 35, 98, 48, 48, 48, 48, 250, 250, 250, 250, 267, 284, 284, 284, 284, 324, 324, 324, 324, 324, 324, 324, 324, 324, 246, 246, 246, 246, 246, 35, 35, 35, 35, 35, 132, 284, 284, 284, 324, 324, 324, 246, 246, 246, 246, 35]

ep7
Train step Loss: [4.490295886993408, 4.461959362030029, 4.573463439941406, 4.444196701049805, 4.456844329833984, 4.419268608093262, 4.455992698669434, 4.50813627243042, 4.4576616287231445, 4.495104789733887, 4.5512776374816895, 4.597999572753906, 4.493618011474609, 4.5420684814453125, 4.472602367401123, 4.393426418304443, 4.587265968322754, 4.3908233642578125, 4.4460225105285645, 4.544219493865967, 4.549997806549072, 4.328093528747559, 4.483140468597412, 4.413743019104004, 4.185180187225342, 4.390237808227539, 4.514013290405273, 4.505653381347656, 4.389263153076172, 4.421082496643066, 4.428793907165527, 4.451673984527588, 4.358315467834473, 4.470884799957275, 4.3566718101501465, 4.404166221618652, 4.5859808921813965, 4.377481937408447, 4.404322624206543, 4.362648963928223, 4.538449764251709, 4.356574058532715, 4.329530239105225, 4.371814250946045, 4.391482353210449, 4.374436378479004, 4.403270721435547, 4.281785488128662, 4.429383754730225, 4.360377788543701, 4.341761112213135, 4.321401119232178, 4.415744781494141, 4.340771675109863, 4.392664909362793, 4.270275115966797, 4.2205047607421875, 4.322544574737549, 4.3746113777160645, 4.327939033508301, 4.32785177230835, 4.3713579177856445, 4.435469150543213]
val step Loss: [4.784661293029785, 4.699084281921387, 4.7922492027282715, 4.711781978607178, 4.740175247192383, 4.663992881774902, 4.811813831329346, 4.72537088394165, 4.7262043952941895, 4.7395148277282715, 4.761476039886475, 4.72629976272583, 4.727072238922119, 4.72975492477417, 4.715144634246826, 4.802064418792725]
Train step Accs: [0.1413492427719137, 0.14646206308610402, 0.1453359039003411, 0.15171823755881933, 0.15284406036373016, 0.15986997635933806, 0.14587737843551796, 0.1406344410876133, 0.153767523364486, 0.14234824736392135, 0.1324388318863457, 0.1279645111755673, 0.14050701186623515, 0.12999227003349653, 0.14699493120926865, 0.16461479883233912, 0.13243158225857188, 0.16101245693082428, 0.1462017854135085, 0.1327481431465226, 0.14209115281501342, 0.16790310370931114, 0.1391818472355385, 0.15589818893783652, 0.19157925407925408, 0.14631130649814536, 0.13716690042075735, 0.1456323509977534, 0.14730113636363637, 0.15446941975953998, 0.1433134891825178, 0.14029583146571045, 0.15663354763296317, 0.15274919141428991, 0.16505992704533612, 0.1501799856011519, 0.12732600732600732, 0.15721110779337116, 0.16147157190635453, 0.15625, 0.13618012422360248, 0.16864187440403214, 0.17089018843404807, 0.1587108543630283, 0.16283006093432634, 0.1556491967342639, 0.15119206278690953, 0.1661744966442953, 0.14214285714285715, 0.15980522355024346, 0.15621970920840064, 0.1632795100222717, 0.1352493660185968, 0.17777451556077511, 0.16641881843990808, 0.17954327909202789, 0.19199653279399018, 0.16756924029088657, 0.14310148232611175, 0.1684631967970434, 0.15142760027192387, 0.1668222844693433, 0.1512950094756791]
val step Accs: [0.10131401203487658, 0.1110779337115557, 0.09725296185392528, 0.11379061371841155, 0.11700156762149067, 0.11897366644159352, 0.10020366598778004, 0.11129822412737293, 0.11792634415501091, 0.10451661067562523, 0.1085195187822244, 0.10070479804825155, 0.10197678067147788, 0.10678171767561008, 0.11308686196750671, 0.09843885516045099]
Preds: [17, 17, 17, 284, 213, 213, 213, 213, 213, 213, 246, 246, 464, 35, 35, 35, 35, 35, 35, 132, 132, 132, 284, 284, 284, 284, 284, 35, 35, 284, 324, 284, 284, 284, 284, 284, 35, 132, 284, 284, 284, 324, 324, 324, 324, 324, 246, 246, 246, 246, 246, 464, 464, 464, 246, 284, 35, 35, 35, 35, 132, 132, 132, 132, 250, 98, 98, 414, 414, 414, 414, 414, 414, 170, 170, 392, 392, 392, 392, 392, 73, 73, 73, 73, 73, 73, 73, 73, 73, 73, 73, 73, 73, 73, 320, 320, 320, 287, 287, 287, 287, 284, 284, 213, 213, 213, 213, 246, 246, 246, 246, 324, 246, 213, 213, 213, 213, 246, 19, 19, 454, 414, 414, 414, 414, 170, 170, 392, 392, 392, 392, 73, 73, 73, 73, 73, 73, 73, 73, 73, 73, 73, 73, 320, 320, 320, 287, 7, 7, 7, 213, 213, 213, 213, 213, 213, 246, 464, 464, 284, 324, 324, 213, 213, 246, 246, 19, 35, 35, 98, 48, 48, 48, 48, 48, 267, 267, 213, 213, 213, 246, 246, 464, 35, 35, 35, 35, 35, 132, 132, 284, 324, 324, 324, 213, 213, 213, 213, 213, 246, 246, 19, 19, 454, 414, 414, 414, 414, 414, 170, 170, 47, 320, 7, 7, 213, 284, 284, 35, 35, 250, 284, 284, 324, 324, 324, 246, 246, 324, 246, 246, 246, 19, 35, 98, 98, 414, 414, 414, 414, 267, 213, 213, 213, 213, 246, 246, 246, 246, 246, 246, 246, 246, 246, 246, 246, 246, 246, 246, 246, 246, 246, 246, 246, 246, 246, 246, 464, 464, 284, 132, 35, 35, 35, 35, 35, 132, 250, 132, 132, 132, 132, 250, 250, 250, 250, 250, 250, 250, 250, 250, 250, 267, 267, 284, 35, 35, 250, 250, 98, 48, 250, 250, 267, 267, 284, 284, 284, 132, 132, 132, 284, 284, 284, 132, 132, 132, 132, 132, 132, 132, 132, 132, 132, 284, 324, 324, 324, 213, 213, 213, 213, 246, 246, 246, 464, 35, 35, 35, 35, 98, 98, 48, 48, 48, 250, 267, 267, 267, 267, 284, 284, 284, 324, 324, 324, 324, 464, 284, 132, 35, 35, 132, 132, 284, 284, 132, 132, 132, 284, 284, 132, 284, 132, 132, 324, 324, 324, 324, 246, 246, 246, 246, 324, 324, 246, 246, 246, 246, 246, 464, 464, 464, 132, 35, 98, 454, 414, 414, 414, 414, 414, 414, 414, 287, 287, 47, 47, 47, 47, 47, 47, 47, 47, 47, 47, 47, 73, 73, 73, 73, 73, 73, 73, 73, 73, 73, 320, 320, 320, 287, 287, 287, 7, 284, 284, 284, 284, 284, 284, 284, 284, 284, 35, 35, 35, 35, 35, 132, 132, 132, 284, 324, 324, 324, 246, 324, 246, 246, 246, 246, 246, 246, 246, 246, 246, 246, 464, 132, 132, 35, 35, 35, 132, 132, 132, 132, 132, 132, 284, 284, 324, 324, 324, 284, 35, 35, 35, 250, 250, 250, 250, 250, 250, 250, 250, 250, 267, 267, 132, 284, 284, 284, 324, 324, 284, 284, 132, 132, 132, 132, 132, 132, 132, 284, 324, 284, 132, 132, 35, 35, 35, 250, 98, 98, 48, 414, 414, 414, 414, 414, 170, 170, 170, 320, 7, 7, 287, 414, 170, 170, 47, 320, 320, 287, 287, 320, 47, 73, 73, 73, 392, 392, 392, 392, 73, 73, 73, 73, 73, 73, 73, 73, 73, 73, 73, 73, 73, 73, 73, 73, 73, 73, 73, 73, 73, 73, 73, 320, 320, 320, 287, 287, 7, 7, 284, 287, 35, 35, 48, 170, 392, 392, 73, 73, 320, 320, 320, 320, 320]

ep8
Train step Loss: [4.285185813903809, 4.206456184387207, 4.309421539306641, 4.417313098907471, 4.383923530578613, 4.326355934143066, 4.225666522979736, 4.382646560668945, 4.388847827911377, 4.287469387054443, 4.183177947998047, 4.239867210388184, 4.26651668548584, 4.146559715270996, 4.283454895019531, 4.195324897766113, 4.352059364318848, 4.297192573547363, 4.298643589019775, 4.3832573890686035, 4.295771598815918, 4.250951290130615, 4.358139514923096, 4.3039231300354, 4.3261823654174805, 4.224625587463379, 4.220722675323486, 4.422676086425781, 4.210478782653809, 4.282360076904297, 4.222040176391602, 4.284032344818115, 4.061119556427002, 4.458170413970947, 4.197733402252197, 4.276059627532959, 4.235486030578613, 4.232154369354248, 4.284840106964111, 4.160962104797363, 4.2835845947265625, 4.2157769203186035, 4.251331329345703, 4.200191020965576, 4.248640060424805, 4.221622943878174, 4.25515079498291, 4.213503837585449, 4.145956516265869, 4.185964584350586, 4.250835418701172, 4.2885518074035645, 4.148432731628418, 4.303514003753662, 4.131637096405029, 4.23399019241333, 4.160849571228027, 4.205836772918701, 4.354638576507568, 4.192639350891113, 4.146840572357178, 4.15798807144165, 4.171119213104248]
val step Loss: [4.453017234802246, 4.569732189178467, 4.634366512298584, 4.648956775665283, 4.560937404632568, 4.635850429534912, 4.554622173309326, 4.495181083679199, 4.5930328369140625, 4.706682205200195, 4.550968170166016, 4.529255390167236, 4.514219760894775, 4.605968952178955, 4.6735639572143555, 4.548980236053467]
Train step Accs: [0.16534391534391535, 0.19575074491514444, 0.16876991714467815, 0.1493782464977176, 0.15640509725016769, 0.17189030362389815, 0.18320296418279128, 0.1660397635679742, 0.16506849315068492, 0.17799681113204813, 0.19150823827629912, 0.18627294493216282, 0.16462785556374354, 0.1902195877677489, 0.1671229126745141, 0.18841001747233546, 0.16497031382527566, 0.17831647828673408, 0.17038172192811368, 0.15854959118378956, 0.18400109769484083, 0.17861482381530985, 0.1676762114537445, 0.16875630494307536, 0.15745501285347044, 0.1790595954073264, 0.1693996476487329, 0.1474618498909997, 0.18919262555626193, 0.16759929029616488, 0.16820965674405355, 0.18476314504313854, 0.20027548209366391, 0.14814814814814814, 0.19105182715020147, 0.17416607523066005, 0.18788819875776397, 0.16983983076458145, 0.1752, 0.1867102720380556, 0.17035301010692838, 0.18366623330575582, 0.17911344853493613, 0.18611547182975754, 0.17624831309041836, 0.1837837837837838, 0.1626003462930899, 0.17712847756186215, 0.19859563425431231, 0.1925634824667473, 0.1891393733163193, 0.18179059180576632, 0.1895150365754538, 0.16187433439829607, 0.20317128419585292, 0.1862785294519612, 0.18514427723319066, 0.19086263901412684, 0.16505450637187163, 0.1838829071332436, 0.20091577632856944, 0.19167717528373265, 0.1878719183904789]
val step Accs: [0.1369209809264305, 0.12997032640949555, 0.13180555555555556, 0.12149298597194388, 0.12849247774025177, 0.11792041823990705, 0.13378273269380347, 0.13251088534107403, 0.13049625335783968, 0.1142402350924452, 0.12297379646556977, 0.13875465967140688, 0.1432915703685683, 0.12229469315149719, 0.1195991671004685, 0.13036129304880625]
Preds: [17, 17, 17, 17, 284, 284, 284, 284, 284, 284, 35, 35, 35, 250, 98, 98, 250, 250, 250, 250, 132, 250, 284, 284, 284, 284, 284, 284, 284, 284, 132, 35, 35, 35, 250, 132, 284, 284, 324, 324, 324, 246, 464, 35, 35, 35, 250, 98, 250, 250, 250, 267, 213, 213, 213, 213, 246, 246, 246, 464, 182, 464, 246, 246, 246, 246, 464, 19, 35, 35, 98, 98, 250, 250, 250, 250, 250, 250, 250, 267, 267, 284, 284, 267, 284, 486, 284, 132, 132, 35, 250, 132, 284, 284, 284, 284, 132, 284, 284, 324, 324, 464, 464, 464, 464, 464, 284, 284, 284, 284, 284, 284, 132, 284, 132, 132, 35, 98, 98, 98, 414, 414, 414, 414, 414, 170, 170, 170, 392, 392, 392, 392, 73, 73, 73, 73, 73, 73, 392, 73, 73, 392, 73, 73, 73, 73, 73, 320, 320, 7, 287, 287, 287, 287, 287, 35, 35, 17, 287, 287, 287, 284, 284, 284, 284, 35, 35, 35, 284, 35, 35, 98, 98, 48, 414, 287, 267, 267, 213, 246, 464, 284, 35, 132, 132, 284, 284, 324, 324, 246, 464, 464, 284, 284, 464, 464, 464, 464, 284, 284, 284, 284, 284, 284, 284, 284, 284, 132, 284, 132, 132, 35, 132, 132, 284, 132, 132, 35, 250, 132, 132, 132, 284, 284, 132, 132, 35, 250, 250, 250, 98, 98, 414, 414, 414, 414, 170, 170, 170, 392, 392, 392, 73, 73, 73, 73, 73, 73, 73, 73, 73, 73, 73, 73, 73, 73, 73, 320, 7, 7, 7, 7, 284, 284, 284, 284, 284, 35, 35, 35, 35, 250, 250, 250, 250, 250, 250, 267, 284, 284, 284, 284, 284, 35, 250, 98, 98, 250, 250, 250, 267, 267, 284, 284, 284, 284, 132, 35, 98, 98, 98, 414, 414, 414, 170, 170, 47, 73, 73, 320, 287, 287, 287, 284, 284, 284, 284, 284, 284, 284, 284, 284, 284, 132, 132, 35, 35, 250, 250, 250, 250, 250, 250, 250, 250, 250, 250, 250, 267, 267, 284, 284, 324, 324, 324, 464, 464, 464, 284, 284, 464, 464, 284, 132, 284, 284, 284, 284, 284, 132, 35, 35, 98, 250, 250, 250, 250, 267, 284, 284, 284, 284, 284, 284, 284, 284, 284, 35, 35, 98, 98, 250, 250, 250, 98, 48, 414, 414, 414, 414, 170, 170, 392, 392, 392, 392, 73, 73, 73, 73, 73, 73, 73, 392, 63, 63, 73, 73, 73, 320, 7, 7, 287, 287, 287, 287, 287, 284, 284, 284, 284, 284, 284, 284, 284, 284, 284, 284, 284, 284, 284, 284, 284, 35, 35, 250, 98, 98, 98, 250, 267, 267, 284, 284, 132, 284, 284, 284, 284, 35, 98, 98, 414, 414, 414, 414, 287, 267, 267, 284, 324, 324, 246, 246, 246, 246, 246, 246, 246, 246, 246, 246, 246, 246, 246, 246, 246, 246, 246, 246, 246, 246, 246, 246, 246, 246, 246, 246, 246, 246, 246, 246, 246, 246, 246, 246, 246, 246, 246, 246, 246, 246, 246, 246, 246, 246, 246, 246, 246, 246, 246, 246, 246, 246, 246, 246, 246, 246, 246, 246, 246, 246, 246, 246, 246, 246, 246, 246, 246, 246, 246, 246, 246, 246, 246, 246, 246, 246, 246, 246, 246, 246, 246, 246, 246, 246, 246, 246, 246, 246, 246, 246, 246, 246, 246, 246, 246, 246, 246, 246, 246, 246, 246, 246, 246, 246, 246, 246, 246, 246, 246, 246, 246, 246, 246, 246, 246, 246, 246, 246, 246, 246, 246, 246, 246, 246, 246, 246, 246, 246, 246, 246, 246, 246, 246, 246, 246, 246, 246, 246]

ep9
Train step Loss: [4.012845516204834, 4.08610725402832, 4.278677463531494, 4.202186584472656, 4.098949909210205, 4.24346923828125, 4.181831359863281, 4.201641082763672, 4.117672443389893, 4.10203742980957, 4.093155860900879, 4.071385383605957, 4.119123935699463, 4.147392749786377, 4.212630271911621, 4.07939338684082, 4.024846076965332, 4.161632061004639, 4.167745113372803, 4.1432366371154785, 4.028336524963379, 4.1481032371521, 4.1514363288879395, 4.11428689956665, 4.258335113525391, 3.989107370376587, 3.9225168228149414, 4.204214096069336, 4.019598960876465, 4.178600788116455, 4.072967529296875, 4.074721336364746, 4.186760425567627, 4.009336471557617, 4.160412311553955, 4.056795597076416, 4.14360237121582, 4.057319164276123, 4.060661315917969, 4.068705081939697, 4.1141037940979, 4.142953872680664, 4.100833892822266, 4.24064826965332, 4.094044208526611, 4.184187889099121, 3.956937074661255, 4.02400541305542, 4.047374248504639, 4.0604753494262695, 4.130925178527832, 4.130993366241455, 3.945335626602173, 4.003231525421143, 3.989824056625366, 4.0829033851623535, 4.088034629821777, 4.002807140350342, 4.15521764755249, 4.067868232727051, 4.115413665771484, 4.0991010665893555, 4.117109298706055]
val step Loss: [4.456813335418701, 4.430316925048828, 4.4445013999938965, 4.505751132965088, 4.388472080230713, 4.507040023803711, 4.488505840301514, 4.458001136779785, 4.484935760498047, 4.456057071685791, 4.402397155761719, 4.467013835906982, 4.330760955810547, 4.469264030456543, 4.362259387969971, 4.417763710021973]
Train step Accs: [0.2159127888057273, 0.19156815268480273, 0.1778133178249491, 0.18410942062394345, 0.20269423558897243, 0.17979694126718931, 0.19866071428571427, 0.1897309881013968, 0.19758015728977615, 0.2037231646899865, 0.19846397659392906, 0.18920349298756284, 0.19662841762289276, 0.17976574435579698, 0.18882495457298606, 0.20501110836830413, 0.21139009678776827, 0.19348497613030047, 0.19529050422318914, 0.18401321641885882, 0.20519284093773632, 0.18640941977585473, 0.1921443736730361, 0.18990346573824973, 0.17542728152208964, 0.21213608112528623, 0.21964238057112356, 0.17851264402214576, 0.21129986638671502, 0.18246583309101483, 0.20078340345277818, 0.19833910034602076, 0.1802741358760429, 0.20042674253200568, 0.18992130750605327, 0.2080467229072031, 0.20276140242010549, 0.20657036942349483, 0.1990426189005559, 0.1889763779527559, 0.16373911715289446, 0.17919174548581254, 0.19815162907268172, 0.17942921729302064, 0.1988619347109913, 0.2117611212675198, 0.21389396709323583, 0.2152317880794702, 0.19838945827232796, 0.20182211241507103, 0.19874979964737938, 0.21209810649383656, 0.23517964071856287, 0.1973960520789584, 0.212425110705913, 0.20182926829268294, 0.18575063613231552, 0.21366078280890252, 0.17955401100492324, 0.20516499282639886, 0.20313241575700047, 0.20754406193378355, 0.21026894865525672]
val step Accs: [0.1446661550268611, 0.12995245641838352, 0.16420382165605096, 0.1326457527574846, 0.15036496350364964, 0.14033907427341227, 0.13301323643913834, 0.13230002767783006, 0.14399063475546306, 0.15604003839297956, 0.1424988242671265, 0.14216417910447762, 0.15684496826835903, 0.1339368925575822, 0.15582655826558264, 0.15386591317749806]
Preds: [17, 17, 284, 284, 284, 284, 284, 284, 284, 35, 132, 132, 132, 132, 132, 132, 250, 250, 98, 250, 250, 267, 284, 284, 284, 284, 284, 284, 284, 284, 284, 132, 132, 284, 284, 132, 132, 35, 250, 250, 284, 284, 284, 284, 132, 132, 132, 284, 284, 132, 35, 250, 250, 98, 48, 48, 250, 267, 267, 213, 213, 246, 246, 246, 464, 464, 464, 464, 284, 284, 132, 132, 132, 132, 132, 250, 250, 250, 250, 153, 284, 284, 284, 486, 324, 464, 464, 132, 35, 35, 98, 98, 303, 250, 250, 250, 250, 132, 267, 267, 267, 324, 324, 246, 213, 213, 213, 246, 246, 246, 19, 19, 132, 182, 464, 464, 464, 464, 246, 246, 464, 464, 464, 374, 374, 374, 374, 132, 132, 132, 132, 250, 250, 250, 250, 132, 284, 267, 324, 213, 213, 246, 19, 19, 19, 132, 284, 246, 246, 324, 213, 213, 246, 464, 19, 19, 35, 132, 284, 324, 213, 213, 213, 246, 246, 19, 19, 454, 414, 414, 414, 414, 170, 170, 170, 47, 47, 47, 47, 73, 73, 73, 73, 73, 73, 73, 73, 73, 73, 73, 320, 320, 320, 320, 287, 287, 287, 287, 287, 7, 7, 213, 213, 213, 213, 213, 246, 246, 246, 246, 246, 246, 246, 246, 464, 19, 19, 132, 132, 132, 182, 284, 486, 486, 486, 132, 35, 35, 355, 98, 98, 303, 250, 250, 267, 267, 284, 284, 284, 284, 284, 284, 284, 132, 132, 132, 250, 250, 132, 132, 132, 132, 132, 284, 284, 324, 486, 464, 464, 464, 374, 19, 98, 454, 414, 414, 414, 414, 170, 170, 392, 392, 47, 47, 73, 73, 73, 73, 73, 73, 320, 7, 7, 7, 7, 171, 171, 171, 171, 464, 464, 464, 264, 35, 35, 132, 132, 284, 486, 324, 464, 464, 464, 464, 132, 132, 132, 284, 486, 464, 246, 246, 246, 246, 246, 464, 464, 464, 464, 464, 464, 132, 35, 132, 132, 132, 132, 132, 132, 250, 250, 132, 284, 284, 284, 324, 324, 324, 213, 213, 213, 246, 464, 464, 464, 464, 464, 464, 464, 464, 132, 132, 132, 132, 284, 486, 324, 324, 213, 246, 246, 246, 246, 246, 19, 19, 454, 454, 414, 414, 414, 414, 170, 47, 47, 47, 47, 73, 73, 73, 73, 320, 320, 7, 287, 287, 287, 287, 287, 284, 284, 284, 284, 35, 35, 35, 250, 267, 267, 387, 486, 486, 284, 284, 284, 132, 35, 35, 250, 250, 250, 250, 250, 250, 250, 250, 250, 267, 250, 132, 284, 284, 284, 284, 486, 284, 284, 284, 284, 284, 132, 284, 284, 284, 132, 35, 35, 132, 132, 132, 132, 132, 132, 132, 132, 132, 132, 132, 250, 250, 250, 250, 250, 267, 267, 267, 324, 246, 246, 246, 246, 246, 213, 213, 213, 246, 19, 19, 19, 132, 182, 246, 374, 374, 374, 284, 284, 374, 132, 132, 132, 132, 284, 284, 486, 486, 284, 132, 132, 132, 284, 324, 324, 324, 246, 246, 246, 246, 246, 19, 19, 454, 454, 414, 414, 414, 414, 170, 170, 392, 392, 392, 244, 320, 73, 73, 73, 320, 320, 320, 7, 7, 7, 284, 284, 284, 284, 284, 171, 171, 171, 171, 464, 19, 19, 454, 414, 414, 267, 267, 171, 171, 464, 464, 464, 464, 464, 464, 464, 464, 464, 464, 464, 464, 464, 464, 464, 464, 464, 464, 464, 464, 464, 464, 464, 464, 464, 464, 464, 464, 464, 464, 464, 464, 464, 464, 464, 464, 464, 464, 464, 464, 464, 464, 464, 464, 464, 464, 464, 464, 464, 464, 464, 464, 464, 464, 464, 464, 464, 464]

ep10
Train step Loss: [3.9867942333221436, 4.134419918060303, 3.9824821949005127, 4.0055317878723145, 4.060588836669922, 3.9081077575683594, 3.961176872253418, 3.954108238220215, 3.976978063583374, 4.051652908325195, 3.984374761581421, 4.063024044036865, 4.0777058601379395, 3.993001699447632, 3.9670002460479736, 4.065010070800781, 4.046091556549072, 3.9906699657440186, 4.009325981140137, 3.931507110595703, 3.9799368381500244, 4.076025009155273, 4.040081024169922, 3.8754994869232178, 3.9802560806274414, 3.9410653114318848, 3.9970996379852295, 3.9769835472106934, 3.8390417098999023, 3.9786648750305176, 3.9167063236236572, 3.936577558517456, 4.0913004875183105, 4.055952072143555, 4.0838727951049805, 4.040250778198242, 3.864657163619995, 3.888139247894287, 3.97822904586792, 3.9466140270233154, 4.0290422439575195, 3.9872450828552246, 3.887195110321045, 3.94903564453125, 3.90830397605896, 3.868650436401367, 3.8428070545196533, 3.9217605590820312, 3.9770753383636475, 4.046517372131348, 3.844282388687134, 3.8532235622406006, 3.9631187915802, 3.899729013442993, 4.016602993011475, 3.784371852874756, 3.8697757720947266, 3.90881609916687, 3.9079020023345947, 3.9890973567962646, 3.8880136013031006, 3.9470558166503906, 4.079437732696533]
val step Loss: [4.285972595214844, 4.225224494934082, 4.231936454772949, 4.270142555236816, 4.2623372077941895, 4.2978386878967285, 4.349179744720459, 4.281009197235107, 4.266593933105469, 4.354187965393066, 4.320092678070068, 4.337696552276611, 4.363104820251465, 4.342236042022705, 4.419486045837402, 4.298537254333496]
Train step Accs: [0.22634597005415738, 0.1882991767384831, 0.21343413783076476, 0.21196653906139232, 0.20957991009145868, 0.2402398401065956, 0.23010843543162934, 0.23130965005302226, 0.21575859178541493, 0.21312741312741312, 0.2055804539540263, 0.1982808857808858, 0.19902166317260656, 0.22302388969055637, 0.2199323285143033, 0.20385674931129477, 0.21432731508444963, 0.22648551806509407, 0.21911059250615844, 0.2271824082659955, 0.2274734260016353, 0.19646450129347515, 0.2060174892544835, 0.22812920592193808, 0.2124411470965901, 0.2161874334398296, 0.2232006575085124, 0.22281167108753316, 0.23670537897310515, 0.21505032752835918, 0.22586841684008324, 0.21343368361261006, 0.1970417326994189, 0.1992619926199262, 0.2211247732312034, 0.20324758255792738, 0.23104297837393922, 0.22779641242525886, 0.22338049143708116, 0.2132677512927229, 0.1969142259414226, 0.2140689655172414, 0.22308934337997846, 0.21778084079944865, 0.22795576977601362, 0.23934649421375084, 0.24933804060017653, 0.2220403709765412, 0.21434187765371915, 0.20513638538841922, 0.23895526535148653, 0.23896774193548387, 0.2248283752860412, 0.23717217787913342, 0.22277958099734435, 0.2560010911074741, 0.23699582753824758, 0.23325062034739455, 0.23157894736842105, 0.20713942692492396, 0.22862232779097388, 0.22017943815266952, 0.19962394233782513]
val step Accs: [0.16708683473389355, 0.15714285714285714, 0.17154751650875683, 0.1486124806310748, 0.16935786706721742, 0.1613200105180121, 0.15728207904710342, 0.1622832881235995, 0.17088607594936708, 0.14358186010760954, 0.1581625636088571, 0.16090370574459292, 0.15, 0.15918310253182263, 0.13654253708749622, 0.17088490670607795]
Preds: [17, 17, 17, 284, 284, 284, 284, 284, 35, 35, 35, 250, 250, 250, 250, 267, 284, 284, 284, 284, 284, 284, 132, 284, 486, 324, 324, 246, 464, 464, 464, 132, 35, 284, 324, 246, 246, 464, 464, 464, 464, 464, 464, 464, 464, 246, 19, 19, 454, 454, 414, 414, 414, 414, 170, 170, 170, 47, 47, 47, 47, 47, 320, 7, 7, 213, 213, 213, 171, 464, 464, 35, 35, 250, 132, 132, 132, 132, 132, 132, 153, 284, 284, 284, 284, 284, 284, 284, 132, 132, 132, 35, 250, 132, 284, 284, 486, 324, 324, 464, 464, 464, 464, 464, 19, 19, 454, 414, 414, 414, 414, 170, 170, 170, 47, 170, 47, 47, 47, 320, 320, 320, 320, 320, 7, 7, 7, 284, 486, 171, 171, 171, 464, 464, 464, 464, 464, 464, 464, 246, 246, 246, 246, 19, 19, 454, 454, 414, 414, 414, 320, 267, 213, 171, 246, 246, 246, 246, 246, 464, 464, 464, 246, 464, 464, 264, 132, 264, 374, 284, 486, 464, 464, 464, 464, 264, 132, 132, 132, 132, 355, 355, 250, 250, 250, 153, 284, 153, 132, 250, 250, 250, 250, 250, 250, 250, 250, 250, 267, 267, 284, 284, 284, 284, 284, 35, 98, 98, 414, 414, 414, 414, 170, 47, 7, 267, 267, 250, 132, 153, 153, 250, 35, 98, 48, 303, 250, 267, 267, 267, 267, 213, 213, 213, 246, 246, 19, 19, 35, 35, 303, 250, 250, 267, 267, 267, 267, 486, 486, 240, 132, 35, 98, 98, 250, 267, 284, 284, 284, 284, 284, 182, 182, 182, 182, 182, 182, 35, 35, 35, 98, 98, 414, 414, 414, 414, 47, 320, 287, 287, 284, 284, 284, 284, 35, 98, 414, 414, 414, 170, 320, 7, 267, 267, 486, 486, 464, 464, 464, 464, 464, 464, 464, 464, 464, 464, 464, 464, 464, 464, 464, 464, 464, 464, 464, 464, 464, 464, 464, 464, 464, 464, 464, 464, 464, 464, 464, 464, 464, 464, 464, 464, 464, 464, 464, 464, 464, 464, 464, 464, 464, 464, 464, 464, 464, 464, 464, 464, 464, 464, 464, 464, 464, 464, 464, 464, 464, 464, 464, 464, 464, 464, 464, 464, 464, 464, 464, 464, 464, 464, 464, 464, 464, 464, 464, 464, 464, 464, 464, 464, 464, 464, 464, 464, 464, 464, 464, 464, 464, 464, 464, 464, 464, 464, 464, 464, 464, 464, 464, 464, 464, 464, 464, 464, 464, 464, 464, 464, 464, 464, 464, 464, 464, 464, 464, 464, 464, 464, 464, 464, 464, 464, 464, 464, 464, 464, 464, 464, 464, 464, 464, 464, 464, 464, 464, 464, 464, 464, 464, 464, 464, 464, 464, 464, 464, 464, 464, 464, 464, 464, 464, 464, 464, 464, 464, 464, 464, 464, 464, 464, 464, 464, 464, 464, 464, 464, 464, 464, 464, 464, 464, 464, 464, 464, 464, 464, 464, 464, 464, 464, 464, 464, 464, 464, 464, 464, 464, 464, 464, 464, 464, 464, 464, 464, 464, 464, 464, 464, 464, 464, 464, 464, 464, 464, 464, 464, 464, 464, 464, 464, 464, 464, 464, 464, 464, 464, 464, 464, 464, 464, 464, 464, 464, 464, 464, 464, 464, 464, 464, 464, 464, 464, 464, 464, 464, 464, 464, 464, 464, 464, 464, 464, 464, 464, 464, 464, 464, 464, 464, 464, 464, 464, 464, 464, 464, 464, 464, 464, 464, 464, 464, 464, 464, 464, 464, 464, 464, 464, 464, 464, 464, 464, 464, 464, 464, 464, 464, 464, 464, 464, 464, 464, 464, 464, 464, 464, 464, 464, 464, 464, 464, 464, 464, 464, 464, 464, 464, 464, 464, 464]

ep11
Train step Loss: [3.844900369644165, 3.884493350982666, 3.9630415439605713, 3.8965094089508057, 3.934839963912964, 3.8615872859954834, 3.8119211196899414, 3.928964376449585, 3.82446551322937, 3.8735854625701904, 3.797703742980957, 3.9167346954345703, 3.842634916305542, 4.012948036193848, 3.9362971782684326, 3.92030930519104, 3.8414306640625, 3.830718994140625, 3.9330391883850098, 3.9121856689453125, 3.872466564178467, 3.788339138031006, 3.8303916454315186, 3.8122031688690186, 3.8029098510742188, 3.9048163890838623, 3.807732582092285, 3.8720712661743164, 3.8668925762176514, 3.930946111679077, 3.896552562713623, 3.8048744201660156, 3.8659517765045166, 3.9196577072143555, 3.885477304458618, 3.9731605052948, 3.6335105895996094, 3.7193541526794434, 3.9106497764587402, 3.8670454025268555, 3.7789952754974365, 3.8727517127990723, 3.7846996784210205, 3.756787061691284, 3.846186876296997, 3.6386942863464355, 3.802340030670166, 3.8403542041778564, 3.7219431400299072, 3.884065866470337, 3.717857599258423, 3.832923173904419, 3.8371307849884033, 3.725853443145752, 3.781524896621704, 3.7228379249572754, 3.815351963043213, 3.810941457748413, 3.8351519107818604, 3.6155335903167725, 3.935307502746582, 3.7216975688934326, 3.9480814933776855]
val step Loss: [4.155518531799316, 4.2020440101623535, 4.268370151519775, 4.117021083831787, 4.19099235534668, 4.148189067840576, 4.1294989585876465, 4.326094627380371, 4.221949577331543, 4.17002534866333, 4.178070068359375, 4.131900787353516, 4.241121768951416, 4.122767448425293, 4.11859655380249, 4.160845756530762]
Train step Accs: [0.2395707376058041, 0.23038273976651397, 0.2132668605456308, 0.23967906637490882, 0.23008600028196813, 0.23742116327960758, 0.2531537916371368, 0.2270880361173815, 0.2349562363238512, 0.21806270472625175, 0.2299864314789688, 0.22666040100250626, 0.2377416643317456, 0.21163254212719695, 0.21661769507019263, 0.22025793363280685, 0.24047058823529413, 0.24260440835266822, 0.22805443397637207, 0.23040412259289395, 0.2314663497251523, 0.2586229857504328, 0.23893129770992366, 0.24770280913625622, 0.25569823434991973, 0.22188449848024316, 0.23091464301294168, 0.22716497001812858, 0.24313216526065326, 0.2278986505095015, 0.22944703530979346, 0.23868074641978881, 0.23980446927374302, 0.22612625747193468, 0.23536956870290204, 0.2162809257781325, 0.28538910229051073, 0.25780010576414597, 0.2373996789727127, 0.2443653618030842, 0.2662026968247064, 0.23058362237973157, 0.2464352972827549, 0.2425407770852672, 0.2354601919819311, 0.2742755765819042, 0.24020329008960814, 0.23720866087436215, 0.25877306992461657, 0.2405452358679674, 0.2603905160390516, 0.23928847641144624, 0.22807017543859648, 0.25208747514910534, 0.24097975946025227, 0.2585051884933666, 0.2453833653420003, 0.23277875072971396, 0.23231750531537917, 0.28054649899083994, 0.21557004544556413, 0.2551411147354985, 0.21839434020301446]
val step Accs: [0.18350213219616204, 0.17508917954815695, 0.1529159651002602, 0.19983029274501485, 0.17657894736842106, 0.1777040477770405, 0.1678753693258125, 0.1547534460707688, 0.17064803049555274, 0.17681226765799257, 0.17496573777980814, 0.18376424798443147, 0.15811412965358632, 0.1754293955683755, 0.18528011717319662, 0.17330595482546202]
Preds: [17, 17, 17, 284, 284, 284, 284, 284, 284, 413, 413, 413, 250, 250, 250, 284, 284, 284, 284, 284, 284, 284, 284, 284, 284, 284, 284, 413, 413, 132, 98, 35, 250, 132, 153, 153, 153, 284, 284, 284, 284, 284, 284, 284, 413, 132, 284, 284, 324, 324, 324, 324, 246, 464, 143, 355, 355, 284, 284, 284, 132, 284, 284, 284, 284, 293, 132, 132, 284, 284, 284, 284, 413, 413, 132, 132, 132, 132, 284, 284, 132, 132, 250, 250, 250, 250, 250, 250, 132, 153, 153, 284, 284, 284, 284, 284, 284, 284, 284, 284, 132, 132, 284, 284, 284, 486, 486, 486, 464, 464, 464, 132, 355, 355, 355, 303, 250, 250, 250, 250, 250, 153, 153, 267, 284, 387, 486, 324, 324, 213, 171, 464, 464, 464, 132, 132, 374, 284, 486, 464, 324, 246, 464, 464, 464, 355, 35, 355, 284, 284, 284, 284, 293, 132, 132, 284, 132, 132, 250, 35, 250, 250, 250, 303, 250, 250, 267, 267, 213, 213, 213, 213, 246, 246, 246, 246, 246, 464, 19, 19, 464, 246, 246, 246, 246, 246, 464, 19, 19, 355, 355, 303, 250, 250, 267, 284, 284, 284, 284, 284, 284, 284, 284, 293, 132, 250, 250, 250, 250, 250, 250, 250, 267, 267, 267, 213, 464, 464, 464, 464, 143, 355, 355, 284, 486, 486, 486, 264, 132, 486, 486, 264, 355, 355, 250, 250, 132, 284, 284, 284, 284, 293, 355, 250, 355, 303, 250, 267, 284, 284, 284, 387, 486, 486, 486, 486, 240, 284, 19, 19, 454, 414, 414, 414, 47, 47, 47, 47, 47, 73, 73, 73, 73, 73, 73, 2, 2, 2, 73, 73, 73, 73, 73, 73, 320, 320, 320, 320, 2, 2, 2, 287, 287, 287, 287, 153, 284, 153, 284, 284, 284, 293, 284, 284, 293, 132, 267, 324, 324, 464, 464, 464, 464, 464, 464, 240, 374, 374, 374, 132, 132, 132, 355, 250, 250, 284, 284, 284, 284, 324, 324, 213, 246, 464, 464, 464, 264, 374, 284, 374, 374, 284, 284, 374, 284, 284, 132, 132, 355, 250, 250, 250, 250, 250, 250, 132, 132, 132, 284, 284, 267, 213, 213, 213, 213, 213, 246, 246, 246, 246, 246, 246, 246, 246, 246, 19, 19, 454, 454, 414, 414, 414, 170, 170, 47, 47, 47, 47, 47, 47, 47, 73, 73, 73, 73, 73, 320, 320, 287, 287, 287, 284, 284, 284, 284, 35, 35, 35, 250, 250, 250, 250, 267, 267, 284, 250, 250, 250, 303, 303, 303, 115, 287, 153, 284, 284, 284, 284, 293, 284, 284, 293, 132, 132, 250, 35, 303, 48, 48, 48, 414, 287, 267, 267, 284, 486, 171, 464, 246, 246, 464, 464, 464, 464, 464, 464, 464, 464, 246, 246, 246, 464, 19, 19, 182, 464, 464, 464, 464, 464, 246, 246, 246, 246, 246, 246, 464, 464, 374, 355, 355, 132, 374, 284, 132, 132, 132, 132, 132, 35, 98, 98, 48, 414, 414, 414, 170, 170, 170, 170, 392, 392, 73, 73, 244, 244, 320, 320, 73, 73, 73, 73, 73, 73, 320, 320, 287, 287, 287, 284, 284, 284, 284, 284, 284, 35, 35, 35, 250, 250, 303, 250, 267, 267, 213, 213, 213, 213, 246, 246, 246, 246, 464, 464, 143, 19, 132, 182, 374, 374, 284, 284, 486, 486, 486, 464, 464, 464, 143, 35, 35, 35, 250, 250, 250, 153, 267, 267, 486, 284, 264, 132, 355, 355, 250, 250, 153, 284, 267, 267, 324, 464, 464, 464, 464, 464, 374, 374, 374, 132, 132, 132, 132, 132, 132, 132, 153, 284, 284, 284]

ep12
Train step Loss: [3.7655882835388184, 3.7879838943481445, 3.6974120140075684, 3.718639612197876, 3.7591872215270996, 3.815330743789673, 3.699387550354004, 3.768588066101074, 3.7176873683929443, 3.787604570388794, 3.667985677719116, 3.6867623329162598, 3.7779123783111572, 3.719484806060791, 3.7746410369873047, 3.7315592765808105, 3.73028302192688, 3.6842429637908936, 3.719088315963745, 3.760246753692627, 3.697005033493042, 3.704044818878174, 3.8282511234283447, 3.730990409851074, 3.6949081420898438, 3.6849541664123535, 3.680864095687866, 3.731161117553711, 3.696842908859253, 3.7806742191314697, 3.7377395629882812, 3.7052810192108154, 3.5784244537353516, 3.7265799045562744, 3.804166793823242, 3.704577684402466, 3.6580867767333984, 3.7695047855377197, 3.6295158863067627, 3.818784236907959, 3.659141778945923, 3.8089945316314697, 3.72339129447937, 3.7634778022766113, 3.688504695892334, 3.888047933578491, 3.795550584793091, 3.580915927886963, 3.5808143615722656, 3.6435654163360596, 3.554429531097412, 3.8827664852142334, 3.772418260574341, 3.7740797996520996, 3.7782552242279053, 3.777606725692749, 3.6204628944396973, 3.5975232124328613, 3.6975932121276855, 3.681361436843872, 3.618887186050415, 3.675530195236206, 3.7978413105010986]
val step Loss: [4.110520362854004, 3.982511281967163, 4.141298770904541, 4.068471908569336, 4.029967784881592, 4.075261116027832, 4.048019886016846, 4.06276273727417, 4.018082141876221, 4.0535478591918945, 4.095688343048096, 3.9403769969940186, 4.011711120605469, 4.06981086730957, 4.168875217437744, 4.030622959136963]
Train step Accs: [0.2581139434461624, 0.24528559715769335, 0.26093342036553524, 0.26112391419961, 0.25333333333333335, 0.2486557186455457, 0.27194982896237174, 0.270700203942896, 0.2709140479265318, 0.2488365328679465, 0.27187286397812715, 0.26653465346534655, 0.25416014791637037, 0.27505938242280287, 0.24595293157393552, 0.25737507525586995, 0.2552588996763754, 0.27408560311284047, 0.2583525789068514, 0.2558762273132996, 0.26427829698857735, 0.2576419213973799, 0.24543833173274798, 0.251262290725485, 0.2668076109936575, 0.2667630580155431, 0.26916802610114193, 0.24855409789815205, 0.2548446631805598, 0.2576917521305792, 0.2469937010879939, 0.262663906142167, 0.2887128712871287, 0.25229714997663916, 0.2461248732435173, 0.258853065539112, 0.2687301587301587, 0.24965930771327338, 0.2814275129661645, 0.25083293669681106, 0.26225806451612904, 0.2347839553972433, 0.2537958115183246, 0.24696774193548388, 0.26158273381294966, 0.23121732636295744, 0.25316455696202533, 0.2904464031845323, 0.290167865707434, 0.2735105140186916, 0.2945304937076476, 0.23404587299110627, 0.2508108108108108, 0.24390934844192635, 0.2511702554500468, 0.23820224719101124, 0.270065970313359, 0.28822019395322307, 0.26375764313507505, 0.2664, 0.2815343693126138, 0.2740948049676404, 0.2629989936262999]
val step Accs: [0.1909411445619745, 0.21607717041800642, 0.18726543289763167, 0.20104919892244436, 0.19678311133450616, 0.20029693615872587, 0.203690036900369, 0.18635875402792695, 0.2093470790378007, 0.18654434250764526, 0.19585790700864078, 0.2178712220762155, 0.21098187719772787, 0.19780077619663647, 0.19166666666666668, 0.203664700926706]
Preds: [17, 284, 284, 284, 486, 464, 464, 464, 171, 246, 464, 464, 143, 19, 35, 250, 486, 486, 464, 464, 171, 213, 213, 171, 246, 464, 464, 464, 19, 19, 19, 374, 486, 240, 284, 240, 132, 132, 374, 284, 486, 486, 324, 171, 464, 464, 464, 464, 264, 464, 464, 374, 132, 132, 132, 132, 250, 250, 250, 250, 250, 250, 250, 250, 250, 250, 98, 250, 250, 153, 153, 153, 132, 132, 132, 132, 132, 250, 250, 250, 153, 153, 153, 284, 284, 182, 132, 132, 132, 132, 132, 132, 132, 132, 153, 250, 250, 250, 250, 98, 303, 303, 303, 48, 48, 414, 414, 414, 414, 170, 170, 392, 47, 392, 47, 47, 392, 392, 392, 73, 392, 392, 73, 73, 320, 320, 320, 320, 287, 2, 2, 17, 7, 267, 213, 213, 464, 464, 464, 264, 264, 132, 355, 250, 250, 250, 267, 267, 171, 213, 213, 213, 213, 464, 464, 464, 464, 464, 374, 374, 374, 240, 374, 240, 240, 264, 240, 240, 240, 240, 374, 374, 374, 35, 35, 35, 355, 250, 182, 284, 182, 240, 486, 486, 19, 355, 182, 182, 182, 486, 324, 213, 213, 246, 246, 246, 246, 246, 246, 246, 464, 19, 19, 19, 454, 354, 182, 284, 284, 284, 284, 486, 486, 486, 486, 486, 19, 19, 454, 414, 414, 414, 414, 170, 47, 47, 47, 47, 47, 320, 320, 287, 287, 47, 47, 73, 73, 73, 73, 320, 7, 7, 213, 213, 213, 246, 464, 19, 35, 35, 182, 182, 182, 284, 284, 284, 132, 355, 182, 486, 486, 486, 464, 464, 464, 464, 464, 464, 464, 464, 464, 464, 464, 464, 464, 464, 464, 464, 464, 464, 464, 464, 464, 464, 464, 464, 464, 464, 464, 464, 464, 464, 464, 464, 464, 464, 464, 464, 464, 464, 464, 464, 464, 464, 464, 464, 464, 464, 464, 464, 464, 464, 464, 464, 464, 464, 464, 464, 464, 464, 464, 464, 464, 464, 464, 464, 464, 464, 464, 464, 464, 464, 464, 464, 464, 464, 464, 464, 464, 464, 464, 464, 464, 464, 464, 464, 464, 464, 464, 464, 464, 464, 464, 464, 464, 464, 464, 464, 464, 464, 464, 464, 464, 464, 464, 464, 464, 464, 464, 464, 464, 464, 464, 464, 464, 464, 464, 464, 464, 464, 464, 464, 464, 464, 464, 464, 464, 464, 464, 464, 464, 464, 464, 464, 464, 464, 464, 464, 464, 464, 464, 464, 464, 464, 464, 464, 464, 464, 464, 464, 464, 464, 464, 464, 464, 464, 464, 464, 464, 464, 464, 464, 464, 464, 464, 464, 464, 464, 464, 464, 464, 464, 464, 464, 464, 464, 464, 464, 464, 464, 464, 464, 464, 464, 464, 464, 464, 464, 464, 464, 464, 464, 464, 464, 464, 464, 464, 464, 464, 464, 464, 464, 464, 464, 464, 464, 464, 464, 464, 464, 464, 464, 464, 464, 464, 464, 464, 464, 464, 464, 464, 464, 464, 464, 464, 464, 464, 464, 464, 464, 464, 464, 464, 464, 464, 464, 464, 464, 464, 464, 464, 464, 464, 464, 464, 464, 464, 464, 464, 464, 464, 464, 464, 464, 464, 464, 464, 464, 464, 464, 464, 464, 464, 464, 464, 464, 464, 464, 464, 464, 464, 464, 464, 464, 464, 464, 464, 464, 464, 464, 464, 464, 464, 464, 464, 464, 464, 464, 464, 464, 464, 464, 464, 464, 464, 464, 464, 464, 464, 464, 464, 464, 464, 464, 464, 464, 464, 464, 464, 464, 464, 464, 464, 464, 464, 464, 464, 464, 464, 464, 464, 464, 464, 464, 464, 464, 464, 464, 464, 464, 464, 464, 464, 464, 464, 464, 464, 464, 464, 464]

ep13
Train step Loss: [3.594374418258667, 3.7217836380004883, 3.735663890838623, 3.663827419281006, 3.5880253314971924, 3.7510924339294434, 3.7578699588775635, 3.677969217300415, 3.5301411151885986, 3.6083364486694336, 3.6696832180023193, 3.7048180103302, 3.6713342666625977, 3.5927574634552, 3.457930564880371, 3.6906630992889404, 3.603102684020996, 3.7016942501068115, 3.609105110168457, 3.609384059906006, 3.5313031673431396, 3.7230310440063477, 3.422266960144043, 3.5481300354003906, 3.6508443355560303, 3.559650182723999, 3.749650478363037, 3.613107681274414, 3.526707887649536, 3.533855438232422, 3.673058271408081, 3.5721099376678467, 3.6596527099609375, 3.6843008995056152, 3.6394054889678955, 3.601854085922241, 3.602926254272461, 3.5374317169189453, 3.7617526054382324, 3.597656488418579, 3.6357250213623047, 3.643019914627075, 3.618321418762207, 3.618813991546631, 3.4945409297943115, 3.63433837890625, 3.6415059566497803, 3.5859439373016357, 3.539609432220459, 3.563944101333618, 3.5705742835998535, 3.569960117340088, 3.5404741764068604, 3.4184277057647705, 3.5760748386383057, 3.5810694694519043, 3.6467087268829346, 3.5099101066589355, 3.553964853286743, 3.4351751804351807, 3.447816848754883, 3.6063785552978516, 3.5672688484191895]
val step Loss: [3.8322811126708984, 3.9195046424865723, 4.020939826965332, 4.020784854888916, 4.061717987060547, 3.834531784057617, 3.9493370056152344, 3.8212029933929443, 3.9728260040283203, 3.971574068069458, 3.979598045349121, 3.8869214057922363, 3.944814443588257, 3.962599992752075, 3.956847906112671, 3.875176191329956]
Train step Accs: [0.2976042314872433, 0.2603784656007041, 0.27068021892103206, 0.2736065573770492, 0.29051230459681165, 0.24313725490196078, 0.25249884668614486, 0.2691249312052834, 0.2990515708358032, 0.2855931005231161, 0.26734608404299876, 0.2690075881565243, 0.27527792482795127, 0.2942703825514973, 0.30667933749660603, 0.2775368603642671, 0.27021535960991466, 0.26250546886393467, 0.2682705988875954, 0.266448138609225, 0.28827361563517917, 0.26047682511476383, 0.31480133896084994, 0.28089560918871764, 0.2846153846153846, 0.2809863724853991, 0.25469250724858844, 0.2891002415458937, 0.2772937653144569, 0.3043953043953044, 0.27139874739039666, 0.28559510567297, 0.2706457029461151, 0.2571313240043057, 0.26813793103448275, 0.2757461683248185, 0.27374145865290755, 0.30330990041007616, 0.2542507548069283, 0.27834740651387213, 0.281086231538828, 0.27234830940250115, 0.2764929237141871, 0.27125563063063063, 0.2959166804430484, 0.27679147837314394, 0.2645558223289316, 0.2832864809608996, 0.29141147984617577, 0.29314756895081034, 0.2862238074008025, 0.29101765316718586, 0.28486293206197855, 0.30876829426240127, 0.28063241106719367, 0.27628330084470437, 0.26009362200117025, 0.2904813163155467, 0.28017960230917255, 0.3195523370638578, 0.3080310880829015, 0.27049828631689954, 0.3186026936026936]
val step Accs: [0.23814728788085804, 0.2127485698719695, 0.20762118240403474, 0.19539078156312625, 0.1949695610381288, 0.22963275643731532, 0.21324324324324323, 0.22805095192439392, 0.21887952934884342, 0.2122111785207177, 0.2178473918666475, 0.22040517451793995, 0.21742649042352308, 0.21010505252626313, 0.2209020058770921, 0.2112906524851708]
Preds: [17, 17, 17, 284, 284, 284, 284, 284, 284, 284, 413, 35, 250, 132, 284, 284, 132, 250, 250, 284, 284, 284, 387, 486, 324, 464, 324, 171, 246, 246, 246, 246, 246, 143, 143, 339, 132, 132, 35, 35, 303, 354, 267, 324, 213, 213, 246, 246, 246, 19, 19, 454, 454, 414, 414, 414, 170, 392, 392, 392, 392, 392, 392, 392, 392, 392, 73, 320, 320, 320, 320, 320, 287, 2, 17, 441, 287, 287, 287, 441, 250, 35, 303, 303, 75, 115, 287, 287, 267, 267, 171, 171, 171, 171, 246, 171, 464, 464, 464, 464, 464, 464, 246, 246, 19, 19, 19, 454, 414, 414, 75, 287, 287, 284, 486, 213, 213, 213, 252, 19, 35, 132, 284, 486, 486, 171, 171, 171, 464, 19, 19, 35, 303, 250, 153, 267, 213, 213, 213, 213, 246, 246, 246, 246, 246, 19, 19, 19, 414, 414, 414, 414, 414, 7, 7, 284, 132, 250, 250, 250, 250, 250, 250, 115, 115, 115, 267, 267, 267, 267, 246, 464, 374, 132, 35, 35, 35, 48, 48, 75, 287, 267, 267, 213, 213, 213, 246, 246, 19, 143, 132, 132, 250, 250, 267, 267, 246, 213, 246, 464, 464, 464, 464, 464, 464, 240, 240, 240, 264, 264, 264, 132, 35, 355, 250, 132, 132, 153, 284, 284, 182, 182, 182, 413, 98, 98, 98, 414, 414, 414, 170, 170, 392, 392, 392, 63, 63, 63, 63, 63, 63, 63, 63, 63, 63, 63, 63, 63, 63, 63, 73, 320, 320, 320, 320, 320, 287, 287, 287, 153, 284, 284, 284, 486, 486, 240, 35, 35, 35, 35, 250, 250, 250, 250, 250, 250, 250, 250, 250, 250, 250, 287, 287, 267, 284, 284, 132, 250, 132, 153, 182, 182, 182, 387, 324, 324, 324, 213, 464, 464, 464, 434, 374, 374, 132, 374, 132, 355, 250, 250, 132, 267, 284, 284, 182, 374, 374, 132, 132, 182, 182, 324, 324, 464, 464, 143, 355, 132, 486, 246, 464, 464, 464, 464, 464, 464, 464, 464, 464, 19, 19, 454, 414, 414, 414, 414, 392, 392, 392, 392, 63, 63, 63, 63, 63, 63, 63, 63, 63, 63, 63, 63, 63, 63, 63, 63, 63, 73, 63, 73, 320, 320, 320, 7, 7, 287, 7, 284, 387, 171, 171, 171, 171, 464, 464, 464, 464, 464, 143, 132, 132, 132, 132, 284, 284, 284, 284, 132, 132, 132, 284, 284, 132, 132, 182, 284, 486, 486, 324, 324, 213, 464, 143, 374, 374, 374, 132, 182, 182, 486, 324, 213, 246, 246, 19, 19, 454, 414, 414, 414, 47, 47, 47, 320, 287, 287, 287, 284, 284, 284, 284, 284, 284, 374, 374, 374, 132, 132, 132, 182, 182, 355, 35, 98, 182, 267, 267, 246, 464, 464, 464, 19, 19, 35, 303, 267, 486, 486, 486, 464, 464, 464, 464, 464, 464, 464, 464, 464, 464, 464, 464, 464, 464, 464, 464, 464, 464, 464, 464, 464, 464, 464, 464, 464, 464, 464, 464, 464, 464, 464, 464, 464, 464, 464, 464, 464, 464, 464, 464, 464, 464, 464, 464, 464, 464, 464, 464, 464, 464, 464, 464, 464, 464, 464, 464, 464, 464, 464, 464, 464, 464, 464, 464, 464, 464, 464, 464, 464, 464, 464, 464, 464, 464, 464, 464, 464, 464, 464, 464, 464, 464, 464, 464, 464, 464, 464, 464, 464, 464, 464, 464, 464, 464, 464, 464, 464, 464, 464, 464, 464, 464, 464, 464, 464, 464, 464, 464, 464, 464, 464, 464, 464, 464, 464, 464, 464, 464, 464, 464, 464, 464, 464, 464, 464, 464, 464, 464, 464, 464, 464]

ep14
Train step Loss: [3.620239496231079, 3.4399704933166504, 3.6202805042266846, 3.4752731323242188, 3.526411771774292, 3.6836800575256348, 3.577307939529419, 3.60983943939209, 3.589749336242676, 3.6678566932678223, 3.607250452041626, 3.451308250427246, 3.5792794227600098, 3.510061025619507, 3.597839117050171, 3.530430793762207, 3.6242244243621826, 3.321568489074707, 3.605956554412842, 3.4740147590637207, 3.4957151412963867, 3.582655191421509, 3.462052345275879, 3.466325521469116, 3.484811544418335, 3.533468723297119, 3.3985683917999268, 3.4555814266204834, 3.478074789047241, 3.480459213256836, 3.3722312450408936, 3.496403932571411, 3.480999708175659, 3.413095474243164, 3.505117416381836, 3.5726664066314697, 3.5116326808929443, 3.4126763343811035, 3.5575215816497803, 3.5239789485931396, 3.4685914516448975, 3.347815990447998, 3.4350624084472656, 3.4281983375549316, 3.439702272415161, 3.5918467044830322, 3.413363456726074, 3.4886624813079834, 3.4004878997802734, 3.4281249046325684, 3.519083023071289, 3.548689603805542, 3.3900513648986816, 3.523684501647949, 3.4255831241607666, 3.3891777992248535, 3.332057476043701, 3.4602744579315186, 3.3996455669403076, 3.5452990531921387, 3.3591301441192627, 3.505115032196045, 3.316910982131958]
val step Loss: [3.852093458175659, 3.8355984687805176, 3.6951794624328613, 3.829935073852539, 3.8799660205841064, 3.8430428504943848, 3.79777193069458, 3.8155388832092285, 3.798391103744507, 3.8697421550750732, 3.8764514923095703, 3.8490521907806396, 3.857297658920288, 3.868781328201294, 3.7582521438598633, 3.8936524391174316]
Train step Accs: [0.28189570350934734, 0.31592689295039167, 0.27480198684387164, 0.29975985308659414, 0.29561824729891956, 0.2659870250231696, 0.29292637060610444, 0.28550074738415543, 0.28606620477290223, 0.25662389601733043, 0.2860919371420179, 0.307769639523194, 0.28981801774702964, 0.29260031266284525, 0.28408393667934717, 0.2963326784544859, 0.2702600829249906, 0.3289911709364597, 0.27377279102384294, 0.3137808137808138, 0.2892768079800499, 0.2924853757312134, 0.30192865676736647, 0.30049937578027464, 0.3101102190774255, 0.2871574868530307, 0.31253537068477644, 0.30437710437710436, 0.3019548872180451, 0.30127041742286753, 0.32202462380300956, 0.2940348902644907, 0.3044394492835066, 0.31090174966352624, 0.28796169630642954, 0.2782495101241019, 0.2881636336291172, 0.31962525854726853, 0.2827951957572922, 0.28984554715741045, 0.2921129503407984, 0.32596000707839323, 0.29809550096605025, 0.3099624396351279, 0.30909575176454923, 0.2926270579813887, 0.30763908109604204, 0.2986439128447356, 0.3320306628588607, 0.30489335006273527, 0.29093504639543183, 0.2869831100757135, 0.3292044438768995, 0.30341082640420836, 0.31127982646420826, 0.3151314844086794, 0.31878958479943703, 0.3010976795887175, 0.3103179753406879, 0.30092042755344417, 0.32365975696926375, 0.30111962286387745, 0.3247972684592403]
val step Accs: [0.22625257794492296, 0.23098730432638975, 0.2647894950588872, 0.21916666666666668, 0.21957851801495581, 0.2297559622850804, 0.22597054886211512, 0.23935347856640898, 0.2323002558999147, 0.22020229633679606, 0.22436295835922934, 0.2329124945581193, 0.2243751755124965, 0.23104895104895104, 0.24221789883268482, 0.21086617679804054]
Preds: [17, 17, 284, 284, 284, 387, 284, 284, 132, 35, 35, 250, 35, 303, 250, 115, 287, 153, 284, 132, 132, 132, 153, 387, 387, 387, 360, 464, 264, 374, 284, 240, 240, 264, 240, 132, 132, 132, 182, 182, 182, 182, 182, 182, 284, 284, 132, 132, 132, 132, 132, 132, 132, 132, 98, 98, 98, 414, 414, 414, 414, 414, 414, 47, 47, 47, 47, 73, 73, 73, 73, 320, 320, 320, 287, 287, 287, 287, 287, 153, 250, 35, 303, 303, 48, 392, 73, 392, 73, 392, 63, 63, 63, 73, 73, 73, 7, 7, 7, 7, 7, 360, 464, 464, 464, 464, 464, 171, 213, 213, 213, 213, 213, 213, 246, 246, 246, 246, 246, 246, 246, 246, 246, 464, 464, 464, 246, 246, 246, 464, 464, 464, 143, 35, 355, 355, 354, 284, 284, 374, 486, 486, 171, 171, 171, 171, 171, 171, 246, 246, 246, 246, 246, 246, 246, 246, 252, 143, 464, 464, 464, 464, 464, 464, 246, 246, 246, 246, 246, 246, 213, 464, 464, 464, 464, 143, 35, 35, 355, 250, 32, 250, 250, 267, 267, 267, 246, 246, 464, 464, 464, 264, 264, 374, 240, 240, 240, 132, 132, 132, 132, 132, 132, 250, 250, 250, 132, 132, 132, 132, 132, 284, 284, 182, 182, 182, 182, 182, 182, 182, 182, 132, 132, 182, 132, 250, 132, 132, 132, 132, 132, 132, 132, 132, 132, 132, 153, 153, 153, 153, 132, 132, 132, 250, 250, 132, 153, 153, 132, 132, 182, 182, 267, 267, 464, 464, 464, 264, 264, 132, 132, 132, 132, 132, 132, 132, 132, 153, 284, 284, 387, 182, 182, 132, 132, 132, 132, 153, 267, 324, 324, 464, 464, 464, 464, 264, 374, 132, 132, 132, 132, 98, 98, 98, 414, 414, 414, 414, 414, 414, 170, 47, 47, 47, 47, 47, 47, 392, 392, 392, 392, 392, 392, 73, 73, 73, 73, 321, 320, 7, 320, 321, 321, 287, 287, 287, 287, 153, 153, 153, 153, 153, 284, 284, 182, 182, 182, 182, 182, 182, 182, 182, 182, 182, 132, 497, 35, 35, 35, 250, 267, 267, 250, 250, 303, 153, 153, 153, 182, 153, 387, 387, 264, 293, 293, 132, 182, 35, 182, 387, 324, 324, 213, 464, 19, 19, 19, 303, 354, 387, 182, 182, 182, 374, 355, 355, 355, 355, 284, 284, 486, 486, 486, 486, 486, 486, 486, 486, 486, 240, 240, 240, 355, 35, 35, 355, 354, 284, 284, 486, 486, 486, 486, 240, 355, 355, 355, 355, 250, 250, 250, 267, 267, 486, 486, 486, 486, 486, 264, 355, 355, 250, 354, 324, 213, 213, 464, 464, 464, 264, 132, 132, 132, 132, 98, 98, 98, 48, 48, 414, 47, 287, 287, 287, 287, 153, 153, 284, 182, 250, 98, 98, 414, 414, 414, 414, 170, 392, 392, 392, 392, 392, 244, 244, 47, 392, 63, 63, 63, 63, 63, 63, 63, 73, 73, 321, 321, 321, 392, 63, 63, 63, 63, 63, 63, 63, 63, 63, 73, 73, 73, 73, 73, 73, 73, 321, 321, 320, 320, 287, 287, 287, 284, 284, 284, 284, 284, 284, 284, 284, 284, 284, 413, 132, 132, 132, 284, 284, 284, 387, 387, 486, 355, 355, 250, 250, 250, 284, 284, 284, 387, 324, 246, 464, 324, 171, 171, 171, 171, 171, 246, 464, 19, 464, 246, 143, 464, 464, 143, 464, 246, 246, 464, 464, 264, 374, 374, 374, 132, 132, 132, 132, 250, 250, 250, 250, 250, 250, 250, 250, 250, 250, 250, 115, 153, 153, 153, 153, 153, 153, 132, 132, 35, 35, 250, 267, 267, 182, 387, 219]

ep15
Train step Loss: [3.5239901542663574, 3.3799479007720947, 3.4719793796539307, 3.4450950622558594, 3.362645387649536, 3.3904716968536377, 3.3106138706207275, 3.4666993618011475, 3.379955291748047, 3.3600013256073, 3.383190631866455, 3.3925089836120605, 3.4525115489959717, 3.4152393341064453, 3.202159881591797, 3.3849995136260986, 3.407972812652588, 3.451265573501587, 3.4036688804626465, 3.4471473693847656, 3.3647282123565674, 3.4474339485168457, 3.4736430644989014, 3.339991569519043, 3.294123888015747, 3.381847620010376, 3.3959546089172363, 3.4416568279266357, 3.4491305351257324, 3.4774303436279297, 3.4098258018493652, 3.3861567974090576, 3.375663995742798, 3.4013848304748535, 3.438203811645508, 3.3918392658233643, 3.472473382949829, 3.4315974712371826, 3.338576555252075, 3.3508589267730713, 3.3574776649475098, 3.332648277282715, 3.357442617416382, 3.3381447792053223, 3.4571564197540283, 3.339465618133545, 3.3969078063964844, 3.3867180347442627, 3.4819984436035156, 3.2767579555511475, 3.347879648208618, 3.5073139667510986, 3.4206130504608154, 3.3468635082244873, 3.3291962146759033, 3.3676555156707764, 3.3220605850219727, 3.322571039199829, 3.4193122386932373, 3.3453147411346436, 3.3580386638641357, 3.27016019821167, 3.2945761680603027]
val step Loss: [3.713498115539551, 3.6870129108428955, 3.7159247398376465, 3.7506563663482666, 3.5925490856170654, 3.8184401988983154, 3.731421947479248, 3.7576651573181152, 3.754183292388916, 3.723612070083618, 3.7862958908081055, 3.6591837406158447, 3.7424590587615967, 3.7101056575775146, 3.7545177936553955, 3.7784671783447266]
Train step Accs: [0.2954646181119811, 0.3182537589026642, 0.2995702005730659, 0.3036753040719196, 0.3140317155213839, 0.31188673955705076, 0.3293619689606521, 0.2931843267108168, 0.3183673469387755, 0.32154950562102125, 0.31348331127775325, 0.3081681205392546, 0.3009351525371761, 0.30976919727101176, 0.3548040794417606, 0.3097100782328578, 0.32661772238347275, 0.2969751154820444, 0.3090458811261731, 0.3044081381011097, 0.3273146369573569, 0.30652824212563784, 0.3035035880118193, 0.3247232472324723, 0.32974351707524446, 0.3146760687527545, 0.3161487758945386, 0.31911289080548283, 0.3005061460592914, 0.307422648986435, 0.31148639592547916, 0.3181315644002211, 0.31727781230578, 0.308520295681494, 0.31162532908410695, 0.3128491620111732, 0.2915681639085894, 0.30490066225165563, 0.3256478999106345, 0.33111322549952427, 0.3177054605626034, 0.33322819744519794, 0.31141460124768167, 0.312822022670396, 0.2999722761297477, 0.32811833309628785, 0.30832698654480833, 0.3218410920546027, 0.30701373825018075, 0.33880508725229225, 0.32505145545427816, 0.2973851152715457, 0.2989848421638159, 0.31480324797001874, 0.3163251272177142, 0.31229748495602533, 0.31878866818625856, 0.32434733257661746, 0.310638934610205, 0.3296736351331027, 0.3219065829008468, 0.34177396280400574, 0.3291984732824427]
val step Accs: [0.25813953488372093, 0.2476892163429337, 0.25020666850372003, 0.23564387419809107, 0.2677461139896373, 0.23571724996541707, 0.2473767051416579, 0.24851790372302585, 0.24054505005561735, 0.25244322092222987, 0.23306010928961748, 0.26344364012409516, 0.24976050362665936, 0.23809523809523808, 0.2475234950469901, 0.2552104617899469]
Preds: [17, 17, 284, 387, 387, 35, 35, 414, 47, 47, 47, 47, 170, 47, 2, 320, 287, 287, 287, 153, 153, 153, 153, 293, 132, 98, 98, 414, 414, 414, 170, 170, 170, 170, 47, 47, 47, 7, 7, 7, 7, 443, 171, 171, 171, 464, 252, 264, 464, 464, 464, 339, 132, 132, 284, 240, 240, 324, 171, 171, 171, 464, 464, 464, 464, 464, 464, 19, 19, 454, 355, 132, 153, 267, 171, 171, 171, 264, 355, 355, 250, 153, 153, 182, 182, 182, 132, 132, 182, 182, 182, 182, 98, 98, 303, 250, 98, 250, 153, 153, 153, 153, 497, 132, 250, 35, 35, 250, 250, 250, 153, 153, 284, 153, 153, 293, 284, 284, 284, 293, 182, 182, 132, 132, 132, 132, 153, 153, 293, 293, 132, 132, 98, 98, 98, 414, 414, 414, 170, 170, 170, 170, 47, 47, 170, 47, 47, 47, 47, 47, 47, 73, 73, 320, 320, 320, 7, 287, 287, 284, 171, 171, 252, 35, 35, 303, 250, 250, 115, 267, 284, 387, 486, 284, 284, 132, 355, 132, 132, 153, 153, 250, 250, 182, 387, 387, 213, 464, 464, 464, 464, 355, 284, 240, 240, 35, 98, 414, 414, 414, 414, 47, 47, 47, 47, 80, 73, 73, 73, 73, 244, 244, 2, 2, 2, 73, 2, 47, 73, 73, 73, 73, 73, 73, 73, 244, 320, 320, 287, 7, 284, 284, 284, 413, 35, 35, 250, 250, 115, 115, 115, 115, 115, 267, 267, 267, 246, 213, 246, 246, 246, 19, 19, 454, 414, 414, 414, 73, 73, 7, 287, 7, 284, 284, 284, 284, 443, 264, 35, 35, 250, 250, 303, 267, 267, 387, 464, 264, 293, 132, 132, 132, 153, 153, 153, 497, 182, 284, 182, 182, 240, 35, 35, 35, 250, 303, 303, 115, 115, 115, 267, 267, 267, 213, 213, 246, 464, 464, 19, 19, 414, 414, 414, 414, 47, 320, 287, 287, 153, 284, 284, 182, 182, 182, 182, 182, 182, 182, 387, 387, 443, 443, 35, 35, 413, 182, 35, 35, 303, 250, 267, 267, 182, 324, 213, 171, 171, 339, 132, 132, 182, 182, 182, 486, 464, 374, 374, 486, 374, 374, 374, 374, 374, 486, 486, 264, 132, 486, 486, 464, 19, 19, 454, 414, 414, 414, 414, 414, 170, 170, 170, 170, 47, 47, 47, 47, 73, 73, 73, 73, 73, 244, 73, 73, 73, 73, 320, 7, 287, 287, 284, 284, 284, 284, 240, 35, 35, 35, 250, 303, 303, 115, 115, 267, 267, 213, 213, 213, 464, 464, 143, 132, 132, 132, 35, 153, 153, 153, 153, 153, 293, 132, 132, 132, 182, 182, 182, 250, 250, 153, 153, 182, 497, 497, 98, 98, 98, 414, 414, 414, 414, 170, 170, 170, 47, 47, 47, 320, 320, 287, 287, 287, 153, 35, 35, 35, 47, 47, 47, 2, 2, 287, 287, 287, 153, 153, 284, 284, 35, 98, 35, 284, 387, 387, 486, 486, 486, 486, 486, 486, 486, 464, 464, 464, 464, 464, 464, 464, 464, 464, 464, 464, 464, 464, 464, 464, 464, 464, 464, 464, 464, 464, 464, 464, 464, 464, 464, 464, 464, 464, 464, 464, 464, 464, 464, 464, 464, 464, 464, 464, 464, 464, 464, 464, 464, 464, 464, 464, 464, 464, 464, 464, 464, 464, 464, 464, 464, 464, 464, 464, 464, 464, 464, 464, 464, 464, 464, 464, 464, 464, 464, 464, 464, 464, 464, 464, 464, 464, 464, 464, 464, 464, 464, 464, 464, 464, 464, 464, 464, 464, 464, 464, 464, 464, 464, 464, 464, 464, 464, 464, 464, 464, 464, 464, 464, 464, 464, 464, 464, 464]

ep16
Train step Loss: [3.363847255706787, 3.4967706203460693, 3.362691879272461, 3.2762832641601562, 3.2616376876831055, 3.3543107509613037, 3.3361239433288574, 3.35809063911438, 3.3740439414978027, 3.2887773513793945, 3.2757372856140137, 3.2794346809387207, 3.3215911388397217, 3.3223516941070557, 3.370534896850586, 3.340439558029175, 3.2292823791503906, 3.426271438598633, 3.4209461212158203, 3.2727673053741455, 3.2402637004852295, 3.268676280975342, 3.241365432739258, 3.3461151123046875, 3.2891998291015625, 3.389984607696533, 3.328810214996338, 3.3468105792999268, 3.2765510082244873, 3.3674237728118896, 3.248450994491577, 3.2728655338287354, 3.223996877670288, 3.1640641689300537, 3.3195505142211914, 3.3601701259613037, 3.291248321533203, 3.215589761734009, 3.2434847354888916, 3.378676176071167, 3.1939291954040527, 3.2380001544952393, 3.1876015663146973, 3.4058196544647217, 3.2671806812286377, 3.193939208984375, 3.34405779838562, 3.3573107719421387, 3.23408579826355, 3.407783269882202, 3.1596593856811523, 3.2914459705352783, 3.2194249629974365, 3.070007085800171, 3.2243826389312744, 3.287538766860962, 3.260683298110962, 3.3431437015533447, 3.2550301551818848, 3.171177625656128, 3.1961495876312256, 3.0876498222351074, 3.3766777515411377]
val step Loss: [3.6523122787475586, 3.605978012084961, 3.69968581199646, 3.6591432094573975, 3.615032911300659, 3.5457448959350586, 3.686328411102295, 3.6072018146514893, 3.6298935413360596, 3.5438613891601562, 3.5938985347747803, 3.638533592224121, 3.6153368949890137, 3.6761128902435303, 3.6183719635009766, 3.6474263668060303]
Train step Accs: [0.329193394295073, 0.3027695196369895, 0.32250029652473017, 0.33458437586877954, 0.356027397260274, 0.3230862882361893, 0.3303632625085675, 0.31225024114647926, 0.3192565258985923, 0.3384824308266848, 0.3359191023687491, 0.33366993652625504, 0.327927391757179, 0.3238910505836576, 0.3155627355950458, 0.3196119196119196, 0.34678725701943847, 0.30834090024646515, 0.316241940435984, 0.33697901271061187, 0.3378360124273943, 0.32937861485985465, 0.334529337273111, 0.3169456066945607, 0.337307264345891, 0.3139566395663957, 0.3343014368694589, 0.32791747259832366, 0.336, 0.3083383323335333, 0.34342044933516735, 0.3374115566037736, 0.3472857142857143, 0.3588218634947607, 0.32955499580184716, 0.31860929039612423, 0.33555383423702556, 0.34031909140075717, 0.3452887537993921, 0.32039045553145334, 0.3458196838057257, 0.34143426294820717, 0.3564371961737494, 0.3045052292839903, 0.34984984984984985, 0.3464747039827772, 0.3346501128668172, 0.3199872894820464, 0.33895592218665355, 0.2981462409886715, 0.3504727152098192, 0.3286354056902002, 0.3544501133786848, 0.3719871451526513, 0.33110976349302607, 0.3295136948015651, 0.33743016759776534, 0.3279032258064516, 0.3339533310787961, 0.34699009022333976, 0.34981921487603307, 0.37841681150260703, 0.3035542747358309]
val step Accs: [0.2546065737051793, 0.2677672955974843, 0.24634844149977414, 0.258248730964467, 0.26637192594639403, 0.2798448498778911, 0.2523224043715847, 0.2728514654744163, 0.25749152542372883, 0.28525393142562516, 0.27070407337469654, 0.2644327815906338, 0.2626518894378422, 0.257375241246209, 0.2636516381965836, 0.25635890246344883]
Preds: [17, 17, 7, 387, 284, 284, 35, 250, 35, 35, 35, 17, 115, 441, 287, 287, 153, 153, 35, 35, 35, 48, 303, 115, 115, 287, 287, 153, 153, 153, 284, 35, 98, 414, 414, 414, 47, 414, 170, 47, 73, 73, 73, 73, 244, 321, 244, 2, 2, 392, 47, 47, 47, 244, 73, 73, 244, 321, 321, 321, 2, 2, 321, 287, 287, 287, 287, 153, 250, 250, 35, 35, 35, 48, 73, 47, 321, 2, 320, 287, 287, 287, 284, 284, 284, 413, 35, 250, 387, 387, 387, 464, 464, 464, 246, 246, 246, 464, 213, 213, 213, 246, 246, 246, 246, 246, 246, 252, 143, 143, 464, 464, 464, 464, 464, 246, 246, 246, 464, 246, 246, 246, 464, 374, 374, 132, 132, 132, 132, 132, 132, 132, 132, 132, 132, 132, 132, 132, 132, 132, 132, 132, 98, 98, 98, 48, 48, 197, 197, 414, 170, 170, 244, 320, 7, 213, 213, 213, 213, 246, 246, 464, 464, 252, 339, 132, 132, 132, 132, 250, 250, 132, 153, 284, 284, 284, 284, 374, 132, 132, 132, 132, 132, 35, 303, 182, 267, 267, 246, 213, 464, 464, 464, 143, 19, 48, 354, 171, 464, 132, 374, 374, 486, 486, 240, 486, 464, 464, 464, 464, 464, 464, 19, 19, 19, 414, 414, 414, 414, 7, 287, 287, 153, 153, 132, 132, 153, 284, 355, 35, 35, 250, 132, 132, 132, 132, 132, 132, 132, 250, 132, 153, 153, 153, 153, 293, 98, 182, 387, 35, 387, 182, 387, 486, 171, 213, 213, 213, 213, 246, 19, 19, 454, 454, 414, 414, 414, 414, 47, 47, 47, 47, 47, 47, 73, 73, 244, 244, 2, 2, 2, 2, 73, 73, 73, 73, 73, 392, 392, 392, 320, 320, 320, 287, 284, 284, 355, 413, 250, 250, 250, 250, 284, 284, 284, 387, 171, 171, 324, 324, 464, 464, 264, 374, 374, 374, 264, 132, 374, 486, 240, 284, 264, 132, 132, 132, 132, 250, 132, 153, 284, 387, 324, 171, 171, 324, 324, 464, 464, 464, 339, 35, 35, 303, 354, 284, 374, 284, 450, 284, 486, 413, 35, 355, 250, 303, 250, 115, 441, 32, 387, 182, 182, 182, 374, 293, 293, 182, 132, 132, 132, 132, 153, 153, 153, 284, 387, 240, 182, 413, 250, 497, 293, 387, 324, 374, 374, 132, 132, 497, 497, 497, 497, 132, 132, 132, 132, 132, 132, 153, 387, 387, 387, 486, 486, 240, 355, 35, 35, 182, 182, 132, 497, 153, 153, 153, 153, 153, 293, 497, 35, 35, 250, 250, 250, 115, 115, 115, 153, 153, 250, 132, 284, 284, 284, 413, 132, 293, 293, 387, 387, 486, 264, 264, 374, 374, 355, 250, 250, 250, 250, 267, 132, 132, 132, 132, 132, 354, 153, 153, 497, 153, 132, 250, 153, 132, 250, 182, 267, 267, 464, 374, 374, 246, 464, 374, 264, 132, 132, 132, 132, 132, 35, 35, 303, 250, 250, 153, 153, 153, 153, 132, 132, 132, 153, 250, 132, 132, 98, 98, 98, 48, 414, 320, 267, 267, 267, 171, 171, 171, 464, 464, 339, 132, 374, 374, 246, 324, 19, 19, 454, 414, 414, 414, 170, 170, 170, 170, 170, 47, 47, 47, 47, 73, 73, 73, 244, 2, 2, 2, 2, 392, 73, 321, 321, 392, 73, 73, 73, 320, 320, 7, 7, 213, 252, 264, 132, 497, 293, 182, 182, 293, 153, 387, 387, 486, 413, 413, 132, 35, 35, 250, 250, 153, 153, 387, 153, 132, 153, 153, 132, 132, 132, 132, 132, 98, 98, 98, 414, 414, 414, 414, 170, 170, 170, 47, 47, 47, 47, 47]

ep17
Train step Loss: [3.1427345275878906, 3.1376447677612305, 3.2056806087493896, 3.2404849529266357, 3.3447625637054443, 3.323296546936035, 3.2125139236450195, 3.2614033222198486, 3.3839287757873535, 3.17482852935791, 3.169449806213379, 3.3017730712890625, 3.3270263671875, 3.175555944442749, 3.1898033618927, 3.1318745613098145, 3.2834103107452393, 3.154862880706787, 3.2449700832366943, 3.2704684734344482, 3.2100141048431396, 3.2140073776245117, 3.2640786170959473, 3.2529263496398926, 3.1412858963012695, 3.248749256134033, 3.421185255050659, 3.1118454933166504, 3.260512590408325, 3.1028289794921875, 3.156358003616333, 3.2251265048980713, 3.2612295150756836, 3.2896053791046143, 3.1542954444885254, 3.170374631881714, 3.0882744789123535, 3.160398244857788, 3.208240270614624, 3.205641508102417, 3.135237693786621, 3.139803171157837, 3.1179890632629395, 3.023076057434082, 3.202232599258423, 3.1767382621765137, 3.248030662536621, 3.1788556575775146, 3.0497677326202393, 3.2785894870758057, 3.146404981613159, 3.187638759613037, 3.0362637042999268, 3.19472336769104, 3.182532787322998, 3.186366319656372, 3.059626579284668, 3.221357583999634, 3.1940948963165283, 3.1746103763580322, 3.053118944168091, 3.168527841567993, 3.079193115234375]
val step Loss: [3.508880853652954, 3.525930881500244, 3.569148540496826, 3.5526835918426514, 3.527695417404175, 3.5311148166656494, 3.551089286804199, 3.4745986461639404, 3.5193238258361816, 3.508009195327759, 3.489542007446289, 3.536862373352051, 3.6011006832122803, 3.4815776348114014, 3.553410768508911, 3.598867416381836]
Train step Accs: [0.36582186821144097, 0.36969848617540346, 0.34188599391614866, 0.34889946460440213, 0.3280502800929089, 0.3184687156970362, 0.3360963403190491, 0.3347126436781609, 0.31407995296884184, 0.34616388308977036, 0.35984795156975924, 0.3234107664487411, 0.3245215698994486, 0.3605935696619951, 0.3385174418604651, 0.35417285417285416, 0.3371191135734072, 0.3537152731623023, 0.3423368740515933, 0.3383257133848337, 0.32710519580240593, 0.35362826690027743, 0.34073745002221234, 0.3392942679227207, 0.36248397664150406, 0.33295373665480427, 0.31605951770138535, 0.3544715447154472, 0.33914893617021274, 0.3645272601794341, 0.36235326998323086, 0.3474120718783597, 0.34348191757779645, 0.3318443804034582, 0.36147186147186144, 0.3415615776764154, 0.3620261031696706, 0.3667608986757923, 0.3464740065965133, 0.3512806131987287, 0.3765288293535236, 0.36638920780711826, 0.3650251909637575, 0.3686629892303651, 0.34340244404778253, 0.34975027746947834, 0.34072827417380663, 0.35872202750067406, 0.37302297821545805, 0.33318338581496476, 0.35527462946817784, 0.35342975798367465, 0.3744414655942806, 0.3369372037914692, 0.35261194029850745, 0.3554692729950462, 0.3667175572519084, 0.3410413030831879, 0.3387032352549594, 0.34653988378235606, 0.3781210986267166, 0.36435124508519, 0.36019873033397737]
val step Accs: [0.2786419586094955, 0.28361252731245445, 0.2557150451887294, 0.2707982921464614, 0.2921485916451218, 0.27451763140385893, 0.265378125479368, 0.2806865714697822, 0.27628783855549655, 0.27859092036715455, 0.29207788743664975, 0.2700709219858156, 0.2600751587404432, 0.28085843774993335, 0.28259698275862066, 0.2713620981387479]
Preds: [17, 287, 287, 153, 387, 171, 413, 250, 250, 250, 250, 303, 115, 217, 441, 387, 387, 132, 132, 387, 387, 360, 464, 264, 374, 443, 443, 443, 464, 339, 132, 32, 32, 182, 182, 153, 293, 293, 293, 293, 132, 132, 132, 132, 98, 98, 98, 98, 414, 414, 414, 47, 170, 170, 47, 187, 187, 47, 320, 47, 2, 47, 320, 320, 287, 2, 2, 2, 2, 47, 392, 63, 63, 73, 73, 73, 73, 73, 320, 320, 320, 7, 7, 7, 171, 171, 464, 464, 213, 213, 213, 213, 213, 213, 246, 246, 246, 246, 246, 246, 246, 252, 464, 464, 464, 246, 464, 464, 464, 374, 143, 374, 374, 374, 374, 486, 324, 171, 171, 171, 171, 246, 246, 246, 246, 246, 246, 252, 143, 143, 464, 464, 464, 464, 464, 246, 246, 246, 464, 464, 324, 171, 464, 464, 143, 143, 107, 246, 143, 464, 464, 464, 464, 246, 246, 464, 464, 464, 464, 240, 240, 240, 132, 132, 132, 132, 132, 132, 132, 132, 132, 132, 132, 153, 153, 153, 284, 182, 182, 182, 182, 182, 182, 497, 413, 132, 132, 132, 303, 303, 100, 153, 153, 153, 153, 293, 293, 132, 132, 497, 497, 497, 497, 132, 132, 182, 387, 387, 464, 464, 264, 486, 132, 132, 132, 132, 132, 132, 132, 132, 284, 284, 387, 413, 132, 132, 250, 387, 398, 219, 464, 464, 464, 464, 143, 355, 355, 284, 98, 98, 263, 414, 414, 414, 414, 414, 170, 170, 187, 187, 47, 47, 47, 392, 392, 73, 73, 73, 244, 320, 320, 7, 7, 2, 441, 441, 287, 153, 153, 153, 153, 153, 182, 182, 182, 182, 182, 182, 182, 497, 497, 497, 497, 35, 35, 35, 303, 267, 250, 32, 132, 153, 153, 153, 153, 153, 153, 293, 182, 182, 182, 293, 387, 324, 324, 252, 374, 35, 35, 182, 182, 182, 182, 374, 355, 355, 355, 355, 355, 355, 355, 355, 355, 355, 287, 287, 284, 284, 355, 413, 35, 35, 182, 284, 284, 284, 486, 486, 264, 264, 374, 355, 355, 250, 354, 486, 486, 240, 240, 240, 240, 132, 355, 355, 324, 324, 324, 252, 464, 464, 339, 132, 132, 355, 250, 250, 250, 250, 250, 250, 153, 153, 153, 153, 153, 132, 98, 98, 98, 48, 414, 414, 414, 170, 170, 170, 170, 47, 47, 47, 47, 392, 63, 63, 63, 73, 321, 321, 321, 321, 321, 392, 63, 63, 63, 63, 63, 73, 73, 73, 73, 73, 244, 321, 320, 320, 287, 287, 287, 284, 284, 284, 284, 284, 284, 284, 284, 413, 413, 413, 132, 132, 284, 387, 293, 293, 132, 132, 132, 132, 182, 387, 324, 464, 464, 464, 171, 171, 171, 171, 252, 464, 143, 143, 132, 107, 464, 374, 246, 246, 464, 464, 374, 374, 374, 132, 132, 132, 250, 250, 250, 250, 250, 115, 115, 115, 115, 287, 287, 153, 153, 153, 153, 153, 35, 35, 303, 267, 182, 182, 182, 387, 324, 213, 213, 213, 213, 19, 19, 454, 454, 414, 47, 7, 267, 213, 246, 246, 464, 171, 171, 464, 464, 464, 143, 143, 14, 374, 374, 374, 284, 284, 486, 486, 240, 240, 240, 132, 355, 35, 293, 153, 153, 182, 132, 98, 98, 98, 48, 48, 47, 75, 441, 287, 153, 153, 153, 387, 497, 98, 98, 98, 414, 414, 170, 170, 170, 170, 170, 170, 244, 47, 47, 47, 47, 2, 47, 392, 63, 63, 73, 63, 63, 63, 63, 73, 244, 73, 73, 73, 321, 320, 320, 7, 7, 287, 284, 182, 182, 374, 374, 374, 132, 132, 132, 132, 132, 182, 182, 240]

ep18
Train step Loss: [3.1933441162109375, 3.0513458251953125, 3.110689401626587, 3.175816059112549, 3.1513078212738037, 3.172295570373535, 3.0629026889801025, 3.094525098800659, 3.102853536605835, 3.025141477584839, 3.051947832107544, 3.207444429397583, 3.2317240238189697, 3.1451213359832764, 3.1167826652526855, 3.215346336364746, 3.1962833404541016, 3.1487464904785156, 3.181056499481201, 3.104891777038574, 3.1839587688446045, 2.9585483074188232, 3.041905403137207, 3.2164809703826904, 3.107984781265259, 3.050950527191162, 3.0834319591522217, 3.0977907180786133, 3.1496622562408447, 3.041019916534424, 3.234128475189209, 3.0717389583587646, 3.036329507827759, 3.097099781036377, 3.0864417552948, 3.1172661781311035, 3.070833921432495, 3.2394585609436035, 3.051788091659546, 2.942361831665039, 3.1179633140563965, 3.148193836212158, 3.1393911838531494, 3.138815402984619, 3.0058236122131348, 3.06084942817688, 3.139648914337158, 2.9603166580200195, 3.0452728271484375, 2.963798999786377, 2.967545509338379, 3.029637575149536, 3.0899441242218018, 3.0506508350372314, 3.153568744659424, 3.0438530445098877, 3.074662923812866, 3.0777275562286377, 3.0616283416748047, 3.0564215183258057, 3.108560562133789, 3.152038335800171, 3.152040958404541]
val step Loss: [3.4267890453338623, 3.300163984298706, 3.3488259315490723, 3.4864866733551025, 3.446120262145996, 3.4748759269714355, 3.4196712970733643, 3.4269282817840576, 3.443128824234009, 3.4839847087860107, 3.4460787773132324, 3.4534435272216797, 3.436835289001465, 3.4440040588378906, 3.456214666366577, 3.486037015914917]
Train step Accs: [0.33955019199122327, 0.37283885442787384, 0.36255924170616116, 0.3522207466430574, 0.368801652892562, 0.3538416249632028, 0.3738642437199359, 0.36352492508853174, 0.3668629100084104, 0.3876725700739088, 0.3688894792773645, 0.3430734493292602, 0.3380064968370662, 0.3501551527029234, 0.3557086325663198, 0.3431255789334392, 0.3602798868542504, 0.3509567682494685, 0.3451126816908921, 0.3723688606749081, 0.3565428109854604, 0.39183739312792387, 0.3814004982009411, 0.3507220748600059, 0.366493442217273, 0.371122599704579, 0.3846610295208426, 0.3817482868126358, 0.35575485799701045, 0.3690148596587782, 0.3416438796847354, 0.3696223316912972, 0.37317282889079967, 0.3729107537054557, 0.36487010469174097, 0.36587652336949245, 0.3787556904400607, 0.3390994657847876, 0.3772540110748261, 0.38939459615662475, 0.3643176020408163, 0.3553707156173813, 0.3556389969156497, 0.36607542107616636, 0.3912462006079027, 0.3816576473939049, 0.36324851439890293, 0.3895822932268264, 0.37675903090091395, 0.3802016758983099, 0.3903157894736842, 0.3738195554264129, 0.3654010847844705, 0.37275886031966643, 0.3711191335740072, 0.37595947190666257, 0.37339874625238484, 0.36774193548387096, 0.37152235073460455, 0.3737991266375546, 0.3536404160475483, 0.3515471698113208, 0.35675821217016696]
val step Accs: [0.28634630053394355, 0.31346127671158297, 0.3136138613861386, 0.2815477909327173, 0.2957690786872281, 0.2890298622930528, 0.2910968462182529, 0.304585816810607, 0.3002303210947026, 0.2752333094041637, 0.2929061784897025, 0.2918807810894142, 0.29862626781358326, 0.29110702672133465, 0.2840699161574535, 0.276078431372549]
Preds: [17, 17, 17, 284, 387, 486, 284, 284, 355, 355, 35, 250, 250, 115, 115, 217, 354, 153, 153, 250, 250, 250, 387, 387, 387, 171, 171, 171, 360, 360, 464, 464, 464, 339, 339, 32, 374, 219, 219, 324, 246, 246, 246, 464, 464, 464, 464, 464, 464, 464, 464, 19, 19, 454, 454, 454, 414, 414, 414, 170, 170, 187, 187, 244, 73, 73, 73, 320, 321, 7, 7, 7, 171, 171, 171, 171, 464, 339, 143, 355, 153, 153, 153, 497, 497, 497, 35, 153, 153, 153, 153, 293, 293, 284, 284, 182, 182, 182, 293, 132, 35, 182, 250, 182, 182, 284, 240, 486, 486, 171, 171, 464, 464, 464, 19, 19, 454, 414, 414, 414, 414, 414, 170, 170, 170, 170, 47, 170, 47, 47, 47, 320, 73, 244, 244, 321, 7, 7, 7, 287, 182, 182, 182, 387, 171, 171, 171, 171, 360, 464, 464, 464, 464, 464, 464, 464, 464, 464, 19, 19, 454, 454, 414, 414, 414, 187, 7, 321, 7, 7, 171, 171, 246, 246, 464, 464, 246, 246, 246, 464, 464, 464, 464, 252, 264, 464, 486, 240, 240, 240, 240, 240, 240, 240, 450, 450, 355, 355, 250, 250, 250, 250, 153, 153, 153, 153, 153, 387, 132, 250, 250, 250, 303, 250, 115, 115, 115, 115, 354, 354, 182, 182, 182, 293, 153, 182, 182, 98, 98, 98, 414, 414, 244, 244, 320, 287, 287, 153, 171, 171, 264, 293, 413, 250, 303, 303, 303, 303, 115, 354, 32, 100, 267, 324, 171, 171, 171, 171, 252, 264, 143, 303, 303, 303, 303, 115, 115, 354, 32, 267, 486, 486, 240, 240, 240, 355, 35, 35, 48, 75, 441, 153, 153, 153, 153, 182, 182, 182, 182, 182, 182, 182, 182, 182, 182, 413, 132, 98, 98, 98, 98, 414, 414, 244, 321, 287, 287, 287, 153, 153, 293, 284, 35, 98, 414, 414, 414, 170, 47, 7, 7, 7, 486, 486, 486, 486, 486, 486, 486, 486, 486, 486, 486, 486, 486, 486, 486, 486, 486, 486, 486, 486, 486, 486, 486, 486, 486, 486, 486, 486, 486, 486, 486, 486, 486, 486, 486, 486, 486, 486, 486, 486, 486, 486, 486, 486, 486, 486, 486, 486, 486, 486, 486, 486, 486, 486, 486, 486, 486, 486, 486, 486, 486, 486, 486, 486, 486, 486, 486, 486, 486, 486, 486, 486, 486, 486, 486, 486, 486, 486, 486, 486, 486, 486, 486, 486, 486, 464, 464, 464, 464, 464, 464, 464, 464, 464, 464, 464, 464, 464, 464, 464, 464, 464, 464, 464, 464, 464, 464, 464, 464, 464, 464, 464, 464, 464, 464, 464, 464, 464, 464, 464, 464, 464, 464, 464, 464, 464, 464, 464, 464, 464, 464, 464, 464, 464, 464, 464, 464, 464, 464, 464, 464, 464, 464, 464, 464, 464, 464, 464, 464, 464, 464, 464, 464, 464, 464, 464, 464, 464, 464, 464, 464, 464, 464, 464, 464, 464, 464, 464, 464, 464, 464, 464, 464, 464, 464, 464, 464, 464, 464, 464, 464, 464, 464, 464, 464, 464, 464, 464, 464, 464, 464, 464, 464, 464, 464, 464, 464, 464, 464, 464, 464, 464, 464, 464, 464, 464, 464, 464, 464, 464, 464, 464, 464, 464, 464, 464, 464, 464, 464, 464, 464, 464, 464, 464, 464, 464, 464, 464, 464, 464, 464, 464, 464, 464, 464, 464, 464, 464, 464, 464, 464, 464, 464, 464, 464, 464, 464, 464, 464, 464, 464, 464, 464, 464, 464, 464, 464, 464, 464, 464, 464, 464, 464, 464, 464, 464, 464, 464, 464, 464, 464, 464, 464, 464, 464, 464, 464, 464]

ep19
Train step Loss: [3.0227153301239014, 2.891082525253296, 3.000112533569336, 3.164971113204956, 3.075315475463867, 3.1258809566497803, 3.0232203006744385, 3.0589523315429688, 2.944669723510742, 2.922287702560425, 3.0489602088928223, 3.026099443435669, 2.9798030853271484, 3.183286190032959, 3.1230251789093018, 2.928169012069702, 3.0290746688842773, 3.0869901180267334, 3.0800485610961914, 3.064152479171753, 2.9274444580078125, 3.037611722946167, 3.0241544246673584, 3.0497312545776367, 3.1315813064575195, 2.9891018867492676, 2.99820613861084, 3.0240962505340576, 3.1540064811706543, 3.0166239738464355, 2.967313528060913, 2.870434522628784, 2.959517002105713, 2.8770670890808105, 2.9765255451202393, 2.980576515197754, 2.956209421157837, 3.017986536026001, 2.9010002613067627, 3.03798770904541, 3.0833370685577393, 2.935669183731079, 3.0472781658172607, 2.96700382232666, 2.9427149295806885, 2.9976933002471924, 3.0347509384155273, 3.042348623275757, 2.9869961738586426, 2.913726806640625, 2.8942267894744873, 3.068769931793213, 2.977051019668579, 2.9731898307800293, 2.9462027549743652, 3.0784082412719727, 2.956444025039673, 2.926522970199585, 2.960452079772949, 3.0274088382720947, 2.8616225719451904, 2.959104537963867, 2.9296276569366455]
val step Loss: [3.366760730743408, 3.304872512817383, 3.3236818313598633, 3.3807218074798584, 3.384999990463257, 3.3480043411254883, 3.3691112995147705, 3.4366531372070312, 3.3474080562591553, 3.320775032043457, 3.329540252685547, 3.2682089805603027, 3.311830997467041, 3.361495018005371, 3.250666618347168, 3.172015428543091]
Train step Accs: [0.36930490654205606, 0.4053082665192148, 0.3947222989776181, 0.3587069864442127, 0.3620614984841923, 0.3516696688374671, 0.37043843528485165, 0.37316885119506554, 0.38560140474100085, 0.3919967880085653, 0.37281831187410586, 0.3810994441012971, 0.39425109201070874, 0.34841410400901623, 0.3614593604733061, 0.39701628862840616, 0.3747835122965016, 0.3556142668428005, 0.35988725708351876, 0.372829417773238, 0.39187460012795905, 0.3827510229776519, 0.379247572815534, 0.3740890688259109, 0.3646362098138748, 0.3889990744413592, 0.3868680641183724, 0.3759057971014493, 0.34914302600472813, 0.36779866585809584, 0.3965767333913548, 0.39908392434988177, 0.40026372572524577, 0.4027086788280818, 0.3874773139745917, 0.39226678165876094, 0.3997662944689691, 0.37648648648648647, 0.4104751903386716, 0.382478318388946, 0.36687402799377916, 0.4070450097847358, 0.38060951105157403, 0.3849613492621223, 0.3970954356846473, 0.3922514821453192, 0.3809596112966899, 0.37790787243876134, 0.39407780752874466, 0.4021004172061574, 0.4137164629306239, 0.37810033821871475, 0.4052132701421801, 0.38472398701115346, 0.401755786113328, 0.3785310734463277, 0.39866874380399375, 0.40034708316646644, 0.3934017188799556, 0.38073892963868516, 0.407259990447381, 0.3985239852398524, 0.41707812953819345]
val step Accs: [0.3155295198713531, 0.32585717968548594, 0.31158048069919886, 0.31958210554513794, 0.3091144988647421, 0.3170402376451526, 0.3081950071886028, 0.2874536005939124, 0.32525083612040134, 0.3168121655871585, 0.3195613363937771, 0.32284505552617665, 0.31867576446803136, 0.3103644646924829, 0.3354326396495071, 0.3411285131945934]
Preds: [17, 17, 287, 284, 284, 284, 284, 284, 450, 413, 250, 250, 250, 35, 303, 115, 115, 115, 115, 115, 354, 354, 153, 284, 284, 284, 284, 284, 264, 264, 264, 293, 132, 132, 132, 310, 324, 246, 324, 324, 324, 252, 339, 143, 77, 115, 115, 115, 115, 115, 267, 267, 267, 246, 213, 213, 301, 301, 301, 339, 32, 398, 171, 464, 443, 264, 355, 355, 250, 250, 303, 115, 115, 115, 441, 303, 303, 115, 115, 153, 188, 387, 486, 486, 486, 486, 486, 486, 355, 355, 35, 250, 303, 250, 115, 115, 267, 267, 267, 107, 464, 464, 464, 286, 264, 264, 374, 374, 374, 264, 264, 486, 468, 464, 464, 19, 19, 454, 454, 414, 414, 414, 170, 170, 170, 170, 47, 47, 47, 2, 2, 2, 2, 2, 392, 244, 392, 63, 63, 244, 73, 73, 244, 321, 320, 320, 287, 287, 287, 287, 153, 153, 293, 293, 250, 250, 250, 153, 153, 284, 284, 284, 293, 284, 413, 413, 132, 132, 132, 250, 250, 250, 250, 182, 182, 267, 182, 182, 182, 132, 250, 250, 310, 374, 240, 240, 219, 219, 219, 339, 464, 464, 324, 464, 464, 464, 264, 264, 132, 132, 374, 374, 293, 293, 293, 293, 182, 182, 182, 497, 497, 497, 497, 98, 35, 276, 153, 153, 284, 284, 284, 293, 284, 284, 413, 413, 250, 250, 250, 250, 250, 303, 98, 263, 48, 414, 414, 170, 170, 170, 170, 392, 244, 47, 392, 392, 392, 392, 392, 392, 73, 73, 73, 244, 320, 7, 7, 7, 339, 443, 443, 293, 284, 486, 486, 240, 240, 355, 355, 250, 303, 303, 303, 115, 115, 115, 287, 287, 153, 153, 387, 250, 250, 250, 303, 303, 303, 115, 115, 354, 354, 441, 153, 153, 153, 250, 132, 132, 497, 98, 98, 98, 197, 197, 244, 321, 287, 287, 287, 153, 284, 284, 284, 284, 284, 284, 284, 443, 443, 443, 132, 132, 132, 132, 132, 132, 132, 132, 132, 497, 250, 250, 250, 250, 250, 250, 250, 267, 284, 284, 486, 171, 360, 360, 464, 464, 464, 464, 464, 143, 143, 75, 354, 180, 355, 250, 132, 497, 497, 303, 303, 303, 303, 115, 115, 354, 153, 153, 153, 153, 153, 182, 182, 182, 182, 387, 497, 497, 497, 293, 293, 293, 293, 132, 132, 98, 98, 98, 98, 414, 414, 414, 170, 170, 170, 170, 47, 47, 187, 187, 187, 47, 47, 392, 73, 244, 321, 320, 320, 2, 75, 75, 115, 287, 287, 287, 153, 153, 153, 153, 284, 182, 182, 182, 182, 182, 182, 182, 182, 182, 182, 182, 182, 413, 35, 35, 35, 303, 267, 267, 107, 107, 464, 464, 374, 374, 264, 264, 264, 132, 132, 98, 98, 250, 250, 267, 387, 486, 486, 240, 240, 240, 240, 240, 240, 240, 240, 240, 240, 240, 240, 464, 464, 464, 464, 464, 464, 464, 464, 464, 464, 464, 464, 464, 464, 464, 464, 464, 464, 464, 464, 464, 464, 464, 464, 464, 464, 464, 464, 464, 464, 464, 464, 464, 464, 464, 464, 464, 464, 464, 464, 464, 464, 464, 464, 464, 464, 464, 464, 464, 464, 464, 464, 464, 464, 464, 464, 464, 464, 464, 464, 464, 464, 464, 464, 464, 464, 464, 464, 464, 464, 464, 464, 464, 464, 464, 464, 464, 464, 464, 464, 464, 464, 464, 464, 464, 464, 464, 464, 464, 464, 464, 464, 464, 464, 464, 464, 464, 464, 464, 464, 464, 464, 464, 464, 464, 464, 464, 464, 464, 464, 464, 464, 464, 464, 464, 464, 464, 464, 464, 464, 464, 464, 464, 464, 464, 464, 464, 464, 464]

ep20
Train step Loss: [2.8796494007110596, 2.8725016117095947, 3.0267720222473145, 2.948887825012207, 2.8885326385498047, 3.0409746170043945, 2.9670722484588623, 2.9608023166656494, 3.0394294261932373, 2.9525256156921387, 3.022982597351074, 2.854039192199707, 2.9872517585754395, 2.814040422439575, 2.8668057918548584, 2.963064193725586, 2.8568079471588135, 2.973466396331787, 2.8763725757598877, 2.855050802230835, 2.943948268890381, 2.9505326747894287, 2.8534634113311768, 2.846529006958008, 2.9178295135498047, 2.848689556121826, 3.0031661987304688, 2.9175961017608643, 2.884474039077759, 2.9341630935668945, 2.8809032440185547, 2.846736431121826, 2.946047782897949, 2.8616364002227783, 2.7826290130615234, 2.945215940475464, 2.8529763221740723, 2.872581720352173, 2.9177839756011963, 2.9455606937408447, 2.901818037033081, 2.877502918243408, 2.9144110679626465, 2.9158084392547607, 2.9350545406341553, 2.9878790378570557, 2.898069143295288, 2.9426817893981934, 2.9907424449920654, 2.9840569496154785, 2.899475336074829, 2.8618226051330566, 2.902362823486328, 2.7999589443206787, 2.925356864929199, 2.8932104110717773, 2.7776906490325928, 2.8373000621795654, 2.8064236640930176, 2.848784923553467, 2.927830219268799, 2.83695912361145, 2.8824849128723145]
val step Loss: [3.1576812267303467, 3.2641358375549316, 3.2847282886505127, 3.228297710418701, 3.2884249687194824, 3.1649584770202637, 3.3334667682647705, 3.1990931034088135, 3.2186758518218994, 3.2056427001953125, 3.139019012451172, 3.2323553562164307, 3.1967661380767822, 3.2962098121643066, 3.2996249198913574, 3.2040293216705322]
Train step Accs: [0.413447782546495, 0.40417575568712993, 0.3877582724871835, 0.39251292079899425, 0.4053238919485969, 0.3675368312225381, 0.3933522134446266, 0.3939074046146886, 0.3771667662881052, 0.39094890510948904, 0.38592567102546455, 0.4127979924717691, 0.3887185775597793, 0.42564821303433775, 0.4156742220514791, 0.3937653814602133, 0.3998879080846294, 0.3970043007563399, 0.4000582326393944, 0.4113753039718995, 0.40523787385712073, 0.38457051188566427, 0.4194354601587768, 0.4128369704749679, 0.3969863399521194, 0.41614569176406635, 0.3732512590934527, 0.401811320754717, 0.40351681957186547, 0.3912183544303797, 0.414061353295171, 0.42133931432233257, 0.39968494916225117, 0.41286899741531763, 0.4299545780540282, 0.3977044476327116, 0.41552926903245374, 0.4198952879581152, 0.40185849364199544, 0.3998650472334683, 0.40479616306954436, 0.40781405960359335, 0.40646915700586805, 0.4007801072647489, 0.3926940639269406, 0.382007026118833, 0.3959763691521635, 0.40556561831055493, 0.39375453885257805, 0.39273190946764425, 0.4132588974180042, 0.42074394196635284, 0.40476190476190477, 0.42694034637588196, 0.40195497630331756, 0.41099588009660465, 0.43043043043043044, 0.4191358024691358, 0.42240562846705454, 0.4197428452924098, 0.4069660861594867, 0.41806981519507186, 0.4083539433910415]
val step Accs: [0.3480936454849498, 0.33708907741251326, 0.3255010366275052, 0.33939983328702417, 0.32747853239656516, 0.3450535601764335, 0.32200453152072506, 0.351192856190857, 0.3471209454362585, 0.3390760592138846, 0.3484220592923175, 0.34426023612157747, 0.34300108932461876, 0.31716417910447764, 0.3108165882855921, 0.3423574508864399]
Preds: [17, 17, 17, 287, 284, 284, 284, 284, 284, 450, 413, 413, 413, 413, 413, 276, 153, 153, 153, 182, 182, 182, 182, 182, 182, 182, 98, 98, 98, 98, 414, 197, 197, 80, 80, 320, 287, 287, 287, 284, 284, 284, 443, 264, 413, 413, 413, 32, 473, 398, 398, 464, 143, 132, 132, 250, 153, 153, 153, 153, 387, 387, 284, 387, 360, 324, 324, 252, 339, 8, 107, 464, 464, 464, 464, 464, 464, 464, 464, 464, 464, 464, 264, 339, 132, 132, 35, 250, 100, 153, 153, 132, 122, 303, 303, 48, 401, 75, 75, 115, 115, 115, 115, 115, 354, 267, 267, 267, 213, 464, 464, 339, 374, 486, 240, 443, 413, 413, 250, 486, 132, 132, 132, 132, 276, 153, 153, 182, 182, 182, 182, 413, 98, 98, 98, 98, 320, 153, 132, 132, 132, 132, 132, 132, 132, 132, 132, 303, 250, 303, 303, 303, 303, 303, 354, 32, 100, 100, 153, 153, 153, 153, 153, 153, 153, 182, 387, 293, 413, 98, 98, 98, 414, 414, 414, 170, 170, 170, 170, 392, 392, 392, 392, 392, 392, 392, 392, 63, 63, 63, 63, 63, 63, 63, 63, 63, 63, 63, 63, 63, 392, 392, 244, 244, 321, 320, 321, 7, 7, 7, 213, 213, 213, 464, 464, 464, 264, 486, 486, 240, 240, 355, 355, 303, 250, 115, 115, 115, 115, 354, 354, 182, 324, 324, 324, 464, 464, 464, 264, 264, 264, 264, 264, 413, 132, 132, 132, 387, 398, 398, 264, 374, 132, 497, 497, 497, 132, 132, 122, 303, 303, 48, 303, 303, 115, 115, 273, 32, 100, 100, 100, 387, 497, 35, 35, 303, 354, 354, 387, 398, 360, 360, 360, 264, 264, 374, 374, 374, 246, 246, 246, 252, 339, 132, 132, 132, 132, 132, 98, 98, 414, 414, 48, 47, 47, 47, 321, 75, 75, 441, 287, 287, 153, 153, 153, 413, 413, 98, 98, 98, 414, 414, 244, 47, 7, 7, 387, 486, 240, 240, 240, 240, 240, 240, 240, 240, 240, 240, 240, 240, 240, 240, 240, 240, 240, 240, 240, 240, 240, 240, 240, 240, 240, 240, 240, 240, 240, 240, 240, 240, 240, 240, 240, 240, 240, 240, 240, 240, 240, 240, 240, 240, 240, 240, 240, 240, 240, 240, 240, 240, 240, 240, 240, 464, 240, 240, 240, 240, 240, 240, 240, 240, 240, 240, 240, 240, 240, 240, 240, 240, 240, 240, 240, 464, 464, 464, 464, 464, 464, 464, 464, 464, 464, 464, 464, 464, 464, 464, 464, 464, 464, 464, 464, 464, 464, 464, 464, 464, 464, 464, 464, 464, 464, 464, 464, 464, 464, 464, 464, 464, 464, 464, 464, 464, 464, 464, 464, 464, 464, 464, 464, 464, 464, 464, 464, 464, 464, 464, 464, 464, 464, 464, 464, 464, 464, 464, 464, 464, 464, 464, 464, 464, 464, 464, 464, 464, 464, 464, 464, 464, 464, 464, 464, 464, 464, 464, 464, 464, 464, 464, 464, 464, 464, 464, 464, 464, 464, 464, 464, 464, 464, 464, 464, 464, 464, 464, 464, 464, 464, 464, 464, 464, 464, 464, 464, 464, 464, 464, 464, 464, 464, 464, 464, 464, 464, 464, 464, 464, 464, 464, 464, 464, 464, 464, 464, 464, 464, 464, 464, 464, 464, 464, 464, 464, 464, 464, 464, 464, 464, 464, 464, 464, 464, 464, 464, 464, 464, 464, 464, 464, 464, 464, 464, 464, 464, 464, 464, 464, 464, 464, 464, 464, 464, 464, 464, 464, 464, 464, 464, 464, 464, 464, 464, 464, 464, 464, 464, 464, 464, 464, 464, 464, 464, 464, 464, 464, 464, 464, 464, 464]

ep21
Train step Loss: [2.8433151245117188, 2.809690237045288, 2.8018295764923096, 2.82973051071167, 2.7945005893707275, 2.835341215133667, 2.765406608581543, 2.8991858959198, 2.7750303745269775, 2.931309938430786, 2.915461778640747, 2.8150010108947754, 2.833336353302002, 2.825881242752075, 2.888145685195923, 2.905352830886841, 2.8343183994293213, 2.837397813796997, 2.8596200942993164, 2.7212438583374023, 2.8434855937957764, 2.929250717163086, 2.7929816246032715, 2.912459135055542, 2.9943575859069824, 2.675837755203247, 2.865142583847046, 2.7812273502349854, 2.718477487564087, 2.743042469024658, 2.8474690914154053, 2.832820415496826, 2.835517644882202, 2.7569897174835205, 2.8148133754730225, 2.774940013885498, 2.8773739337921143, 2.701266288757324, 2.9043147563934326, 2.853818893432617, 2.7437329292297363, 2.8102869987487793, 2.7189998626708984, 2.8093409538269043, 2.8433570861816406, 2.781421661376953, 2.8692269325256348, 2.898732900619507, 2.743591070175171, 2.783114433288574, 2.737955093383789, 2.792790174484253, 2.7641026973724365, 2.7568230628967285, 2.755627393722534, 2.7804410457611084, 2.756439447402954, 2.9025845527648926, 2.760286569595337, 2.7274837493896484, 2.7284698486328125, 2.7582082748413086, 2.742441415786743]
val step Loss: [3.2073779106140137, 3.1547679901123047, 3.1187493801116943, 3.32222843170166, 3.193721294403076, 3.112095594406128, 3.1271867752075195, 3.0961410999298096, 3.1341869831085205, 3.1318283081054688, 3.051492929458618, 3.1517174243927, 3.0503594875335693, 3.0636541843414307, 3.0897207260131836, 3.2392733097076416]
Train step Accs: [0.4271630370806357, 0.4267899677735743, 0.42474344355758265, 0.4086345381526104, 0.4283625730994152, 0.41533717656522323, 0.4273349155381823, 0.4130958757364756, 0.4362163725773792, 0.40431589989509964, 0.41212458286985537, 0.4271491995156734, 0.4234860883797054, 0.4205659848697114, 0.4071747627024009, 0.40158335920521576, 0.4198341936493039, 0.4179615485909929, 0.42894294018662993, 0.4392941796154859, 0.411409083862967, 0.3981806575167571, 0.4257930814602264, 0.4101796407185629, 0.3850998258073161, 0.45948365915534994, 0.41256919570172584, 0.4265203846674793, 0.43994267847837415, 0.4333385311086855, 0.4137883008356546, 0.42219577506694433, 0.42567677095153184, 0.4367640311974308, 0.42041884816753927, 0.4267223382045929, 0.41243555694422745, 0.448659793814433, 0.4036619718309859, 0.4091192032368503, 0.43376733654118316, 0.4241348713398403, 0.44001357542847447, 0.42597873995333163, 0.41530054644808745, 0.4372994838889664, 0.41138921552158575, 0.4203865230032495, 0.43776943401474067, 0.43382589142306455, 0.44288696689531765, 0.4215814766273482, 0.4282002188183807, 0.42333763718528084, 0.42594484167517876, 0.42336298672889017, 0.428014553014553, 0.4040900443880786, 0.43182808189342237, 0.4433618969362601, 0.44366197183098594, 0.4468714768883878, 0.43218623481781376]
val step Accs: [0.34040324692327834, 0.3565901995384824, 0.36065573770491804, 0.31410075992119335, 0.34250233676058217, 0.35258315640481247, 0.3615630834889304, 0.3638531866967007, 0.3592713077423552, 0.358832904254015, 0.3628500823723229, 0.33596525858665616, 0.37232047159699894, 0.37193987115246957, 0.34546344647519583, 0.3396356928752594]
Preds: [17, 7, 213, 213, 252, 35, 35, 75, 441, 287, 153, 284, 284, 284, 240, 450, 264, 486, 146, 264, 374, 132, 132, 132, 276, 153, 284, 284, 284, 486, 284, 240, 450, 264, 264, 468, 468, 468, 19, 19, 454, 454, 454, 414, 414, 414, 414, 170, 392, 244, 187, 187, 73, 73, 47, 47, 47, 47, 47, 47, 47, 187, 73, 73, 244, 73, 73, 321, 321, 320, 320, 287, 287, 284, 284, 284, 284, 284, 450, 284, 450, 450, 450, 450, 293, 293, 293, 98, 35, 35, 303, 303, 75, 115, 115, 115, 115, 354, 354, 153, 153, 153, 153, 284, 293, 264, 264, 264, 264, 264, 132, 132, 132, 182, 398, 398, 219, 360, 464, 464, 464, 264, 264, 264, 264, 443, 443, 443, 450, 450, 450, 450, 413, 413, 413, 413, 413, 413, 276, 284, 284, 284, 284, 284, 284, 355, 355, 355, 355, 355, 293, 293, 293, 293, 293, 413, 413, 413, 413, 276, 153, 153, 153, 284, 284, 293, 486, 264, 293, 293, 293, 293, 293, 182, 182, 324, 324, 374, 374, 8, 77, 77, 115, 115, 115, 115, 115, 267, 267, 267, 267, 213, 464, 464, 464, 339, 107, 171, 464, 264, 264, 264, 132, 132, 132, 250, 250, 115, 115, 115, 115, 115, 115, 115, 115, 32, 32, 32, 32, 153, 293, 293, 293, 355, 355, 355, 355, 35, 35, 263, 414, 414, 414, 414, 170, 170, 170, 170, 170, 244, 47, 2, 2, 2, 2, 2, 392, 63, 244, 392, 63, 63, 63, 63, 63, 63, 63, 63, 63, 244, 63, 244, 73, 320, 73, 320, 320, 320, 287, 287, 287, 287, 153, 153, 497, 497, 122, 35, 32, 497, 132, 354, 182, 180, 443, 443, 486, 486, 240, 240, 240, 264, 264, 293, 293, 293, 293, 497, 497, 132, 122, 35, 35, 250, 497, 182, 182, 182, 182, 443, 324, 213, 213, 246, 246, 246, 246, 246, 246, 246, 246, 19, 19, 19, 454, 454, 454, 414, 414, 170, 170, 170, 170, 170, 47, 47, 47, 47, 2, 2, 47, 2, 392, 244, 392, 63, 63, 63, 63, 63, 63, 63, 63, 63, 63, 244, 63, 63, 63, 244, 244, 392, 63, 73, 63, 73, 73, 244, 73, 321, 7, 7, 7, 7, 7, 7, 473, 360, 252, 374, 374, 374, 374, 132, 132, 132, 132, 132, 132, 276, 276, 153, 153, 153, 284, 284, 284, 450, 293, 293, 284, 240, 443, 443, 443, 443, 35, 355, 35, 35, 197, 355, 250, 287, 287, 153, 153, 284, 284, 284, 284, 284, 284, 284, 450, 450, 293, 293, 293, 293, 293, 293, 293, 413, 413, 413, 497, 497, 497, 497, 497, 182, 182, 374, 310, 107, 107, 464, 464, 464, 464, 264, 264, 264, 293, 132, 293, 132, 250, 250, 250, 303, 342, 115, 115, 115, 441, 441, 153, 153, 153, 153, 153, 182, 182, 182, 182, 182, 182, 413, 413, 413, 413, 182, 497, 497, 497, 413, 250, 413, 276, 276, 387, 387, 284, 182, 264, 374, 468, 146, 146, 464, 464, 464, 324, 324, 464, 464, 464, 464, 339, 132, 132, 132, 324, 464, 464, 464, 355, 355, 355, 355, 263, 263, 355, 65, 486, 486, 464, 464, 464, 464, 464, 464, 464, 464, 464, 464, 464, 464, 464, 464, 464, 464, 464, 464, 464, 464, 464, 464, 464, 464, 464, 464, 464, 464, 464, 464, 464, 464, 464, 464, 464, 464, 464, 464, 464, 464, 464, 464, 464, 464, 464, 464, 464, 464, 464, 464, 464, 464, 464, 464, 464, 464, 464, 464, 464, 464, 464, 464, 464, 464, 464, 464, 464, 464, 464, 464, 464, 464]

ep22
Train step Loss: [2.8057830333709717, 2.7964327335357666, 2.790754556655884, 2.631227970123291, 2.851252555847168, 2.927696943283081, 2.7041893005371094, 2.6941468715667725, 2.738136053085327, 2.757917881011963, 2.664667844772339, 2.8526809215545654, 2.738900899887085, 2.7404143810272217, 2.7072460651397705, 2.82545804977417, 2.713549852371216, 2.652416944503784, 2.7606496810913086, 2.7272801399230957, 2.6514182090759277, 2.808568239212036, 2.672696113586426, 2.7125964164733887, 2.8015527725219727, 2.6366264820098877, 2.695765256881714, 2.7132153511047363, 2.7706620693206787, 2.752026319503784, 2.682023763656616, 2.7362890243530273, 2.617093563079834, 2.77835750579834, 2.674100399017334, 2.687645673751831, 2.721719264984131, 2.6567680835723877, 2.739091396331787, 2.655585289001465, 2.796583652496338, 2.770174026489258, 2.6893932819366455, 2.7224740982055664, 2.7441482543945312, 2.7083356380462646, 2.7478010654449463, 2.691084146499634, 2.650960683822632, 2.598036527633667, 2.700329542160034, 2.696629047393799, 2.560642957687378, 2.690330982208252, 2.6585819721221924, 2.6907970905303955, 2.6025052070617676, 2.777883291244507, 2.7185895442962646, 2.737748622894287, 2.625089168548584, 2.761014461517334, 2.805483102798462]
val step Loss: [3.0369317531585693, 3.0532538890838623, 3.0612359046936035, 3.034712791442871, 3.0761349201202393, 3.0392374992370605, 3.075399875640869, 3.090723752975464, 3.03062105178833, 3.0360984802246094, 3.0013716220855713, 3.098010778427124, 2.9715464115142822, 3.076124429702759, 2.906403064727783, 3.015939950942993]
Train step Accs: [0.41846858305774615, 0.42232713981114833, 0.42896899019348, 0.4536287647605148, 0.4165409408860239, 0.39851826326671264, 0.441363926067559, 0.45027073240239385, 0.43373983739837396, 0.4307477071350847, 0.45476739454767395, 0.42939814814814814, 0.4393961600469002, 0.436652513354335, 0.4370429464166999, 0.4254473161033797, 0.44358251057827924, 0.45947811680242995, 0.43549850901076104, 0.44053437601824696, 0.4518456841520955, 0.42733188720173537, 0.4501738998941479, 0.444475138121547, 0.42821123406639583, 0.45164690382081685, 0.45196421625826527, 0.44497469269703543, 0.43482294727075926, 0.4343159486016629, 0.4577719355898784, 0.4357266936884771, 0.4735602094240838, 0.4287776708373436, 0.45588012713788406, 0.4476000469428471, 0.44983005763262895, 0.458906910181273, 0.44452876005463654, 0.4552250428282199, 0.41991948188342376, 0.440579298594349, 0.44513301088270857, 0.44085687674635204, 0.4413362849667941, 0.44282972306004936, 0.4333672431332655, 0.4636683269850571, 0.45674842120722575, 0.46319743982190065, 0.4420423183072677, 0.44871794871794873, 0.47008659144581477, 0.44410657399362874, 0.45507330526926987, 0.4464166555451755, 0.471412864211105, 0.43875278396436523, 0.4449398127507802, 0.43991064780342515, 0.45862571163775984, 0.4519101876675603, 0.41873128233052004]
val step Accs: [0.3732344128977029, 0.36517285531370036, 0.36285002199091043, 0.37060839760068554, 0.36612789880534086, 0.37078152753108345, 0.359111361079865, 0.3625301052097858, 0.3757460317460318, 0.3640145605824233, 0.38299737072743206, 0.35436223081170626, 0.3757700205338809, 0.36920039486673245, 0.3896769109535067, 0.386349001931745]
Preds: [17, 17, 17, 287, 287, 182, 387, 473, 324, 324, 464, 301, 339, 339, 8, 303, 354, 354, 387, 213, 213, 213, 324, 19, 19, 19, 454, 454, 392, 47, 47, 170, 170, 170, 170, 392, 244, 47, 47, 47, 47, 47, 47, 47, 47, 47, 2, 2, 392, 392, 63, 63, 63, 63, 63, 63, 63, 63, 63, 63, 63, 63, 63, 63, 63, 63, 63, 63, 63, 63, 63, 63, 63, 63, 63, 63, 63, 63, 63, 63, 244, 244, 320, 320, 320, 287, 287, 284, 284, 284, 284, 284, 450, 240, 240, 240, 132, 132, 35, 35, 414, 414, 414, 414, 47, 392, 392, 244, 244, 244, 244, 244, 244, 2, 2, 320, 320, 320, 287, 287, 153, 153, 250, 250, 250, 250, 354, 35, 48, 267, 132, 100, 473, 387, 443, 171, 171, 171, 171, 171, 171, 246, 252, 19, 32, 239, 19, 35, 287, 188, 171, 171, 264, 355, 355, 250, 276, 276, 153, 387, 284, 284, 443, 240, 443, 374, 264, 443, 443, 486, 486, 450, 450, 486, 146, 240, 240, 240, 355, 355, 77, 48, 303, 75, 115, 115, 273, 100, 132, 267, 473, 324, 324, 324, 464, 464, 464, 464, 339, 464, 132, 35, 303, 75, 75, 115, 115, 115, 115, 115, 354, 354, 153, 284, 284, 284, 284, 284, 443, 264, 132, 132, 35, 35, 48, 414, 414, 47, 170, 392, 392, 392, 392, 392, 392, 392, 392, 392, 392, 73, 244, 320, 320, 320, 287, 287, 276, 35, 250, 32, 32, 32, 35, 115, 354, 371, 284, 284, 443, 443, 443, 240, 413, 293, 374, 497, 374, 132, 132, 132, 132, 132, 132, 374, 374, 219, 324, 324, 324, 246, 246, 246, 246, 246, 246, 301, 301, 339, 339, 153, 153, 153, 284, 284, 284, 284, 450, 264, 132, 132, 132, 132, 132, 132, 122, 35, 132, 132, 132, 354, 267, 324, 324, 324, 301, 301, 339, 32, 32, 143, 303, 354, 354, 284, 284, 284, 486, 240, 355, 240, 240, 240, 240, 240, 240, 464, 464, 464, 464, 464, 464, 464, 464, 464, 464, 464, 464, 464, 464, 464, 464, 464, 464, 464, 464, 464, 464, 464, 464, 464, 464, 464, 464, 464, 464, 464, 464, 464, 464, 464, 464, 464, 464, 464, 464, 464, 464, 464, 464, 464, 464, 464, 464, 464, 464, 464, 464, 464, 464, 464, 464, 464, 464, 464, 464, 464, 464, 464, 464, 464, 464, 464, 464, 464, 464, 464, 464, 464, 464, 464, 464, 464, 464, 464, 464, 464, 464, 464, 464, 464, 464, 464, 464, 464, 464, 464, 464, 464, 464, 464, 464, 464, 464, 464, 464, 464, 464, 464, 464, 464, 464, 464, 464, 464, 464, 464, 464, 464, 464, 464, 464, 464, 464, 464, 464, 464, 464, 464, 464, 464, 464, 464, 464, 464, 464, 464, 464, 464, 464, 464, 464, 464, 464, 464, 464, 464, 464, 464, 464, 464, 464, 464, 464, 464, 464, 464, 464, 464, 464, 464, 464, 464, 464, 464, 464, 464, 464, 464, 464, 464, 464, 464, 464, 464, 464, 464, 464, 464, 464, 464, 464, 464, 464, 464, 464, 464, 464, 464, 464, 464, 464, 464, 464, 464, 464, 464, 464, 464, 464, 464, 464, 464, 464, 464, 464, 464, 464, 464, 464, 464, 464, 464, 464, 464, 464, 464, 464, 464, 464, 464, 464, 464, 464, 464, 464, 464, 464, 464, 464, 464, 464, 464, 464, 464, 464, 464, 464, 464, 464, 464, 464, 464, 464, 464, 464, 464, 464, 464, 464, 464, 464, 464, 464, 464, 464, 464, 464, 464, 464, 464, 464, 464, 464, 464, 464, 464, 464, 464, 464, 464]

ep23
Train step Loss: [2.692633628845215, 2.6773500442504883, 2.75185489654541, 2.7574949264526367, 2.608299970626831, 2.648845911026001, 2.7061867713928223, 2.6367576122283936, 2.6696784496307373, 2.729607343673706, 2.5936901569366455, 2.6549031734466553, 2.6423728466033936, 2.629106044769287, 2.582981824874878, 2.64540433883667, 2.7087693214416504, 2.671765089035034, 2.6878859996795654, 2.6220951080322266, 2.7067527770996094, 2.648998737335205, 2.5591588020324707, 2.6436729431152344, 2.5825815200805664, 2.6922943592071533, 2.605964183807373, 2.5829250812530518, 2.6478846073150635, 2.7036263942718506, 2.6435489654541016, 2.7056803703308105, 2.6826629638671875, 2.6419942378997803, 2.6722095012664795, 2.633094072341919, 2.5876340866088867, 2.5621535778045654, 2.587268829345703, 2.5880990028381348, 2.553776979446411, 2.5792791843414307, 2.5509285926818848, 2.534442186355591, 2.5490643978118896, 2.5627036094665527, 2.5531818866729736, 2.5188822746276855, 2.495710611343384, 2.6554441452026367, 2.611837387084961, 2.5668609142303467, 2.5271527767181396, 2.5846660137176514, 2.651367664337158, 2.5263466835021973, 2.504937171936035, 2.6274900436401367, 2.5283925533294678, 2.629791736602783, 2.6604697704315186, 2.532909393310547, 2.474475145339966]
val step Loss: [2.9923675060272217, 2.9886248111724854, 2.9092366695404053, 2.9196321964263916, 2.9544765949249268, 2.9724388122558594, 2.875823497772217, 2.951794385910034, 2.9558589458465576, 2.863539695739746, 3.042093276977539, 2.8903868198394775, 2.881741762161255, 2.967533826828003, 2.9086031913757324, 2.9012200832366943]
Train step Accs: [0.4490943160524672, 0.44854721549636806, 0.42409710774763976, 0.43615554329840045, 0.45960841189267587, 0.4551354401805869, 0.4477827531417016, 0.4510939510939511, 0.4504529616724739, 0.4368755676657584, 0.47176173082326495, 0.4606098127224888, 0.46260245901639346, 0.46334815664897433, 0.48008814733196914, 0.4572113611213574, 0.4489795918367347, 0.4495175974996603, 0.445988346033169, 0.46046197943011297, 0.44426468209027664, 0.4537313432835821, 0.4646242615743921, 0.45423824274852154, 0.46646840148698887, 0.4477815699658703, 0.4571240105540897, 0.47621768318811597, 0.46074074074074073, 0.44460838558957333, 0.44700758186804324, 0.4440727272727273, 0.44623990055935364, 0.45197350262213637, 0.44406987434875883, 0.46605892886211947, 0.4781310837118754, 0.4717967874486365, 0.46665738549352637, 0.4696533771749555, 0.4876499647141849, 0.4876099120703437, 0.47608695652173916, 0.4748067563698826, 0.4692182410423453, 0.4711050612547952, 0.47388535031847134, 0.48783652286733703, 0.487208920957691, 0.4694528875379939, 0.47371730382293764, 0.4791573285522187, 0.48145174241207644, 0.4684845775592311, 0.45858343337334934, 0.47858942065491183, 0.48317503392130257, 0.4672897196261682, 0.4803826424511299, 0.46427151000928013, 0.4560993163008276, 0.48158107018015595, 0.4786527514231499]
val step Accs: [0.38115879208206904, 0.3854066985645933, 0.39792434794483134, 0.39148281169830684, 0.3876200363353231, 0.3854005934718101, 0.39196655218754667, 0.39558289069052277, 0.38258575197889183, 0.4143706104808212, 0.38060288335517695, 0.39521475929662725, 0.39953331604874254, 0.3903752039151713, 0.40801857963574134, 0.40991589198760514]
Preds: [17, 17, 17, 287, 153, 153, 387, 387, 360, 360, 143, 143, 355, 17, 75, 354, 354, 473, 387, 486, 443, 443, 264, 264, 264, 240, 464, 464, 339, 219, 219, 219, 19, 19, 19, 414, 414, 414, 414, 414, 414, 47, 47, 47, 47, 47, 170, 47, 170, 47, 392, 392, 392, 63, 63, 63, 63, 63, 63, 63, 63, 63, 73, 244, 321, 320, 321, 7, 7, 287, 153, 153, 473, 324, 252, 143, 303, 401, 401, 75, 441, 276, 387, 182, 374, 374, 374, 374, 374, 264, 374, 132, 374, 374, 497, 497, 182, 497, 132, 32, 239, 239, 239, 32, 331, 153, 153, 153, 153, 153, 182, 182, 182, 182, 182, 497, 122, 35, 35, 303, 75, 153, 153, 153, 122, 303, 75, 342, 342, 115, 115, 273, 115, 354, 115, 115, 303, 48, 115, 354, 354, 32, 32, 153, 153, 153, 293, 284, 413, 413, 413, 122, 35, 250, 267, 473, 497, 182, 443, 443, 486, 171, 171, 171, 360, 464, 464, 464, 464, 464, 19, 454, 454, 454, 414, 414, 414, 392, 392, 392, 392, 392, 392, 392, 63, 63, 63, 63, 63, 63, 63, 63, 392, 244, 244, 321, 320, 320, 287, 287, 284, 284, 284, 284, 450, 413, 413, 413, 413, 153, 153, 153, 387, 387, 387, 284, 387, 360, 286, 464, 464, 246, 246, 19, 19, 32, 8, 8, 107, 395, 395, 395, 395, 395, 107, 107, 246, 464, 246, 464, 464, 464, 464, 339, 132, 355, 250, 310, 395, 395, 395, 395, 107, 107, 246, 301, 219, 464, 339, 132, 132, 132, 132, 182, 100, 153, 153, 153, 153, 284, 284, 284, 450, 293, 413, 413, 413, 98, 250, 250, 182, 303, 303, 32, 32, 77, 310, 107, 107, 395, 395, 464, 264, 264, 264, 468, 264, 264, 264, 264, 293, 413, 413, 132, 98, 98, 48, 48, 75, 354, 75, 287, 153, 153, 276, 413, 98, 98, 98, 414, 414, 170, 170, 170, 392, 63, 63, 63, 63, 63, 63, 63, 63, 63, 63, 63, 63, 63, 63, 63, 63, 63, 63, 63, 63, 63, 63, 63, 63, 63, 63, 73, 244, 321, 320, 321, 320, 287, 287, 284, 284, 284, 284, 284, 240, 413, 132, 132, 239, 239, 497, 497, 182, 100, 182, 182, 324, 324, 324, 324, 246, 246, 246, 246, 246, 246, 246, 246, 339, 339, 339, 107, 395, 395, 395, 395, 107, 246, 246, 301, 374, 374, 374, 374, 374, 132, 132, 132, 132, 84, 387, 497, 497, 122, 35, 303, 401, 401, 401, 75, 354, 267, 310, 213, 213, 324, 422, 143, 143, 401, 401, 401, 75, 354, 7, 32, 374, 374, 219, 107, 324, 324, 19, 19, 32, 32, 32, 143, 77, 354, 354, 354, 180, 443, 171, 171, 264, 35, 303, 354, 354, 398, 464, 464, 464, 443, 240, 355, 14, 35, 35, 75, 354, 310, 107, 213, 213, 246, 246, 143, 19, 303, 48, 48, 48, 414, 47, 170, 47, 392, 392, 392, 392, 392, 392, 392, 244, 321, 320, 320, 320, 7, 213, 213, 213, 246, 246, 246, 246, 19, 454, 454, 414, 197, 197, 320, 32, 32, 32, 303, 310, 107, 395, 464, 464, 374, 374, 443, 264, 264, 240, 132, 132, 132, 35, 32, 32, 132, 32, 473, 473, 301, 324, 324, 324, 422, 143, 239, 107, 107, 107, 107, 107, 464, 246, 213, 19, 19, 454, 259, 75, 7, 107, 464, 464, 464, 464, 464, 464, 464, 464, 464, 464, 464, 464, 464, 464, 464, 464, 464, 464, 464, 464, 464, 464, 464, 464, 464, 464, 464, 464, 464, 464, 464, 464, 464, 464, 464, 464, 464]

ep24
Train step Loss: [2.5402770042419434, 2.5721993446350098, 2.5140631198883057, 2.5364716053009033, 2.57092547416687, 2.5910611152648926, 2.5591468811035156, 2.4660236835479736, 2.5825347900390625, 2.590735912322998, 2.4545233249664307, 2.655327558517456, 2.495896816253662, 2.5699312686920166, 2.574957847595215, 2.4880387783050537, 2.5790328979492188, 2.5584230422973633, 2.5935802459716797, 2.437016010284424, 2.5083789825439453, 2.561291456222534, 2.5136241912841797, 2.532461404800415, 2.582900047302246, 2.5543336868286133, 2.547816038131714, 2.5178887844085693, 2.534308433532715, 2.445277452468872, 2.60432505607605, 2.6300048828125, 2.587435483932495, 2.524895429611206, 2.4662015438079834, 2.567500591278076, 2.4844977855682373, 2.4696037769317627, 2.566946029663086, 2.592233180999756, 2.5508651733398438, 2.4809303283691406, 2.437720537185669, 2.534803628921509, 2.410609722137451, 2.509089469909668, 2.546389579772949, 2.4795331954956055, 2.4543261528015137, 2.523036241531372, 2.657052993774414, 2.504735231399536, 2.445979356765747, 2.5238614082336426, 2.461639881134033, 2.4425134658813477, 2.5566132068634033, 2.42903208732605, 2.4533658027648926, 2.5116357803344727, 2.4889111518859863, 2.460994243621826, 2.503931760787964]
val step Loss: [2.8312180042266846, 2.8076863288879395, 2.905269145965576, 2.7907662391662598, 2.7515640258789062, 2.7950661182403564, 2.8363897800445557, 2.9310834407806396, 2.871061325073242, 2.759446382522583, 2.835902214050293, 2.8593907356262207, 2.8758039474487305, 2.8186583518981934, 2.882776975631714, 2.7935986518859863]
Train step Accs: [0.47266415967601966, 0.4733808584862733, 0.4822033898305085, 0.4726258432797094, 0.4672247670194282, 0.47584233947870314, 0.47795012165450124, 0.4940251572327044, 0.47325565070897097, 0.4718735471873547, 0.47934115019542156, 0.4440789473684211, 0.4834731756928553, 0.4706952021261715, 0.4652288732394366, 0.48319511130510695, 0.4765468395028732, 0.47324128862590403, 0.4698852020757981, 0.493358047574915, 0.48416112631990615, 0.4753550543024227, 0.49170616113744076, 0.48172503440893105, 0.4610898183636061, 0.47934782608695653, 0.4804431072210066, 0.4754794520547945, 0.4828414065809914, 0.48743120630670833, 0.4633258678611422, 0.46162176797075943, 0.4799739921976593, 0.4756939344984579, 0.49548058561425845, 0.47301818181818184, 0.4795780362456045, 0.49586242565296096, 0.4703084241215283, 0.4644835651852764, 0.46580876851713304, 0.4922572960095295, 0.5059457745362296, 0.48667922497308935, 0.4994847637273664, 0.4876704780272765, 0.47228320526893525, 0.4815974941268598, 0.4945359647692057, 0.47080613864879167, 0.45876613157066415, 0.48462828395751817, 0.5067754850631352, 0.48712747698548914, 0.5030240448443724, 0.5016625704785311, 0.47457896409278677, 0.5035736482287135, 0.49801192842942343, 0.4893779611798869, 0.49131034482758623, 0.49654049654049653, 0.47158855246785564]
val step Accs: [0.41685681688533943, 0.4292337411461687, 0.397350088785685, 0.42159346846846846, 0.41579786581626393, 0.41472762113331507, 0.4029574861367837, 0.3956043956043956, 0.4178591084204733, 0.42994028607137896, 0.4115258677144728, 0.393361581920904, 0.4071863732438145, 0.42306085503411783, 0.4020604581808323, 0.41195034714916895]
Preds: [17, 17, 7, 213, 32, 35, 8, 441, 441, 441, 287, 287, 284, 284, 387, 240, 264, 264, 264, 348, 348, 14, 276, 153, 153, 284, 284, 486, 486, 240, 450, 264, 264, 468, 468, 19, 19, 454, 454, 454, 414, 414, 187, 170, 47, 47, 187, 187, 187, 47, 47, 47, 47, 187, 187, 187, 73, 244, 244, 244, 321, 320, 320, 287, 287, 287, 284, 284, 284, 284, 284, 284, 450, 293, 293, 450, 293, 293, 293, 35, 35, 303, 303, 342, 115, 115, 115, 354, 354, 153, 153, 153, 153, 284, 443, 264, 264, 264, 132, 132, 132, 132, 398, 398, 398, 219, 464, 464, 464, 264, 443, 460, 460, 460, 450, 450, 450, 450, 450, 413, 413, 250, 250, 250, 276, 153, 153, 284, 284, 284, 284, 450, 293, 293, 293, 293, 293, 413, 413, 413, 413, 413, 413, 276, 153, 153, 284, 284, 240, 486, 240, 240, 264, 264, 132, 240, 240, 324, 324, 252, 374, 8, 303, 77, 115, 115, 115, 115, 267, 267, 267, 246, 324, 301, 301, 301, 219, 171, 464, 464, 264, 264, 132, 132, 250, 77, 77, 115, 115, 115, 115, 115, 115, 32, 32, 32, 374, 106, 84, 84, 293, 355, 355, 355, 355, 35, 263, 263, 263, 414, 414, 170, 170, 170, 170, 47, 47, 47, 2, 2, 2, 2, 2, 2, 2, 392, 63, 63, 63, 63, 63, 63, 63, 63, 244, 244, 73, 73, 73, 73, 320, 7, 7, 441, 287, 153, 153, 497, 122, 35, 32, 75, 75, 153, 153, 153, 284, 240, 486, 240, 240, 240, 264, 293, 293, 293, 497, 497, 132, 132, 132, 250, 355, 355, 276, 182, 182, 240, 324, 213, 213, 246, 246, 246, 246, 246, 246, 246, 19, 19, 19, 454, 454, 454, 392, 414, 170, 170, 170, 170, 47, 2, 2, 2, 2, 2, 2, 2, 392, 63, 63, 63, 244, 392, 63, 244, 392, 244, 392, 63, 63, 63, 63, 63, 63, 63, 63, 63, 244, 73, 73, 244, 321, 244, 320, 7, 7, 7, 301, 301, 301, 301, 374, 374, 132, 132, 132, 132, 413, 276, 276, 153, 153, 153, 284, 284, 284, 284, 284, 450, 293, 284, 443, 443, 443, 443, 413, 35, 35, 35, 259, 75, 217, 153, 153, 284, 284, 284, 284, 284, 284, 450, 293, 293, 293, 293, 293, 293, 240, 413, 413, 413, 413, 132, 497, 497, 497, 182, 374, 374, 468, 468, 464, 464, 468, 468, 264, 264, 293, 293, 132, 132, 497, 303, 303, 303, 342, 115, 115, 115, 441, 153, 153, 153, 153, 153, 182, 182, 182, 182, 182, 182, 182, 182, 182, 497, 497, 497, 413, 413, 276, 276, 276, 387, 182, 182, 182, 240, 146, 146, 146, 146, 219, 219, 464, 464, 286, 264, 264, 374, 132, 374, 324, 324, 464, 464, 355, 355, 355, 355, 263, 263, 355, 65, 486, 464, 464, 464, 464, 464, 464, 464, 464, 464, 464, 464, 464, 464, 464, 464, 464, 464, 464, 464, 464, 464, 464, 464, 464, 464, 464, 464, 464, 464, 464, 464, 464, 464, 464, 464, 464, 464, 464, 464, 464, 464, 464, 464, 464, 464, 464, 464, 464, 464, 464, 464, 464, 464, 464, 464, 464, 464, 464, 464, 464, 464, 464, 464, 464, 464, 464, 464, 464, 464, 464, 464, 464, 464, 464, 464, 464, 464, 464, 464, 464, 464, 464, 464, 464, 464, 464, 464, 464, 464, 464, 464, 464, 464, 464, 464, 464, 464, 464, 464, 464, 464, 464, 464, 464, 464, 464, 464, 464, 464, 464, 464, 464, 464, 464, 464, 464, 464, 464, 464, 464, 464, 464, 464, 464, 464]

ep25
Train step Loss: [2.5235986709594727, 2.5003793239593506, 2.507361888885498, 2.3963675498962402, 2.298813819885254, 2.442652463912964, 2.508179187774658, 2.490307331085205, 2.497819185256958, 2.358867645263672, 2.4620954990386963, 2.4001550674438477, 2.484744071960449, 2.396632432937622, 2.5260374546051025, 2.508143901824951, 2.394001007080078, 2.502021551132202, 2.5095105171203613, 2.492048740386963, 2.5112690925598145, 2.449953079223633, 2.3980677127838135, 2.4551565647125244, 2.3980517387390137, 2.528651714324951, 2.475008010864258, 2.426746129989624, 2.400810956954956, 2.5044283866882324, 2.374138832092285, 2.4435172080993652, 2.4672348499298096, 2.2953102588653564, 2.4439985752105713, 2.4301390647888184, 2.3907394409179688, 2.4018893241882324, 2.4235761165618896, 2.3907291889190674, 2.4558515548706055, 2.3970842361450195, 2.581549644470215, 2.386091470718384, 2.490250825881958, 2.36995267868042, 2.3224339485168457, 2.412238836288452, 2.224510669708252, 2.403885841369629, 2.3898680210113525, 2.3618502616882324, 2.3476076126098633, 2.472520589828491, 2.492550849914551, 2.3438310623168945, 2.4756503105163574, 2.433879852294922, 2.360142230987549, 2.400822162628174, 2.4469544887542725, 2.369990348815918, 2.474900007247925]
val step Loss: [2.7392611503601074, 2.726400375366211, 2.7063605785369873, 2.701315402984619, 2.7598049640655518, 2.6812500953674316, 2.771512508392334, 2.710033416748047, 2.831010103225708, 2.80757999420166, 2.685026168823242, 2.6843607425689697, 2.6936192512512207, 2.7957727909088135, 2.723604202270508, 2.8246493339538574]
Train step Accs: [0.4811254064753287, 0.4925556408288565, 0.47782439316751574, 0.5111020850257243, 0.5318801897983393, 0.5065856129685917, 0.4958915365653246, 0.4870740305522914, 0.4914500683994528, 0.5192275398824517, 0.49613127001067236, 0.5143959631938261, 0.4990288360974152, 0.5125443141532587, 0.48675187032418954, 0.48654708520179374, 0.49716267339218156, 0.4756164383561644, 0.4833818348904886, 0.48165742940089734, 0.47892101437570667, 0.49892971815911524, 0.5089910775566232, 0.4936571782178218, 0.5040704657680501, 0.47606530160486993, 0.4907183212267958, 0.5112351078268738, 0.5085098992705801, 0.48247698247698245, 0.510958904109589, 0.5024971187091817, 0.4825379898693682, 0.5285828237170965, 0.5081359968249769, 0.50675185131407, 0.5075286641801354, 0.5091306383642891, 0.5080971659919028, 0.5057022809123649, 0.5031758326878388, 0.5144582141722275, 0.4603148024112525, 0.5137837019085125, 0.49278137890394813, 0.5142789987072511, 0.5118804292284108, 0.5082682894562773, 0.5494996150885296, 0.4982200372944567, 0.5076606154242307, 0.508865034374623, 0.52114898989899, 0.4986910994764398, 0.4886433394720687, 0.5144873699851411, 0.49527186761229314, 0.4946150777822098, 0.5116246301254052, 0.5077712154180913, 0.4939139379393108, 0.5133350595546349, 0.48456375838926175]
val step Accs: [0.4360978433926762, 0.43755685510071474, 0.44003426613363794, 0.4549195660306771, 0.4370835468990261, 0.4479347680791338, 0.41589762519995077, 0.44551197683600946, 0.41390873305146525, 0.4166551198558958, 0.43901431718061673, 0.45358617525615536, 0.43984809439848094, 0.4224701808387841, 0.43340487312208054, 0.41575140637556923]
Preds: [17, 17, 287, 287, 284, 284, 284, 450, 450, 450, 355, 355, 250, 77, 342, 115, 115, 115, 115, 115, 115, 115, 354, 153, 284, 153, 284, 284, 240, 264, 413, 413, 132, 132, 10, 182, 100, 473, 473, 324, 324, 422, 339, 77, 77, 115, 115, 115, 115, 115, 32, 267, 267, 267, 324, 324, 301, 301, 339, 14, 153, 473, 171, 171, 252, 443, 355, 8, 35, 77, 303, 77, 115, 115, 342, 342, 342, 75, 441, 217, 287, 284, 486, 486, 460, 486, 406, 406, 406, 355, 132, 374, 32, 32, 32, 32, 303, 310, 107, 107, 107, 395, 395, 219, 286, 264, 264, 264, 264, 264, 264, 264, 264, 468, 132, 132, 35, 35, 48, 170, 170, 170, 47, 47, 170, 170, 47, 170, 170, 187, 187, 187, 244, 244, 2, 2, 2, 2, 392, 244, 244, 392, 244, 73, 73, 73, 244, 320, 287, 287, 287, 287, 413, 413, 413, 35, 75, 208, 441, 153, 153, 284, 293, 284, 413, 413, 132, 497, 497, 250, 250, 98, 98, 48, 48, 7, 7, 32, 473, 182, 443, 132, 132, 497, 374, 374, 374, 374, 324, 374, 339, 199, 199, 199, 398, 374, 374, 497, 497, 497, 374, 331, 331, 426, 426, 426, 426, 426, 182, 497, 497, 413, 497, 182, 32, 122, 250, 276, 276, 153, 153, 153, 284, 413, 132, 497, 250, 250, 250, 250, 98, 98, 98, 197, 414, 414, 170, 170, 170, 170, 170, 47, 2, 2, 244, 2, 2, 2, 2, 2, 2, 244, 73, 73, 73, 73, 244, 320, 7, 287, 7, 287, 284, 153, 284, 284, 240, 413, 35, 35, 77, 115, 115, 115, 115, 441, 153, 153, 153, 153, 153, 387, 250, 122, 122, 303, 342, 115, 115, 115, 354, 354, 100, 100, 153, 153, 497, 497, 98, 98, 98, 197, 197, 80, 80, 80, 80, 80, 320, 320, 287, 284, 284, 284, 284, 319, 443, 443, 443, 443, 443, 443, 443, 132, 132, 132, 132, 132, 132, 132, 250, 250, 250, 250, 250, 250, 250, 250, 182, 182, 182, 146, 146, 146, 468, 468, 464, 434, 339, 32, 32, 32, 8, 8, 180, 106, 153, 153, 387, 250, 122, 122, 303, 342, 115, 208, 354, 441, 276, 276, 276, 153, 182, 182, 182, 182, 497, 413, 122, 98, 132, 497, 132, 132, 98, 98, 98, 414, 414, 414, 187, 187, 170, 170, 170, 170, 47, 187, 187, 187, 187, 187, 73, 392, 392, 73, 73, 73, 244, 7, 7, 75, 75, 75, 115, 320, 153, 153, 153, 153, 153, 182, 182, 182, 182, 182, 182, 182, 182, 182, 182, 182, 182, 122, 122, 122, 35, 401, 401, 75, 267, 267, 77, 115, 100, 153, 153, 153, 153, 413, 98, 98, 98, 98, 321, 7, 65, 464, 464, 464, 464, 464, 464, 464, 464, 464, 464, 464, 464, 464, 464, 464, 464, 464, 464, 464, 464, 464, 464, 464, 464, 464, 464, 464, 464, 464, 464, 464, 464, 464, 464, 464, 464, 464, 464, 464, 464, 464, 464, 464, 464, 464, 464, 464, 464, 464, 464, 464, 464, 464, 464, 464, 464, 464, 464, 464, 464, 464, 464, 464, 464, 464, 464, 464, 464, 464, 464, 464, 464, 464, 464, 464, 464, 464, 464, 464, 464, 464, 464, 464, 464, 464, 464, 464, 464, 464, 464, 464, 464, 464, 464, 464, 464, 464, 464, 464, 464, 464, 464, 464, 464, 464, 464, 464, 464, 464, 464, 464, 464, 464, 464, 464, 464, 464, 464, 464, 464, 464, 464, 464, 464, 464, 464, 464, 464, 464, 464, 464, 464, 464, 464, 464, 464, 464, 464, 464, 464, 464, 464, 464]

ep26
Train step Loss: [2.366861343383789, 2.2918591499328613, 2.303096294403076, 2.3396894931793213, 2.5310802459716797, 2.297997236251831, 2.3769304752349854, 2.358259677886963, 2.3440072536468506, 2.383110284805298, 2.2542595863342285, 2.301170587539673, 2.342381238937378, 2.3740384578704834, 2.408499002456665, 2.356806516647339, 2.33658766746521, 2.2465083599090576, 2.3651530742645264, 2.321932315826416, 2.2425246238708496, 2.399946451187134, 2.3124635219573975, 2.3693528175354004, 2.377511978149414, 2.2954890727996826, 2.3752288818359375, 2.3776168823242188, 2.3701982498168945, 2.3869335651397705, 2.338259696960449, 2.4395413398742676, 2.335214138031006, 2.28589129447937, 2.376995801925659, 2.391413927078247, 2.3124849796295166, 2.3641607761383057, 2.443796396255493, 2.327420949935913, 2.356574296951294, 2.3040831089019775, 2.315573215484619, 2.2982068061828613, 2.402571439743042, 2.3203558921813965, 2.2619829177856445, 2.4364123344421387, 2.382812738418579, 2.2553277015686035, 2.307982921600342, 2.3407392501831055, 2.371631145477295, 2.3303890228271484, 2.3693597316741943, 2.280975341796875, 2.2940633296966553, 2.331040620803833, 2.280580997467041, 2.3213064670562744, 2.3190884590148926, 2.2750461101531982, 2.3598902225494385]
val step Loss: [2.642765522003174, 2.6893062591552734, 2.7022085189819336, 2.6045055389404297, 2.7007336616516113, 2.5978219509124756, 2.584380865097046, 2.5615954399108887, 2.653668165206909, 2.670586347579956, 2.617868185043335, 2.7275450229644775, 2.695951223373413, 2.650559663772583, 2.678086757659912, 2.5687415599823]
Train step Accs: [0.5111408946222148, 0.5299419492820043, 0.5423577670768682, 0.5219063315478643, 0.47638836418587077, 0.527034718269778, 0.5155838758830863, 0.5190220780840713, 0.5179009952177847, 0.5112457912457913, 0.5362050739957717, 0.5296033994334277, 0.5206891474009718, 0.5055321801464859, 0.49926243797773906, 0.5182688896771905, 0.5245459704880817, 0.5395929282424603, 0.5248342130193531, 0.5262163438828531, 0.5420870767104354, 0.5015398152221734, 0.533086665717945, 0.5155322380229187, 0.5048349961627014, 0.5178793532338308, 0.5155404360599969, 0.5036748162591871, 0.5127326880119136, 0.5079807841314118, 0.5231545162769372, 0.5002486325211337, 0.5233254421389778, 0.525512201487668, 0.507019829208279, 0.5026819923371647, 0.5219842164599775, 0.5100165687603555, 0.49602164226607254, 0.5254823685961411, 0.5224314806308376, 0.5356948968512486, 0.5337457817772778, 0.5362915074933882, 0.49249806651198763, 0.5283937956672221, 0.5343800757985923, 0.5054666666666666, 0.5059760956175299, 0.5371420666758888, 0.5386735852116101, 0.5195175071201206, 0.5184820801124385, 0.52640824452512, 0.5137924897668624, 0.5395316804407714, 0.5243800501532461, 0.5218091531338075, 0.5255093156886644, 0.5313243457573354, 0.5217926998305867, 0.5356354462314727, 0.5302013422818792]
val step Accs: [0.4519994614245321, 0.44371552109736095, 0.44205580865603644, 0.4569615232050773, 0.4493312757201646, 0.454955535507153, 0.4702950289640307, 0.4738935214881334, 0.44323817182683284, 0.44308641975308644, 0.45175920835623967, 0.43287073132699205, 0.44994262765347104, 0.4427911749615187, 0.4438052476497825, 0.47023935606862954]
Preds: [17, 17, 17, 354, 354, 32, 106, 443, 443, 264, 264, 264, 264, 146, 264, 240, 434, 324, 324, 324, 324, 324, 301, 301, 143, 303, 303, 239, 239, 374, 331, 331, 153, 284, 284, 284, 284, 450, 293, 293, 413, 98, 98, 98, 263, 414, 197, 80, 80, 170, 170, 392, 392, 392, 63, 63, 63, 63, 63, 63, 63, 63, 63, 63, 63, 63, 63, 63, 73, 244, 321, 320, 321, 320, 320, 287, 486, 486, 460, 240, 355, 250, 35, 77, 115, 115, 115, 115, 32, 115, 115, 115, 310, 371, 395, 395, 107, 107, 219, 219, 213, 324, 246, 246, 246, 246, 422, 339, 8, 107, 395, 395, 107, 246, 246, 301, 374, 374, 374, 132, 132, 132, 132, 132, 132, 303, 303, 48, 401, 401, 401, 401, 47, 354, 75, 7, 310, 324, 324, 301, 301, 32, 339, 32, 32, 473, 473, 398, 324, 324, 252, 301, 143, 303, 303, 310, 107, 107, 107, 395, 107, 107, 19, 19, 454, 454, 454, 47, 75, 75, 342, 342, 342, 342, 342, 170, 47, 170, 392, 392, 392, 392, 392, 392, 392, 392, 392, 392, 392, 73, 73, 320, 321, 320, 287, 287, 287, 486, 284, 240, 169, 413, 35, 35, 100, 276, 473, 473, 252, 324, 324, 324, 143, 143, 143, 401, 401, 401, 354, 354, 354, 182, 182, 374, 374, 374, 132, 132, 132, 303, 132, 132, 32, 267, 398, 324, 301, 301, 143, 143, 259, 75, 14, 276, 387, 182, 374, 374, 264, 146, 146, 146, 324, 324, 422, 339, 8, 107, 395, 395, 107, 246, 246, 301, 374, 374, 374, 132, 132, 374, 182, 182, 182, 497, 497, 43, 122, 122, 98, 401, 188, 188, 324, 301, 301, 8, 32, 14, 276, 276, 153, 284, 284, 284, 413, 497, 182, 374, 497, 180, 486, 486, 486, 450, 264, 146, 468, 468, 264, 264, 443, 486, 460, 355, 355, 355, 250, 303, 115, 115, 115, 115, 115, 115, 115, 267, 267, 267, 213, 213, 246, 246, 301, 339, 473, 171, 171, 171, 171, 171, 252, 339, 35, 303, 75, 75, 115, 115, 115, 342, 342, 144, 287, 287, 287, 284, 284, 284, 284, 443, 413, 413, 413, 35, 35, 197, 263, 244, 321, 7, 188, 464, 464, 464, 464, 464, 464, 464, 464, 464, 464, 464, 464, 464, 464, 464, 464, 464, 464, 464, 464, 464, 464, 464, 464, 464, 464, 464, 464, 464, 464, 464, 464, 464, 464, 464, 464, 464, 464, 464, 464, 464, 464, 464, 464, 464, 464, 464, 464, 464, 464, 464, 464, 464, 464, 464, 464, 464, 464, 464, 464, 464, 464, 464, 464, 464, 464, 464, 464, 464, 464, 464, 464, 464, 464, 464, 464, 464, 464, 464, 464, 464, 464, 464, 464, 464, 464, 464, 464, 464, 464, 464, 464, 464, 464, 464, 464, 464, 464, 464, 464, 464, 464, 464, 464, 464, 464, 464, 464, 464, 464, 464, 464, 464, 464, 464, 464, 464, 464, 464, 464, 464, 464, 464, 464, 464, 464, 464, 464, 464, 464, 464, 464, 464, 464, 464, 464, 464, 464, 464, 464, 464, 464, 464, 464, 464, 464, 464, 464, 464, 464, 464, 464, 464, 464, 464, 464, 464, 464, 464, 464, 464, 464, 464, 464, 464, 464, 464, 464, 464, 464, 464, 464, 464, 464, 464, 464, 464, 464, 464, 464, 464, 464, 464, 464, 464, 464, 464, 464, 464, 464, 464, 464, 464, 464, 464, 464, 464, 464, 464, 464, 464, 464, 464, 464, 464, 464, 464, 464, 464, 464, 464, 464, 464, 464, 464, 464, 464, 464, 464, 464, 464, 464, 464, 464, 464, 464, 464, 464, 464]

