ep1
Train step Loss: [6.210737705230713, 6.208969593048096, 6.203141212463379, 6.197752952575684, 6.189529895782471, 6.18850040435791, 6.176143169403076, 6.172541618347168, 6.170040130615234, 6.162823677062988, 6.151280879974365, 6.138469696044922, 6.122881889343262, 6.10395622253418, 6.104283332824707, 6.089080333709717, 6.079440116882324, 6.047166347503662, 6.02814245223999, 6.0201334953308105, 6.018274307250977, 5.975367546081543, 5.959455966949463, 5.934986114501953, 5.90065336227417, 5.882681846618652, 5.85284948348999, 5.812805652618408, 5.807221412658691, 5.777987957000732, 5.7170515060424805, 5.729994297027588, 5.731921672821045, 5.682161808013916, 5.699121952056885, 5.638918399810791, 5.638016223907471, 5.5930256843566895, 5.635149955749512, 5.607981204986572, 5.591767311096191, 5.591945171356201, 5.484085559844971, 5.499302387237549, 5.593056678771973, 5.521718978881836, 5.516094207763672, 5.516688823699951, 5.495334625244141, 5.598076343536377, 5.438372611999512, 5.557802200317383, 5.481837272644043, 5.431393623352051, 5.474440097808838, 5.473657131195068, 5.414080619812012, 5.418214797973633, 5.497222900390625, 5.365766525268555, 5.498409271240234, 5.4645514488220215, 5.409796237945557]
val step Loss: [5.709028720855713, 5.625001430511475, 5.641849040985107, 5.691164493560791, 5.644137382507324, 5.670149326324463, 5.647780895233154, 5.6530280113220215, 5.760746955871582, 5.636744022369385, 5.735591411590576, 5.648681640625, 5.6695966720581055, 5.63989782333374, 5.658251762390137, 5.728310585021973]
Train step Accs: [0.006640988179041041, 0.010740971357409713, 0.011991117690599556, 0.020682245500940104, 0.03180608098640886, 0.019438138479001135, 0.05138105138105138, 0.0413953488372093, 0.03661209230372567, 0.048482793693846414, 0.05218484753222257, 0.04625267665952891, 0.043835253608793534, 0.05630420280186791, 0.03523345746204526, 0.035510133379525376, 0.0295425667090216, 0.04124621594349142, 0.03404381290704559, 0.03727117081522455, 0.024126586244712516, 0.03257942918686053, 0.027788649706457925, 0.027201346045989904, 0.02919203099059214, 0.029146537842190016, 0.03490423387096774, 0.049508043104794626, 0.03693887692562531, 0.030332544872686797, 0.0628722700198544, 0.03285787060621498, 0.02407566638005159, 0.053145647802355644, 0.04016521862982481, 0.03653460767689225, 0.0432550178932628, 0.05055469737396433, 0.028929188255613126, 0.022111582955044663, 0.03, 0.026629509211952316, 0.054917692626919354, 0.05053661187338677, 0.028140229523659802, 0.03819759160947818, 0.03635526921306949, 0.03413709021945272, 0.03654850233580654, 0.024193548387096774, 0.04461457233368532, 0.022029778182923124, 0.036851683348498636, 0.04334455996485576, 0.03683083511777302, 0.02291448255204433, 0.047187880898485114, 0.0337546468401487, 0.02507462686567164, 0.05188536953242836, 0.023507355062013267, 0.030918881361820392, 0.031071655041217502]
val step Accs: [0.007415931466564378, 0.011725067385444744, 0.0075570411277430605, 0.005523408732246186, 0.019063896923481462, 0.018710493046776234, 0.016308568470100957, 0.0015727766657134686, 0.0010464355788096795, 0.01238390092879257, 0.005626344530862155, 0.02033476276110112, 0.007147673634524612, 0.020533095268460654, 0.011216963736939152, 0.010717896865520727]
Preds: [63, 63, 63, 63, 63, 63, 63, 63, 63, 63, 63, 63, 63, 63, 63, 63, 63, 63, 63, 63, 63, 63, 63, 63, 63, 63, 63, 63, 63, 63, 63, 63, 63, 63, 63, 63, 63, 63, 63, 63, 63, 63, 63, 63, 63, 63, 63, 63, 63, 63, 63, 63, 63, 63, 63, 63, 63, 63, 63, 63, 63, 63, 63, 63, 63, 63, 63, 63, 63, 63, 63, 63, 63, 63, 63, 63, 63, 63, 63, 63, 63, 63, 63, 63, 63, 63, 63, 63, 63, 63, 63, 63, 63, 63, 63, 63, 63, 63, 63, 63, 63, 63, 63, 63, 63, 63, 63, 63, 63, 63, 63, 63, 63, 63, 63, 63, 63, 63, 63, 63, 63, 63, 63, 63, 63, 63, 63, 63, 63, 63, 63, 63, 63, 63, 63, 63, 63, 63, 63, 63, 63, 63, 63, 63, 63, 63, 63, 63, 63, 63, 63, 63, 63, 63, 63, 63, 63, 63, 63, 63, 63, 63, 63, 63, 63, 63, 63, 63, 63, 63, 63, 63, 63, 63, 63, 63, 63, 63, 63, 63, 63, 63, 63, 63, 63, 63, 63, 63, 63, 63, 63, 63, 63, 63, 63, 63, 63, 63, 63, 63, 63, 63, 63, 63, 63, 63, 63, 63, 63, 63, 63, 63, 63, 63, 63, 63, 63, 63, 63, 63, 63, 63, 63, 63, 63, 63, 63, 63, 63, 63, 63, 63, 63, 63, 63, 63, 63, 63, 63, 63, 63, 63, 63, 63, 63, 63, 63, 63, 63, 63, 63, 63, 63, 63, 63, 63, 63, 63, 63, 63, 63, 63, 63, 63, 63, 63, 63, 63, 63, 63, 63, 63, 63, 63, 63, 63, 63, 63, 63, 63, 63, 63, 63, 63, 63, 63, 63, 63, 63, 63, 63, 63, 63, 63, 63, 63, 63, 63, 63, 63, 63, 63, 63, 63, 63, 63, 63, 63, 63, 63, 63, 63, 63, 63, 63, 63, 63, 63, 63, 63, 63, 63, 63, 63, 63, 63, 63, 63, 63, 63, 63, 63, 63, 63, 63, 63, 63, 63, 63, 63, 63, 63, 63, 63, 63, 63, 63, 63, 63, 63, 63, 63, 63, 63, 63, 63, 63, 63, 63, 63, 63, 63, 63, 63, 63, 63, 63, 63, 63, 63, 63, 63, 63, 63, 63, 63, 63, 63, 63, 63, 63, 63, 63, 63, 63, 63, 63, 63, 63, 63, 63, 63, 63, 63, 63, 63, 63, 63, 63, 63, 63, 63, 63, 63, 63, 63, 63, 63, 63, 63, 63, 63, 63, 63, 63, 63, 63, 63, 63, 63, 63, 63, 63, 63, 63, 63, 63, 63, 63, 63, 63, 63, 63, 63, 63, 63, 63, 63, 63, 63, 63, 63, 63, 63, 63, 63, 63, 63, 63, 63, 63, 63, 63, 63, 63, 63, 63, 63, 63, 63, 63, 63, 63, 63, 63, 63, 63, 63, 63, 63, 63, 63, 63, 63, 63, 63, 63, 63, 63, 63, 63, 63, 63, 63, 63, 63, 63, 63, 63, 63, 63, 63, 63, 63, 63, 63, 63, 63, 63, 63, 63, 63, 63, 63, 63, 63, 63, 63, 63, 63, 63, 63, 63, 63, 63, 63, 63, 63, 63, 63, 63, 63, 63, 63, 63, 63, 63, 63, 63, 63, 63, 63, 63, 63, 63, 63, 63, 63, 63, 63, 63, 63, 63, 63, 63, 63, 63, 63, 63, 63, 63, 63, 63, 63, 63, 63, 63, 63, 63, 63, 63, 63, 63, 63, 63, 63, 63, 63, 63, 63, 63, 63, 63, 63, 63, 63, 63, 63, 63, 63, 63, 63, 63, 63, 63, 63, 63, 63, 63, 63, 63, 63, 63, 63, 63, 63, 63, 63, 63, 63]

ep2
Train step Loss: [5.402674674987793, 5.486179828643799, 5.455865859985352, 5.40601110458374, 5.332669258117676, 5.392243385314941, 5.3445725440979, 5.397378444671631, 5.449217319488525, 5.412337303161621, 5.372134685516357, 5.399127960205078, 5.379974365234375, 5.390645503997803, 5.410717964172363, 5.378528118133545, 5.432188987731934, 5.388092517852783, 5.368865489959717, 5.384288787841797, 5.4749016761779785, 5.392090797424316, 5.3938703536987305, 5.411703109741211, 5.360307693481445, 5.39755916595459, 5.369979381561279, 5.336751461029053, 5.362479209899902, 5.351593017578125, 5.210631847381592, 5.3320631980896, 5.37507438659668, 5.298217296600342, 5.3572492599487305, 5.326477527618408, 5.357726573944092, 5.313542366027832, 5.37001895904541, 5.372546195983887, 5.366497039794922, 5.357659816741943, 5.259155750274658, 5.2800517082214355, 5.402892112731934, 5.319576263427734, 5.331052303314209, 5.3393683433532715, 5.309398651123047, 5.450207710266113, 5.276014804840088, 5.4069600105285645, 5.331382751464844, 5.268906593322754, 5.322719097137451, 5.343128681182861, 5.25183629989624, 5.26928186416626, 5.3641815185546875, 5.1900482177734375, 5.371476650238037, 5.332260608673096, 5.262001037597656]
val step Loss: [5.6385602951049805, 5.53339958190918, 5.55961799621582, 5.614253520965576, 5.542966842651367, 5.568985939025879, 5.544947624206543, 5.578246593475342, 5.696809768676758, 5.549164772033691, 5.6578569412231445, 5.54238224029541, 5.58604097366333, 5.527005672454834, 5.573894500732422, 5.644180774688721]
Train step Accs: [0.028423429406295657, 0.022571606475716065, 0.01628423390081421, 0.0351866774106903, 0.06066974919433936, 0.03064699205448354, 0.04351054351054351, 0.02930232558139535, 0.02462292123243522, 0.03559925411086625, 0.0433825840930525, 0.03297644539614561, 0.028473049927161966, 0.05043362241494329, 0.023918647951876253, 0.03221895028581327, 0.026048284625158832, 0.03910191725529768, 0.03374777975133215, 0.035954168312919796, 0.024126586244712516, 0.03257942918686053, 0.027788649706457925, 0.027201346045989904, 0.02919203099059214, 0.029146537842190016, 0.03490423387096774, 0.049508043104794626, 0.03693887692562531, 0.030332544872686797, 0.0628722700198544, 0.03336729495669893, 0.02407566638005159, 0.053145647802355644, 0.04016521862982481, 0.03653460767689225, 0.0432550178932628, 0.05055469737396433, 0.028929188255613126, 0.022111582955044663, 0.03, 0.02740362285183465, 0.056439341541015355, 0.05366118733867681, 0.02986951737148247, 0.04039880875307523, 0.04034361098327965, 0.0468707667298835, 0.04699093157460841, 0.028779253636938645, 0.056494192185850056, 0.02643573381950775, 0.047619047619047616, 0.05330209401083614, 0.04753747323340471, 0.03369776845888872, 0.06547100818387602, 0.05100371747211896, 0.04671641791044776, 0.07345399698340875, 0.03677531006633977, 0.03890915407330207, 0.04153455928979074]
val step Accs: [0.015854750031965223, 0.016981132075471698, 0.013370149687545414, 0.010520778537611783, 0.026032079936891928, 0.02579013906447535, 0.02174475796013461, 0.014726908778953388, 0.004447351209941138, 0.017930856553147575, 0.012411054112195929, 0.030847973440309862, 0.014025623735670937, 0.02933299324065808, 0.01997541487400123, 0.016177957532861477]
Preds: [63, 392, 392, 392, 392, 392, 392, 392, 392, 392, 392, 392, 392, 392, 392, 392, 392, 392, 392, 392, 392, 392, 392, 392, 392, 392, 392, 392, 392, 392, 392, 392, 392, 392, 392, 392, 392, 392, 392, 392, 392, 392, 392, 392, 392, 392, 392, 392, 392, 392, 392, 392, 392, 392, 392, 392, 392, 392, 392, 392, 392, 392, 392, 392, 392, 392, 392, 392, 392, 392, 392, 392, 392, 392, 392, 392, 392, 392, 392, 392, 392, 392, 392, 392, 392, 392, 392, 392, 392, 392, 392, 392, 392, 392, 392, 392, 392, 392, 246, 246, 246, 246, 246, 246, 246, 246, 246, 246, 246, 392, 392, 392, 392, 392, 392, 392, 392, 392, 392, 392, 392, 392, 392, 392, 392, 392, 392, 392, 392, 392, 392, 392, 392, 392, 392, 392, 392, 392, 392, 392, 392, 392, 392, 392, 392, 392, 392, 392, 392, 392, 392, 392, 392, 392, 392, 392, 392, 392, 392, 392, 392, 392, 392, 392, 392, 392, 392, 392, 392, 392, 392, 392, 392, 392, 392, 392, 392, 392, 392, 392, 392, 392, 392, 392, 392, 392, 392, 392, 392, 392, 392, 392, 392, 392, 392, 392, 392, 392, 392, 392, 392, 392, 392, 392, 392, 392, 392, 392, 392, 392, 392, 392, 392, 392, 392, 392, 392, 392, 392, 63, 63, 63, 63, 63, 63, 63, 63, 63, 63, 63, 63, 63, 63, 392, 392, 392, 392, 392, 392, 392, 63, 63, 63, 63, 63, 63, 63, 63, 63, 63, 63, 63, 63, 63, 63, 63, 63, 63, 63, 63, 63, 63, 63, 392, 392, 392, 392, 392, 392, 392, 392, 392, 392, 246, 246, 246, 246, 246, 246, 246, 246, 246, 246, 246, 392, 392, 392, 392, 392, 392, 392, 392, 392, 392, 392, 392, 392, 392, 392, 392, 392, 392, 392, 392, 392, 392, 392, 392, 392, 392, 392, 392, 392, 392, 392, 392, 392, 392, 392, 392, 392, 392, 392, 392, 392, 392, 392, 392, 392, 392, 392, 392, 392, 392, 392, 392, 392, 392, 392, 392, 392, 392, 392, 392, 392, 392, 392, 392, 392, 392, 392, 392, 392, 392, 392, 392, 392, 392, 392, 392, 392, 392, 392, 392, 392, 392, 392, 392, 392, 392, 392, 392, 392, 392, 392, 392, 392, 392, 392, 392, 392, 392, 392, 392, 392, 392, 392, 392, 392, 392, 392, 392, 392, 392, 392, 392, 392, 392, 392, 392, 392, 392, 392, 392, 392, 392, 392, 392, 392, 392, 392, 392, 392, 392, 392, 392, 392, 392, 392, 392, 392, 392, 392, 392, 392, 392, 392, 392, 392, 392, 392, 246, 246, 246, 246, 246, 392, 392, 392, 392, 392, 392, 392, 392, 392, 392, 392, 392, 392, 392, 392, 392, 392, 392, 392, 392, 392, 392, 392, 392, 392, 392, 392, 392, 392, 392, 392, 392, 392, 392, 392, 392, 392, 392, 392, 392, 392, 392, 392, 392, 392, 392, 392, 392, 392, 392, 392, 392, 392, 392, 392, 392, 392, 392, 392, 392, 392, 392, 392, 392, 392, 392, 392, 392, 392, 392, 392, 392, 392, 392, 392, 392, 392, 392, 392, 392, 392, 392, 392, 392, 392, 392, 392, 392, 392, 392, 392, 392, 392, 392, 392, 392, 392, 392, 392, 392, 392, 392, 392, 392, 392, 392, 392, 392, 392, 392, 392, 392, 392, 392, 392, 392, 392, 392, 392, 392, 392, 392, 392, 392, 392, 392, 392, 392, 392, 392, 392, 392, 392, 392, 392, 392, 392, 392, 392, 392, 392, 392, 392, 392, 392, 392, 392, 392, 392, 392, 392, 392, 392, 392, 392, 392, 392, 392, 392, 392, 392, 392, 392, 392]

ep3
Train step Loss: [5.317049980163574, 5.327348709106445, 5.35957145690918, 5.183563232421875, 5.323488712310791, 5.211816787719727, 5.229314804077148, 5.311128616333008, 5.349151611328125, 5.265785217285156, 5.321915626525879, 5.336833953857422, 5.1791462898254395, 5.276324272155762, 5.299581050872803, 5.234414577484131, 5.2056498527526855, 5.382518768310547, 5.20388650894165, 5.292672634124756, 5.313330173492432, 5.233819961547852, 5.282690048217773, 5.169386863708496, 5.25463342666626, 5.176939487457275, 5.09534215927124, 5.145788669586182, 5.211706638336182, 5.227896690368652, 5.2390594482421875, 5.195712566375732, 5.237412452697754, 5.137002944946289, 5.211797714233398, 5.188956260681152, 5.260583877563477, 5.249858379364014, 5.188105583190918, 5.2098917961120605, 5.1950459480285645, 5.215273857116699, 5.189260482788086, 5.109612464904785, 5.135380268096924, 5.312648773193359, 5.149808883666992, 5.159788131713867, 5.186141014099121, 5.104726314544678, 5.123344898223877, 5.241082191467285, 5.229372978210449, 5.254789352416992, 5.1180524826049805, 5.07789945602417, 5.154747009277344, 5.272725582122803, 4.977883338928223, 5.061251640319824, 5.190740585327148, 5.072793960571289, 5.224392414093018]
val step Loss: [5.51870059967041, 5.490221977233887, 5.514688014984131, 5.485851764678955, 5.546596527099609, 5.377712726593018, 5.5193657875061035, 5.516424655914307, 5.547523021697998, 5.505591869354248, 5.491364002227783, 5.442902565002441, 5.422835826873779, 5.437673568725586, 5.419978141784668, 5.411025047302246]
Train step Accs: [0.03351788119108185, 0.03827881091353332, 0.04718998167379353, 0.07094753328112764, 0.03300694883133291, 0.0657314629258517, 0.05335998769798554, 0.035580524344569285, 0.03746112524738479, 0.05533421868083223, 0.05564342199856218, 0.042642924086223055, 0.07074547758958405, 0.05077390423839143, 0.046645935139937804, 0.05792903692976104, 0.06611456176673568, 0.034457874797041314, 0.07158380874762293, 0.05316337634074304, 0.06173650334953369, 0.06376594148537135, 0.0533878010987463, 0.06861038584276183, 0.056120317504525834, 0.06908920773549594, 0.08782379831001524, 0.07319417742378467, 0.06062919975565058, 0.061009817671809255, 0.05766639719752088, 0.06020477815699659, 0.058994345101635336, 0.0774009193688657, 0.06295180722891566, 0.07070868661014237, 0.053172205438066465, 0.05881492318946598, 0.06178720947018911, 0.06052026190054857, 0.05839279008636876, 0.05585189833699404, 0.051285380420669956, 0.07691140776699029, 0.06423277518528685, 0.03702213279678068, 0.06698895027624309, 0.05687465488680287, 0.04689984101748808, 0.07561774337600477, 0.058227154404712975, 0.051680972818311875, 0.05041333514026291, 0.0461514392991239, 0.06903820816864295, 0.08246414602346806, 0.06261458186433508, 0.046750663129973474, 0.1014933628318584, 0.0734941683975076, 0.05991611743559017, 0.05428191095991717, 0.05630026809651475]
val step Accs: [0.03138559444605149, 0.049191848208011243, 0.03986503374156461, 0.0404160084254871, 0.03518983992591613, 0.06069511883465372, 0.030303030303030304, 0.04593058049072412, 0.03771991555242787, 0.048731725602898915, 0.04020039100684262, 0.04514421067298314, 0.061950993989828944, 0.05101634117178159, 0.042084472804618654, 0.05672184093661688]
Preds: [17, 17, 17, 324, 213, 246, 246, 246, 246, 246, 246, 246, 246, 246, 246, 246, 246, 246, 246, 246, 246, 246, 246, 246, 246, 246, 246, 246, 246, 246, 246, 246, 246, 246, 213, 213, 213, 213, 213, 246, 246, 246, 213, 213, 213, 414, 414, 414, 414, 213, 213, 213, 213, 213, 213, 213, 213, 213, 213, 213, 213, 213, 213, 213, 213, 213, 213, 213, 213, 213, 213, 213, 213, 213, 213, 213, 213, 213, 213, 213, 213, 213, 213, 213, 213, 213, 213, 414, 392, 392, 392, 392, 392, 392, 213, 213, 213, 213, 213, 213, 213, 213, 213, 213, 213, 213, 213, 213, 213, 213, 213, 213, 213, 213, 213, 213, 213, 213, 414, 392, 392, 392, 392, 392, 63, 63, 63, 63, 63, 63, 63, 63, 63, 63, 63, 63, 63, 63, 63, 63, 392, 392, 392, 392, 392, 392, 392, 392, 392, 392, 392, 324, 213, 213, 213, 213, 213, 246, 246, 246, 246, 246, 246, 213, 213, 213, 213, 213, 213, 414, 414, 414, 392, 392, 392, 392, 392, 392, 392, 392, 213, 213, 213, 213, 213, 213, 213, 246, 246, 246, 246, 246, 246, 246, 246, 246, 246, 246, 213, 213, 213, 213, 213, 213, 213, 414, 414, 213, 213, 213, 213, 213, 213, 213, 213, 213, 213, 246, 246, 246, 246, 246, 246, 246, 246, 213, 213, 213, 213, 213, 414, 414, 414, 414, 414, 213, 213, 213, 213, 213, 213, 213, 213, 213, 213, 213, 213, 213, 414, 414, 392, 392, 392, 392, 392, 392, 63, 63, 63, 63, 63, 63, 63, 63, 63, 63, 63, 63, 63, 63, 63, 63, 392, 392, 392, 392, 392, 324, 324, 213, 213, 213, 213, 213, 213, 213, 213, 213, 213, 213, 213, 213, 213, 213, 213, 213, 213, 213, 414, 414, 414, 213, 213, 213, 213, 213, 213, 213, 213, 213, 213, 213, 213, 213, 213, 213, 213, 213, 213, 213, 246, 246, 213, 213, 213, 213, 414, 392, 392, 392, 414, 213, 213, 213, 213, 213, 213, 213, 213, 213, 213, 213, 213, 213, 213, 414, 414, 414, 414, 414, 414, 392, 392, 392, 392, 392, 392, 392, 392, 63, 63, 63, 63, 392, 392, 392, 392, 392, 392, 392, 63, 63, 63, 63, 63, 63, 63, 63, 63, 63, 392, 392, 392, 392, 324, 324, 213, 213, 213, 213, 213, 213, 213, 213, 213, 213, 213, 246, 246, 246, 213, 213, 213, 213, 246, 246, 246, 246, 246, 213, 213, 213, 213, 213, 213, 213, 213, 213, 246, 246, 246, 246, 246, 246, 246, 246, 246, 246, 213, 213, 213, 213, 213, 213, 213, 213, 213, 213, 213, 213, 213, 213, 213, 213, 414, 414, 392, 392, 392, 392, 213, 213, 213, 213, 213, 246, 246, 246, 246, 246, 213, 213, 213, 213, 213, 213, 414, 392, 392, 392, 392, 392, 392, 392, 63, 63, 63, 63, 392, 63, 63, 63, 63, 63, 63, 63, 63, 63, 63, 63, 392, 392, 392, 392, 324, 324, 213, 213, 213, 213, 246, 246, 246, 246, 246, 246, 246, 246, 246, 246, 246, 246, 246, 246, 246, 246, 246, 246, 246, 246, 246, 246, 213, 392, 392, 392, 392, 392, 392, 392, 392, 392, 392, 392, 392, 392, 392, 392, 392, 392, 392, 392, 392, 392, 392, 392, 392, 392, 392, 392, 392, 392, 392, 392, 392, 392, 392, 392, 392, 392, 392, 392, 392, 392, 392, 392, 392, 392, 392, 392, 392, 392, 392, 392, 392, 392, 392, 392, 392, 392, 392, 392, 392, 392, 392, 392, 392, 392, 392, 392, 392, 392, 392, 392, 392, 392, 392, 392, 392, 392]

ep4
Train step Loss: [5.198217868804932, 5.017758369445801, 5.0710015296936035, 5.05487585067749, 5.147068977355957, 5.128801345825195, 5.113658428192139, 5.1557793617248535, 5.213682651519775, 5.178947925567627, 5.010292053222656, 5.144837379455566, 5.20133638381958, 5.140390872955322, 5.219936370849609, 5.1314568519592285, 4.939672470092773, 5.03995418548584, 5.169820785522461, 5.107613563537598, 5.013523578643799, 4.956929683685303, 5.026206970214844, 5.08876895904541, 5.149600028991699, 5.111475467681885, 5.144129753112793, 5.016120433807373, 5.004483222961426, 5.006710052490234, 4.960376262664795, 5.070526599884033, 5.084889888763428, 5.0261759757995605, 5.056337356567383, 5.0658721923828125, 5.116315841674805, 4.98680305480957, 4.91040563583374, 5.0209550857543945, 5.0521063804626465, 4.997889041900635, 5.058063983917236, 5.111598968505859, 4.874083995819092, 4.97459077835083, 4.938191890716553, 4.985513687133789, 5.045772075653076, 4.999049186706543, 5.188816070556641, 4.9569010734558105, 5.028257846832275, 4.884279251098633, 5.005064487457275, 4.974516868591309, 5.121362209320068, 4.937225341796875, 4.941215991973877, 4.973201274871826, 5.0221405029296875, 4.924540042877197, 4.887822151184082]
val step Loss: [5.342842102050781, 5.260824203491211, 5.3294243812561035, 5.313092231750488, 5.411466598510742, 5.357622146606445, 5.357518672943115, 5.23824405670166, 5.412727355957031, 5.3737592697143555, 5.351143836975098, 5.371279239654541, 5.372945308685303, 5.262498378753662, 5.328940391540527, 5.351436614990234]
Train step Accs: [0.061922493449179425, 0.0859237138591014, 0.06833289018877958, 0.08675920982381206, 0.06678271878461782, 0.07672174055292001, 0.07528336998815767, 0.06396621832968408, 0.06033630069238378, 0.060968741199662065, 0.09096109839816933, 0.07391367114190847, 0.05884729329383248, 0.05615750528541226, 0.04793360433604336, 0.07170224411603722, 0.09935427061931318, 0.08058800367502297, 0.07761422290193079, 0.07058823529411765, 0.07737141191898586, 0.09662144868185309, 0.0841932107073426, 0.07287272727272727, 0.053118144782199936, 0.07174257077545279, 0.06032388663967611, 0.0829817158931083, 0.06485176738882555, 0.08333333333333333, 0.08799123219038672, 0.06315136476426798, 0.06398996235884567, 0.09196820175438597, 0.08367699880271384, 0.06912364130434782, 0.06415801614763553, 0.07777157218654007, 0.09490894589924233, 0.08021390374331551, 0.07828054298642534, 0.09419587200443275, 0.07469313136589188, 0.06987179487179487, 0.11323349633251834, 0.08474814087273748, 0.0921887938172785, 0.08258859784283513, 0.07769251849821869, 0.0820169139939365, 0.058008884243532795, 0.10262828535669587, 0.0910726643598616, 0.11792948237059264, 0.07822858658180853, 0.08923132055187243, 0.06558073654390935, 0.0913342101417507, 0.09171105193075899, 0.09692639525478566, 0.07819123881300047, 0.08475894245723173, 0.10976689288875774]
val step Accs: [0.050640033760022504, 0.05913503971756399, 0.06086844145774102, 0.05904059040590406, 0.03895535453749635, 0.04426038566067038, 0.042683797287651676, 0.0660633484162896, 0.044072278536800354, 0.04401304090100771, 0.0602455871066769, 0.054119061936259774, 0.04360313315926893, 0.057956352073999136, 0.04932844932844933, 0.0531496062992126]
Preds: [17, 17, 17, 17, 246, 246, 246, 246, 246, 246, 246, 246, 246, 246, 246, 246, 246, 246, 246, 246, 246, 246, 246, 246, 414, 414, 414, 414, 414, 414, 414, 414, 414, 414, 213, 213, 213, 213, 213, 213, 246, 246, 246, 246, 246, 246, 246, 246, 246, 246, 246, 246, 246, 246, 246, 246, 246, 246, 246, 246, 246, 246, 246, 246, 246, 246, 246, 246, 246, 246, 246, 246, 213, 414, 414, 414, 414, 414, 213, 246, 246, 246, 246, 246, 246, 246, 246, 246, 246, 246, 246, 246, 246, 246, 246, 246, 246, 246, 246, 246, 246, 246, 246, 414, 414, 414, 213, 246, 246, 246, 246, 246, 246, 213, 414, 414, 414, 213, 213, 213, 213, 213, 213, 213, 246, 246, 246, 246, 246, 246, 246, 246, 246, 246, 246, 246, 246, 246, 246, 246, 246, 246, 246, 246, 246, 246, 246, 213, 414, 414, 414, 414, 414, 414, 414, 414, 414, 414, 414, 414, 414, 414, 414, 414, 414, 414, 414, 414, 414, 414, 414, 414, 414, 414, 414, 414, 414, 414, 414, 414, 414, 414, 414, 414, 414, 414, 414, 414, 414, 414, 414, 414, 414, 414, 414, 414, 414, 414, 414, 414, 414, 414, 414, 414, 414, 414, 414, 414, 414, 414, 414, 414, 414, 414, 414, 414, 414, 414, 414, 414, 414, 414, 414, 414, 414, 414, 414, 414, 414, 414, 414, 414, 414, 414, 414, 414, 414, 414, 414, 414, 414, 414, 414, 414, 414, 414, 414, 414, 414, 414, 414, 414, 414, 414, 414, 414, 414, 414, 414, 414, 414, 414, 414, 414, 414, 414, 414, 414, 414, 414, 414, 414, 414, 414, 414, 414, 414, 414, 414, 414, 414, 414, 414, 414, 414, 414, 414, 414, 414, 414, 414, 414, 414, 414, 414, 414, 414, 414, 414, 414, 414, 414, 414, 414, 414, 414, 414, 414, 414, 414, 414, 414, 414, 414, 414, 414, 414, 414, 414, 414, 414, 414, 414, 414, 414, 414, 414, 414, 414, 414, 414, 414, 414, 414, 414, 414, 414, 414, 414, 414, 414, 414, 414, 414, 414, 414, 414, 414, 414, 414, 414, 414, 414, 414, 414, 414, 414, 414, 414, 414, 414, 414, 414, 414, 414, 414, 414, 414, 414, 414, 414, 414, 414, 414, 414, 414, 414, 414, 414, 414, 414, 414, 414, 414, 414, 414, 414, 414, 414, 414, 414, 414, 414, 414, 414, 414, 414, 414, 414, 414, 414, 414, 414, 414, 414, 414, 414, 414, 414, 414, 414, 414, 414, 414, 414, 414, 414, 414, 414, 414, 414, 414, 414, 414, 414, 414, 414, 414, 414, 414, 414, 414, 414, 414, 414, 414, 414, 414, 414, 414, 414, 414, 414, 414, 414, 414, 414, 414, 414, 414, 414, 414, 414, 414, 414, 414, 414, 414, 414, 414, 414, 414, 414, 414, 414, 414, 414, 414, 414, 414, 414, 414, 414, 414, 414, 414, 414, 414, 414, 414, 414, 414, 414, 414, 414, 414, 414, 414, 414, 414, 414, 414, 414, 414, 414, 414, 414, 414, 414, 414, 414, 414, 414, 414, 414, 414, 414, 414, 414, 414, 414, 414, 414, 414, 414, 414, 414, 414, 414, 414, 414, 414, 414, 414, 414, 414, 414, 414, 414, 414, 414, 414, 414, 414, 414, 414, 414, 414, 414, 414, 414, 414, 414, 414, 414, 414, 414, 414, 414, 414, 414, 414, 414, 414, 414, 414, 414, 414, 414, 414, 414, 414, 414, 414, 414, 414, 414, 414, 414, 414, 414, 414, 414, 414, 414, 414, 414, 414, 414, 414, 414, 414, 414, 414, 414, 414, 414, 414, 414, 414, 414, 414, 414, 414, 414, 414, 414, 414, 414, 414]

ep5
Train step Loss: [4.9269537925720215, 4.959654331207275, 4.926036357879639, 4.8469319343566895, 4.904376029968262, 5.016119480133057, 4.884701251983643, 4.883474826812744, 4.982702255249023, 4.836275577545166, 4.909715175628662, 4.814056873321533, 5.005565643310547, 4.873516082763672, 4.907473087310791, 5.0022196769714355, 4.982792377471924, 4.8981218338012695, 4.9412055015563965, 4.796926498413086, 5.008071422576904, 4.881523132324219, 4.873099327087402, 4.96889066696167, 4.923966884613037, 4.868674278259277, 4.935133457183838, 4.867576599121094, 4.872940540313721, 4.786567687988281, 4.913542747497559, 4.760696887969971, 4.969634532928467, 4.930172443389893, 4.821221828460693, 4.853755474090576, 4.895474910736084, 4.867346286773682, 4.946677207946777, 4.801213264465332, 4.949555397033691, 4.83229923248291, 4.81381893157959, 4.837029457092285, 4.918882846832275, 4.780117511749268, 4.862223148345947, 4.860922813415527, 4.888683795928955, 4.786361217498779, 4.9791436195373535, 4.812051296234131, 4.886954307556152, 4.873037338256836, 4.82326602935791, 4.8913254737854, 4.755658149719238, 4.867823123931885, 4.8106207847595215, 4.8124680519104, 4.77168607711792, 4.793222427368164, 4.831902027130127]
val step Loss: [5.121542930603027, 5.202193737030029, 5.210757255554199, 5.2304816246032715, 5.176232814788818, 5.276045799255371, 5.092118740081787, 5.197604179382324, 5.237970352172852, 5.2172722816467285, 5.120285511016846, 5.206545829772949, 5.207452774047852, 5.219475269317627, 5.231432914733887, 5.137324333190918]
Train step Accs: [0.09236826165960024, 0.08477585441633377, 0.11350023037935801, 0.10379619119687224, 0.10096220889694603, 0.08368734069668649, 0.09720012726694241, 0.10070721357850071, 0.0748879572068816, 0.10453622207176709, 0.09878310665712241, 0.10491040897278074, 0.0888468809073724, 0.0964203233256351, 0.09134803601722563, 0.08389129578574242, 0.0871676891615542, 0.09301965639993809, 0.08104525658019314, 0.11004855083124908, 0.07376656554366917, 0.09127408993576017, 0.09116322410312161, 0.09147982062780269, 0.1004847950639048, 0.10588235294117647, 0.08445688120071229, 0.1043026706231454, 0.100279927548164, 0.12686094393411468, 0.0904836193447738, 0.10222620266120779, 0.07348138471587198, 0.08724649516809582, 0.11703796673988076, 0.11379902662467793, 0.09510183470796162, 0.0993075228202707, 0.09034907597535935, 0.11597374179431072, 0.08734107241569929, 0.10311606202017161, 0.10645677694770544, 0.10463733650416171, 0.09525159461374912, 0.11407160699417153, 0.09822973512578198, 0.09721146398140976, 0.09930028286437398, 0.1064380459398253, 0.08802289140209837, 0.11504956443376389, 0.08384831460674157, 0.09814840595851315, 0.11353937669727143, 0.10260078023407022, 0.12351326623970722, 0.0992220754440041, 0.11063950198075835, 0.11086924974604556, 0.10494644361535684, 0.11558028616852146, 0.11318864774624374]
val step Accs: [0.07669843221641562, 0.05955397871262037, 0.0634679203539823, 0.06836703893751886, 0.05646995851732905, 0.05368578825453059, 0.07488365533775208, 0.060859854829704074, 0.058862001308044476, 0.06420368064203681, 0.06047648136835675, 0.05295462751233602, 0.06783208174319832, 0.0515596068936049, 0.047959914101646385, 0.06614867702645948]
Preds: [17, 17, 17, 17, 284, 213, 246, 246, 246, 246, 171, 171, 171, 250, 250, 250, 182, 414, 414, 414, 414, 414, 414, 414, 414, 414, 414, 414, 414, 414, 414, 414, 414, 414, 414, 392, 392, 320, 7, 284, 213, 213, 213, 213, 213, 171, 171, 171, 213, 213, 213, 246, 246, 246, 171, 250, 250, 250, 250, 250, 182, 182, 182, 182, 182, 250, 250, 250, 250, 250, 250, 250, 250, 250, 250, 250, 250, 250, 182, 414, 414, 414, 414, 414, 414, 414, 414, 414, 414, 414, 414, 182, 213, 213, 213, 213, 246, 246, 246, 246, 246, 246, 246, 246, 246, 246, 246, 246, 246, 246, 246, 246, 246, 246, 246, 246, 246, 246, 324, 324, 213, 213, 213, 213, 246, 246, 246, 246, 246, 246, 246, 246, 246, 213, 213, 213, 213, 213, 213, 213, 213, 246, 246, 246, 246, 246, 171, 250, 250, 250, 213, 213, 213, 213, 213, 213, 250, 250, 250, 250, 250, 250, 213, 213, 213, 213, 246, 246, 246, 246, 246, 246, 246, 246, 246, 246, 246, 246, 246, 246, 246, 246, 246, 246, 246, 246, 246, 246, 246, 246, 246, 246, 246, 246, 246, 246, 246, 246, 246, 246, 246, 246, 246, 213, 213, 213, 213, 213, 213, 213, 213, 246, 246, 246, 246, 246, 246, 246, 246, 246, 246, 246, 246, 246, 246, 246, 246, 246, 246, 246, 246, 246, 324, 213, 250, 250, 250, 250, 250, 250, 250, 250, 250, 250, 250, 250, 250, 250, 250, 213, 213, 213, 246, 246, 246, 246, 213, 414, 414, 414, 414, 414, 414, 170, 392, 392, 392, 392, 392, 392, 392, 392, 392, 392, 392, 392, 392, 392, 392, 392, 392, 392, 392, 392, 320, 320, 320, 320, 320, 320, 320, 213, 213, 213, 213, 213, 171, 171, 171, 250, 213, 213, 213, 246, 246, 246, 246, 246, 324, 324, 246, 246, 246, 246, 246, 246, 246, 246, 246, 246, 246, 246, 246, 324, 324, 250, 250, 250, 250, 213, 213, 213, 246, 246, 246, 246, 246, 324, 171, 213, 213, 213, 213, 213, 213, 246, 246, 246, 246, 324, 324, 213, 213, 213, 213, 213, 250, 250, 250, 250, 250, 213, 213, 246, 246, 246, 246, 246, 246, 246, 246, 246, 246, 246, 246, 414, 414, 414, 414, 414, 170, 392, 392, 392, 392, 392, 392, 392, 392, 392, 392, 392, 392, 392, 392, 320, 320, 320, 320, 320, 320, 287, 213, 213, 213, 213, 213, 213, 213, 246, 246, 246, 246, 171, 171, 250, 414, 414, 414, 414, 414, 182, 182, 213, 213, 213, 213, 250, 250, 182, 414, 414, 414, 414, 414, 414, 414, 414, 414, 414, 392, 392, 392, 320, 320, 7, 213, 213, 213, 213, 213, 246, 246, 246, 246, 246, 246, 246, 246, 246, 171, 246, 246, 246, 246, 246, 246, 246, 171, 250, 414, 250, 250, 213, 213, 213, 213, 213, 213, 213, 250, 250, 250, 250, 414, 414, 414, 414, 414, 414, 414, 414, 414, 414, 392, 392, 392, 392, 392, 392, 392, 392, 392, 392, 392, 392, 392, 392, 392, 392, 392, 392, 392, 392, 320, 320, 320, 320, 320, 320, 287, 213, 213, 213, 213, 213, 213, 246, 246, 246, 246, 246, 246, 246, 246, 246, 246, 246, 246, 246, 246, 246, 246, 246, 246, 246, 171, 171, 414, 250, 213, 213, 213, 246, 246, 246, 246, 246, 246, 246, 246, 246, 246, 246, 324, 324, 213, 213, 213, 250, 213, 213, 213, 213, 213, 250, 250, 250, 250, 250, 250, 213, 213, 213, 213, 213, 213, 213, 213, 250, 250, 250, 250, 182, 182, 414, 414, 414, 414, 182]

ep6
Train step Loss: [4.782666206359863, 4.842599868774414, 4.88311243057251, 4.713436603546143, 4.797422409057617, 4.789851188659668, 4.859416484832764, 4.817570686340332, 4.695556163787842, 4.801944255828857, 4.748335838317871, 4.741637706756592, 4.792257308959961, 4.726222038269043, 4.66732931137085, 4.677758693695068, 4.826925277709961, 4.761340618133545, 4.53394079208374, 4.750324249267578, 4.663683891296387, 4.809732437133789, 4.795493125915527, 4.687817573547363, 4.7721662521362305, 4.685719013214111, 4.7385759353637695, 4.725400447845459, 4.682494163513184, 4.757993698120117, 4.704105854034424, 4.908930778503418, 4.724245071411133, 4.70038366317749, 4.694013595581055, 4.689785957336426, 4.697619915008545, 4.66602897644043, 4.85964822769165, 4.641170978546143, 4.707076072692871, 4.69003438949585, 4.744089603424072, 4.669593334197998, 4.702354431152344, 4.633960247039795, 4.717723369598389, 4.446432113647461, 4.5585126876831055, 4.607049942016602, 4.526643753051758, 4.67265510559082, 4.71164083480835, 4.698909282684326, 4.78437614440918, 4.754998207092285, 4.709083557128906, 4.5278191566467285, 4.649579048156738, 4.639240741729736, 4.604153156280518, 4.713502883911133, 4.724593639373779]
val step Loss: [5.061120986938477, 5.0810112953186035, 5.13901424407959, 5.020455837249756, 4.9548773765563965, 4.993217468261719, 4.990146636962891, 5.0258708000183105, 5.04418420791626, 5.039371967315674, 4.962314128875732, 5.030238151550293, 5.070025444030762, 4.984499454498291, 5.012319087982178, 5.0058488845825195]
Train step Accs: [0.11481859245228035, 0.09945139963426643, 0.08939110407370088, 0.1235722964763062, 0.10528673835125447, 0.1187214611872146, 0.09655485040797825, 0.1176379656824857, 0.13033369803063458, 0.1030055442077619, 0.11707065497679216, 0.11641971575446024, 0.09519811954331767, 0.11627140974967062, 0.12358505194603815, 0.1260005520287055, 0.1, 0.11986153180441367, 0.15390413023816701, 0.10840961098398169, 0.12735388478169898, 0.11462823275862069, 0.11306393578743426, 0.118059114983769, 0.1076900838392599, 0.10568432671081678, 0.10344381149663387, 0.11923371647509579, 0.12643678160919541, 0.11539014226181922, 0.12421336529817201, 0.08718293297497061, 0.1161256950730635, 0.11820182332599811, 0.10551948051948051, 0.12565521258008153, 0.1252994011976048, 0.13071246097076356, 0.09990858038396239, 0.11949685534591195, 0.13320883909119202, 0.12803158488437677, 0.11826985151710781, 0.12960649594003748, 0.11928860613071139, 0.1270735047937909, 0.12066438690766976, 0.1550759392486011, 0.1416631842875052, 0.12394186232231273, 0.143647212923883, 0.11677251732101616, 0.11612446958981612, 0.1096938775510204, 0.09562398703403566, 0.11078479360417687, 0.11413802738195027, 0.14620505992010652, 0.127492542000314, 0.13543490951546994, 0.14100185528756956, 0.105229180116204, 0.10486177311725453]
val step Accs: [0.08245125348189415, 0.0681986656782802, 0.07649886877828055, 0.07799517555615117, 0.0983760569051134, 0.08372467462766671, 0.08451056382047756, 0.09494795633409495, 0.07165495383767397, 0.07238005422609926, 0.08976081698468154, 0.07787302048525352, 0.07928325969563083, 0.08134949612969183, 0.06883679259369867, 0.09095095556067234]
Preds: [17, 17, 17, 17, 17, 284, 284, 324, 246, 246, 246, 324, 324, 35, 324, 324, 324, 324, 35, 35, 35, 250, 250, 35, 324, 324, 324, 246, 246, 246, 246, 246, 246, 246, 246, 246, 246, 324, 324, 171, 324, 324, 246, 246, 246, 246, 246, 246, 246, 414, 414, 414, 414, 414, 170, 392, 63, 63, 63, 392, 392, 392, 392, 392, 392, 392, 73, 73, 73, 320, 320, 320, 320, 320, 392, 392, 392, 73, 320, 320, 320, 287, 287, 287, 213, 213, 246, 246, 246, 246, 246, 246, 246, 246, 246, 246, 246, 324, 324, 355, 355, 250, 132, 182, 182, 98, 182, 182, 250, 213, 213, 246, 246, 246, 246, 324, 324, 324, 355, 324, 324, 324, 324, 324, 324, 324, 324, 324, 246, 246, 246, 246, 246, 246, 246, 246, 246, 246, 246, 246, 246, 246, 246, 246, 246, 246, 246, 246, 246, 246, 246, 246, 246, 246, 246, 246, 324, 324, 324, 355, 250, 250, 324, 324, 324, 324, 324, 324, 324, 324, 324, 324, 355, 355, 324, 324, 324, 324, 246, 246, 246, 246, 324, 355, 355, 324, 324, 324, 324, 324, 324, 324, 324, 355, 132, 414, 414, 414, 98, 182, 182, 182, 98, 182, 182, 182, 182, 250, 250, 250, 250, 250, 250, 250, 250, 250, 250, 250, 250, 250, 250, 250, 182, 182, 182, 182, 182, 182, 182, 98, 98, 98, 98, 98, 98, 182, 213, 213, 213, 213, 246, 246, 246, 246, 246, 246, 246, 246, 246, 246, 246, 246, 246, 246, 246, 246, 246, 246, 246, 246, 324, 324, 171, 171, 324, 324, 324, 324, 355, 250, 250, 250, 324, 324, 324, 132, 414, 414, 414, 414, 170, 392, 392, 392, 63, 63, 392, 392, 392, 73, 320, 320, 320, 320, 320, 73, 392, 392, 392, 392, 392, 392, 392, 73, 320, 320, 320, 287, 287, 213, 213, 246, 246, 246, 246, 246, 246, 246, 246, 246, 246, 246, 246, 246, 246, 246, 324, 324, 246, 246, 246, 246, 246, 246, 246, 246, 171, 355, 355, 324, 324, 324, 246, 246, 246, 246, 246, 246, 324, 355, 355, 132, 132, 132, 324, 324, 246, 246, 246, 246, 246, 246, 246, 246, 246, 246, 246, 246, 246, 246, 246, 246, 324, 246, 246, 246, 246, 246, 246, 324, 324, 355, 132, 132, 132, 250, 250, 324, 324, 324, 324, 324, 324, 355, 250, 250, 132, 182, 182, 182, 182, 182, 182, 182, 250, 213, 213, 213, 324, 246, 246, 246, 246, 246, 246, 246, 171, 355, 250, 250, 324, 324, 246, 246, 246, 246, 246, 246, 246, 246, 246, 246, 324, 355, 355, 132, 132, 414, 414, 414, 414, 170, 392, 392, 63, 63, 63, 63, 392, 392, 392, 392, 392, 392, 392, 73, 73, 73, 320, 320, 320, 320, 287, 287, 287, 213, 213, 213, 171, 324, 324, 324, 246, 246, 246, 246, 246, 246, 246, 246, 246, 246, 246, 246, 246, 246, 246, 246, 324, 355, 250, 132, 132, 250, 324, 324, 324, 324, 324, 246, 246, 324, 324, 324, 355, 250, 250, 250, 250, 250, 250, 250, 182, 414, 414, 414, 414, 170, 392, 392, 63, 63, 63, 63, 63, 63, 392, 392, 392, 392, 392, 392, 392, 392, 392, 73, 73, 320, 320, 320, 320, 287, 287, 287, 213, 213, 246, 246, 246, 246, 246, 171, 171, 355, 250, 250, 250, 250, 250, 250, 324, 250, 182, 182, 250, 250, 250, 250, 250, 182, 182, 182, 98, 98, 98, 98, 182, 182, 213, 213, 213, 213, 250, 250, 250, 250, 250, 250, 250, 250, 250, 250, 213, 324, 324, 324, 324, 324, 355, 250]

ep7
Train step Loss: [4.611930847167969, 4.587559223175049, 4.692628860473633, 4.5655598640441895, 4.59229040145874, 4.531949043273926, 4.5797648429870605, 4.630074501037598, 4.5623579025268555, 4.614715099334717, 4.679849147796631, 4.73199987411499, 4.6169209480285645, 4.679100036621094, 4.596103191375732, 4.508419036865234, 4.7039361000061035, 4.506195545196533, 4.550532341003418, 4.668818950653076, 4.682924747467041, 4.462570667266846, 4.620476245880127, 4.539092063903809, 4.292929172515869, 4.508026599884033, 4.633393287658691, 4.6142802238464355, 4.516293525695801, 4.54015588760376, 4.554709434509277, 4.580990791320801, 4.483743667602539, 4.5819807052612305, 4.479471206665039, 4.534521579742432, 4.71841287612915, 4.495903491973877, 4.511075496673584, 4.4733781814575195, 4.659047603607178, 4.471224784851074, 4.451965808868408, 4.4976654052734375, 4.515274524688721, 4.4970502853393555, 4.5150909423828125, 4.406949043273926, 4.5353288650512695, 4.471341133117676, 4.470849990844727, 4.452263355255127, 4.532423973083496, 4.481761932373047, 4.510201454162598, 4.381817817687988, 4.336796760559082, 4.450128555297852, 4.495652198791504, 4.45460319519043, 4.442948341369629, 4.495482921600342, 4.550327777862549]
val step Loss: [4.895381450653076, 4.806722164154053, 4.902625560760498, 4.83047342300415, 4.869207382202148, 4.774988174438477, 4.922903537750244, 4.832219123840332, 4.8306121826171875, 4.849282264709473, 4.897557258605957, 4.847420692443848, 4.84034538269043, 4.8506760597229, 4.826249599456787, 4.917629718780518]
Train step Accs: [0.1323236958849625, 0.13128729752770674, 0.130802313510307, 0.13959788963353773, 0.13478653424480846, 0.14627659574468085, 0.12121212121212122, 0.1336858006042296, 0.14880257009345793, 0.12724422912510686, 0.11570639305445936, 0.11789796962975602, 0.1268878101402373, 0.11620716310229322, 0.13584359160028964, 0.1444345729153446, 0.11528782636049072, 0.1375563212297906, 0.1298635674583123, 0.11762322754895341, 0.12726699258791987, 0.14640423921271764, 0.1174496644295302, 0.1371757219774841, 0.18414918414918416, 0.1258414617392499, 0.12580645161290321, 0.13426721289811022, 0.1390625, 0.14610559330893885, 0.14084507042253522, 0.1329747497385328, 0.14815897136177675, 0.14275213172596296, 0.15033871808233454, 0.13722102231821454, 0.11018315018315018, 0.13675724096745298, 0.14421404682274247, 0.1361083984375, 0.11381987577639752, 0.15324887617490804, 0.15107212475633527, 0.144116752812405, 0.1470886932972241, 0.1312878588359231, 0.140085887753591, 0.15503355704697985, 0.13342857142857142, 0.14859082189759482, 0.13731825525040386, 0.1449053452115813, 0.12459847844463229, 0.1481209630064592, 0.14086791942679464, 0.16614248598386436, 0.1846287200231147, 0.14853783072876373, 0.13041619156214368, 0.15522020326455188, 0.14072059823249491, 0.15110488639900405, 0.1361339229311434]
val step Accs: [0.0907527938106349, 0.095252314123619, 0.08931128759276136, 0.09429602888086643, 0.10446059569616645, 0.11195138419986496, 0.08282416836388323, 0.10440906307409675, 0.11086872834595149, 0.0925718551698395, 0.09710287257549717, 0.08796421794524262, 0.09005334170065893, 0.09707428879600917, 0.10681847255980555, 0.08998265394622723]
Preds: [17, 17, 17, 284, 284, 213, 246, 246, 246, 246, 246, 171, 171, 35, 35, 35, 250, 250, 250, 132, 132, 250, 387, 284, 284, 35, 35, 355, 250, 250, 35, 35, 35, 324, 324, 35, 35, 355, 250, 250, 250, 250, 35, 324, 213, 213, 213, 213, 246, 246, 324, 324, 324, 324, 324, 324, 464, 35, 355, 355, 355, 250, 250, 250, 250, 132, 98, 98, 414, 414, 414, 414, 414, 392, 392, 392, 392, 392, 392, 392, 392, 392, 392, 392, 392, 392, 392, 392, 392, 392, 392, 73, 73, 73, 320, 320, 320, 287, 287, 287, 287, 284, 171, 171, 213, 213, 246, 246, 246, 246, 246, 246, 246, 246, 246, 246, 246, 246, 246, 19, 454, 414, 414, 414, 414, 170, 392, 392, 392, 392, 392, 392, 392, 392, 392, 392, 73, 73, 73, 73, 73, 320, 320, 320, 320, 320, 287, 287, 287, 284, 171, 213, 213, 213, 246, 246, 246, 171, 171, 171, 324, 246, 246, 246, 246, 246, 246, 171, 171, 324, 324, 324, 324, 246, 246, 246, 246, 246, 246, 246, 246, 171, 355, 355, 355, 355, 355, 355, 355, 355, 324, 324, 213, 213, 246, 246, 246, 246, 246, 246, 246, 246, 19, 454, 414, 414, 414, 414, 414, 170, 392, 392, 73, 320, 320, 7, 287, 287, 213, 171, 171, 171, 35, 171, 324, 246, 246, 246, 246, 246, 246, 171, 355, 374, 132, 132, 98, 414, 414, 414, 98, 182, 387, 213, 213, 213, 246, 246, 246, 246, 171, 171, 464, 324, 324, 246, 246, 246, 246, 246, 246, 246, 246, 246, 246, 246, 246, 246, 324, 464, 355, 355, 374, 132, 132, 132, 132, 98, 98, 98, 182, 182, 182, 182, 182, 182, 182, 182, 182, 132, 132, 132, 132, 387, 250, 250, 250, 250, 250, 132, 132, 250, 250, 250, 213, 355, 250, 250, 250, 250, 250, 213, 213, 324, 324, 324, 324, 324, 324, 324, 324, 324, 355, 355, 355, 355, 355, 213, 213, 246, 246, 246, 246, 246, 246, 324, 324, 324, 355, 355, 355, 355, 355, 250, 250, 250, 355, 355, 250, 250, 132, 132, 182, 132, 132, 250, 250, 250, 250, 132, 182, 182, 182, 182, 132, 132, 132, 132, 132, 250, 250, 35, 213, 324, 324, 213, 246, 246, 246, 246, 246, 324, 246, 246, 246, 246, 246, 324, 324, 324, 324, 324, 464, 355, 355, 454, 414, 414, 414, 414, 414, 170, 392, 392, 392, 392, 73, 320, 320, 320, 7, 7, 7, 73, 73, 73, 73, 73, 73, 73, 73, 392, 392, 392, 73, 73, 320, 320, 320, 287, 287, 287, 213, 213, 213, 213, 246, 246, 246, 246, 246, 246, 246, 246, 246, 246, 324, 324, 324, 324, 324, 324, 246, 246, 246, 246, 246, 246, 246, 246, 246, 324, 324, 246, 246, 246, 246, 246, 324, 355, 355, 355, 132, 132, 132, 132, 182, 182, 182, 182, 182, 182, 182, 182, 182, 182, 182, 182, 132, 132, 132, 250, 250, 250, 250, 250, 355, 355, 250, 132, 132, 250, 250, 250, 355, 355, 324, 324, 324, 324, 324, 324, 324, 324, 324, 324, 324, 324, 324, 355, 355, 355, 132, 132, 98, 98, 98, 414, 414, 414, 414, 414, 414, 392, 73, 320, 320, 7, 414, 392, 392, 392, 73, 73, 73, 73, 73, 73, 73, 392, 392, 392, 392, 392, 392, 392, 392, 392, 392, 73, 73, 73, 73, 73, 73, 73, 73, 73, 73, 73, 73, 73, 73, 73, 73, 73, 73, 73, 73, 320, 320, 320, 287, 287, 287, 287, 287, 387, 153, 182, 414, 170, 392, 392, 392, 392, 73, 73, 73, 73]

ep8
Train step Loss: [4.424948215484619, 4.316131114959717, 4.425378799438477, 4.531616687774658, 4.504660129547119, 4.423499584197998, 4.338395118713379, 4.492505073547363, 4.511456489562988, 4.408961772918701, 4.316038608551025, 4.3570637702941895, 4.38136100769043, 4.262315273284912, 4.397125244140625, 4.305859088897705, 4.467410564422607, 4.42060661315918, 4.42115592956543, 4.491591453552246, 4.397135257720947, 4.382268905639648, 4.47545051574707, 4.416783332824707, 4.449459075927734, 4.345067024230957, 4.333795070648193, 4.541633129119873, 4.3147735595703125, 4.393792152404785, 4.328758239746094, 4.399778366088867, 4.173379421234131, 4.5722455978393555, 4.300638198852539, 4.379617691040039, 4.348402500152588, 4.344188690185547, 4.3971638679504395, 4.283054828643799, 4.381873607635498, 4.336953163146973, 4.372183799743652, 4.317173004150391, 4.362483501434326, 4.332275867462158, 4.372457981109619, 4.339032173156738, 4.245978832244873, 4.292750358581543, 4.362083911895752, 4.389919757843018, 4.256779193878174, 4.398271083831787, 4.236543655395508, 4.3471999168396, 4.273413181304932, 4.325634479522705, 4.461984157562256, 4.303128242492676, 4.258780479431152, 4.26384973526001, 4.277400970458984]
val step Loss: [4.556245803833008, 4.6823625564575195, 4.756666660308838, 4.755198001861572, 4.674975395202637, 4.741395473480225, 4.639486312866211, 4.610095977783203, 4.701197147369385, 4.822684288024902, 4.661165714263916, 4.633022308349609, 4.62773323059082, 4.717565059661865, 4.789758682250977, 4.660849571228027]
Train step Accs: [0.16071428571428573, 0.17476357041067495, 0.1572976418100701, 0.13867464190146386, 0.14232059020791415, 0.16274893894874307, 0.17098943323727187, 0.14118753358409458, 0.13479452054794522, 0.15610958109870995, 0.17629911280101393, 0.1736632083000798, 0.15946941783345614, 0.1737841842920652, 0.15630988228853, 0.17647058823529413, 0.14998586372632175, 0.16002379535990482, 0.1549178044023405, 0.14681834340561678, 0.1675356750823271, 0.1486431753746456, 0.14151982378854625, 0.1517509727626459, 0.1397814910025707, 0.15732640787315472, 0.1534083209106925, 0.13033322952351292, 0.17520661157024794, 0.15599836222191893, 0.16165788349238, 0.16034510825329643, 0.1825068870523416, 0.12512512512512514, 0.16729192719188551, 0.16068133427963094, 0.16356107660455488, 0.15291628890903597, 0.14992, 0.17749368217630446, 0.16068551340266587, 0.16191939487058268, 0.15416979714500376, 0.16989359846502702, 0.16140350877192983, 0.1570489408327246, 0.14827640484810325, 0.15909408639731581, 0.1746298275072508, 0.18636638452237, 0.1656032893804055, 0.15781487101669195, 0.16011920888648062, 0.1489426441503119, 0.18173897891618748, 0.15416154161541615, 0.16595333425376224, 0.1651638112413586, 0.14217718409335176, 0.17244279946164198, 0.17954766199528235, 0.17953972257250947, 0.17228676678945878]
val step Accs: [0.1223433242506812, 0.11810089020771514, 0.11916666666666667, 0.10884268537074149, 0.1237334970832054, 0.10644786523380773, 0.11355976147264714, 0.12293178519593614, 0.11452000565530893, 0.09881229337578058, 0.1170018281535649, 0.12563854756316442, 0.13015448242306288, 0.11651348947524459, 0.09916710046850599, 0.11324741178956264]
Preds: [17, 17, 17, 284, 284, 284, 284, 284, 35, 35, 35, 35, 35, 35, 250, 250, 250, 250, 35, 35, 35, 35, 284, 35, 35, 35, 284, 324, 324, 324, 464, 35, 35, 250, 132, 250, 250, 284, 284, 213, 213, 246, 171, 35, 35, 35, 35, 324, 324, 324, 246, 246, 246, 246, 246, 246, 246, 246, 246, 246, 464, 246, 246, 246, 246, 246, 464, 35, 35, 35, 35, 35, 464, 35, 355, 355, 355, 355, 250, 355, 324, 324, 324, 324, 324, 324, 464, 35, 355, 355, 250, 250, 250, 250, 250, 355, 355, 355, 35, 35, 35, 35, 35, 35, 324, 324, 324, 324, 464, 464, 35, 35, 355, 35, 35, 355, 355, 374, 132, 414, 414, 414, 414, 414, 170, 170, 392, 392, 392, 392, 392, 392, 392, 392, 392, 392, 392, 392, 392, 392, 392, 392, 392, 73, 73, 73, 320, 320, 320, 320, 7, 7, 7, 7, 7, 7, 387, 153, 153, 387, 387, 387, 387, 387, 387, 35, 250, 250, 250, 250, 250, 182, 98, 98, 182, 182, 250, 250, 250, 387, 284, 284, 35, 355, 355, 35, 324, 324, 213, 246, 246, 464, 464, 464, 464, 324, 324, 464, 464, 464, 464, 464, 464, 355, 355, 355, 250, 132, 182, 182, 182, 182, 182, 182, 182, 182, 182, 182, 182, 250, 250, 250, 387, 387, 250, 250, 250, 250, 250, 182, 98, 98, 98, 414, 414, 414, 170, 170, 392, 392, 392, 392, 392, 392, 392, 392, 392, 392, 392, 392, 392, 73, 73, 73, 73, 320, 320, 320, 320, 7, 7, 7, 287, 287, 284, 284, 240, 35, 35, 35, 35, 35, 35, 250, 250, 250, 250, 250, 182, 182, 182, 182, 250, 250, 250, 182, 182, 250, 250, 250, 387, 284, 35, 250, 182, 182, 182, 182, 182, 98, 98, 414, 414, 414, 414, 414, 392, 392, 73, 320, 320, 287, 284, 284, 284, 284, 284, 171, 171, 171, 246, 246, 246, 464, 464, 355, 355, 355, 250, 132, 182, 182, 182, 182, 182, 182, 182, 182, 250, 387, 284, 284, 213, 213, 246, 246, 246, 246, 355, 355, 355, 355, 355, 355, 355, 355, 355, 250, 250, 250, 250, 250, 250, 250, 250, 250, 250, 250, 250, 250, 250, 182, 182, 182, 182, 182, 182, 182, 182, 182, 182, 182, 182, 182, 98, 98, 98, 414, 414, 414, 414, 392, 392, 392, 392, 392, 392, 392, 392, 392, 392, 392, 392, 392, 392, 392, 73, 73, 73, 320, 320, 320, 320, 7, 7, 7, 7, 387, 153, 182, 182, 182, 182, 182, 182, 182, 182, 182, 182, 182, 182, 182, 182, 182, 182, 250, 250, 250, 250, 250, 387, 284, 284, 35, 35, 355, 355, 250, 250, 182, 98, 98, 98, 414, 414, 98, 182, 387, 387, 387, 387, 387, 35, 35, 35, 35, 35, 35, 35, 35, 35, 35, 35, 35, 35, 35, 35, 35, 35, 35, 35, 35, 35, 35, 35, 35, 35, 35, 35, 35, 35, 35, 35, 35, 35, 35, 35, 35, 35, 35, 35, 35, 35, 35, 35, 35, 35, 35, 35, 35, 35, 35, 35, 35, 355, 355, 355, 355, 355, 355, 355, 355, 355, 355, 355, 355, 355, 355, 355, 355, 355, 355, 355, 355, 355, 355, 355, 355, 355, 355, 355, 355, 355, 355, 355, 355, 355, 355, 355, 355, 355, 355, 355, 355, 355, 355, 355, 355, 355, 355, 355, 355, 355, 355, 355, 355, 355, 355, 355, 355, 355, 355, 355, 355, 355, 355, 355, 355, 355, 355, 355, 355, 355, 355, 355, 355, 355, 355, 355, 355, 355, 355, 355, 355, 355, 355, 355, 355, 355, 355]

ep9
Train step Loss: [4.1287689208984375, 4.199495315551758, 4.392021179199219, 4.316746711730957, 4.2094292640686035, 4.357890605926514, 4.293320655822754, 4.316120147705078, 4.225278854370117, 4.205801963806152, 4.193438529968262, 4.179568767547607, 4.211195945739746, 4.2627387046813965, 4.33546781539917, 4.181114196777344, 4.1301655769348145, 4.268133640289307, 4.283243179321289, 4.26767110824585, 4.147405624389648, 4.252324104309082, 4.266071796417236, 4.213951110839844, 4.3738298416137695, 4.102313995361328, 4.024240016937256, 4.310586452484131, 4.119260311126709, 4.2829976081848145, 4.180021286010742, 4.16279411315918, 4.293040752410889, 4.129518508911133, 4.253288745880127, 4.157984733581543, 4.243777275085449, 4.181097984313965, 4.167941570281982, 4.171732425689697, 4.222061634063721, 4.252420425415039, 4.213958740234375, 4.344302654266357, 4.1946611404418945, 4.279160976409912, 4.062519550323486, 4.112120151519775, 4.158543586730957, 4.184813976287842, 4.215494632720947, 4.232865333557129, 4.049631595611572, 4.112260341644287, 4.086813926696777, 4.182338714599609, 4.199244976043701, 4.110226631164551, 4.253941535949707, 4.159463882446289, 4.228251934051514, 4.193273067474365, 4.2074127197265625]
val step Loss: [4.551226615905762, 4.543203353881836, 4.542279243469238, 4.624780178070068, 4.496385097503662, 4.615024566650391, 4.603824615478516, 4.564665794372559, 4.598244667053223, 4.552267074584961, 4.510254383087158, 4.575688362121582, 4.427139759063721, 4.5809855461120605, 4.4722795486450195, 4.532086372375488]
Train step Accs: [0.20078099576960626, 0.17191283292978207, 0.15789473684210525, 0.15398801290917474, 0.17919799498746866, 0.15730625883562524, 0.17424665178571427, 0.17589239524055872, 0.18294010889292195, 0.1819546614622429, 0.1762769718395709, 0.1738555173326277, 0.1770789063606743, 0.16618570701069427, 0.15732889158086008, 0.17896815601086152, 0.19273390377332025, 0.17045773659084526, 0.17507038648579473, 0.1727030118185284, 0.18439626922107386, 0.17193928216768337, 0.18668486502881407, 0.18436461465421744, 0.17188003869719445, 0.20592083742230946, 0.20816653322658127, 0.16190333682477928, 0.20690971559457913, 0.16923524280314045, 0.1798926447120267, 0.19958477508650518, 0.16433253873659118, 0.18349928876244664, 0.18220338983050846, 0.19415963659961064, 0.18181818181818182, 0.19570497251693725, 0.18421865348980854, 0.18658605174353207, 0.16572475943180082, 0.1576956147893379, 0.18828320802005014, 0.16798530658378072, 0.18238993710691823, 0.18677635588056063, 0.20658135283363802, 0.19683590875643855, 0.18594436310395315, 0.18236565781346512, 0.17759256291072287, 0.18858813063921717, 0.20643712574850298, 0.1745765084698306, 0.20109403490492317, 0.18125, 0.17525445292620864, 0.19247889485801994, 0.1753547639733565, 0.1732823210585047, 0.1950640721404841, 0.17921265030472738, 0.19009779951100245]
val step Accs: [0.13238679969301612, 0.11714210248283148, 0.14267515923566879, 0.11431027073485174, 0.1362043795620438, 0.1286329386437029, 0.11821956916688295, 0.12731801826736783, 0.1279916753381894, 0.13273001508295626, 0.1260385640382505, 0.12798507462686567, 0.1488149203471053, 0.11156969777659433, 0.14281842818428184, 0.14025173388132545]
Preds: [17, 17, 284, 284, 284, 284, 240, 35, 35, 35, 35, 182, 98, 182, 182, 182, 387, 387, 387, 387, 387, 250, 250, 387, 387, 284, 35, 35, 35, 250, 250, 250, 250, 250, 250, 250, 250, 250, 250, 250, 250, 387, 284, 35, 35, 250, 250, 250, 35, 35, 35, 35, 35, 35, 35, 35, 486, 324, 213, 324, 246, 246, 246, 464, 464, 464, 246, 246, 246, 464, 464, 355, 35, 35, 250, 250, 250, 250, 250, 250, 387, 486, 486, 324, 324, 324, 324, 464, 355, 35, 355, 35, 35, 355, 355, 250, 250, 250, 250, 250, 250, 387, 284, 324, 213, 213, 213, 213, 246, 246, 19, 19, 19, 374, 250, 250, 35, 35, 284, 324, 35, 355, 374, 132, 132, 132, 132, 132, 132, 182, 182, 250, 250, 250, 250, 250, 387, 284, 213, 213, 213, 246, 246, 464, 35, 35, 35, 35, 171, 213, 213, 213, 246, 464, 19, 35, 35, 355, 464, 213, 213, 213, 213, 246, 246, 19, 19, 454, 414, 414, 414, 170, 170, 392, 392, 392, 392, 392, 73, 73, 73, 73, 73, 392, 392, 392, 392, 392, 73, 73, 320, 320, 287, 287, 287, 284, 171, 171, 171, 171, 213, 213, 213, 213, 246, 246, 246, 246, 246, 246, 246, 246, 246, 246, 464, 19, 19, 35, 35, 35, 464, 324, 324, 464, 464, 355, 355, 355, 355, 355, 35, 486, 324, 464, 464, 355, 355, 355, 35, 355, 355, 355, 132, 132, 132, 182, 182, 182, 182, 98, 182, 387, 387, 213, 213, 284, 464, 464, 464, 464, 464, 19, 454, 414, 414, 414, 414, 170, 170, 392, 392, 392, 392, 392, 73, 73, 73, 73, 73, 320, 320, 320, 7, 7, 287, 284, 284, 284, 284, 171, 171, 464, 35, 35, 250, 250, 250, 284, 324, 324, 324, 324, 324, 464, 464, 355, 355, 355, 355, 355, 443, 324, 324, 324, 324, 171, 464, 464, 464, 464, 355, 35, 35, 132, 132, 132, 98, 182, 182, 250, 387, 387, 284, 284, 284, 284, 324, 213, 246, 246, 246, 246, 19, 19, 35, 464, 464, 464, 464, 464, 355, 355, 355, 355, 443, 324, 213, 213, 213, 213, 246, 246, 246, 246, 19, 19, 454, 414, 414, 414, 170, 170, 392, 392, 392, 392, 392, 392, 73, 73, 73, 320, 320, 320, 7, 7, 7, 7, 287, 287, 284, 35, 35, 250, 250, 35, 250, 35, 35, 387, 284, 35, 35, 250, 250, 250, 250, 250, 387, 250, 35, 35, 250, 250, 250, 250, 35, 387, 35, 35, 284, 284, 486, 464, 464, 35, 35, 35, 35, 35, 374, 374, 35, 35, 35, 374, 250, 35, 35, 35, 35, 35, 35, 355, 374, 132, 250, 250, 250, 250, 250, 250, 250, 250, 250, 250, 355, 284, 324, 324, 324, 213, 213, 213, 213, 246, 464, 19, 35, 35, 250, 250, 35, 324, 324, 324, 464, 355, 355, 132, 250, 250, 355, 35, 284, 324, 486, 486, 464, 464, 464, 324, 324, 324, 246, 246, 246, 246, 246, 19, 19, 454, 414, 414, 414, 414, 170, 170, 392, 392, 392, 392, 392, 73, 73, 73, 73, 320, 320, 320, 7, 7, 153, 182, 182, 182, 182, 387, 387, 284, 213, 213, 213, 35, 19, 414, 414, 48, 387, 387, 387, 284, 240, 240, 240, 240, 240, 240, 240, 240, 240, 240, 464, 464, 464, 464, 464, 464, 464, 464, 464, 464, 464, 464, 464, 464, 464, 464, 464, 464, 464, 464, 464, 464, 464, 464, 464, 464, 464, 464, 464, 464, 464, 464, 464, 464, 464, 464, 464, 464, 464, 464, 464, 464, 464, 464, 464, 464, 464, 464]

ep10
Train step Loss: [4.086135387420654, 4.248648166656494, 4.083897590637207, 4.081943511962891, 4.167136192321777, 4.015251636505127, 4.070003509521484, 4.0428466796875, 4.0635085105896, 4.149894714355469, 4.093162536621094, 4.149449348449707, 4.180531024932861, 4.101891994476318, 4.069849014282227, 4.171103000640869, 4.144580364227295, 4.081308841705322, 4.1029767990112305, 4.021138668060303, 4.073524475097656, 4.1657395362854, 4.152647495269775, 3.9778387546539307, 4.076677322387695, 4.035365104675293, 4.1041975021362305, 4.070661544799805, 3.951714277267456, 4.0676960945129395, 3.991878032684326, 4.028339385986328, 4.1776041984558105, 4.146533489227295, 4.1773762702941895, 4.137568950653076, 3.9497056007385254, 3.9704601764678955, 4.081743240356445, 4.0519232749938965, 4.126624584197998, 4.088891506195068, 3.9882240295410156, 4.045414447784424, 3.9968063831329346, 3.962719440460205, 3.927952527999878, 4.015430450439453, 4.058096408843994, 4.155528545379639, 3.943511486053467, 3.9381532669067383, 4.073695182800293, 4.000448703765869, 4.106585502624512, 3.897722005844116, 3.9795913696289062, 3.978790760040283, 3.9943013191223145, 4.095297813415527, 3.9693803787231445, 4.04244327545166, 4.168683052062988]
val step Loss: [4.390364646911621, 4.331775665283203, 4.321598529815674, 4.360862731933594, 4.345183849334717, 4.379007816314697, 4.459314346313477, 4.380659103393555, 4.354220390319824, 4.439299583435059, 4.4030890464782715, 4.445740699768066, 4.465267658233643, 4.432163715362549, 4.52839994430542, 4.392455577850342]
Train step Accs: [0.2054794520547945, 0.17253459449991243, 0.1991858098284385, 0.20416843896214376, 0.1920632460083708, 0.20959360426382412, 0.20940712575693565, 0.2085100742311771, 0.19212070410729254, 0.19166023166023166, 0.1938701749313286, 0.18822843822843824, 0.1881201956673655, 0.20105820105820105, 0.20916641033528144, 0.18503213957759412, 0.18622597553873035, 0.19737234995521052, 0.20809023726176584, 0.21049145582196319, 0.20997547015535567, 0.20048864616269044, 0.19445679561286497, 0.22584118438761777, 0.2061635040662006, 0.21786094629545108, 0.21650816015028765, 0.22078327352161023, 0.22172982885085574, 0.2081802204825052, 0.21498319193212742, 0.19923317239420618, 0.19545694664553617, 0.17992619926199263, 0.19653295706510784, 0.19230067505929574, 0.2146181220914317, 0.21452530261047106, 0.20982874162323156, 0.19788119561104806, 0.18383891213389122, 0.20275862068965517, 0.20923035522066738, 0.19972432804962095, 0.20853416501275873, 0.22423417290673928, 0.23448072962636068, 0.20867430441898527, 0.20584997641138544, 0.18120912426224278, 0.22992497916087803, 0.20916129032258066, 0.20323226544622425, 0.21622006841505131, 0.2105340808498082, 0.2414075286415712, 0.2269819193324061, 0.2227047146401985, 0.21654135338345865, 0.18728989915159278, 0.22149643705463182, 0.20944256508310047, 0.1993105609526794]
val step Accs: [0.1522408963585434, 0.14936350777934937, 0.1438415159345392, 0.1470629666150162, 0.1446989610714733, 0.15987378385485143, 0.14347590687601516, 0.15674018162519165, 0.15417721518987343, 0.1380476556495004, 0.15376151836061064, 0.1405152224824356, 0.13506666666666667, 0.14183801930339907, 0.12367544656372995, 0.15943099944577868]
Preds: [17, 17, 17, 284, 284, 284, 284, 240, 35, 35, 35, 250, 250, 250, 387, 387, 284, 35, 35, 35, 35, 250, 250, 387, 284, 284, 213, 213, 246, 246, 19, 374, 374, 35, 240, 284, 213, 213, 213, 246, 246, 246, 246, 246, 246, 246, 19, 19, 454, 414, 414, 414, 414, 414, 170, 170, 392, 392, 73, 73, 73, 73, 320, 287, 287, 287, 171, 171, 171, 171, 19, 19, 374, 182, 182, 182, 182, 182, 182, 182, 387, 387, 387, 387, 387, 250, 250, 250, 182, 182, 182, 250, 250, 250, 387, 387, 284, 284, 213, 213, 246, 246, 246, 246, 19, 19, 454, 414, 414, 414, 414, 170, 170, 170, 392, 392, 392, 73, 73, 73, 321, 73, 321, 320, 287, 7, 7, 387, 387, 387, 284, 284, 213, 213, 213, 246, 246, 246, 246, 246, 246, 246, 246, 19, 19, 454, 414, 414, 414, 414, 73, 320, 7, 284, 213, 213, 246, 246, 246, 464, 464, 464, 464, 464, 464, 355, 355, 355, 355, 240, 486, 324, 324, 464, 464, 464, 355, 355, 355, 250, 250, 250, 250, 250, 250, 250, 132, 182, 182, 182, 182, 182, 182, 250, 250, 250, 387, 387, 387, 387, 355, 355, 250, 182, 182, 98, 98, 98, 48, 48, 414, 414, 414, 80, 320, 287, 287, 153, 153, 387, 284, 35, 240, 240, 240, 355, 355, 355, 284, 324, 324, 246, 246, 246, 246, 246, 464, 19, 35, 355, 464, 464, 464, 464, 464, 464, 464, 464, 464, 464, 355, 355, 355, 355, 355, 374, 132, 132, 98, 182, 182, 182, 182, 182, 182, 182, 182, 182, 182, 182, 98, 98, 98, 414, 414, 48, 98, 7, 287, 287, 387, 35, 250, 250, 182, 98, 98, 48, 414, 414, 80, 7, 7, 287, 287, 284, 284, 240, 240, 464, 464, 464, 464, 464, 464, 464, 464, 464, 464, 464, 464, 464, 464, 464, 464, 464, 464, 464, 464, 464, 464, 464, 464, 464, 464, 464, 464, 464, 464, 464, 464, 464, 464, 464, 464, 464, 464, 464, 464, 464, 464, 464, 464, 464, 464, 464, 464, 464, 464, 464, 464, 464, 464, 464, 464, 464, 464, 464, 464, 464, 464, 464, 464, 464, 464, 464, 464, 464, 464, 464, 464, 464, 464, 464, 464, 464, 464, 464, 464, 464, 464, 464, 464, 464, 464, 464, 464, 464, 464, 464, 464, 464, 464, 464, 464, 464, 464, 464, 464, 464, 464, 464, 464, 464, 464, 464, 464, 464, 464, 464, 464, 464, 464, 464, 464, 464, 464, 464, 464, 464, 464, 464, 464, 464, 464, 464, 464, 464, 464, 464, 464, 464, 464, 464, 464, 464, 464, 464, 464, 464, 464, 464, 464, 464, 464, 464, 464, 464, 464, 464, 464, 464, 464, 464, 464, 464, 464, 464, 464, 464, 464, 464, 464, 464, 464, 464, 464, 464, 464, 464, 464, 464, 464, 464, 464, 464, 464, 464, 464, 464, 464, 464, 464, 464, 464, 464, 464, 464, 464, 464, 464, 464, 464, 464, 464, 464, 464, 464, 464, 464, 464, 464, 464, 464, 464, 464, 464, 464, 464, 464, 464, 464, 464, 464, 464, 464, 464, 464, 464, 464, 464, 464, 464, 464, 464, 464, 464, 464, 464, 464, 464, 464, 464, 464, 464, 464, 464, 464, 464, 464, 464, 464, 464, 464, 464, 464, 464, 464, 464, 464, 464, 464, 464, 464, 464, 464, 464, 464, 464, 464, 464, 464, 464, 464, 464, 464, 464, 464, 464, 464, 464, 464, 464, 464, 464, 464, 464, 464, 464, 464, 464, 464, 464, 464, 464, 464, 464, 464, 464, 464, 464, 464, 464, 464, 464, 464, 464, 464, 464, 464]

ep11
Train step Loss: [3.936224937438965, 3.976768970489502, 4.0535478591918945, 3.986830234527588, 4.0297369956970215, 3.9553964138031006, 3.8930277824401855, 4.015894412994385, 3.925661087036133, 3.96818208694458, 3.874253034591675, 4.002397060394287, 3.9231255054473877, 4.096543312072754, 4.012485027313232, 4.003243923187256, 3.9220921993255615, 3.9008710384368896, 4.021818161010742, 3.988011360168457, 3.949572801589966, 3.87992262840271, 3.907341480255127, 3.8928709030151367, 3.878211736679077, 3.996645927429199, 3.8896775245666504, 3.9579153060913086, 3.9449355602264404, 4.011806964874268, 3.9878122806549072, 3.8923676013946533, 3.9334654808044434, 4.008570194244385, 3.95908260345459, 4.059632301330566, 3.6946496963500977, 3.7948973178863525, 3.999553680419922, 3.953274965286255, 3.854973554611206, 3.9630796909332275, 3.8598520755767822, 3.8477108478546143, 3.9372220039367676, 3.7145726680755615, 3.8763957023620605, 3.9229605197906494, 3.802302360534668, 3.973419189453125, 3.7854130268096924, 3.91951847076416, 3.9317867755889893, 3.78052020072937, 3.8566689491271973, 3.7894093990325928, 3.8855364322662354, 3.902358293533325, 3.893390655517578, 3.7053310871124268, 4.019837379455566, 3.7906196117401123, 4.031924247741699]
val step Loss: [4.233206748962402, 4.280192852020264, 4.369889736175537, 4.203248977661133, 4.281144142150879, 4.232423305511475, 4.2067461013793945, 4.412806987762451, 4.296496391296387, 4.250014781951904, 4.282965183258057, 4.215402126312256, 4.3471293449401855, 4.18811559677124, 4.206026077270508, 4.249113082885742]
Train step Accs: [0.23246674727932284, 0.2207773016107581, 0.19332502423487052, 0.21969365426695842, 0.21302692795714084, 0.22410651716888577, 0.23671155209071582, 0.21835966892400302, 0.22592997811816193, 0.20792388082982374, 0.22672998643147896, 0.22086466165413535, 0.23157747268142337, 0.1918825874252582, 0.20617042115572967, 0.21605564410954933, 0.23545098039215687, 0.2336136890951276, 0.2237176611335427, 0.2165717385408191, 0.22166097162383003, 0.24370755093887336, 0.2202290076335878, 0.24389603570490942, 0.22873194221508827, 0.22478585244542693, 0.2367311327613785, 0.22660716775902942, 0.23491239454899415, 0.23258055632057284, 0.21212524983344436, 0.22841024157384637, 0.24078212290502793, 0.21971132818195072, 0.22334455667789002, 0.21428571428571427, 0.28040973111395645, 0.23995240613432048, 0.21540930979133227, 0.2188612099644128, 0.24677395969261998, 0.21248680440355905, 0.24751143395211192, 0.2401538257525527, 0.22233201581027667, 0.27392075694855117, 0.23792965092951718, 0.22341745966073645, 0.2451260722641019, 0.22571161298944273, 0.24574616457461645, 0.2425367362722351, 0.22914742997845491, 0.2576540755467197, 0.2333528894103843, 0.25495862340732955, 0.23001920520017727, 0.22329246935201402, 0.2283486888731396, 0.2788386896444651, 0.19956530329974315, 0.2574102964118565, 0.19870808981851737]
val step Accs: [0.17270788912579957, 0.1581450653983353, 0.14067044236950865, 0.18823363032102955, 0.16447368421052633, 0.16164565361645652, 0.15847434864356702, 0.1460849793946284, 0.1653113087674714, 0.16182620817843865, 0.1585198720877113, 0.16402557686961355, 0.14934598246370562, 0.1610069489969844, 0.17551568412059074, 0.1624229979466119]
Preds: [17, 17, 287, 284, 284, 284, 284, 284, 35, 35, 35, 250, 250, 250, 250, 387, 250, 250, 250, 250, 182, 182, 182, 182, 182, 182, 182, 182, 182, 182, 182, 182, 387, 387, 284, 284, 284, 284, 284, 284, 284, 284, 464, 240, 35, 35, 35, 240, 284, 284, 213, 213, 464, 464, 19, 19, 374, 35, 35, 250, 182, 182, 182, 182, 182, 182, 182, 250, 284, 284, 284, 240, 250, 250, 250, 250, 250, 250, 250, 250, 182, 182, 182, 182, 182, 182, 182, 182, 387, 387, 387, 284, 284, 284, 284, 464, 464, 240, 240, 35, 35, 35, 240, 240, 284, 324, 324, 324, 324, 324, 464, 464, 19, 35, 35, 355, 355, 355, 355, 240, 284, 284, 464, 240, 240, 284, 324, 324, 324, 324, 246, 246, 464, 464, 19, 355, 355, 355, 284, 171, 213, 171, 464, 240, 355, 355, 355, 250, 250, 250, 355, 355, 250, 250, 250, 284, 443, 355, 355, 355, 355, 355, 355, 355, 284, 284, 213, 213, 213, 213, 213, 213, 246, 246, 246, 246, 246, 246, 19, 19, 19, 464, 464, 213, 246, 246, 464, 19, 19, 35, 35, 240, 284, 284, 464, 464, 464, 464, 464, 464, 464, 464, 464, 464, 355, 355, 355, 355, 355, 355, 355, 355, 324, 324, 464, 464, 464, 464, 464, 464, 464, 355, 355, 464, 486, 486, 486, 464, 464, 486, 464, 355, 355, 355, 355, 355, 355, 355, 250, 250, 250, 250, 250, 387, 443, 443, 284, 284, 464, 464, 284, 324, 486, 464, 464, 464, 464, 355, 19, 454, 454, 414, 414, 414, 414, 414, 47, 47, 73, 73, 7, 7, 153, 153, 182, 182, 73, 73, 392, 392, 392, 392, 73, 320, 320, 287, 287, 287, 284, 284, 284, 284, 464, 240, 35, 374, 182, 182, 387, 387, 387, 35, 284, 284, 35, 35, 284, 324, 324, 324, 464, 464, 464, 464, 486, 464, 464, 464, 464, 355, 374, 374, 250, 250, 250, 355, 355, 284, 284, 324, 213, 213, 246, 464, 464, 355, 355, 355, 355, 355, 355, 284, 284, 284, 240, 240, 355, 355, 355, 355, 355, 355, 355, 355, 355, 355, 240, 443, 443, 486, 213, 213, 213, 213, 213, 213, 246, 246, 246, 246, 246, 246, 246, 246, 246, 19, 19, 454, 454, 414, 414, 414, 170, 392, 392, 47, 47, 392, 392, 392, 392, 73, 73, 73, 73, 73, 320, 320, 287, 287, 287, 284, 284, 284, 240, 240, 35, 35, 35, 35, 35, 35, 35, 35, 35, 35, 35, 35, 35, 35, 387, 387, 284, 35, 35, 35, 250, 182, 182, 182, 182, 182, 182, 182, 387, 387, 387, 182, 98, 48, 48, 321, 7, 387, 387, 387, 387, 240, 284, 284, 213, 213, 213, 246, 246, 464, 464, 464, 246, 246, 246, 464, 19, 19, 19, 35, 355, 355, 355, 355, 284, 284, 171, 171, 171, 464, 19, 374, 303, 132, 250, 250, 387, 355, 355, 250, 250, 250, 182, 98, 98, 48, 48, 414, 414, 414, 170, 170, 170, 170, 392, 63, 392, 392, 73, 73, 73, 320, 73, 73, 392, 73, 73, 73, 320, 287, 287, 287, 284, 284, 284, 284, 240, 240, 240, 240, 35, 35, 35, 240, 240, 35, 324, 213, 213, 213, 213, 213, 213, 246, 246, 246, 19, 19, 19, 19, 374, 239, 464, 464, 284, 284, 284, 464, 464, 171, 324, 464, 464, 355, 355, 35, 35, 35, 355, 355, 464, 464, 240, 240, 355, 355, 355, 250, 250, 250, 250, 250, 387, 284, 284, 284, 284, 464, 374, 374, 132, 132, 132, 132, 132, 182, 182, 182, 182, 182, 250, 387, 387, 443]

ep12
Train step Loss: [3.846228837966919, 3.8645782470703125, 3.767922878265381, 3.782092809677124, 3.821053981781006, 3.8858392238616943, 3.7717199325561523, 3.8343162536621094, 3.784991979598999, 3.8587822914123535, 3.757190704345703, 3.766218662261963, 3.8441154956817627, 3.7887356281280518, 3.8472213745117188, 3.802184581756592, 3.8038058280944824, 3.7485599517822266, 3.8065028190612793, 3.8281233310699463, 3.7764499187469482, 3.770690441131592, 3.899451732635498, 3.7891674041748047, 3.768066644668579, 3.7571022510528564, 3.7588822841644287, 3.791435956954956, 3.756575584411621, 3.8276419639587402, 3.7972283363342285, 3.7506773471832275, 3.6406373977661133, 3.785792827606201, 3.8740968704223633, 3.769829034805298, 3.7110543251037598, 3.8452816009521484, 3.6905293464660645, 3.8704848289489746, 3.716094493865967, 3.8794105052948, 3.786081075668335, 3.8051364421844482, 3.7389914989471436, 3.953209400177002, 3.8681015968322754, 3.616252899169922, 3.6145453453063965, 3.6977102756500244, 3.612459182739258, 3.933743476867676, 3.8372535705566406, 3.847318410873413, 3.837656259536743, 3.8480591773986816, 3.6717734336853027, 3.6579020023345947, 3.7649269104003906, 3.7405967712402344, 3.670962333679199, 3.728184938430786, 3.853116035461426]
val step Loss: [4.157829761505127, 4.049449443817139, 4.224140167236328, 4.116049766540527, 4.098872184753418, 4.134946823120117, 4.104081153869629, 4.121964931488037, 4.077727317810059, 4.137044906616211, 4.177451133728027, 3.996459722518921, 4.077268123626709, 4.150837421417236, 4.238152503967285, 4.108596324920654]
Train step Accs: [0.24961693829224127, 0.23722328505056026, 0.25636422976501305, 0.25279205814571887, 0.24503401360544216, 0.2380467955239064, 0.2434435575826682, 0.24894629503738952, 0.25570383125269047, 0.2283304246655032, 0.2508544087491456, 0.2491089108910891, 0.23794623808846538, 0.26239113222486143, 0.23180519657189497, 0.25180614087898856, 0.23705501618122976, 0.2635019455252918, 0.2432640492686682, 0.249925617375781, 0.25778816199376947, 0.24866569626394955, 0.23034709836740294, 0.24515014615997874, 0.25736434108527134, 0.2467016085306344, 0.25226160462702063, 0.23402454506982648, 0.2505382959089511, 0.24599162212913478, 0.23878602786791372, 0.2607315389924086, 0.28303630363036303, 0.24700202460675907, 0.23989569752281617, 0.23969344608879492, 0.25825396825396824, 0.23098937040065412, 0.27587058532971104, 0.24559733460257022, 0.27048387096774196, 0.23943007588663465, 0.25143979057591626, 0.236, 0.2581294964028777, 0.219865571321882, 0.2522855133614627, 0.27608757463747513, 0.2815629849061927, 0.2600759345794392, 0.2962245885769603, 0.2257762521454205, 0.24288288288288287, 0.23073654390934845, 0.23966831616958673, 0.2194756554307116, 0.2715777899945025, 0.2659726183685111, 0.26459143968871596, 0.2657333333333333, 0.26977460450790985, 0.25730278117894, 0.2656826568265683]
val step Accs: [0.17656631407648496, 0.1960128617363344, 0.17962986928950433, 0.19438536792854105, 0.18635335511435033, 0.18747469294101768, 0.1803690036900369, 0.17534908700322235, 0.19780068728522338, 0.16690809592789313, 0.1785763269784666, 0.20394218134034164, 0.19515823640789828, 0.1705045278137128, 0.18174603174603174, 0.19060657118786858]
Preds: [17, 17, 17, 387, 387, 387, 387, 284, 213, 213, 213, 284, 464, 355, 35, 355, 355, 355, 240, 240, 213, 213, 246, 246, 246, 171, 464, 464, 301, 19, 19, 35, 35, 443, 443, 443, 240, 355, 355, 284, 171, 171, 171, 324, 246, 171, 171, 464, 19, 464, 464, 464, 355, 374, 374, 250, 250, 250, 250, 250, 250, 250, 250, 250, 250, 250, 250, 250, 182, 98, 98, 182, 182, 182, 182, 182, 182, 182, 182, 153, 387, 387, 387, 284, 240, 355, 355, 355, 355, 355, 355, 355, 355, 355, 355, 374, 374, 374, 98, 98, 98, 98, 98, 48, 48, 48, 414, 414, 414, 170, 170, 170, 392, 392, 392, 73, 392, 392, 392, 73, 392, 392, 73, 73, 320, 320, 320, 287, 287, 287, 284, 284, 171, 213, 171, 171, 19, 464, 464, 355, 374, 374, 132, 250, 250, 182, 387, 284, 284, 213, 213, 213, 246, 171, 464, 464, 464, 301, 35, 464, 464, 464, 464, 464, 464, 240, 464, 464, 464, 464, 464, 240, 464, 355, 355, 355, 355, 240, 464, 464, 464, 464, 240, 240, 355, 355, 355, 240, 464, 171, 213, 213, 213, 246, 246, 246, 246, 246, 246, 246, 246, 19, 19, 19, 19, 387, 171, 171, 171, 171, 284, 464, 464, 464, 464, 464, 19, 454, 454, 414, 414, 414, 414, 170, 392, 47, 73, 320, 244, 153, 153, 153, 153, 153, 153, 153, 153, 153, 153, 287, 287, 213, 213, 213, 213, 464, 301, 35, 35, 35, 32, 355, 355, 284, 284, 284, 240, 35, 355, 240, 443, 443, 464, 464, 464, 464, 464, 464, 464, 464, 464, 464, 464, 464, 464, 464, 464, 464, 464, 464, 464, 464, 464, 464, 464, 464, 464, 464, 464, 464, 464, 464, 464, 464, 464, 464, 464, 464, 464, 464, 464, 464, 464, 464, 464, 464, 464, 464, 464, 464, 464, 464, 464, 464, 464, 464, 464, 464, 464, 464, 464, 464, 464, 464, 464, 464, 464, 464, 464, 464, 464, 464, 464, 464, 464, 464, 464, 464, 464, 464, 464, 464, 464, 464, 464, 464, 464, 464, 464, 464, 464, 464, 464, 464, 464, 464, 464, 464, 464, 464, 464, 464, 464, 464, 464, 464, 464, 464, 464, 464, 464, 464, 464, 464, 464, 464, 464, 464, 464, 464, 464, 464, 464, 464, 464, 464, 464, 464, 464, 464, 464, 464, 464, 464, 464, 464, 464, 464, 464, 464, 464, 464, 464, 464, 464, 464, 464, 464, 464, 464, 464, 464, 464, 464, 464, 464, 464, 464, 464, 464, 464, 464, 464, 464, 464, 464, 464, 464, 464, 464, 464, 464, 464, 464, 464, 464, 464, 464, 464, 464, 464, 464, 464, 464, 464, 464, 464, 464, 464, 464, 464, 464, 464, 464, 464, 464, 464, 464, 464, 464, 464, 464, 464, 464, 464, 464, 464, 464, 464, 464, 464, 464, 464, 464, 464, 464, 464, 464, 464, 464, 464, 464, 464, 464, 464, 464, 464, 464, 464, 464, 464, 464, 464, 464, 464, 464, 464, 464, 464, 464, 464, 464, 464, 464, 464, 464, 464, 464, 464, 464, 464, 464, 464, 464, 464, 464, 464, 464, 464, 464, 464, 464, 464, 464, 464, 464, 464, 464, 464, 464, 464, 464, 464, 464, 464, 464, 464, 464, 464, 464, 464, 464, 464, 464, 464, 464, 464, 464, 464, 464, 464, 464, 464, 464, 464, 464, 464, 464, 464, 464, 464, 464, 464, 464, 464, 464, 464, 464, 464, 464, 464, 464, 464, 464, 464, 464, 464, 464, 464, 464, 464, 464, 464, 464, 464, 464, 464, 464, 464, 464, 464, 464, 464, 464, 464, 464, 464, 464, 464, 464]

ep13
Train step Loss: [3.624467611312866, 3.800743341445923, 3.789534330368042, 3.7239603996276855, 3.6463918685913086, 3.8091206550598145, 3.8148443698883057, 3.7400455474853516, 3.583298683166504, 3.6454524993896484, 3.7364773750305176, 3.748110294342041, 3.7327561378479004, 3.6316142082214355, 3.5080506801605225, 3.7239484786987305, 3.651845932006836, 3.7414045333862305, 3.6682424545288086, 3.64957857131958, 3.571836233139038, 3.7871124744415283, 3.453064203262329, 3.6007168292999268, 3.677720546722412, 3.604810953140259, 3.8187315464019775, 3.6771867275238037, 3.558922529220581, 3.5726819038391113, 3.7071304321289062, 3.6148531436920166, 3.7120680809020996, 3.7228941917419434, 3.6686110496520996, 3.650622844696045, 3.63812255859375, 3.563945770263672, 3.8140435218811035, 3.645340919494629, 3.663166046142578, 3.672671318054199, 3.6589205265045166, 3.6657164096832275, 3.5296168327331543, 3.6672163009643555, 3.659494400024414, 3.613197088241577, 3.573065996170044, 3.593311071395874, 3.588085889816284, 3.5955915451049805, 3.565117359161377, 3.4632046222686768, 3.581552028656006, 3.6105422973632812, 3.6780107021331787, 3.54634690284729, 3.5889267921447754, 3.4563632011413574, 3.4702110290527344, 3.6314570903778076, 3.5995373725891113]
val step Loss: [3.8765318393707275, 3.9674794673919678, 4.0608978271484375, 4.0658769607543945, 4.124456882476807, 3.856813907623291, 3.989361524581909, 3.85530424118042, 4.019321441650391, 4.015567302703857, 4.029068946838379, 3.912851333618164, 3.988708019256592, 4.007277488708496, 4.000063896179199, 3.8862497806549072]
Train step Accs: [0.2834474175482265, 0.23984157253924013, 0.253635652853792, 0.25672131147540983, 0.2768921219625445, 0.24255628177196806, 0.23435337536521605, 0.2623830489818382, 0.29771784232365145, 0.28432065601583484, 0.2584112801898646, 0.2593364082725785, 0.2563966825480854, 0.28907737580058857, 0.3015204995927233, 0.27088753975137325, 0.25816063930651495, 0.2576928686014292, 0.26581296080714006, 0.27019433387965347, 0.2780130293159609, 0.24329927439656449, 0.3099985446077718, 0.26955510322768245, 0.27144970414201186, 0.2801752109020117, 0.2452311918205402, 0.27143719806763283, 0.2778382793356929, 0.29306579306579306, 0.2638830897703549, 0.2846218020022247, 0.2602656083040757, 0.24703982777179764, 0.2653793103448276, 0.2682172627050282, 0.2632826662947985, 0.29789103690685415, 0.24122040362307326, 0.28121230398069963, 0.27870414483087186, 0.26323915392928826, 0.2702795995857784, 0.2553490990990991, 0.28252603736154736, 0.2656552614590058, 0.26635654261704683, 0.28341426015844623, 0.2844324170346105, 0.2844754051748649, 0.2877099123198098, 0.2816718587746625, 0.2785061581247517, 0.29607563787074215, 0.2727272727272727, 0.2805717998700455, 0.25789935634874195, 0.2877133630632016, 0.2750481077613855, 0.3109940750493746, 0.30297927461139895, 0.26061165304508305, 0.2866161616161616]
val step Accs: [0.2255772646536412, 0.1972214655407246, 0.19066965536564864, 0.18179215574005153, 0.1832745914770907, 0.22639651048262277, 0.20175675675675675, 0.21586084098068758, 0.2040379729910416, 0.19827029817994063, 0.197154763615462, 0.2112521357090554, 0.20339897491232803, 0.19784892446223112, 0.20442059537498403, 0.19083657189609327]
Preds: [17, 17, 287, 284, 284, 284, 284, 284, 284, 443, 35, 35, 35, 35, 355, 355, 35, 35, 250, 250, 250, 250, 387, 387, 284, 284, 213, 324, 246, 246, 246, 246, 246, 19, 19, 19, 32, 239, 35, 35, 35, 387, 324, 324, 213, 213, 246, 246, 246, 19, 19, 454, 454, 414, 414, 414, 170, 392, 392, 392, 392, 392, 392, 392, 392, 392, 73, 73, 320, 73, 321, 320, 287, 7, 153, 35, 35, 153, 153, 153, 387, 153, 153, 35, 387, 387, 387, 387, 284, 443, 284, 171, 171, 171, 171, 324, 171, 171, 171, 464, 464, 464, 246, 246, 19, 19, 19, 19, 35, 35, 32, 387, 287, 240, 284, 324, 324, 171, 301, 35, 35, 239, 240, 284, 284, 171, 171, 171, 464, 301, 19, 35, 35, 35, 35, 287, 213, 213, 213, 213, 246, 246, 246, 246, 246, 19, 19, 454, 454, 414, 414, 392, 392, 320, 320, 287, 35, 32, 32, 387, 387, 387, 443, 443, 486, 486, 213, 324, 464, 464, 464, 19, 374, 374, 132, 250, 250, 250, 250, 250, 250, 387, 284, 213, 213, 213, 246, 246, 464, 19, 32, 239, 35, 35, 171, 324, 324, 246, 464, 464, 464, 464, 464, 486, 486, 486, 486, 486, 450, 355, 355, 355, 374, 374, 303, 132, 182, 182, 182, 182, 182, 182, 182, 182, 98, 98, 98, 98, 48, 414, 414, 170, 392, 392, 392, 63, 63, 63, 63, 63, 63, 63, 63, 63, 63, 63, 63, 63, 63, 63, 73, 73, 320, 320, 7, 320, 287, 7, 7, 240, 240, 240, 443, 443, 443, 240, 355, 355, 35, 355, 240, 240, 35, 35, 35, 35, 35, 239, 284, 240, 284, 464, 464, 464, 464, 464, 355, 374, 374, 250, 250, 35, 35, 35, 239, 284, 213, 213, 171, 464, 464, 374, 464, 464, 240, 464, 355, 374, 374, 250, 250, 387, 387, 240, 355, 240, 240, 355, 355, 355, 355, 324, 324, 464, 35, 35, 374, 354, 284, 284, 486, 486, 486, 486, 486, 486, 464, 464, 464, 19, 19, 454, 414, 414, 414, 414, 170, 392, 392, 392, 63, 63, 63, 63, 63, 63, 63, 63, 63, 63, 63, 63, 63, 63, 63, 63, 63, 73, 392, 73, 73, 320, 321, 7, 7, 7, 7, 7, 284, 213, 171, 171, 171, 171, 171, 171, 171, 464, 464, 464, 464, 171, 171, 284, 464, 240, 355, 374, 374, 374, 98, 98, 182, 182, 387, 387, 284, 284, 324, 324, 246, 301, 19, 35, 32, 32, 239, 239, 284, 284, 213, 213, 213, 246, 19, 19, 454, 454, 197, 321, 32, 43, 80, 320, 387, 387, 387, 32, 387, 387, 387, 240, 240, 240, 240, 240, 355, 355, 374, 374, 303, 35, 32, 98, 387, 387, 387, 355, 355, 355, 355, 355, 443, 374, 374, 35, 354, 180, 443, 264, 264, 264, 464, 464, 464, 464, 464, 464, 464, 464, 464, 464, 464, 464, 464, 464, 464, 464, 464, 464, 464, 464, 464, 464, 464, 464, 464, 464, 464, 464, 464, 464, 464, 464, 464, 464, 464, 464, 464, 464, 464, 464, 464, 464, 464, 464, 464, 464, 464, 464, 464, 464, 464, 464, 464, 464, 464, 464, 464, 464, 464, 464, 464, 464, 464, 464, 464, 464, 464, 464, 464, 464, 464, 464, 464, 464, 464, 464, 464, 464, 464, 464, 464, 464, 464, 464, 464, 464, 464, 464, 464, 464, 464, 464, 464, 464, 464, 464, 464, 464, 464, 464, 464, 464, 464, 464, 464, 464, 464, 464, 464, 464, 464, 464, 464, 464, 464, 464, 464, 464, 464, 464, 464, 464, 464, 464, 464, 464, 464, 464]

ep14
Train step Loss: [3.6529879570007324, 3.4638588428497314, 3.6487488746643066, 3.5027353763580322, 3.54709529876709, 3.7037556171417236, 3.5995895862579346, 3.652599811553955, 3.5914158821105957, 3.7035512924194336, 3.6344239711761475, 3.4684104919433594, 3.607362747192383, 3.5258989334106445, 3.6291697025299072, 3.5308141708374023, 3.6417155265808105, 3.3290648460388184, 3.619952917098999, 3.489495038986206, 3.5102338790893555, 3.597501277923584, 3.463428020477295, 3.472153425216675, 3.493244171142578, 3.558884859085083, 3.418597936630249, 3.4646434783935547, 3.474029064178467, 3.4811387062072754, 3.3903589248657227, 3.496938705444336, 3.4944567680358887, 3.400198459625244, 3.511712074279785, 3.556391954421997, 3.519558906555176, 3.4149885177612305, 3.545567035675049, 3.509218215942383, 3.4650721549987793, 3.349116802215576, 3.4457497596740723, 3.4351422786712646, 3.4419500827789307, 3.596325159072876, 3.4010074138641357, 3.482630729675293, 3.366154432296753, 3.433614492416382, 3.5024125576019287, 3.5460915565490723, 3.3795113563537598, 3.501368522644043, 3.4235522747039795, 3.3652560710906982, 3.309868097305298, 3.432888984680176, 3.374354839324951, 3.5269482135772705, 3.344526767730713, 3.473029613494873, 3.3138604164123535]
val step Loss: [3.850831985473633, 3.841128349304199, 3.6723339557647705, 3.8314194679260254, 3.8857836723327637, 3.827573537826538, 3.7824013233184814, 3.8110291957855225, 3.790170907974243, 3.8781490325927734, 3.8659095764160156, 3.8400399684906006, 3.8584330081939697, 3.864360809326172, 3.742673873901367, 3.9040985107421875]
Train step Accs: [0.2761561167595933, 0.3103568320278503, 0.27010336957980935, 0.29905353863540046, 0.28586434573829533, 0.2568736484399135, 0.2862722407059164, 0.2699551569506726, 0.2791377983063895, 0.24829195134144308, 0.2818328682625936, 0.296136722677007, 0.2779365318092946, 0.2909067222511725, 0.2659221990428273, 0.29502292075965947, 0.2742806885287096, 0.3194384136633377, 0.2657784011220196, 0.3007128007128007, 0.2781204882530516, 0.27538623068846557, 0.2925413893155829, 0.29950062421972534, 0.3101102190774255, 0.2839745363963465, 0.3081494057724958, 0.2992592592592593, 0.29518796992481205, 0.2962794918330309, 0.3202462380300958, 0.3013505908835115, 0.3002247822422029, 0.3098549424256019, 0.2772913816689466, 0.27857609405617245, 0.2920739960896375, 0.3080666747779535, 0.28466697863047885, 0.2962536970095301, 0.2997635276116289, 0.32188993098566626, 0.2871929340325697, 0.31300304060096584, 0.30816353708882677, 0.28489620615604866, 0.30348740658732354, 0.28508304129209205, 0.3296257327521419, 0.30503276174543426, 0.29450392576730905, 0.28377984857309263, 0.31745626356787127, 0.30714406923468524, 0.306941431670282, 0.3187239545911769, 0.3232934553131597, 0.2972071696540225, 0.3148604802076574, 0.2998812351543943, 0.32308791994281627, 0.3021508544490277, 0.3299189073836961]
val step Accs: [0.22722309838650975, 0.22765931221496363, 0.2692568024908623, 0.22166666666666668, 0.22134602311352822, 0.2319744869661675, 0.22289156626506024, 0.23724525650035136, 0.22959909013363664, 0.2165117550574084, 0.22846488502175263, 0.22826875634886085, 0.2233923055321539, 0.22587412587412586, 0.2433296275708727, 0.2126475172567357]
Preds: [17, 17, 387, 284, 284, 284, 284, 284, 450, 355, 35, 35, 35, 35, 240, 240, 240, 240, 240, 35, 35, 35, 331, 284, 284, 284, 464, 464, 240, 464, 171, 171, 171, 464, 464, 19, 374, 374, 35, 387, 331, 443, 443, 355, 355, 250, 250, 250, 250, 250, 132, 132, 132, 182, 98, 98, 98, 48, 414, 414, 414, 170, 47, 47, 47, 47, 392, 392, 392, 392, 392, 47, 73, 73, 321, 321, 321, 7, 7, 32, 35, 35, 153, 153, 153, 414, 414, 414, 47, 170, 63, 63, 63, 73, 73, 73, 320, 7, 7, 7, 7, 387, 387, 331, 331, 284, 284, 213, 213, 213, 213, 213, 213, 213, 246, 246, 246, 246, 246, 246, 246, 246, 246, 464, 464, 464, 171, 171, 171, 464, 464, 301, 35, 35, 35, 35, 239, 354, 443, 443, 486, 486, 171, 171, 171, 171, 171, 171, 246, 246, 246, 246, 246, 246, 246, 246, 301, 19, 19, 32, 32, 355, 355, 355, 464, 171, 171, 464, 324, 213, 246, 464, 464, 464, 464, 19, 35, 355, 240, 355, 355, 355, 464, 264, 240, 464, 464, 464, 464, 464, 464, 464, 464, 464, 486, 486, 486, 355, 355, 355, 355, 355, 355, 374, 374, 374, 374, 43, 43, 43, 43, 182, 182, 182, 182, 182, 182, 182, 182, 182, 182, 182, 182, 122, 387, 387, 250, 250, 250, 387, 355, 355, 355, 35, 250, 387, 250, 250, 182, 182, 182, 182, 182, 182, 182, 182, 182, 98, 182, 153, 153, 387, 284, 284, 284, 284, 486, 355, 355, 374, 374, 132, 182, 43, 43, 43, 153, 153, 387, 387, 387, 250, 284, 250, 250, 250, 250, 250, 284, 284, 284, 486, 464, 464, 464, 264, 240, 355, 355, 355, 355, 263, 263, 263, 414, 414, 414, 414, 170, 170, 47, 47, 47, 47, 47, 47, 47, 392, 392, 392, 392, 392, 392, 73, 73, 73, 73, 321, 321, 320, 7, 7, 153, 7, 7, 32, 387, 387, 153, 153, 182, 182, 182, 182, 182, 182, 182, 182, 182, 182, 182, 182, 182, 182, 182, 182, 387, 387, 387, 387, 387, 387, 355, 250, 387, 443, 355, 250, 250, 250, 387, 387, 250, 250, 250, 250, 387, 35, 284, 171, 324, 324, 324, 301, 35, 35, 35, 35, 239, 354, 35, 387, 443, 443, 355, 355, 355, 355, 355, 355, 264, 264, 264, 264, 264, 464, 464, 486, 464, 264, 240, 240, 355, 35, 35, 35, 239, 240, 443, 486, 486, 486, 464, 460, 355, 355, 355, 355, 355, 355, 355, 342, 284, 486, 486, 464, 240, 355, 240, 355, 35, 35, 464, 324, 324, 324, 464, 464, 464, 301, 374, 374, 374, 132, 98, 48, 414, 48, 48, 244, 80, 153, 153, 153, 182, 182, 182, 182, 182, 182, 98, 98, 98, 48, 414, 414, 170, 170, 170, 170, 170, 63, 73, 73, 73, 63, 63, 63, 63, 392, 63, 63, 63, 63, 73, 73, 73, 73, 63, 63, 63, 63, 63, 63, 63, 63, 63, 63, 73, 73, 73, 73, 73, 73, 73, 321, 321, 320, 320, 287, 287, 287, 284, 284, 284, 284, 284, 240, 450, 450, 355, 355, 250, 250, 132, 182, 387, 387, 387, 331, 331, 240, 250, 250, 250, 250, 250, 250, 387, 387, 324, 284, 284, 464, 171, 171, 171, 171, 171, 171, 171, 171, 301, 464, 464, 355, 355, 355, 264, 464, 464, 464, 464, 464, 464, 374, 374, 374, 132, 132, 132, 250, 250, 250, 250, 250, 387, 355, 355, 355, 355, 355, 284, 284, 264, 355, 250, 250, 182, 182, 182, 182, 387, 387, 387, 387, 387, 107, 107, 355]

ep15
Train step Loss: [3.4847164154052734, 3.3577194213867188, 3.440014600753784, 3.421051025390625, 3.331017255783081, 3.3741447925567627, 3.276420831680298, 3.4245944023132324, 3.365434408187866, 3.3217577934265137, 3.3671064376831055, 3.353874921798706, 3.4282052516937256, 3.385096788406372, 3.171518087387085, 3.3620598316192627, 3.3724896907806396, 3.419215202331543, 3.3582065105438232, 3.4247419834136963, 3.3293211460113525, 3.3978893756866455, 3.448580265045166, 3.2975945472717285, 3.2542002201080322, 3.345947027206421, 3.363098382949829, 3.406132459640503, 3.4157841205596924, 3.4256434440612793, 3.3638226985931396, 3.333070755004883, 3.322908639907837, 3.3408331871032715, 3.381012201309204, 3.338944435119629, 3.402017831802368, 3.3734147548675537, 3.2745168209075928, 3.295233726501465, 3.327202320098877, 3.390232563018799, 3.325070381164551, 3.2780072689056396, 3.4359238147735596, 3.3342230319976807, 3.358042001724243, 3.295926570892334, 3.467747926712036, 3.264193296432495, 3.2811357975006104, 3.451568126678467, 3.3543593883514404, 3.3633840084075928, 3.4361732006073, 3.452944755554199, 3.2458953857421875, 3.3352224826812744, 3.453481912612915, 3.292707920074463, 3.5724217891693115, 3.633909225463867, 3.664058208465576]
val step Loss: [3.6595022678375244, 3.62809157371521, 3.6562142372131348, 3.6997427940368652, 3.546494483947754, 3.7603631019592285, 3.6632721424102783, 3.688871145248413, 3.699071168899536, 3.661632537841797, 3.7363085746765137, 3.6126270294189453, 3.687066078186035, 3.6646833419799805, 3.696190595626831, 3.737429141998291]
Train step Accs: [0.29930565814743687, 0.32669480348193086, 0.30830945558739253, 0.31240084611316765, 0.3290485343584815, 0.3215587328287076, 0.33845430318231695, 0.31567328918322296, 0.3210415200562984, 0.3249356630096167, 0.3164240552859874, 0.31958762886597936, 0.30323470795646174, 0.3020757729714037, 0.35198604401502953, 0.3184537505752416, 0.331056855045245, 0.3038295336015497, 0.31386861313868614, 0.3091861898890259, 0.341336918939685, 0.32113320429350695, 0.3084283101167863, 0.32415554924780016, 0.3379623069292901, 0.32540032319670925, 0.3212099811676083, 0.3243492992453411, 0.2992046276211135, 0.3055936595031245, 0.3108162444712505, 0.3313985627418463, 0.32830950901180855, 0.3226559460510958, 0.3135651932936123, 0.3116730373419582, 0.3049645390070922, 0.31986754966887415, 0.32707774798927614, 0.3395405736033709, 0.33080529509100937, 0.3147768490774326, 0.32979261507334345, 0.3222434859414103, 0.3113390629331855, 0.32626937846678994, 0.31746636202081746, 0.3451172558627931, 0.3099060014461316, 0.3311150547175392, 0.33093207880035286, 0.2969209345505183, 0.31289111389236546, 0.31517801374141163, 0.3014715995048824, 0.30643419225428176, 0.3456528817974601, 0.32917139614074914, 0.3139308693700434, 0.33719356294179575, 0.29063097514340347, 0.28683834048640916, 0.280852417302799]
val step Accs: [0.26744186046511625, 0.25666443402545214, 0.2519977955359603, 0.23314035362228133, 0.2727979274611399, 0.24125051874394798, 0.24777019937040923, 0.24911074223381552, 0.24596774193548387, 0.2613902271163111, 0.23565573770491804, 0.2690020682523268, 0.24661283700561107, 0.2437905394716026, 0.25527051054102107, 0.24621986105435226]
Preds: [17, 287, 17, 387, 387, 17, 98, 17, 17, 17, 35, 17, 392, 80, 321, 321, 7, 387, 387, 250, 250, 250, 250, 250, 387, 98, 98, 414, 414, 170, 170, 170, 170, 170, 47, 73, 73, 320, 7, 7, 7, 7, 284, 284, 284, 464, 464, 464, 464, 464, 464, 355, 355, 240, 284, 171, 171, 171, 171, 171, 171, 171, 464, 464, 464, 464, 464, 19, 19, 19, 321, 75, 387, 284, 284, 213, 213, 139, 374, 374, 250, 355, 331, 331, 374, 132, 132, 132, 132, 182, 182, 182, 98, 98, 98, 182, 98, 197, 98, 98, 98, 182, 182, 182, 153, 153, 32, 32, 32, 32, 387, 387, 284, 387, 250, 250, 387, 331, 355, 355, 355, 355, 355, 355, 250, 387, 331, 355, 374, 132, 98, 98, 98, 98, 48, 48, 414, 414, 170, 170, 170, 170, 47, 47, 170, 47, 47, 47, 47, 47, 73, 73, 73, 73, 320, 320, 7, 7, 7, 387, 213, 213, 301, 35, 35, 35, 32, 32, 32, 387, 284, 486, 486, 486, 486, 450, 374, 250, 250, 250, 250, 355, 35, 354, 284, 464, 324, 464, 464, 464, 464, 355, 376, 376, 376, 19, 263, 414, 414, 414, 414, 47, 47, 47, 47, 47, 47, 244, 153, 153, 153, 80, 80, 80, 80, 80, 80, 80, 80, 80, 73, 73, 73, 73, 73, 321, 320, 320, 287, 287, 284, 240, 240, 240, 35, 35, 239, 240, 240, 240, 107, 180, 486, 213, 213, 213, 213, 246, 246, 246, 246, 19, 454, 454, 454, 197, 392, 392, 392, 320, 7, 7, 7, 284, 486, 486, 443, 240, 355, 35, 35, 35, 35, 354, 107, 107, 107, 355, 355, 413, 250, 182, 387, 387, 355, 355, 355, 355, 355, 240, 240, 35, 35, 239, 239, 240, 240, 464, 284, 464, 324, 213, 324, 213, 246, 246, 464, 301, 19, 19, 19, 197, 392, 392, 47, 320, 320, 276, 303, 182, 182, 182, 182, 182, 182, 182, 182, 182, 387, 387, 387, 387, 355, 35, 35, 35, 35, 35, 35, 75, 354, 287, 35, 171, 171, 171, 171, 301, 32, 32, 32, 32, 239, 354, 240, 180, 264, 486, 464, 464, 464, 464, 464, 464, 464, 240, 355, 464, 171, 171, 19, 19, 454, 414, 414, 414, 414, 170, 170, 170, 170, 170, 392, 47, 47, 73, 47, 47, 47, 392, 47, 73, 73, 73, 73, 321, 320, 320, 287, 287, 284, 284, 240, 240, 240, 35, 35, 239, 240, 240, 240, 240, 240, 324, 324, 324, 246, 246, 301, 464, 464, 464, 240, 240, 19, 35, 32, 100, 182, 182, 182, 182, 182, 182, 387, 32, 32, 35, 43, 98, 182, 182, 182, 182, 98, 98, 98, 414, 414, 170, 170, 170, 170, 170, 73, 73, 73, 320, 320, 153, 153, 153, 153, 98, 153, 153, 153, 401, 401, 321, 153, 153, 153, 387, 387, 387, 387, 240, 374, 263, 48, 387, 387, 180, 443, 264, 264, 376, 376, 376, 376, 376, 376, 376, 376, 376, 376, 376, 376, 376, 376, 376, 376, 376, 376, 376, 376, 376, 376, 376, 376, 376, 376, 376, 376, 376, 376, 376, 376, 376, 376, 376, 376, 376, 376, 376, 376, 376, 376, 376, 376, 376, 376, 376, 376, 376, 376, 376, 376, 376, 376, 376, 376, 376, 376, 376, 376, 376, 376, 376, 376, 376, 376, 376, 376, 376, 376, 376, 376, 376, 376, 376, 376, 376, 376, 376, 376, 376, 376, 376, 376, 376, 376, 376, 376, 376, 376, 376, 376, 376, 376, 376, 376, 376, 376, 376, 376, 376, 376, 376, 376, 376, 376, 376, 376, 376, 376, 376, 376, 376]

ep16
Train step Loss: [3.6034300327301025, 3.65397572517395, 3.6335949897766113, 3.3657705783843994, 3.4873709678649902, 3.5466978549957275, 3.8123011589050293, 3.5028111934661865, 3.550957679748535, 3.247359037399292, 3.520876169204712, 3.3533685207366943, 3.4111790657043457, 3.308089017868042, 3.4504199028015137, 3.378526210784912, 3.580651044845581, 3.5968244075775146, 3.56768536567688, 3.3958733081817627, 3.519310474395752, 3.5231244564056396, 3.6389448642730713, 3.628767967224121, 3.926398515701294, 3.5536394119262695, 3.7200629711151123, 3.60105037689209, 3.781341314315796, 3.650224208831787, 3.610469102859497, 3.784419536590576, 3.505736827850342, 3.363490104675293, 3.571652412414551, 3.657464027404785, 3.360574960708618, 3.825416326522827, 3.95560622215271, 3.7304584980010986, 3.5886452198028564, 3.6149890422821045, 3.5133519172668457, 3.472285509109497, 3.3453116416931152, 3.3279285430908203, 3.5589606761932373, 3.7294890880584717, 3.5789878368377686, 3.5782923698425293, 3.7525436878204346, 3.7699601650238037, 3.6940786838531494, 3.719459295272827, 3.65693736076355, 3.9302268028259277, 3.5411767959594727, 3.4980685710906982, 3.563971519470215, 3.5939817428588867, 3.7796599864959717, 4.099499702453613, 3.645390510559082]
val step Loss: [3.879357099533081, 3.58337140083313, 3.72458553314209, 3.902585506439209, 3.6309945583343506, 3.6895995140075684, 3.673311233520508, 3.554706573486328, 3.690208673477173, 3.717290163040161, 3.575962781906128, 3.624708890914917, 3.783867597579956, 3.6280975341796875, 3.6022329330444336, 3.664092540740967]
Train step Accs: [0.2915244984304627, 0.2739790330151776, 0.28395208160360574, 0.3194328607172644, 0.3089041095890411, 0.302237102419723, 0.2592186429061001, 0.2910293509714758, 0.2924695913625803, 0.346969954167374, 0.29547028674331627, 0.3227062896710906, 0.31334622823984526, 0.3266926070038911, 0.30102315562735593, 0.3153153153153153, 0.2933315334773218, 0.2932935529900117, 0.29398219220141236, 0.30697605675436, 0.30730784816966095, 0.2963072816253893, 0.28493035035880115, 0.28765690376569036, 0.2530599268796694, 0.2841463414634146, 0.28569244879241823, 0.2720825274016763, 0.27228070175438596, 0.2684463107378524, 0.28243924805135256, 0.275501179245283, 0.31, 0.34013027470971396, 0.2976490344248531, 0.27329723567968084, 0.31866769945778467, 0.26135749053542456, 0.25379939209726443, 0.2854663774403471, 0.28856288278023073, 0.2832669322709163, 0.30045475929120274, 0.2874765352641459, 0.3327702702702703, 0.3353067814854682, 0.30502257336343114, 0.2640610104861773, 0.2973405565131741, 0.2829557157569516, 0.2869464256095538, 0.26857218124341414, 0.2895408163265306, 0.3007498660953401, 0.2806246209824136, 0.23854108440469535, 0.3094972067039106, 0.30451612903225805, 0.3031788975312817, 0.29936399940837155, 0.27918388429752067, 0.2657607836941065, 0.29522894652577647]
val step Accs: [0.23954183266932272, 0.2759433962264151, 0.24574612257190181, 0.2350253807106599, 0.27645758496822326, 0.26016376957333714, 0.2609289617486339, 0.2755837059115748, 0.25477966101694915, 0.2736530033513792, 0.277717831130294, 0.27035392275602205, 0.2463613299505942, 0.2635787151916184, 0.27191262951554185, 0.25816142599639497]
Preds: [17, 17, 287, 284, 443, 240, 355, 35, 35, 35, 35, 35, 17, 153, 153, 153, 153, 153, 387, 153, 35, 35, 35, 401, 153, 7, 287, 287, 387, 387, 240, 374, 263, 414, 414, 414, 47, 170, 392, 47, 47, 47, 47, 47, 73, 47, 47, 47, 47, 63, 47, 47, 73, 73, 47, 73, 73, 73, 73, 73, 244, 321, 321, 73, 73, 321, 153, 153, 153, 153, 153, 153, 43, 43, 17, 321, 7, 401, 287, 287, 287, 284, 284, 284, 240, 240, 35, 35, 35, 355, 355, 355, 355, 355, 371, 171, 171, 171, 213, 213, 213, 246, 246, 246, 246, 246, 246, 301, 301, 32, 32, 355, 355, 355, 355, 180, 171, 171, 464, 464, 464, 464, 374, 374, 374, 374, 132, 132, 132, 132, 132, 132, 132, 132, 132, 132, 132, 132, 132, 132, 132, 132, 132, 98, 98, 197, 197, 197, 80, 392, 392, 63, 73, 320, 320, 213, 213, 213, 213, 246, 246, 464, 464, 19, 19, 303, 132, 132, 43, 122, 182, 182, 387, 387, 284, 284, 486, 486, 355, 355, 355, 355, 355, 263, 303, 250, 387, 331, 284, 213, 464, 301, 35, 35, 35, 197, 75, 7, 387, 153, 387, 180, 486, 486, 486, 324, 464, 464, 464, 464, 464, 464, 19, 19, 19, 197, 197, 80, 80, 320, 7, 7, 7, 7, 180, 240, 374, 374, 250, 250, 250, 250, 132, 132, 132, 132, 132, 132, 132, 250, 250, 387, 387, 331, 250, 182, 98, 250, 387, 98, 387, 387, 387, 387, 284, 213, 213, 324, 324, 246, 19, 19, 454, 414, 414, 414, 414, 414, 47, 244, 80, 80, 80, 80, 80, 73, 73, 80, 80, 73, 73, 73, 73, 73, 73, 73, 73, 392, 392, 392, 73, 320, 320, 287, 287, 287, 153, 153, 250, 250, 250, 182, 387, 65, 443, 486, 171, 324, 324, 246, 464, 301, 301, 240, 355, 355, 107, 331, 443, 486, 486, 486, 240, 374, 374, 413, 413, 250, 250, 250, 387, 284, 486, 486, 324, 324, 324, 464, 301, 301, 35, 35, 35, 32, 354, 354, 355, 284, 331, 240, 240, 35, 35, 354, 240, 342, 35, 355, 355, 355, 342, 180, 374, 374, 132, 132, 182, 182, 182, 182, 182, 182, 387, 387, 387, 284, 284, 486, 460, 374, 374, 355, 355, 284, 486, 486, 464, 374, 355, 355, 355, 374, 182, 182, 182, 182, 182, 182, 182, 182, 387, 387, 387, 387, 387, 240, 35, 35, 239, 35, 35, 354, 35, 32, 287, 153, 153, 182, 182, 182, 387, 387, 387, 35, 32, 354, 35, 35, 401, 43, 32, 32, 65, 180, 443, 374, 355, 355, 250, 398, 284, 443, 240, 355, 240, 240, 240, 240, 355, 355, 35, 371, 240, 355, 240, 240, 35, 355, 355, 355, 355, 413, 250, 250, 250, 250, 35, 32, 354, 395, 395, 395, 240, 464, 464, 355, 374, 374, 374, 374, 43, 132, 43, 401, 32, 401, 153, 387, 153, 250, 387, 387, 387, 250, 250, 250, 250, 132, 98, 98, 98, 98, 414, 7, 7, 7, 387, 284, 284, 486, 464, 464, 355, 355, 464, 171, 171, 324, 19, 454, 414, 414, 414, 414, 170, 170, 170, 170, 63, 73, 73, 47, 73, 392, 392, 392, 73, 73, 73, 244, 73, 392, 73, 73, 321, 392, 73, 73, 73, 320, 320, 7, 287, 213, 287, 284, 374, 32, 331, 331, 331, 374, 182, 387, 387, 387, 293, 182, 182, 43, 32, 43, 153, 387, 387, 387, 387, 387, 387, 413, 250, 250, 250, 132, 98, 98, 98, 98, 414, 414, 170, 170, 170, 170, 170, 47, 47, 47, 73, 73]

ep17
Train step Loss: [4.07655143737793, 3.827333927154541, 3.745933771133423, 3.801015615463257, 3.8025710582733154, 4.080848693847656, 3.7236764430999756, 3.5855255126953125, 3.6941099166870117, 3.730968475341797, 3.503039836883545, 3.7283411026000977, 3.840104818344116, 3.8316006660461426, 3.901139974594116, 3.836210250854492, 3.454177141189575, 3.721426248550415, 3.6509480476379395, 3.522533655166626, 3.704232692718506, 3.415052652359009, 3.3689184188842773, 3.6777002811431885, 3.63916277885437, 3.638789653778076, 3.8836536407470703, 3.5593080520629883, 3.5122337341308594, 3.6337695121765137, 3.588289737701416, 3.6454789638519287, 3.6892011165618896, 3.936248779296875, 3.507474899291992, 3.5388824939727783, 3.6206276416778564, 3.5329699516296387, 3.913839101791382, 3.677314043045044, 4.010323524475098, 3.9319725036621094, 3.7231552600860596, 4.391792297363281, 3.763000011444092, 3.6305956840515137, 3.497911214828491, 4.318999290466309, 4.053460121154785, 3.5690274238586426, 4.000048637390137, 4.2405242919921875, 3.81230092048645, 3.644070625305176, 3.834023952484131, 3.997819662094116, 3.7157702445983887, 3.8354740142822266, 4.222579479217529, 4.0214619636535645, 3.7523863315582275, 3.615020275115967, 3.7631332874298096]
val step Loss: [3.497467517852783, 3.559136390686035, 3.5976064205169678, 3.697044849395752, 3.677192449569702, 3.548825979232788, 3.6511213779449463, 3.5247857570648193, 3.7204933166503906, 3.691866874694824, 3.6464710235595703, 3.5312485694885254, 3.7165160179138184, 3.6191015243530273, 3.6780810356140137, 3.5765433311462402]
Train step Accs: [0.26010137581462706, 0.28037032403352935, 0.28369263324957017, 0.27037477691850087, 0.27244159038119964, 0.23243688254665204, 0.2725993118548639, 0.2921072796934866, 0.270870076425632, 0.2716597077244259, 0.29790229480501196, 0.2634580609264154, 0.2658125202724619, 0.2583676834295136, 0.26133720930232557, 0.258984258984259, 0.307617728531856, 0.26944038282600025, 0.29104704097116846, 0.29717799148667823, 0.2677245968773995, 0.3171265878230399, 0.32326373463645786, 0.27414976848155836, 0.28770830366044725, 0.2805693950177936, 0.2546605096630751, 0.3042128603104213, 0.3072340425531915, 0.30296756383712903, 0.29751257685858024, 0.278759023191522, 0.29486963835155594, 0.2501440922190202, 0.3126984126984127, 0.30319291655486985, 0.29816656308266004, 0.3143877399196548, 0.2712423433328098, 0.2871564778463264, 0.25669772859638906, 0.26205510907003443, 0.29075247846578905, 0.2262936695560809, 0.28642043114101334, 0.29550499445061046, 0.3081395348837209, 0.21488271771366946, 0.25768427335123845, 0.300944669365722, 0.24992734670154024, 0.23499928397536876, 0.2667560321715818, 0.285989336492891, 0.2726750861079219, 0.2543847904672647, 0.2948091603053435, 0.2590168702734148, 0.2303288510185062, 0.25026413100898043, 0.3000936329588015, 0.30052424639580605, 0.27905051062655256]
val step Accs: [0.27634248613553364, 0.2811361981063365, 0.27618288144603936, 0.2722215034286454, 0.2827595591236903, 0.2950099800399202, 0.2641509433962264, 0.2896293091013991, 0.266064790228359, 0.2692880178615728, 0.2936783142171246, 0.29120567375886525, 0.2648697680445769, 0.2772593974940016, 0.28205818965517243, 0.29483925549915396]
Preds: [17, 17, 387, 284, 284, 284, 35, 35, 35, 240, 240, 35, 35, 35, 35, 342, 240, 35, 240, 284, 284, 264, 264, 240, 284, 171, 171, 171, 171, 19, 374, 355, 331, 331, 331, 450, 250, 250, 250, 250, 250, 132, 98, 98, 98, 98, 48, 48, 414, 414, 170, 244, 392, 392, 47, 47, 47, 47, 80, 47, 47, 73, 73, 73, 321, 73, 73, 2, 2, 73, 63, 63, 63, 73, 320, 321, 321, 321, 287, 287, 287, 387, 387, 387, 387, 284, 171, 171, 213, 213, 213, 213, 213, 213, 246, 246, 246, 246, 246, 246, 246, 464, 464, 464, 464, 171, 464, 464, 301, 32, 35, 354, 371, 180, 107, 486, 171, 171, 171, 171, 171, 246, 246, 246, 246, 246, 246, 301, 19, 32, 32, 355, 355, 355, 355, 180, 171, 171, 171, 464, 171, 171, 464, 464, 301, 239, 464, 107, 355, 355, 355, 355, 107, 264, 464, 464, 464, 264, 486, 486, 486, 486, 450, 355, 355, 355, 355, 355, 355, 374, 374, 43, 43, 153, 250, 250, 182, 182, 182, 182, 182, 182, 182, 250, 250, 250, 355, 355, 303, 48, 250, 250, 65, 413, 132, 182, 182, 98, 98, 182, 182, 98, 98, 153, 122, 387, 284, 284, 284, 464, 264, 464, 355, 355, 374, 43, 43, 43, 153, 153, 387, 387, 387, 250, 250, 250, 250, 284, 284, 486, 486, 464, 464, 464, 355, 355, 355, 355, 263, 263, 414, 414, 414, 414, 414, 187, 47, 47, 47, 47, 47, 47, 73, 392, 392, 73, 73, 73, 320, 320, 7, 7, 7, 35, 35, 32, 35, 387, 182, 182, 182, 182, 182, 182, 182, 182, 182, 182, 182, 182, 182, 182, 182, 387, 122, 35, 75, 354, 35, 354, 239, 239, 239, 387, 250, 250, 182, 250, 387, 387, 387, 240, 324, 324, 324, 301, 301, 32, 35, 354, 35, 354, 180, 180, 355, 355, 355, 355, 355, 355, 355, 355, 355, 355, 355, 464, 355, 355, 355, 35, 35, 35, 239, 342, 180, 264, 486, 486, 464, 464, 464, 35, 35, 35, 342, 486, 486, 376, 376, 240, 240, 240, 240, 240, 324, 324, 324, 464, 464, 464, 374, 374, 132, 132, 250, 355, 32, 35, 43, 153, 182, 182, 182, 182, 182, 182, 98, 98, 98, 48, 414, 414, 170, 170, 170, 170, 63, 47, 47, 47, 47, 63, 63, 63, 63, 73, 73, 73, 73, 2, 2, 63, 63, 63, 63, 63, 63, 73, 320, 321, 321, 321, 7, 7, 7, 287, 284, 284, 284, 284, 284, 284, 284, 450, 450, 450, 413, 250, 182, 182, 182, 182, 387, 387, 182, 182, 182, 153, 153, 153, 387, 324, 324, 464, 464, 464, 171, 171, 171, 171, 252, 252, 143, 32, 239, 35, 355, 371, 324, 324, 464, 464, 464, 374, 374, 132, 132, 250, 250, 250, 355, 355, 342, 342, 342, 342, 284, 180, 443, 413, 250, 250, 182, 182, 387, 387, 35, 387, 371, 240, 240, 464, 213, 213, 213, 324, 246, 19, 19, 19, 454, 197, 244, 320, 7, 324, 284, 284, 464, 171, 171, 252, 301, 32, 35, 35, 35, 354, 180, 264, 486, 284, 443, 376, 460, 355, 355, 355, 355, 35, 35, 303, 98, 98, 98, 98, 98, 48, 48, 244, 321, 153, 153, 153, 182, 182, 182, 387, 182, 98, 98, 98, 48, 414, 170, 170, 170, 170, 63, 63, 47, 47, 47, 47, 73, 47, 73, 63, 63, 63, 73, 63, 63, 392, 63, 73, 320, 321, 321, 321, 7, 287, 287, 7, 387, 387, 374, 374, 132, 132, 132, 132, 132, 132, 132, 250, 250, 387, 284, 171]

ep18
Train step Loss: [3.5650486946105957, 3.830089569091797, 3.49613618850708, 3.976300001144409, 4.0157623291015625, 3.97129487991333, 3.9101064205169678, 3.6071996688842773, 3.831853151321411, 3.8462564945220947, 3.8283183574676514, 3.9128623008728027, 3.736056089401245, 4.351906776428223, 3.7975404262542725, 3.928553819656372, 3.732163667678833, 4.333800315856934, 4.039158344268799, 4.214783668518066, 4.013301849365234, 4.087430477142334, 4.023283004760742, 3.8001821041107178, 3.6436595916748047, 3.731872320175171, 3.7375519275665283, 3.87575101852417, 3.6188297271728516, 3.778144121170044, 3.494821786880493, 3.9128308296203613, 3.5779597759246826, 3.950711488723755, 4.267297267913818, 4.105055809020996, 4.553023815155029, 4.443988800048828, 4.314506530761719, 4.1557698249816895, 4.467219829559326, 4.226449012756348, 4.757553577423096, 4.5971503257751465, 4.4507060050964355, 4.096142292022705, 4.74039363861084, 4.294727325439453, 4.8382391929626465, 4.222015857696533, 4.580991268157959, 3.679002285003662, 3.829310417175293, 4.034327507019043, 3.5638160705566406, 3.847378969192505, 3.8288118839263916, 3.678391218185425, 3.5145998001098633, 3.730612277984619, 3.5225396156311035, 3.327831506729126, 3.6257476806640625]
val step Loss: [3.5438034534454346, 3.428508758544922, 3.4624648094177246, 3.488133668899536, 3.554523229598999, 3.512089967727661, 3.49580454826355, 3.4042491912841797, 3.5855495929718018, 3.4229555130004883, 3.598076343536377, 3.4688901901245117, 3.418855667114258, 3.5099189281463623, 3.4487063884735107, 3.5867855548858643]
Train step Accs: [0.30123522380130163, 0.2848692403486924, 0.31191709844559584, 0.25745366639806605, 0.2785484096959507, 0.2416288308740068, 0.2644787644787645, 0.30806201550387596, 0.26621116410983625, 0.2771656212917444, 0.2620245205910091, 0.25738758029978587, 0.2839359025294663, 0.22268178785857237, 0.2832999140647379, 0.2679715918932964, 0.2828780177890724, 0.21733097880928356, 0.2679100059206631, 0.24008955617015673, 0.2729124236252546, 0.2640010770059235, 0.2643183300717547, 0.2748177229388671, 0.3079690094078583, 0.3059581320450886, 0.2917086693548387, 0.27768233640481027, 0.31174424382971677, 0.2750800055656046, 0.3272005294506949, 0.2803107488537952, 0.3162510748065348, 0.27291008330939387, 0.24241561031192138, 0.2725450901803607, 0.22856698304029874, 0.2522117680101109, 0.24265975820379965, 0.245131058720164, 0.2357142857142857, 0.2639727511998761, 0.2187024484714345, 0.2264637956799348, 0.22983807577424933, 0.29107859640036254, 0.2037122258015033, 0.25643457057707936, 0.19153613630118163, 0.25853889943074004, 0.19046990496304117, 0.3047705864478882, 0.2929936305732484, 0.2476204422316591, 0.30278372591006425, 0.25385652239029505, 0.2780776597597075, 0.28936802973977693, 0.30149253731343284, 0.2702865761689291, 0.31915200461494087, 0.36216779572694113, 0.2821813570069753]
val step Accs: [0.29382431914077484, 0.31900269541778975, 0.3019909896817323, 0.29129405576012624, 0.28701025506179334, 0.2916561314791403, 0.3094745016826301, 0.31827280526165286, 0.28633093525179854, 0.32275541795665635, 0.2839649180870429, 0.30474477797759025, 0.31530681051921783, 0.3127152148960592, 0.310079901659496, 0.2885743174924166]
Preds: [17, 17, 17, 284, 284, 284, 450, 250, 250, 250, 250, 284, 250, 250, 250, 250, 250, 250, 182, 182, 387, 284, 284, 284, 284, 284, 324, 240, 240, 35, 35, 240, 240, 240, 264, 264, 284, 464, 464, 460, 330, 240, 240, 240, 240, 35, 19, 197, 48, 48, 153, 153, 122, 153, 43, 43, 43, 98, 122, 122, 35, 35, 387, 354, 342, 355, 35, 35, 35, 354, 287, 284, 284, 284, 284, 240, 443, 443, 240, 240, 240, 35, 35, 35, 342, 342, 342, 342, 331, 284, 284, 213, 213, 213, 213, 213, 213, 246, 246, 246, 246, 246, 246, 464, 301, 301, 35, 32, 354, 354, 387, 284, 284, 443, 240, 443, 264, 355, 355, 240, 355, 355, 486, 486, 486, 450, 413, 413, 250, 250, 98, 250, 355, 35, 43, 197, 197, 320, 287, 287, 387, 331, 331, 486, 486, 464, 464, 464, 464, 301, 301, 35, 35, 35, 43, 387, 284, 284, 284, 284, 284, 450, 250, 426, 250, 250, 250, 250, 250, 250, 182, 182, 182, 250, 250, 250, 250, 182, 182, 250, 250, 250, 250, 250, 250, 355, 303, 48, 48, 48, 48, 48, 48, 48, 48, 48, 48, 109, 180, 180, 331, 250, 284, 284, 250, 293, 250, 250, 250, 250, 182, 98, 98, 414, 414, 414, 414, 170, 170, 170, 170, 47, 47, 47, 47, 73, 73, 73, 73, 73, 244, 321, 7, 7, 7, 7, 7, 35, 441, 441, 63, 63, 63, 63, 73, 63, 63, 73, 63, 63, 63, 320, 320, 321, 321, 7, 32, 287, 7, 387, 387, 387, 284, 284, 284, 213, 213, 360, 360, 434, 246, 246, 246, 246, 246, 246, 246, 246, 246, 246, 301, 301, 32, 32, 32, 354, 354, 284, 284, 284, 284, 450, 250, 250, 250, 250, 250, 374, 182, 182, 98, 98, 7, 32, 354, 354, 324, 171, 464, 464, 464, 464, 374, 374, 374, 374, 250, 250, 250, 250, 182, 182, 182, 182, 182, 182, 182, 387, 182, 182, 387, 122, 122, 32, 354, 354, 107, 107, 107, 107, 107, 355, 355, 355, 182, 182, 182, 182, 182, 182, 182, 182, 98, 182, 98, 98, 392, 414, 47, 392, 47, 80, 80, 80, 80, 73, 7, 7, 153, 153, 153, 153, 153, 182, 387, 387, 250, 250, 122, 250, 122, 32, 35, 35, 153, 153, 153, 387, 387, 387, 35, 35, 35, 35, 371, 115, 284, 264, 264, 355, 464, 284, 240, 464, 464, 464, 464, 464, 264, 264, 460, 460, 120, 355, 355, 355, 35, 35, 342, 342, 342, 35, 35, 284, 464, 324, 213, 213, 213, 213, 246, 246, 246, 246, 19, 19, 19, 19, 401, 321, 321, 7, 354, 355, 355, 355, 374, 35, 239, 35, 354, 342, 324, 264, 171, 171, 171, 171, 464, 464, 464, 464, 374, 374, 374, 250, 250, 182, 182, 122, 122, 387, 107, 355, 355, 107, 107, 355, 355, 374, 182, 182, 182, 182, 182, 182, 182, 182, 182, 387, 122, 153, 35, 35, 387, 371, 171, 171, 324, 19, 301, 464, 464, 464, 264, 264, 264, 264, 264, 264, 264, 264, 264, 264, 264, 264, 264, 264, 264, 264, 264, 264, 264, 264, 264, 264, 264, 264, 264, 264, 264, 264, 264, 264, 264, 264, 264, 264, 264, 264, 264, 264, 264, 264, 264, 264, 264, 264, 264, 264, 264, 264, 264, 264, 264, 264, 264, 264, 264, 264, 264, 264, 264, 264, 264, 264, 264, 264, 264, 264, 264, 264, 264, 264, 264, 264, 264, 264, 264, 264, 264, 264, 264, 264, 264, 264, 264, 264, 264, 264, 264, 264, 264, 264, 264, 264, 264, 264, 264, 264]

ep19
Train step Loss: [3.6789848804473877, 3.4921875, 3.72511625289917, 3.678023338317871, 3.880591869354248, 3.923314094543457, 4.3242878913879395, 3.7399697303771973, 3.722147226333618, 4.173527240753174, 4.1593017578125, 3.8836026191711426, 4.6764349937438965, 4.1962504386901855, 4.186046600341797, 4.510438442230225, 4.53229284286499, 3.5092532634735107, 4.726886749267578, 3.9901208877563477, 4.080656051635742, 4.38577938079834, 3.9806509017944336, 4.478816032409668, 4.534368991851807, 4.626718521118164, 4.566284656524658, 4.61690092086792, 4.33229923248291, 4.451744556427002, 4.0188374519348145, 4.811902046203613, 4.250399589538574, 4.447895526885986, 4.396745681762695, 4.234682083129883, 4.392861843109131, 3.9503352642059326, 4.373671531677246, 4.280544757843018, 3.8989248275756836, 4.573340892791748, 4.287980079650879, 4.496119976043701, 4.115264415740967, 3.9055469036102295, 4.39972448348999, 4.102531433105469, 4.083433151245117, 4.20742130279541, 4.232233047485352, 3.895023822784424, 4.180099010467529, 3.9513967037200928, 4.179174423217773, 4.4981489181518555, 4.073712348937988, 3.5107369422912598, 4.361319065093994, 3.8077266216278076, 3.8018381595611572, 3.7627358436584473, 3.754046678543091]
val step Loss: [3.476099729537964, 3.8116507530212402, 3.6174957752227783, 3.449885129928589, 3.4901914596557617, 3.956214666366577, 3.5023059844970703, 3.664560317993164, 3.5622456073760986, 3.8744914531707764, 3.4671075344085693, 3.811915636062622, 3.7683513164520264, 3.8946003913879395, 3.5647852420806885, 3.6687872409820557]
Train step Accs: [0.29417926081101303, 0.30229401384552734, 0.29948075748320097, 0.2933437744714174, 0.27179406190777006, 0.2678690714762859, 0.238197754882362, 0.2913322632423756, 0.30718122702855527, 0.2548325217647927, 0.2485981308411215, 0.3014682911590128, 0.21891923032607444, 0.2799074208013887, 0.27602547016140977, 0.2529567945932899, 0.2396135265700483, 0.3463828251849179, 0.2128497690844879, 0.30436810197419556, 0.2922632339419414, 0.23615903975994, 0.2839836596703761, 0.2631273571221352, 0.2402172399387272, 0.23112913287585776, 0.2392298102230226, 0.23592419664927217, 0.274282223579719, 0.25862552594670407, 0.29399083804904336, 0.18320819112627987, 0.269295430230781, 0.24102372965585786, 0.2493975903614458, 0.256598944168933, 0.21178247734138972, 0.2753474762253109, 0.25032481593763534, 0.24314280658290569, 0.2906496432594818, 0.23501725760903672, 0.2365619319657232, 0.2120752427184466, 0.2701070546253088, 0.2959087860496311, 0.24102209944751382, 0.27484815019326336, 0.2812665606783254, 0.26242929443286694, 0.26304973284011507, 0.27861230329041486, 0.2427158151511045, 0.2887984981226533, 0.2719367588932806, 0.22848761408083443, 0.2666760682555352, 0.32725464190981435, 0.24474557522123894, 0.2875858763380732, 0.29433792690233673, 0.3100133116402899, 0.28865058087578194]
val step Accs: [0.3113971651721146, 0.2794096978215039, 0.30542364408897776, 0.32661927330173773, 0.3156502182828416, 0.26437515972399694, 0.30775285320739865, 0.2868043087971275, 0.2992258972554539, 0.2672747719605148, 0.31133919843597263, 0.2786679671171799, 0.27800893820311295, 0.269031486648067, 0.30553023397143725, 0.2886556318126766]
Preds: [17, 17, 387, 387, 387, 387, 387, 387, 387, 284, 443, 443, 264, 264, 264, 264, 264, 264, 264, 264, 264, 264, 264, 240, 464, 171, 171, 324, 464, 464, 19, 19, 19, 197, 321, 7, 35, 354, 180, 443, 355, 395, 355, 355, 355, 324, 171, 171, 324, 324, 213, 360, 434, 434, 434, 339, 374, 284, 284, 324, 434, 434, 374, 374, 374, 374, 250, 250, 250, 250, 250, 182, 182, 182, 182, 182, 182, 182, 182, 182, 182, 122, 43, 387, 153, 153, 387, 153, 153, 153, 153, 250, 250, 387, 387, 250, 355, 387, 387, 35, 35, 35, 35, 354, 35, 374, 387, 387, 413, 132, 98, 98, 98, 98, 98, 98, 98, 98, 98, 48, 48, 48, 414, 170, 170, 170, 170, 170, 170, 170, 392, 47, 47, 73, 321, 321, 7, 7, 7, 7, 35, 392, 392, 392, 392, 73, 321, 321, 320, 287, 240, 464, 464, 464, 115, 213, 213, 213, 434, 374, 374, 374, 374, 374, 374, 250, 250, 132, 43, 197, 197, 197, 401, 259, 122, 122, 122, 387, 387, 284, 324, 324, 324, 464, 464, 464, 464, 464, 486, 486, 486, 486, 486, 486, 486, 486, 450, 355, 355, 374, 374, 374, 250, 355, 250, 331, 464, 464, 464, 324, 464, 464, 464, 464, 464, 486, 486, 486, 486, 486, 486, 486, 486, 486, 486, 355, 355, 355, 376, 264, 355, 374, 355, 355, 355, 250, 250, 250, 250, 250, 387, 395, 331, 374, 98, 98, 98, 98, 98, 98, 98, 414, 414, 414, 170, 170, 170, 170, 170, 170, 170, 392, 47, 47, 47, 47, 47, 47, 47, 73, 73, 73, 320, 320, 320, 7, 7, 7, 374, 284, 171, 35, 35, 35, 35, 342, 107, 355, 107, 107, 107, 395, 286, 464, 374, 374, 374, 374, 374, 250, 35, 35, 355, 355, 374, 250, 250, 387, 240, 35, 35, 107, 107, 107, 324, 171, 464, 240, 35, 35, 35, 35, 35, 35, 35, 355, 387, 250, 284, 284, 387, 450, 355, 355, 355, 355, 355, 35, 35, 35, 35, 401, 75, 100, 98, 250, 250, 182, 98, 98, 98, 98, 414, 414, 414, 414, 392, 170, 170, 170, 47, 47, 47, 73, 47, 47, 73, 2, 73, 321, 63, 63, 73, 73, 63, 73, 244, 321, 320, 321, 321, 320, 287, 287, 287, 284, 486, 460, 460, 460, 355, 355, 240, 240, 342, 342, 342, 240, 35, 374, 250, 331, 250, 180, 443, 443, 443, 460, 374, 35, 240, 342, 115, 464, 115, 464, 240, 240, 240, 486, 460, 240, 240, 35, 240, 107, 107, 355, 355, 107, 355, 355, 374, 355, 355, 374, 132, 182, 182, 182, 182, 182, 122, 153, 153, 153, 182, 182, 182, 387, 387, 387, 387, 387, 387, 413, 331, 395, 395, 395, 115, 324, 171, 171, 19, 19, 19, 19, 414, 414, 414, 414, 414, 414, 414, 47, 80, 392, 47, 170, 392, 392, 392, 392, 392, 392, 73, 321, 320, 320, 7, 7, 7, 387, 387, 387, 387, 387, 284, 443, 443, 443, 264, 264, 264, 264, 264, 264, 264, 264, 264, 264, 264, 264, 264, 240, 464, 171, 171, 171, 171, 19, 19, 19, 19, 454, 197, 320, 464, 464, 264, 264, 264, 264, 264, 264, 264, 264, 264, 264, 264, 264, 264, 264, 264, 264, 264, 264, 264, 264, 264, 264, 264, 264, 264, 264, 264, 264, 264, 264, 264, 264, 264, 264, 264, 264, 264, 264, 264, 264, 264, 264, 264, 264, 264, 264, 264, 264, 264, 264, 264, 264, 264, 264, 264, 264, 264, 264, 264, 264, 264, 264, 264, 264, 264, 264, 264, 264, 264, 264]

ep20
Train step Loss: [4.124024868011475, 4.245123386383057, 4.059568405151367, 4.373733043670654, 4.1363606452941895, 4.032835006713867, 4.5184197425842285, 3.695657253265381, 3.899723529815674, 3.8552448749542236, 4.843047142028809, 4.345622539520264, 4.064891815185547, 3.916533946990967, 3.7276148796081543, 4.075425148010254, 5.009328365325928, 4.553531646728516, 4.151392936706543, 4.178210735321045, 4.405864715576172, 4.607812404632568, 4.48200798034668, 4.320464611053467, 3.938689947128296, 4.089035511016846, 4.531277179718018, 4.208470821380615, 3.8418750762939453, 4.346404552459717, 4.548049449920654, 4.003232002258301, 4.12097692489624, 4.673569202423096, 4.552753925323486, 3.886230230331421, 4.209947109222412, 3.9400339126586914, 4.4988789558410645, 4.177184104919434, 4.670326232910156, 4.641922950744629, 3.8807249069213867, 3.9793927669525146, 4.7140727043151855, 4.5510969161987305, 4.201452732086182, 4.2204108238220215, 4.2371063232421875, 4.099565029144287, 4.109991073608398, 4.432835102081299, 4.167297840118408, 4.242905616760254, 4.2310285568237305, 4.156672477722168, 4.276111602783203, 4.448453903198242, 4.5067620277404785, 4.541358947753906, 4.234695911407471, 4.384714603424072, 4.316091060638428]
val step Loss: [3.8574976921081543, 4.112346172332764, 4.071602821350098, 3.954030990600586, 3.8239262104034424, 3.7619211673736572, 3.5553293228149414, 4.286960124969482, 3.646901845932007, 3.9751288890838623, 3.8802897930145264, 3.7648839950561523, 3.752960205078125, 3.7574288845062256, 3.8962349891662598, 3.7968246936798096]
Train step Accs: [0.25334436629430424, 0.24419709515406543, 0.2745280510502526, 0.25213561131874, 0.27251147333438835, 0.29298216914771796, 0.2446286584334292, 0.3331248045042227, 0.2923555178748057, 0.310616727682343, 0.19250572082379863, 0.24050815648910062, 0.28386749259359007, 0.3044397463002114, 0.3236788617886179, 0.2720306513409962, 0.18329909010859993, 0.22299514371964824, 0.2760466450009558, 0.265359477124183, 0.22293457671572198, 0.22523675454312772, 0.23986840137580379, 0.24494545454545455, 0.30492008774678786, 0.2904870757868824, 0.2163292847503374, 0.2714486638537271, 0.3209806157354618, 0.24579945799457995, 0.22326600908094568, 0.286848635235732, 0.2846612296110414, 0.21888706140350878, 0.21005720367167752, 0.2955163043478261, 0.2625432525951557, 0.31709019826864004, 0.24405157516948026, 0.27601809954751133, 0.20497737556561085, 0.2087546751627649, 0.29394097675633324, 0.2567307692307692, 0.20904645476772615, 0.19952294092886208, 0.2518630968810378, 0.22973805855161789, 0.2460948204987668, 0.2675921493537578, 0.2653514502221061, 0.24753163676818246, 0.2758477508650519, 0.25221305326331583, 0.24741447891805887, 0.2728901630532163, 0.2413597733711048, 0.21876370013152127, 0.19973368841544606, 0.216500404421677, 0.2182446223897001, 0.21824779678589942, 0.21215697845972264]
val step Accs: [0.28358418905612603, 0.25570545958895474, 0.26117859912121993, 0.2689626896268963, 0.2761890866647213, 0.30335188300763555, 0.3233404710920771, 0.22322775263951736, 0.3170265902747172, 0.2473325429756965, 0.28421591199795343, 0.2809380637402285, 0.2889033942558747, 0.3049573637808932, 0.27594627594627597, 0.2946194225721785]
Preds: [17, 287, 213, 360, 360, 301, 35, 35, 239, 239, 287, 387, 387, 387, 387, 443, 240, 267, 213, 434, 434, 434, 19, 19, 414, 414, 414, 197, 80, 80, 80, 320, 287, 464, 240, 240, 342, 324, 171, 267, 213, 464, 374, 374, 374, 180, 443, 443, 443, 443, 267, 240, 240, 240, 240, 240, 240, 324, 324, 324, 301, 19, 197, 32, 464, 180, 240, 324, 240, 355, 355, 355, 355, 355, 355, 355, 115, 171, 324, 213, 267, 213, 246, 246, 464, 464, 464, 464, 14, 19, 32, 287, 284, 284, 284, 240, 240, 35, 35, 35, 32, 100, 100, 182, 182, 122, 354, 354, 240, 342, 239, 354, 106, 153, 153, 153, 43, 43, 43, 43, 401, 401, 354, 354, 355, 395, 324, 324, 324, 246, 464, 374, 374, 374, 250, 284, 486, 434, 434, 434, 434, 434, 355, 413, 331, 374, 250, 355, 303, 414, 414, 48, 48, 75, 464, 464, 264, 264, 264, 264, 264, 264, 264, 264, 264, 264, 264, 264, 264, 264, 264, 264, 264, 264, 264, 264, 264, 264, 264, 264, 264, 264, 264, 264, 264, 264, 464, 464, 464, 464, 464, 464, 464, 464, 464, 464, 464, 464, 464, 464, 464, 464, 464, 464, 464, 464, 464, 464, 464, 464, 464, 464, 464, 464, 464, 464, 464, 464, 464, 464, 464, 464, 464, 464, 464, 464, 464, 464, 464, 464, 464, 464, 464, 464, 464, 464, 464, 464, 464, 464, 464, 464, 464, 464, 464, 464, 464, 464, 464, 464, 464, 464, 464, 464, 464, 464, 464, 464, 464, 464, 464, 464, 464, 464, 464, 464, 464, 464, 464, 464, 464, 464, 464, 464, 464, 464, 464, 464, 464, 464, 464, 464, 464, 464, 464, 464, 464, 464, 464, 464, 464, 464, 464, 464, 464, 464, 464, 464, 464, 464, 464, 464, 464, 464, 464, 464, 464, 464, 464, 464, 464, 464, 464, 464, 464, 464, 464, 464, 464, 464, 464, 464, 464, 464, 464, 464, 464, 464, 464, 464, 464, 464, 464, 464, 464, 464, 464, 464, 464, 464, 464, 464, 464, 464, 464, 464, 464, 464, 464, 464, 464, 464, 464, 464, 464, 464, 464, 464, 464, 464, 464, 464, 464, 464, 464, 464, 464, 464, 464, 464, 464, 464, 464, 464, 464, 464, 464, 464, 464, 464, 464, 464, 464, 464, 464, 464, 464, 464, 464, 464, 464, 464, 464, 464, 464, 464, 464, 464, 464, 464, 464, 464, 464, 464, 464, 464, 464, 464, 464, 464, 464, 464, 464, 464, 464, 464, 464, 464, 464, 464, 464, 464, 464, 464, 464, 464, 464, 464, 464, 464, 464, 464, 464, 464, 464, 464, 464, 464, 464, 464, 464, 464, 464, 464, 464, 464, 464, 464, 464, 464, 464, 464, 464, 464, 464, 464, 464, 464, 464, 464, 464, 464, 464, 464, 464, 464, 464, 464, 464, 464, 464, 464, 464, 464, 464, 464, 464, 464, 464, 464, 464, 464, 464, 464, 464, 464, 464, 464, 464, 464, 464, 464, 464, 464, 464, 464, 464, 464, 464, 464, 464, 464, 464, 464, 464, 464, 464, 464, 464, 464, 464, 464, 464, 464, 464, 464, 464, 464, 464, 464, 464, 464, 464, 464, 464, 464, 464, 464, 464, 464, 464, 464, 464, 464, 464, 464, 464, 464, 464, 464, 464, 464, 464, 464, 464, 464, 464, 464, 464, 464, 464, 464, 464, 464, 464, 464, 464, 464, 464, 464, 464, 464, 464, 464, 464, 464, 464, 464, 464, 464, 464, 464, 464, 464, 464, 464, 464, 464, 464, 464, 464, 464, 464, 464, 464, 464, 464, 464, 464, 464, 464, 464, 464, 464, 464, 464, 464, 464, 464, 464]

ep21
Train step Loss: [4.500007152557373, 4.556934356689453, 4.600462436676025, 4.996543884277344, 4.739248752593994, 4.770323753356934, 4.726917743682861, 5.082216262817383, 5.024515151977539, 5.237668037414551, 5.102944374084473, 5.354020595550537, 5.454824447631836, 5.391373157501221, 5.39308500289917, 5.628213405609131, 5.666895389556885, 5.386502742767334, 5.305234909057617, 5.601567268371582, 5.546749114990234, 5.534483909606934, 5.625880718231201, 5.510622024536133, 5.647264003753662, 5.572434902191162, 5.671721935272217, 5.71478271484375, 5.6936798095703125, 5.580143928527832, 5.662723064422607, 5.637346267700195, 5.688400745391846, 5.607216835021973, 5.6573286056518555, 5.64438009262085, 5.6168036460876465, 5.633033752441406, 5.629892826080322, 5.555064678192139, 5.577479362487793, 5.519651412963867, 5.512221813201904, 5.50993013381958, 5.507502555847168, 5.473254680633545, 5.459053039550781, 5.456952095031738, 5.483447074890137, 5.427688121795654, 5.512075901031494, 5.424581527709961, 5.475727558135986, 5.449830055236816, 5.433390140533447, 5.482346057891846, 5.408154487609863, 5.458415985107422, 5.400819301605225, 5.434137344360352, 5.376463890075684, 5.398212909698486, 5.402578353881836]
val step Loss: [5.5786004066467285, 5.658064365386963, 5.648112773895264, 5.653904914855957, 5.627347946166992, 5.700348377227783, 5.572193622589111, 5.644484996795654, 5.6893839836120605, 5.652042865753174, 5.59224271774292, 5.6632981300354, 5.6550092697143555, 5.654954433441162, 5.67104434967041, 5.601391792297363]
Train step Accs: [0.21668685645063598, 0.17828081077082408, 0.19474735063738288, 0.14478496657838316, 0.19537024124947705, 0.18408382894364203, 0.1786509704104359, 0.1379066478076379, 0.13098163943906319, 0.12335815842924848, 0.14495347172512527, 0.11147585829571878, 0.09786244001744947, 0.11085450346420324, 0.11209708991256688, 0.07155047919128266, 0.07234151329243353, 0.10369911778362483, 0.10944896799848514, 0.08180079446814771, 0.07440523710681782, 0.06477516059957174, 0.0632085727597453, 0.07443946188340807, 0.05273982664903776, 0.05579831932773109, 0.04133808191299924, 0.0413946587537092, 0.03803721389757945, 0.05448210326259107, 0.037866969224223515, 0.0336489252814739, 0.03314826910516003, 0.03416360419218729, 0.03200502039535613, 0.021328371027769827, 0.021713516243056723, 0.025180988353792885, 0.018993839835728953, 0.026570803376055017, 0.02183526810392482, 0.026795122685533645, 0.024946638207043757, 0.029858633901440085, 0.019560595322466335, 0.02880932556203164, 0.026221216557966193, 0.028143557965401498, 0.029328569301771624, 0.03963118731802006, 0.032429486306036245, 0.03844998498047462, 0.02752808988764045, 0.03591814005290269, 0.03840682788051209, 0.028868660598179455, 0.04652986537707489, 0.03507999412887128, 0.03169213355970572, 0.048904368016253086, 0.03189312793356601, 0.055961844197138316, 0.03739565943238731]
val step Accs: [0.029203811865969875, 0.01875316776482514, 0.012721238938053098, 0.020223362511319048, 0.01538873277131005, 0.015669709769723397, 0.027358623607389648, 0.011166945840312675, 0.009025506867233486, 0.014528850145288501, 0.014966401954795358, 0.015886388253700805, 0.019574048996676106, 0.009542800170915824, 0.006680983058935815, 0.014489710205795885]
Preds: [17, 17, 17, 17, 284, 63, 63, 63, 63, 63, 63, 63, 63, 63, 63, 63, 63, 63, 63, 63, 63, 63, 63, 63, 63, 63, 63, 63, 63, 63, 63, 63, 63, 63, 63, 63, 63, 63, 63, 63, 63, 63, 63, 63, 63, 63, 63, 63, 63, 63, 63, 63, 63, 63, 63, 63, 63, 63, 63, 63, 63, 63, 63, 63, 63, 63, 63, 63, 63, 63, 63, 63, 63, 63, 63, 63, 63, 63, 63, 63, 63, 63, 63, 63, 63, 63, 63, 63, 63, 63, 63, 63, 63, 63, 63, 63, 63, 63, 63, 63, 63, 63, 63, 63, 63, 63, 63, 63, 63, 63, 63, 63, 63, 63, 63, 63, 63, 63, 63, 63, 63, 63, 63, 63, 63, 63, 63, 63, 63, 63, 63, 63, 63, 63, 63, 63, 63, 63, 63, 63, 63, 63, 63, 63, 63, 63, 63, 63, 63, 63, 63, 63, 63, 63, 63, 63, 63, 63, 63, 63, 63, 63, 63, 63, 63, 63, 63, 63, 63, 63, 63, 63, 63, 63, 63, 63, 63, 63, 63, 63, 63, 63, 63, 63, 63, 63, 63, 63, 63, 392, 63, 392, 392, 63, 63, 63, 63, 63, 63, 63, 63, 63, 63, 63, 63, 63, 63, 63, 63, 63, 63, 63, 63, 63, 63, 63, 63, 63, 63, 63, 63, 63, 63, 63, 63, 63, 63, 63, 63, 63, 63, 63, 63, 63, 63, 63, 63, 63, 63, 63, 63, 63, 63, 63, 63, 63, 63, 63, 63, 63, 63, 63, 63, 63, 63, 63, 63, 63, 63, 63, 63, 63, 63, 63, 63, 63, 63, 63, 63, 63, 63, 63, 63, 63, 63, 63, 63, 63, 63, 63, 63, 63, 63, 63, 63, 63, 63, 63, 63, 63, 63, 63, 63, 63, 63, 63, 63, 63, 63, 63, 63, 63, 63, 63, 63, 63, 63, 63, 63, 63, 63, 63, 63, 63, 63, 63, 63, 63, 63, 63, 63, 63, 63, 63, 63, 63, 63, 63, 63, 63, 63, 63, 63, 63, 63, 63, 63, 63, 63, 63, 63, 63, 63, 63, 63, 63, 63, 63, 63, 63, 171, 171, 171, 171, 63, 63, 63, 63, 63, 63, 63, 63, 63, 63, 63, 63, 63, 63, 63, 392, 392, 392, 63, 63, 63, 63, 63, 63, 63, 63, 63, 63, 63, 63, 63, 63, 63, 63, 63, 63, 63, 63, 63, 63, 63, 63, 63, 63, 63, 63, 63, 63, 63, 63, 63, 63, 63, 63, 63, 63, 63, 63, 63, 63, 63, 63, 63, 63, 63, 63, 63, 63, 63, 63, 63, 63, 63, 63, 63, 63, 63, 63, 63, 63, 63, 63, 63, 63, 63, 63, 63, 63, 63, 63, 63, 63, 63, 63, 63, 63, 63, 63, 63, 63, 63, 63, 63, 63, 63, 63, 63, 63, 63, 63, 63, 63, 63, 63, 63, 63, 63, 63, 63, 63, 63, 63, 63, 63, 63, 63, 63, 63, 63, 63, 63, 63, 63, 63, 63, 63, 63, 63, 63, 63, 63, 63, 63, 63, 63, 63, 63, 63, 63, 63, 63, 63, 63, 63, 63, 63, 63, 63, 63, 63, 63, 63, 63, 63, 63, 63, 63, 63, 63, 63, 63, 63, 63, 63, 63, 63, 63, 63, 63, 63, 63, 63, 63, 63, 63, 63, 63, 63, 63, 63, 63, 63, 63, 63, 63, 63, 63, 63, 63, 63, 63, 63, 63, 63, 63, 63, 63, 63, 63, 63, 63, 63, 63, 63, 63, 63, 63, 63, 63, 63, 63, 63, 63, 63, 63, 63, 63, 63, 63, 63, 63, 63, 63, 63, 63, 63, 63, 63, 63, 63, 63, 63, 63, 63, 63, 63]

ep22
Train step Loss: [5.3817973136901855, 5.428140163421631, 5.43995475769043, 5.369508266448975, 5.376838684082031, 5.397520542144775, 5.409454345703125, 5.434070110321045, 5.3449015617370605, 5.370952606201172, 5.363253593444824, 5.337447166442871, 5.369555950164795, 5.345627307891846, 5.330700397491455, 5.317814826965332, 5.3819732666015625, 5.380438804626465, 5.247548580169678, 5.371188640594482, 5.324044227600098, 5.405785083770752, 5.405933380126953, 5.326383590698242, 5.385911464691162, 5.364145755767822, 5.368544101715088, 5.383810997009277, 5.387740612030029, 5.375917434692383, 5.35735559463501, 5.4461283683776855, 5.370626449584961, 5.349163055419922, 5.355072021484375, 5.339548110961914, 5.349170684814453, 5.359855651855469, 5.474820613861084, 5.32174015045166, 5.339549541473389, 5.399925231933594, 5.402544021606445, 5.357110977172852, 5.350317001342773, 5.368090629577637, 5.389484405517578, 5.250861644744873, 5.3070197105407715, 5.348308086395264, 5.269379615783691, 5.378489017486572, 5.385169506072998, 5.379948139190674, 5.449559688568115, 5.417182445526123, 5.387191295623779, 5.345161437988281, 5.376670837402344, 5.369606018066406, 5.339981555938721, 5.403059005737305, 5.403711795806885]
val step Loss: [5.631453037261963, 5.641972064971924, 5.678035259246826, 5.607275485992432, 5.576091289520264, 5.593590259552002, 5.593509674072266, 5.611591339111328, 5.632145404815674, 5.626133918762207, 5.5695295333862305, 5.5969133377075195, 5.63933801651001, 5.592201232910156, 5.594773769378662, 5.5902628898620605]
Train step Accs: [0.04706396619554131, 0.025601350400900266, 0.02878940549877645, 0.05297691373025516, 0.015830346475507767, 0.0273972602739726, 0.02976730129948625, 0.04467460194775081, 0.059217724288840264, 0.027283338196673477, 0.03700361010830325, 0.03976413667977018, 0.03341168569509738, 0.0461133069828722, 0.042642270119398355, 0.04775048302511731, 0.03296551724137931, 0.05452185201211597, 0.07295749170937595, 0.03732837528604119, 0.0410099037522667, 0.036233836206896554, 0.04068641018544146, 0.0463010422005809, 0.031078346342873663, 0.035044150110375274, 0.038581046090108755, 0.04183908045977011, 0.05332056194125159, 0.03405661733007616, 0.03116571771051843, 0.018478078279858895, 0.02638044743307901, 0.038981452373467465, 0.03704250295159386, 0.030285381479324403, 0.040119760479041915, 0.042151575361907466, 0.02494449523312002, 0.03447472629862567, 0.03983815748521631, 0.04216018048505358, 0.03795997417688832, 0.047470331043098064, 0.03759398496240601, 0.04291584233754375, 0.04070998208760788, 0.060751398880895285, 0.06142916840785625, 0.04935313847628174, 0.0464270120797555, 0.03233256351039261, 0.0297029702970297, 0.021400226757369613, 0.02504788566376897, 0.0298580518844836, 0.02388935456831517, 0.06631158455392809, 0.03407128277594599, 0.06377699941622884, 0.06139315230224321, 0.024015493867010976, 0.02986971719097553]
val step Accs: [0.02298050139275766, 0.007412898443291327, 0.01371606334841629, 0.017287590458322167, 0.022278888739766474, 0.014759157386287402, 0.018502312789098637, 0.01992891596851993, 0.01088604106380047, 0.00895909465990805, 0.02418704649287826, 0.010315269504576494, 0.016568483063328424, 0.02351394771432744, 0.005226220695833956, 0.012433801519686852]
Preds: [17, 17, 17, 17, 17, 284, 284, 284, 284, 284, 284, 284, 284, 284, 284, 284, 284, 284, 284, 63, 63, 63, 63, 63, 63, 63, 63, 63, 63, 63, 63, 63, 63, 63, 63, 63, 63, 63, 63, 63, 63, 63, 63, 63, 63, 63, 63, 63, 63, 63, 63, 63, 63, 63, 63, 63, 63, 63, 63, 63, 63, 63, 63, 63, 63, 63, 63, 63, 63, 63, 63, 63, 63, 63, 63, 63, 63, 63, 63, 63, 63, 63, 63, 63, 63, 63, 63, 63, 63, 63, 63, 63, 63, 63, 63, 63, 63, 63, 63, 63, 63, 63, 63, 63, 63, 63, 63, 63, 63, 63, 63, 63, 63, 63, 63, 63, 63, 63, 63, 63, 63, 63, 63, 63, 63, 63, 63, 63, 63, 63, 63, 63, 63, 63, 63, 63, 63, 63, 63, 63, 63, 63, 63, 63, 63, 63, 63, 63, 63, 63, 63, 63, 63, 63, 63, 63, 63, 63, 63, 63, 63, 63, 63, 63, 63, 63, 63, 63, 63, 63, 63, 63, 63, 63, 63, 63, 63, 63, 63, 63, 63, 63, 63, 63, 63, 63, 63, 63, 63, 63, 63, 63, 63, 63, 63, 63, 63, 63, 63, 63, 63, 63, 63, 63, 63, 63, 63, 63, 63, 63, 63, 63, 63, 63, 63, 63, 63, 63, 63, 63, 63, 63, 63, 63, 63, 63, 63, 63, 63, 63, 63, 63, 63, 63, 63, 63, 63, 63, 63, 63, 63, 63, 63, 63, 63, 63, 63, 63, 63, 63, 63, 63, 63, 63, 63, 63, 63, 63, 63, 63, 63, 63, 63, 63, 63, 63, 63, 63, 63, 63, 63, 63, 63, 63, 63, 63, 63, 63, 63, 63, 63, 63, 63, 63, 63, 63, 63, 63, 63, 63, 63, 63, 63, 63, 63, 63, 63, 63, 63, 63, 63, 63, 63, 63, 63, 63, 63, 63, 63, 63, 63, 63, 63, 63, 63, 63, 63, 63, 63, 63, 63, 63, 63, 63, 63, 63, 63, 63, 63, 63, 63, 63, 63, 63, 63, 63, 63, 63, 63, 63, 63, 63, 63, 63, 63, 63, 63, 63, 63, 63, 63, 63, 63, 63, 63, 63, 63, 63, 63, 63, 63, 63, 63, 63, 63, 63, 63, 63, 63, 63, 63, 63, 63, 63, 63, 63, 63, 63, 63, 63, 63, 63, 63, 63, 63, 63, 63, 63, 63, 63, 63, 63, 63, 63, 63, 63, 63, 63, 63, 63, 63, 63, 63, 63, 63, 63, 63, 63, 63, 63, 63, 63, 63, 63, 63, 63, 63, 63, 63, 63, 63, 63, 63, 63, 63, 63, 63, 63, 63, 63, 63, 63, 63, 63, 63, 63, 63, 63, 63, 63, 63, 63, 63, 63, 63, 63, 63, 63, 63, 63, 63, 63, 63, 63, 63, 63, 63, 63, 63, 63, 63, 63, 63, 63, 63, 63, 63, 63, 63, 63, 63, 63, 63, 63, 63, 63, 63, 63, 63, 63, 63, 63, 63, 63, 63, 63, 63, 63, 63, 63, 63, 63, 63, 63, 63, 63, 63, 63, 63, 63, 63, 63, 63, 63, 63, 63, 63, 63, 63, 63, 63, 63, 63, 63, 63, 63, 63, 63, 63, 63, 63, 63, 63, 63, 63, 63, 63, 63, 63, 63, 63, 63, 63, 63, 63, 63, 63, 63, 63, 63, 63, 63, 63, 63, 63, 63, 63, 63, 63, 63, 63, 63, 63, 63, 63, 63, 63, 63, 63, 63, 63, 63, 63, 63, 63, 63, 63, 63, 63, 63, 63, 63, 63, 63, 63, 63, 63, 63, 63, 63, 63, 63, 63, 63, 63, 63, 63, 63, 63, 63, 63, 63, 63, 63, 63, 63, 63, 63, 63, 63]

ep23
Train step Loss: [5.341127395629883, 5.332515239715576, 5.405163288116455, 5.306591510772705, 5.3567891120910645, 5.310036659240723, 5.356269836425781, 5.357918739318848, 5.31833028793335, 5.360096454620361, 5.417858600616455, 5.442471027374268, 5.361824989318848, 5.413665771484375, 5.354610443115234, 5.336395740509033, 5.417060852050781, 5.320809364318848, 5.3236517906188965, 5.4148736000061035, 5.43538761138916, 5.321828842163086, 5.366811752319336, 5.321125030517578, 5.217487812042236, 5.334624767303467, 5.402245998382568, 5.4011616706848145, 5.334724426269531, 5.360909938812256, 5.3600969314575195, 5.383077621459961, 5.326069355010986, 5.384513854980469, 5.329481601715088, 5.352593421936035, 5.448923587799072, 5.326963424682617, 5.3308539390563965, 5.30515193939209, 5.439423561096191, 5.358535289764404, 5.332690715789795, 5.347329616546631, 5.319321632385254, 5.361752510070801, 5.397099494934082, 5.337669849395752, 5.361154079437256, 5.342447757720947, 5.340848445892334, 5.3362321853637695, 5.381083965301514, 5.374241828918457, 5.394076347351074, 5.307004451751709, 5.300178050994873, 5.323894023895264, 5.380938529968262, 5.342017650604248, 5.312889099121094, 5.400687217712402, 5.417453765869141]
val step Loss: [5.650688648223877, 5.584373950958252, 5.633980751037598, 5.6038713455200195, 5.611497402191162, 5.561993598937988, 5.656463146209717, 5.5915632247924805, 5.609499454498291, 5.618958950042725, 5.613733291625977, 5.597481727600098, 5.598535537719727, 5.6047749519348145, 5.595261096954346, 5.6410417556762695]
Train step Accs: [0.032889704757534034, 0.03631713554987212, 0.049236244994809435, 0.05176101525737915, 0.04643363859151296, 0.05880614657210402, 0.035940803382663845, 0.041238670694864046, 0.0436623831775701, 0.031490453120547164, 0.03725335438042621, 0.030711482682136155, 0.03344120819848975, 0.032079360989435715, 0.036060825488776246, 0.05850996319329864, 0.023435042466184334, 0.05274317519215478, 0.03958228061310426, 0.027819041188386226, 0.044945592177889925, 0.05026495079485239, 0.03243847874720358, 0.04968184043073911, 0.09833916083916083, 0.03475752163758758, 0.02720897615708275, 0.026694859257301442, 0.03806818181818182, 0.04194981704129639, 0.03223464498330187, 0.03854773644105782, 0.03711279953243717, 0.03587180241105557, 0.049374674309536216, 0.02663786897048236, 0.015238095238095238, 0.039414750671842344, 0.04093645484949833, 0.037841796875, 0.027639751552795033, 0.05367116196703446, 0.0451591942820013, 0.036485253876558224, 0.025220040622884226, 0.037134579931524886, 0.03672441877683992, 0.058523489932885905, 0.046, 0.041463774531503614, 0.03134087237479806, 0.04941536748329622, 0.02569737954353339, 0.04389312977099236, 0.0367716641881844, 0.051688773417202245, 0.08032360589425022, 0.03094538140182578, 0.022519954389965794, 0.04789036033261472, 0.027532290958531613, 0.0291005291005291, 0.04674668351231838]
val step Accs: [0.012771705759548078, 0.008360704687966557, 0.008332248405155578, 0.01227436823104693, 0.022659256092347157, 0.03227548953409858, 0.005566870332654446, 0.03674219228413962, 0.01860644167842936, 0.012566878188378748, 0.017063589491775104, 0.008403361344537815, 0.01004079071226859, 0.01253876230281785, 0.023154662914161444, 0.00997398091934085]
Preds: [17, 17, 17, 17, 284, 284, 284, 284, 284, 284, 284, 284, 63, 63, 63, 284, 284, 284, 284, 284, 284, 63, 63, 63, 63, 63, 63, 63, 63, 63, 63, 63, 63, 63, 63, 63, 63, 63, 63, 63, 63, 63, 63, 63, 63, 63, 63, 63, 63, 63, 63, 63, 63, 63, 63, 63, 63, 63, 63, 63, 63, 63, 63, 63, 63, 63, 63, 63, 63, 63, 63, 63, 63, 63, 63, 63, 63, 63, 63, 63, 63, 63, 63, 63, 63, 63, 63, 63, 63, 63, 63, 63, 63, 63, 63, 63, 63, 63, 63, 63, 63, 63, 63, 63, 63, 63, 63, 63, 63, 63, 63, 63, 63, 63, 63, 63, 63, 63, 63, 63, 63, 63, 63, 63, 63, 63, 63, 63, 63, 63, 63, 63, 63, 63, 63, 63, 63, 63, 63, 63, 63, 63, 63, 63, 63, 63, 63, 63, 63, 63, 63, 63, 63, 63, 63, 63, 63, 63, 63, 63, 63, 63, 63, 63, 63, 63, 63, 63, 63, 63, 63, 63, 63, 63, 63, 63, 63, 63, 63, 63, 63, 63, 63, 63, 63, 63, 63, 63, 63, 63, 63, 63, 63, 63, 63, 63, 63, 63, 63, 63, 63, 63, 63, 63, 63, 63, 63, 63, 63, 63, 63, 63, 63, 63, 63, 63, 63, 63, 63, 63, 63, 63, 63, 63, 63, 63, 63, 63, 63, 63, 63, 63, 63, 63, 63, 63, 63, 63, 63, 63, 63, 63, 63, 63, 63, 63, 63, 63, 63, 63, 63, 63, 63, 63, 63, 63, 63, 63, 63, 63, 63, 63, 63, 63, 63, 63, 63, 63, 63, 63, 63, 63, 63, 63, 63, 63, 63, 63, 63, 63, 63, 63, 63, 63, 63, 63, 63, 63, 63, 63, 63, 63, 63, 63, 63, 63, 63, 63, 63, 63, 63, 63, 63, 63, 63, 63, 63, 63, 63, 63, 63, 63, 63, 63, 63, 63, 63, 63, 63, 63, 63, 63, 63, 63, 63, 63, 63, 63, 63, 63, 63, 63, 63, 63, 63, 63, 63, 63, 63, 63, 63, 63, 63, 63, 63, 63, 63, 63, 63, 63, 63, 63, 63, 63, 63, 63, 63, 63, 63, 63, 63, 63, 63, 63, 63, 63, 63, 63, 63, 63, 63, 63, 63, 63, 63, 63, 63, 63, 63, 63, 63, 63, 63, 63, 63, 63, 63, 63, 63, 63, 63, 63, 63, 63, 63, 63, 63, 63, 63, 63, 63, 63, 63, 63, 63, 63, 63, 63, 63, 63, 63, 63, 63, 63, 63, 63, 63, 63, 63, 63, 63, 63, 63, 63, 63, 63, 63, 63, 63, 63, 63, 63, 63, 63, 63, 63, 63, 63, 63, 63, 63, 63, 63, 63, 63, 63, 63, 63, 63, 63, 63, 63, 63, 63, 63, 63, 63, 63, 63, 63, 63, 63, 63, 63, 63, 63, 63, 63, 63, 63, 63, 63, 63, 63, 63, 63, 63, 63, 63, 63, 63, 63, 63, 63, 63, 63, 63, 63, 63, 63, 63, 63, 63, 63, 63, 63, 63, 63, 63, 63, 63, 63, 63, 63, 63, 63, 63, 63, 63, 63, 63, 63, 63, 63, 63, 63, 63, 63, 63, 63, 63, 63, 63, 63, 63, 63, 63, 63, 63, 63, 63, 63, 63, 63, 63, 63, 63, 63, 63, 63, 63, 63, 63, 63, 63, 63, 63, 63, 63, 63, 63, 63, 63, 63, 63, 63, 63, 63, 63, 63, 63, 63, 63, 63, 63, 63, 63, 63, 63, 63, 63, 63, 63, 63, 63, 63, 63, 63, 63, 63, 63, 63, 63, 63, 63, 63, 63, 63, 63, 63, 63, 63, 63, 63, 63, 63, 63, 63, 63, 63]

ep24
Train step Loss: [5.3512420654296875, 5.30316686630249, 5.346953868865967, 5.392332077026367, 5.3799967765808105, 5.354736804962158, 5.305346965789795, 5.380923748016357, 5.398708343505859, 5.325370788574219, 5.28307580947876, 5.328145980834961, 5.301473617553711, 5.306746959686279, 5.324826240539551, 5.308436393737793, 5.365843296051025, 5.346905708312988, 5.367425441741943, 5.417220115661621, 5.362637996673584, 5.346278190612793, 5.4188313484191895, 5.349602222442627, 5.396803379058838, 5.303711414337158, 5.308724403381348, 5.431725978851318, 5.33063268661499, 5.367414474487305, 5.319825649261475, 5.3819475173950195, 5.240257740020752, 5.4861578941345215, 5.320727348327637, 5.378681182861328, 5.379001140594482, 5.364497184753418, 5.353307723999023, 5.316597938537598, 5.370861053466797, 5.364831924438477, 5.368036270141602, 5.330921649932861, 5.367517471313477, 5.3480048179626465, 5.373626232147217, 5.350622177124023, 5.317595958709717, 5.345920562744141, 5.351126194000244, 5.391617298126221, 5.331408977508545, 5.404782295227051, 5.307831764221191, 5.350197792053223, 5.352902889251709, 5.3750457763671875, 5.45406436920166, 5.3359575271606445, 5.326047897338867, 5.30898904800415, 5.3441290855407715]
val step Loss: [5.522648811340332, 5.5957560539245605, 5.627799034118652, 5.632875919342041, 5.588424205780029, 5.617136001586914, 5.592926502227783, 5.563259601593018, 5.6109418869018555, 5.68777322769165, 5.595093250274658, 5.573859691619873, 5.569794178009033, 5.59475040435791, 5.656834602355957, 5.572096347808838]
Train step Accs: [0.041666666666666664, 0.059075009716284495, 0.035564053537284895, 0.028175665040138517, 0.03085177733065057, 0.03542278811622592, 0.05297104432551118, 0.03277807630306287, 0.02232876712328767, 0.041020437744600666, 0.05931558935361217, 0.053631284916201116, 0.040235814296241706, 0.06304728546409807, 0.044210238160416096, 0.056639487478159584, 0.03265479219677693, 0.04074955383700178, 0.03845082195597659, 0.036793458940632774, 0.04939626783754116, 0.030106655866072633, 0.03496696035242291, 0.03199308257674016, 0.02602827763496144, 0.03840896664844177, 0.03781000135519718, 0.019775770787916536, 0.05390972663699936, 0.04067148901323871, 0.04529269334852585, 0.03418525150577893, 0.07190082644628099, 0.030173030173030174, 0.060441850771154645, 0.03775727466288148, 0.03847481021394065, 0.04019341190692052, 0.03552, 0.046826222684703434, 0.04262487183243006, 0.041720836780522394, 0.042374154770848986, 0.04186289900575615, 0.027125506072874495, 0.043389335281227175, 0.03132378403903668, 0.031175730462742905, 0.043810105327430925, 0.039298669891172915, 0.04154260598326953, 0.03535660091047041, 0.04212950419940396, 0.02784116841624829, 0.05837253876982053, 0.036490364903649035, 0.050117354687284274, 0.04839194469492035, 0.020574236143098418, 0.052489905787348586, 0.033300957402525325, 0.04728877679697352, 0.020685746670444885]
val step Accs: [0.02452316076294278, 0.01884272997032641, 0.016666666666666666, 0.013527054108216433, 0.020724593183911576, 0.012634330525704328, 0.023852735286492094, 0.013352685050798258, 0.01866251944012442, 0.006367087057671116, 0.008775137111517367, 0.019052878641446915, 0.018610874589466003, 0.020753038837829824, 0.008589276418532014, 0.01626875132051553]
Preds: [17, 17, 17, 17, 17, 17, 284, 284, 284, 284, 284, 284, 284, 284, 284, 284, 284, 284, 284, 284, 284, 284, 284, 284, 284, 284, 284, 284, 284, 284, 284, 284, 284, 284, 284, 284, 284, 284, 284, 284, 284, 63, 63, 63, 63, 63, 63, 63, 63, 63, 63, 63, 63, 63, 63, 63, 63, 63, 63, 63, 63, 63, 63, 63, 63, 63, 63, 63, 63, 63, 63, 63, 63, 63, 63, 63, 63, 63, 63, 63, 63, 63, 63, 63, 63, 63, 63, 63, 63, 63, 63, 63, 63, 63, 63, 63, 63, 63, 63, 63, 63, 63, 63, 63, 63, 63, 63, 63, 63, 246, 246, 63, 63, 246, 246, 246, 63, 63, 63, 63, 63, 63, 63, 63, 63, 63, 63, 63, 63, 63, 63, 63, 63, 63, 63, 63, 63, 63, 63, 63, 63, 63, 63, 63, 63, 63, 63, 63, 63, 63, 63, 63, 63, 63, 63, 63, 63, 63, 63, 63, 63, 63, 63, 63, 63, 63, 63, 63, 63, 63, 63, 63, 63, 63, 63, 63, 63, 63, 63, 63, 63, 63, 63, 63, 63, 63, 63, 63, 63, 63, 63, 63, 63, 63, 63, 63, 63, 63, 63, 63, 63, 63, 63, 63, 63, 63, 63, 63, 63, 63, 63, 63, 63, 63, 63, 63, 63, 63, 63, 63, 63, 63, 63, 63, 63, 63, 63, 63, 63, 63, 63, 63, 63, 63, 63, 63, 63, 63, 63, 63, 63, 63, 63, 63, 63, 63, 63, 63, 63, 63, 63, 63, 63, 63, 63, 63, 63, 63, 63, 63, 63, 63, 63, 63, 63, 63, 63, 63, 63, 63, 63, 63, 63, 63, 63, 63, 63, 63, 63, 63, 63, 63, 63, 63, 63, 63, 63, 63, 63, 63, 63, 63, 63, 63, 63, 63, 63, 63, 63, 63, 63, 63, 63, 63, 63, 63, 63, 63, 63, 63, 63, 63, 63, 63, 63, 63, 63, 63, 63, 63, 63, 63, 63, 63, 63, 63, 63, 63, 63, 63, 63, 63, 63, 63, 63, 63, 63, 63, 63, 63, 63, 63, 63, 63, 63, 63, 63, 63, 63, 63, 63, 63, 63, 63, 63, 63, 63, 63, 63, 63, 63, 63, 63, 63, 63, 63, 63, 63, 63, 63, 63, 63, 63, 63, 63, 63, 63, 63, 63, 63, 63, 63, 63, 63, 63, 63, 63, 63, 63, 63, 63, 63, 63, 63, 63, 63, 63, 63, 63, 63, 63, 63, 63, 63, 63, 63, 63, 63, 63, 63, 63, 63, 63, 63, 63, 63, 63, 63, 63, 63, 63, 63, 63, 63, 63, 63, 63, 63, 63, 63, 63, 63, 63, 63, 63, 63, 63, 63, 63, 63, 63, 63, 63, 63, 63, 63, 63, 63, 63, 63, 63, 63, 63, 63, 63, 63, 63, 63, 63, 63, 63, 63, 63, 63, 63, 63, 63, 63, 63, 63, 63, 63, 63, 63, 63, 63, 63, 63, 63, 63, 63, 63, 63, 63, 63, 63, 63, 63, 63, 63, 63, 63, 63, 63, 63, 63, 63, 63, 63, 63, 63, 63, 63, 63, 63, 63, 63, 63, 63, 63, 63, 63, 63, 63, 63, 63, 63, 63, 63, 63, 63, 63, 63, 63, 63, 63, 63, 63, 63, 63, 63, 63, 63, 63, 63, 63, 63, 63, 63, 63, 63, 63, 63, 63, 63, 63, 63, 63, 63, 63, 63, 63, 63, 63, 63, 63, 63, 63, 63, 63, 63, 63, 63, 63, 63, 63, 63, 63, 63, 63, 63, 63, 63, 63, 63, 63, 63, 63, 63, 63, 63, 63, 63, 63, 63, 63, 63, 63, 63, 63, 63, 63, 63, 63, 63, 63, 63, 63, 63, 63]

ep25
Train step Loss: [5.259934425354004, 5.274921417236328, 5.38464879989624, 5.382950782775879, 5.321677207946777, 5.402718544006348, 5.363052845001221, 5.393887996673584, 5.347349166870117, 5.288508892059326, 5.323576927185059, 5.2959513664245605, 5.339084148406982, 5.331539154052734, 5.389308452606201, 5.338006973266602, 5.252020835876465, 5.363827705383301, 5.3871636390686035, 5.362544059753418, 5.294549942016602, 5.360126495361328, 5.356945037841797, 5.3766961097717285, 5.417549133300781, 5.307714462280273, 5.233156681060791, 5.377640724182129, 5.296748161315918, 5.376693248748779, 5.3345489501953125, 5.30849027633667, 5.395547389984131, 5.299495697021484, 5.375802993774414, 5.34902811050415, 5.375033855438232, 5.340139865875244, 5.309725761413574, 5.3254170417785645, 5.3849029541015625, 5.391407489776611, 5.346853256225586, 5.425021648406982, 5.359218120574951, 5.413403034210205, 5.299618721008301, 5.338854789733887, 5.364983081817627, 5.391647815704346, 5.380443096160889, 5.412498950958252, 5.292619228363037, 5.31425666809082, 5.321944713592529, 5.366962909698486, 5.386722564697266, 5.32618522644043, 5.4030656814575195, 5.329075336456299, 5.404934406280518, 5.359027862548828, 5.376239776611328]
val step Loss: [5.615423202514648, 5.600531578063965, 5.612380027770996, 5.627242088317871, 5.586183071136475, 5.631205081939697, 5.6386494636535645, 5.611516952514648, 5.617948055267334, 5.629637718200684, 5.594470977783203, 5.6203932762146, 5.533069133758545, 5.627861022949219, 5.558867454528809, 5.54209566116333]
Train step Accs: [0.06085258704848682, 0.045007833641931345, 0.033585344576911896, 0.017212232979867834, 0.03132832080200501, 0.035856573705179286, 0.049107142857142856, 0.042162441800310396, 0.04379915305505142, 0.06035129860381324, 0.04522735584542241, 0.04472082561524213, 0.03966567502479105, 0.03513834663045323, 0.01711084191399152, 0.043446062700567764, 0.05330340861270866, 0.035102499297950014, 0.04965446634246225, 0.04956157072054899, 0.054827325434837405, 0.047666335650446874, 0.0483773127085229, 0.043994302896027855, 0.03740728797162206, 0.058717697088649004, 0.081531892180411, 0.02992667963489451, 0.04600114525672838, 0.035620820005815644, 0.03510808066154069, 0.046505190311418684, 0.026817640047675805, 0.04509246088193457, 0.025272397094430993, 0.04555483452303699, 0.03366428793049953, 0.04512335421193915, 0.04663372452130945, 0.03290213723284589, 0.025202382770734687, 0.03181427343078246, 0.040726817042606514, 0.023876801356315345, 0.03563941299790356, 0.05103595368677635, 0.052019278710320756, 0.04145204807456463, 0.045973645680819915, 0.03628783199505868, 0.03397980445584228, 0.030372347185156946, 0.05464071856287425, 0.02757944841103178, 0.04988278197447252, 0.0461890243902439, 0.028466921119592876, 0.04481964696853415, 0.025340283811178685, 0.025346724055475847, 0.04587881664293624, 0.024872343930159777, 0.028728606356968216]
val step Accs: [0.006779227423893579, 0.006075013206550449, 0.03554140127388535, 0.013751611516974646, 0.009927007299270074, 0.014128094725511303, 0.012847132104853361, 0.015361195682258511, 0.010535900104058273, 0.028383381324557796, 0.01191409311804358, 0.017412935323383085, 0.028882269136122265, 0.004659832246039142, 0.01978319783197832, 0.02851271512972001]
Preds: [17, 17, 17, 17, 284, 284, 284, 284, 284, 284, 284, 284, 284, 284, 284, 284, 284, 284, 284, 284, 284, 284, 284, 284, 284, 284, 284, 284, 284, 284, 284, 284, 284, 284, 284, 284, 284, 284, 284, 284, 284, 284, 284, 284, 284, 284, 284, 284, 63, 63, 63, 63, 63, 63, 63, 63, 63, 63, 63, 63, 63, 63, 63, 63, 63, 63, 63, 63, 63, 63, 63, 63, 63, 63, 63, 63, 63, 246, 246, 246, 63, 63, 63, 63, 63, 63, 63, 63, 63, 63, 63, 63, 63, 63, 63, 63, 63, 63, 63, 63, 63, 63, 63, 63, 63, 63, 63, 63, 63, 63, 63, 63, 63, 63, 63, 63, 246, 246, 246, 63, 63, 63, 63, 63, 63, 63, 63, 63, 63, 63, 63, 63, 63, 63, 63, 63, 63, 63, 63, 63, 63, 63, 63, 63, 63, 63, 63, 63, 63, 63, 63, 63, 63, 63, 63, 63, 63, 63, 63, 63, 63, 63, 63, 63, 63, 63, 63, 63, 63, 63, 63, 63, 63, 63, 63, 63, 63, 63, 63, 63, 63, 63, 63, 63, 63, 63, 63, 63, 63, 63, 63, 63, 63, 63, 63, 63, 63, 63, 63, 63, 63, 63, 63, 63, 63, 63, 63, 63, 63, 63, 63, 63, 63, 63, 63, 63, 63, 63, 63, 63, 63, 63, 63, 63, 63, 63, 63, 63, 63, 63, 63, 63, 63, 63, 63, 63, 63, 63, 63, 63, 63, 63, 63, 63, 63, 63, 63, 63, 63, 63, 63, 63, 63, 63, 63, 63, 63, 63, 63, 63, 63, 63, 63, 63, 63, 63, 63, 63, 63, 63, 63, 63, 63, 63, 63, 63, 63, 63, 63, 63, 63, 63, 63, 63, 63, 63, 63, 63, 63, 63, 63, 63, 63, 63, 63, 63, 63, 63, 63, 63, 63, 63, 63, 63, 63, 63, 63, 63, 63, 63, 63, 63, 63, 63, 63, 63, 63, 63, 63, 63, 63, 63, 63, 63, 63, 63, 63, 63, 63, 63, 63, 63, 63, 63, 63, 63, 63, 63, 63, 63, 63, 63, 63, 63, 63, 63, 63, 63, 63, 63, 63, 63, 63, 63, 63, 63, 63, 63, 63, 63, 63, 63, 63, 63, 63, 63, 63, 63, 63, 63, 63, 63, 63, 63, 63, 63, 63, 63, 63, 63, 63, 63, 63, 63, 63, 63, 63, 63, 63, 63, 63, 63, 63, 63, 63, 63, 63, 63, 63, 63, 63, 63, 63, 63, 63, 63, 63, 63, 63, 63, 63, 63, 63, 63, 63, 63, 63, 63, 63, 63, 63, 63, 63, 63, 63, 63, 63, 63, 63, 63, 63, 63, 63, 63, 63, 63, 63, 63, 63, 63, 63, 63, 63, 63, 63, 63, 63, 63, 63, 63, 63, 63, 63, 63, 63, 63, 63, 63, 63, 63, 63, 63, 63, 63, 63, 63, 63, 63, 63, 63, 63, 63, 63, 63, 63, 63, 63, 63, 63, 63, 63, 63, 63, 63, 63, 63, 63, 63, 63, 63, 63, 63, 63, 63, 63, 63, 63, 63, 63, 63, 63, 63, 63, 63, 63, 63, 63, 63, 63, 63, 63, 63, 63, 63, 63, 63, 63, 63, 63, 63, 63, 63, 63, 63, 63, 63, 63, 63, 63, 63, 63, 63, 63, 63, 63, 63, 63, 63, 63, 63, 63, 63, 63, 63, 63, 63, 63, 63, 63, 63, 63, 63, 63, 63, 63, 63, 63, 63, 63, 63, 63, 63, 63, 63, 63, 63, 63, 63, 63, 63, 63, 63, 63, 63, 63, 63, 63, 63, 63, 63, 63, 63, 63, 63, 63, 63, 63, 63, 63, 63, 63, 63, 63, 63, 63, 63, 63, 63, 63, 63]

ep26
Train step Loss: [5.30360221862793, 5.362926483154297, 5.302421569824219, 5.319715976715088, 5.368838310241699, 5.33636474609375, 5.2816033363342285, 5.337064266204834, 5.329410552978516, 5.3470234870910645, 5.331293106079102, 5.332261085510254, 5.386594772338867, 5.340289115905762, 5.335561275482178, 5.364802360534668, 5.38647985458374, 5.370986461639404, 5.349552631378174, 5.311493873596191, 5.335534572601318, 5.380934238433838, 5.385680675506592, 5.289539813995361, 5.349493503570557, 5.32356071472168, 5.354645252227783, 5.352844715118408, 5.280261039733887, 5.359379291534424, 5.292123794555664, 5.327965259552002, 5.413878917694092, 5.419426441192627, 5.4009246826171875, 5.386957168579102, 5.303647041320801, 5.311793804168701, 5.368556976318359, 5.376298427581787, 5.4057817459106445, 5.3757853507995605, 5.305769920349121, 5.350575923919678, 5.303534507751465, 5.2982354164123535, 5.302733898162842, 5.346034526824951, 5.351261615753174, 5.426920413970947, 5.328753471374512, 5.283421516418457, 5.380970001220703, 5.357684135437012, 5.425024032592773, 5.298659801483154, 5.3392157554626465, 5.3285746574401855, 5.3323073387146, 5.402787208557129, 5.31833553314209, 5.361982345581055, 5.420641899108887]
val step Loss: [5.599433898925781, 5.561045169830322, 5.566097736358643, 5.568516254425049, 5.60630989074707, 5.589006423950195, 5.629741668701172, 5.606443405151367, 5.578220367431641, 5.617166519165039, 5.60706090927124, 5.615000247955322, 5.637073993682861, 5.634842872619629, 5.669306755065918, 5.615163803100586]
Train step Accs: [0.05766167569289583, 0.03205465055176038, 0.034021517883105555, 0.05557918616191691, 0.03751356378855991, 0.05702864756828781, 0.046753978312913676, 0.039501590668080594, 0.041575859178541494, 0.03691119691119691, 0.04785311551250542, 0.04093822843822844, 0.04039133473095737, 0.048901715568382235, 0.04583205167640726, 0.048209366391184574, 0.02810133954571928, 0.03254702896386981, 0.040969791261506544, 0.049940389455557024, 0.04219133278822568, 0.03679218166139695, 0.037349933303690526, 0.044818304172274566, 0.04251676416036525, 0.046401947360413816, 0.05600563578724903, 0.04166016539241691, 0.054400977995110025, 0.03882409330563988, 0.052665279334080356, 0.04600965634762851, 0.022583201267828843, 0.025977859778597786, 0.03225156218504334, 0.01678525816456851, 0.0568026279770052, 0.053230275630742306, 0.031422189128816086, 0.0441417581031656, 0.022881799163179915, 0.028, 0.03673304628632939, 0.03059958649207443, 0.04182024383328608, 0.035806671204901296, 0.05928214180641365, 0.03968903436988543, 0.030665198930649472, 0.02488435157122348, 0.0666851903306474, 0.041161290322580646, 0.029319221967963386, 0.050028506271379704, 0.027146650929477722, 0.06696672122204037, 0.051182197496522946, 0.03325062034739454, 0.04196855775803144, 0.02881383063870658, 0.045279097387173395, 0.03838799823503456, 0.02162331557505484]
val step Accs: [0.019747899159663865, 0.020226308345120226, 0.015216767154751652, 0.016622059444992253, 0.01289272750031293, 0.01972127267946358, 0.021521386031402273, 0.017690765420450526, 0.02291139240506329, 0.0175249807840123, 0.009627286480539128, 0.025898884143821462, 0.010666666666666666, 0.01258917331095258, 0.007114744171964881, 0.017919822649177904]
Preds: [17, 17, 17, 17, 284, 284, 284, 284, 284, 284, 284, 284, 284, 284, 284, 284, 284, 284, 284, 284, 284, 284, 284, 284, 63, 63, 63, 63, 63, 63, 63, 63, 63, 63, 63, 63, 63, 63, 63, 63, 63, 63, 63, 63, 63, 63, 63, 63, 63, 63, 63, 63, 63, 63, 63, 63, 63, 63, 63, 63, 63, 63, 63, 63, 63, 63, 63, 63, 63, 63, 63, 63, 63, 63, 63, 63, 63, 63, 63, 63, 63, 63, 63, 63, 63, 63, 63, 63, 63, 63, 63, 63, 63, 63, 63, 63, 63, 63, 63, 63, 63, 63, 63, 63, 63, 63, 63, 63, 63, 63, 63, 63, 63, 63, 63, 63, 63, 63, 63, 63, 63, 63, 63, 63, 63, 63, 63, 63, 63, 63, 63, 63, 63, 63, 63, 63, 63, 63, 63, 63, 63, 63, 63, 63, 63, 63, 63, 63, 63, 63, 63, 63, 63, 63, 63, 63, 63, 63, 63, 63, 63, 63, 63, 63, 63, 63, 63, 63, 63, 63, 63, 63, 63, 63, 63, 63, 63, 63, 63, 63, 63, 63, 63, 63, 63, 63, 63, 63, 63, 63, 63, 63, 63, 63, 63, 63, 63, 63, 63, 63, 63, 63, 63, 63, 63, 63, 63, 63, 63, 63, 63, 63, 63, 63, 63, 63, 63, 63, 63, 63, 63, 63, 63, 63, 63, 63, 63, 63, 63, 63, 63, 63, 63, 63, 63, 63, 63, 63, 63, 63, 63, 63, 63, 63, 63, 63, 63, 63, 63, 63, 63, 63, 63, 63, 63, 63, 63, 63, 63, 63, 63, 63, 63, 63, 63, 63, 63, 63, 63, 63, 63, 63, 63, 63, 63, 63, 63, 63, 63, 63, 63, 63, 63, 63, 63, 63, 63, 63, 63, 63, 63, 63, 63, 63, 63, 63, 63, 63, 63, 63, 63, 63, 63, 63, 63, 63, 63, 63, 63, 63, 63, 63, 63, 63, 63, 63, 63, 63, 63, 63, 63, 63, 63, 63, 63, 63, 63, 63, 63, 63, 63, 63, 63, 63, 63, 63, 63, 63, 63, 63, 63, 63, 63, 63, 63, 63, 63, 63, 63, 63, 63, 63, 63, 63, 63, 63, 63, 63, 63, 63, 63, 63, 63, 63, 63, 63, 63, 63, 63, 63, 63, 63, 63, 63, 63, 63, 63, 63, 63, 63, 63, 63, 63, 63, 63, 63, 63, 63, 63, 63, 63, 63, 63, 63, 63, 63, 63, 63, 63, 63, 63, 63, 63, 63, 63, 63, 63, 63, 63, 63, 63, 63, 63, 63, 63, 63, 63, 63, 63, 63, 63, 63, 63, 63, 63, 63, 63, 63, 63, 63, 63, 63, 63, 63, 63, 63, 63, 63, 63, 63, 63, 63, 63, 63, 63, 63, 63, 63, 63, 63, 63, 63, 63, 63, 63, 63, 63, 63, 63, 63, 63, 63, 63, 63, 63, 63, 63, 63, 63, 63, 63, 63, 63, 63, 63, 63, 63, 63, 63, 63, 63, 63, 63, 63, 63, 63, 63, 63, 63, 63, 63, 63, 63, 63, 63, 63, 63, 63, 63, 63, 63, 63, 63, 63, 63, 63, 63, 63, 63, 63, 63, 63, 63, 63, 63, 63, 63, 63, 63, 63, 63, 63, 63, 63, 63, 63, 63, 63, 63, 63, 63, 63, 63, 63, 63, 63, 63, 63, 63, 63, 63, 63, 63, 63, 63, 63, 63, 63, 63, 63, 63, 63, 63, 63, 63, 63, 63, 63, 63, 63, 63, 63, 63, 63, 63, 63, 63, 63, 63, 63, 63, 63, 63, 63, 63, 63, 63, 63, 63, 63, 63, 63, 63, 63, 63, 63, 63, 63, 63, 63, 63, 63, 63, 63, 63, 63, 63, 63, 63, 63]

