ep1
Train step Loss: [6.215890884399414, 6.210577964782715, 6.205653667449951, 6.202803611755371, 6.196473598480225, 6.194187164306641, 6.18383264541626, 6.18210506439209, 6.176182746887207, 6.17275857925415, 6.161191463470459, 6.150023937225342, 6.136390686035156, 6.1156487464904785, 6.119307518005371, 6.106903076171875, 6.096717357635498, 6.066599369049072, 6.047075271606445, 6.044769763946533, 6.041029930114746, 6.002953052520752, 5.977520942687988, 5.967891216278076, 5.932895660400391, 5.908654689788818, 5.872799396514893, 5.853412628173828, 5.840288162231445, 5.801198482513428, 5.759024143218994, 5.754271507263184, 5.753636837005615, 5.730518341064453, 5.7248358726501465, 5.680582523345947, 5.6549391746521, 5.6191020011901855, 5.660180568695068, 5.632720470428467, 5.610437870025635, 5.596137523651123, 5.532018184661865, 5.527339935302734, 5.600914001464844, 5.541719913482666, 5.5270867347717285, 5.531298637390137, 5.498935222625732, 5.6045403480529785, 5.445422172546387, 5.562376499176025, 5.485170364379883, 5.436883449554443, 5.477875709533691, 5.486327171325684, 5.421703815460205, 5.4257073402404785, 5.494382381439209, 5.36198616027832, 5.49997091293335, 5.471161842346191, 5.409164905548096]
val step Loss: [5.708964824676514, 5.613768577575684, 5.643028736114502, 5.6923441886901855, 5.641452312469482, 5.6675028800964355, 5.642866611480713, 5.644193172454834, 5.757214546203613, 5.6360907554626465, 5.724850654602051, 5.645678520202637, 5.662716865539551, 5.637519359588623, 5.648520469665527, 5.7235283851623535]
Train step Accs: [0.0021251162172931334, 0.00684931506849315, 0.00991857883049593, 0.0174590384098845, 0.018915510718789406, 0.03717366628830874, 0.02465102465102465, 0.03193798449612403, 0.03454943921619183, 0.03576877436853704, 0.059572461490097456, 0.047109207708779445, 0.03377036154151768, 0.062308205470313544, 0.027642509309653396, 0.05283214966222068, 0.040025412960609914, 0.05133703329969728, 0.047957371225577264, 0.0611089161069406, 0.03885320382265393, 0.04456112008616048, 0.0410958904109589, 0.040521592821088054, 0.04316546762589928, 0.05394524959742351, 0.05304939516129032, 0.05934718100890208, 0.05681629948649992, 0.03826353137609573, 0.07478491065519524, 0.03387671930718288, 0.02407566638005159, 0.053145647802355644, 0.04016521862982481, 0.03653460767689225, 0.0432550178932628, 0.05055469737396433, 0.028929188255613126, 0.022111582955044663, 0.03, 0.026629509211952316, 0.054917692626919354, 0.05053661187338677, 0.028140229523659802, 0.03819759160947818, 0.03635526921306949, 0.03413709021945272, 0.03654850233580654, 0.024193548387096774, 0.04461457233368532, 0.022029778182923124, 0.036851683348498636, 0.04334455996485576, 0.03683083511777302, 0.02291448255204433, 0.047187880898485114, 0.0337546468401487, 0.02507462686567164, 0.05188536953242836, 0.023507355062013267, 0.030918881361820392, 0.031071655041217502]
val step Accs: [0.007415931466564378, 0.011725067385444744, 0.0075570411277430605, 0.005523408732246186, 0.019063896923481462, 0.018710493046776234, 0.016308568470100957, 0.0015727766657134686, 0.0010464355788096795, 0.01238390092879257, 0.005626344530862155, 0.02033476276110112, 0.007147673634524612, 0.020533095268460654, 0.011216963736939152, 0.010717896865520727]
Preds: [63, 63, 63, 63, 63, 63, 63, 63, 63, 63, 63, 63, 63, 63, 63, 63, 63, 63, 63, 63, 63, 63, 63, 63, 63, 63, 63, 63, 63, 63, 63, 63, 63, 63, 63, 63, 63, 63, 63, 63, 63, 63, 63, 63, 63, 63, 63, 63, 63, 63, 63, 63, 63, 63, 63, 63, 63, 63, 63, 63, 63, 63, 63, 63, 63, 63, 63, 63, 63, 63, 63, 63, 63, 63, 63, 63, 63, 63, 63, 63, 63, 63, 63, 63, 63, 63, 63, 63, 63, 63, 63, 63, 63, 63, 63, 63, 63, 63, 63, 63, 63, 63, 63, 63, 63, 63, 63, 63, 63, 63, 63, 63, 63, 63, 63, 63, 63, 63, 63, 63, 63, 63, 63, 63, 63, 63, 63, 63, 63, 63, 63, 63, 63, 63, 63, 63, 63, 63, 63, 63, 63, 63, 63, 63, 63, 63, 63, 63, 63, 63, 63, 63, 63, 63, 63, 63, 63, 63, 63, 63, 63, 63, 63, 63, 63, 63, 63, 63, 63, 63, 63, 63, 63, 63, 63, 63, 63, 63, 63, 63, 63, 63, 63, 63, 63, 63, 63, 63, 63, 63, 63, 63, 63, 63, 63, 63, 63, 63, 63, 63, 63, 63, 63, 63, 63, 63, 63, 63, 63, 63, 63, 63, 63, 63, 63, 63, 63, 63, 63, 63, 63, 63, 63, 63, 63, 63, 63, 63, 63, 63, 63, 63, 63, 63, 63, 63, 63, 63, 63, 63, 63, 63, 63, 63, 63, 63, 63, 63, 63, 63, 63, 63, 63, 63, 63, 63, 63, 63, 63, 63, 63, 63, 63, 63, 63, 63, 63, 63, 63, 63, 63, 63, 63, 63, 63, 63, 63, 63, 63, 63, 63, 63, 63, 63, 63, 63, 63, 63, 63, 63, 63, 63, 63, 63, 63, 63, 63, 63, 63, 63, 63, 63, 63, 63, 63, 63, 63, 63, 63, 63, 63, 63, 63, 63, 63, 63, 63, 63, 63, 63, 63, 63, 63, 63, 63, 63, 63, 63, 63, 63, 63, 63, 63, 63, 63, 63, 63, 63, 63, 63, 63, 63, 63, 63, 63, 63, 63, 63, 63, 63, 63, 63, 63, 63, 63, 63, 63, 63, 63, 63, 63, 63, 63, 63, 63, 63, 63, 63, 63, 63, 63, 63, 63, 63, 63, 63, 63, 63, 63, 63, 63, 63, 63, 63, 63, 63, 63, 63, 63, 63, 63, 63, 63, 63, 63, 63, 63, 63, 63, 63, 63, 63, 63, 63, 63, 63, 63, 63, 63, 63, 63, 63, 63, 63, 63, 63, 63, 63, 63, 63, 63, 63, 63, 63, 63, 63, 63, 63, 63, 63, 63, 63, 63, 63, 63, 63, 63, 63, 63, 63, 63, 63, 63, 63, 63, 63, 63, 63, 63, 63, 63, 63, 63, 63, 63, 63, 63, 63, 63, 63, 63, 63, 63, 63, 63, 63, 63, 63, 63, 63, 63, 63, 63, 63, 63, 63, 63, 63, 63, 63, 63, 63, 63, 63, 63, 63, 63, 63, 63, 63, 63, 63, 63, 63, 63, 63, 63, 63, 63, 63, 63, 63, 63, 63, 63, 63, 63, 63, 63, 63, 63, 63, 63, 63, 63, 63, 63, 63, 63, 63, 63, 63, 63, 63, 63, 63, 63, 63, 63, 63, 63, 63, 63, 63, 63, 63, 63, 63, 63, 63, 63, 63, 63, 63, 63, 63, 63, 63, 63, 63, 63, 63, 63, 63, 63, 63, 63, 63, 63, 63, 63, 63, 63, 63, 63, 63, 63, 63, 63, 63, 63, 63, 63, 63, 63, 63, 63, 63, 63, 63, 63, 63, 63, 63, 63, 63, 63, 63, 63, 63, 63, 63, 63, 63, 63, 63, 63, 63, 63, 63]

ep2
Train step Loss: [5.397398948669434, 5.481764316558838, 5.453798770904541, 5.407826900482178, 5.335929870605469, 5.391394138336182, 5.341841697692871, 5.399385929107666, 5.450092315673828, 5.4086785316467285, 5.375795841217041, 5.400071144104004, 5.382092475891113, 5.3890604972839355, 5.411378860473633, 5.381626605987549, 5.430746555328369, 5.384646415710449, 5.37335205078125, 5.380292892456055, 5.474482536315918, 5.395647048950195, 5.395830154418945, 5.417940616607666, 5.364434719085693, 5.3983588218688965, 5.37646484375, 5.347461700439453, 5.370026588439941, 5.356913089752197, 5.226441383361816, 5.338602542877197, 5.376077175140381, 5.314175605773926, 5.369029998779297, 5.336267471313477, 5.366851806640625, 5.332329273223877, 5.386784076690674, 5.384308338165283, 5.374458312988281, 5.369433403015137, 5.2742462158203125, 5.296964645385742, 5.409447193145752, 5.335224151611328, 5.340819835662842, 5.3530731201171875, 5.320366859436035, 5.456303119659424, 5.287842750549316, 5.414045810699463, 5.341381072998047, 5.279866695404053, 5.331941604614258, 5.351812362670898, 5.26045560836792, 5.279922962188721, 5.369870185852051, 5.204200267791748, 5.380232334136963, 5.34580135345459, 5.270941257476807]
val step Loss: [5.634463310241699, 5.526214122772217, 5.556906223297119, 5.611164569854736, 5.541959285736084, 5.573326587677002, 5.543089389801025, 5.572693347930908, 5.687143802642822, 5.544288635253906, 5.6568498611450195, 5.542447090148926, 5.586728096008301, 5.524269104003906, 5.567895889282227, 5.6380414962768555]
Train step Accs: [0.028423429406295657, 0.022571606475716065, 0.01628423390081421, 0.0351866774106903, 0.06066974919433936, 0.03064699205448354, 0.04351054351054351, 0.02930232558139535, 0.02462292123243522, 0.03559925411086625, 0.0433825840930525, 0.03297644539614561, 0.028473049927161966, 0.05043362241494329, 0.023918647951876253, 0.03221895028581327, 0.026048284625158832, 0.03910191725529768, 0.03374777975133215, 0.035954168312919796, 0.024126586244712516, 0.03257942918686053, 0.027788649706457925, 0.027201346045989904, 0.02919203099059214, 0.029146537842190016, 0.03490423387096774, 0.049508043104794626, 0.03693887692562531, 0.030332544872686797, 0.0628722700198544, 0.03285787060621498, 0.02407566638005159, 0.053145647802355644, 0.04016521862982481, 0.03653460767689225, 0.0432550178932628, 0.05055469737396433, 0.028929188255613126, 0.022111582955044663, 0.03, 0.026629509211952316, 0.054917692626919354, 0.05053661187338677, 0.028140229523659802, 0.03819759160947818, 0.03635526921306949, 0.03413709021945272, 0.03654850233580654, 0.024193548387096774, 0.04487856388595565, 0.02415679124886053, 0.041401273885350316, 0.05022697320251867, 0.043825838686652394, 0.03489591133742699, 0.06843113355389169, 0.046096654275092935, 0.04253731343283582, 0.07043740573152338, 0.037784828381886355, 0.045509814139308664, 0.05358275206087508]
val step Accs: [0.028768699654775604, 0.033827493261455524, 0.02557767766313036, 0.02472382956338769, 0.03694451748619511, 0.039949431099873575, 0.03559409785141082, 0.029167858164140692, 0.017004578155657292, 0.034055727554179564, 0.02399470461691213, 0.051182736201410985, 0.02670262980445044, 0.04463716362708838, 0.03549477566072526, 0.025480283114256826]
Preds: [63, 63, 63, 63, 63, 63, 63, 63, 63, 63, 63, 63, 63, 63, 63, 63, 63, 63, 63, 392, 392, 392, 392, 392, 392, 246, 246, 246, 246, 246, 246, 246, 246, 246, 246, 246, 246, 246, 246, 246, 246, 246, 246, 246, 246, 246, 246, 246, 246, 246, 246, 246, 246, 246, 246, 246, 246, 392, 392, 392, 392, 392, 392, 392, 392, 392, 246, 246, 246, 246, 246, 246, 246, 246, 246, 246, 246, 246, 246, 246, 246, 246, 246, 246, 246, 246, 246, 246, 63, 63, 63, 392, 392, 392, 246, 246, 246, 246, 246, 246, 246, 246, 246, 246, 246, 246, 246, 246, 246, 246, 246, 246, 246, 246, 246, 246, 246, 246, 246, 246, 246, 246, 246, 246, 246, 246, 246, 246, 246, 246, 246, 246, 246, 246, 246, 246, 246, 246, 246, 246, 246, 246, 246, 246, 246, 246, 246, 246, 246, 246, 246, 246, 246, 246, 246, 246, 246, 246, 246, 246, 246, 246, 246, 246, 246, 392, 392, 392, 392, 392, 392, 392, 246, 246, 246, 392, 392, 392, 392, 246, 246, 246, 246, 392, 392, 392, 246, 246, 246, 246, 246, 246, 246, 246, 246, 246, 246, 246, 246, 246, 246, 246, 246, 246, 246, 246, 246, 246, 246, 246, 246, 246, 246, 246, 246, 246, 246, 246, 392, 63, 63, 63, 63, 63, 63, 63, 63, 63, 63, 63, 63, 392, 392, 392, 392, 246, 246, 246, 246, 246, 246, 63, 63, 63, 63, 63, 63, 63, 63, 63, 63, 63, 63, 63, 63, 63, 63, 63, 63, 63, 63, 63, 63, 63, 63, 63, 63, 63, 63, 63, 63, 63, 63, 63, 63, 246, 246, 246, 246, 246, 246, 246, 246, 246, 246, 246, 246, 246, 246, 246, 246, 246, 246, 246, 246, 246, 246, 392, 392, 392, 392, 392, 392, 392, 392, 392, 392, 246, 246, 246, 246, 246, 246, 246, 246, 246, 246, 246, 246, 246, 246, 246, 246, 246, 246, 246, 246, 246, 246, 246, 246, 246, 246, 246, 246, 246, 246, 246, 246, 246, 246, 246, 246, 246, 246, 246, 246, 246, 246, 246, 246, 246, 246, 246, 246, 246, 246, 246, 246, 392, 392, 392, 246, 246, 246, 246, 246, 246, 246, 246, 246, 246, 246, 246, 246, 246, 246, 246, 246, 246, 246, 246, 246, 246, 246, 246, 246, 246, 246, 246, 246, 246, 246, 246, 246, 246, 246, 246, 246, 246, 246, 246, 246, 246, 246, 246, 246, 246, 246, 246, 246, 246, 246, 246, 246, 246, 246, 246, 246, 246, 246, 246, 246, 246, 246, 246, 246, 246, 246, 246, 246, 246, 246, 246, 246, 246, 246, 246, 246, 246, 246, 246, 246, 246, 246, 246, 246, 246, 246, 246, 246, 246, 246, 246, 246, 246, 246, 246, 246, 246, 246, 246, 246, 246, 246, 246, 246, 246, 246, 246, 246, 246, 246, 246, 246, 246, 246, 246, 246, 246, 246, 246, 246, 246, 246, 246, 246, 246, 246, 246, 246, 246, 246, 246, 246, 246, 246, 246, 246, 246, 246, 246, 246, 246, 246, 246, 246, 246, 246, 246, 246, 392, 392, 392, 392, 392, 392, 392, 392, 392, 392, 392, 392, 392, 392, 392, 392, 392, 392, 392, 392, 392, 392, 392, 392, 392, 392, 392, 392, 392, 392, 392, 392, 392, 392, 392, 392, 392, 392, 392, 392, 392, 392, 392, 392, 392, 392, 392, 392, 392, 392, 392, 392, 392, 392, 392, 392, 392, 392, 392, 392, 392, 392, 392, 392, 392, 392, 392, 392, 392, 392, 392, 392, 392, 392, 392, 392, 392, 392, 392, 392, 392, 392, 392, 392, 392, 392, 392, 392, 392]

ep3
Train step Loss: [5.321638584136963, 5.332127571105957, 5.363063335418701, 5.2017130851745605, 5.324458122253418, 5.231960296630859, 5.238773822784424, 5.3144755363464355, 5.347434043884277, 5.268855094909668, 5.32293701171875, 5.339911937713623, 5.1882243156433105, 5.277925968170166, 5.305434703826904, 5.239224910736084, 5.210338115692139, 5.370896339416504, 5.218400955200195, 5.289011478424072, 5.311276435852051, 5.229857444763184, 5.280802249908447, 5.165324687957764, 5.242959976196289, 5.175520420074463, 5.099617004394531, 5.145786285400391, 5.201152801513672, 5.2198052406311035, 5.226913928985596, 5.191860675811768, 5.227068901062012, 5.13797664642334, 5.203900337219238, 5.18487024307251, 5.2497406005859375, 5.238166332244873, 5.178201198577881, 5.1933112144470215, 5.178788185119629, 5.1985392570495605, 5.178300380706787, 5.101826190948486, 5.127096176147461, 5.290746212005615, 5.137260913848877, 5.1406731605529785, 5.1625566482543945, 5.09497594833374, 5.101003646850586, 5.224642753601074, 5.209172248840332, 5.224225044250488, 5.0947418212890625, 5.061380386352539, 5.131286144256592, 5.248262882232666, 4.9627861976623535, 5.041482925415039, 5.160041332244873, 5.053513050079346, 5.2053070068359375]
val step Loss: [5.50123405456543, 5.473509311676025, 5.496678829193115, 5.464158058166504, 5.5266032218933105, 5.362170696258545, 5.49600076675415, 5.500342845916748, 5.531888484954834, 5.478005409240723, 5.476004600524902, 5.427063941955566, 5.408413410186768, 5.413531303405762, 5.397683620452881, 5.392549514770508]
Train step Accs: [0.04219661828520126, 0.043844169947061216, 0.04978619425778864, 0.07141738449490995, 0.03616550852811118, 0.07294589178356714, 0.05658926649238813, 0.039058319957196365, 0.035623409669211195, 0.05031724952043677, 0.04457225017972682, 0.039206497969384566, 0.07719783385182624, 0.057572689136409665, 0.052569228491041016, 0.060946174269852764, 0.06611456176673568, 0.031390943532383184, 0.06791632708503124, 0.049432613088761075, 0.05096545382897675, 0.05281320330082521, 0.047330609945062684, 0.0642587757470264, 0.052638908230051525, 0.06628197130380536, 0.08505333148635545, 0.0718209283163966, 0.057269395235186316, 0.05694249649368864, 0.05241174885475613, 0.05378839590443686, 0.05395078710071832, 0.07305255311218785, 0.05783132530120482, 0.06782914733642617, 0.05090634441087613, 0.05779078273591807, 0.06048794571964775, 0.05875066359936294, 0.05482538490424334, 0.05177282711013492, 0.05011685276551545, 0.07827669902912622, 0.06340927806752676, 0.03970489604292421, 0.06850828729281767, 0.058669243511871895, 0.05140434552199258, 0.07933908901458768, 0.06083025071927661, 0.051680972818311875, 0.05434340696571351, 0.05444305381727159, 0.07628458498023716, 0.09077574967405476, 0.06881963051755746, 0.054708222811671085, 0.10813053097345132, 0.07796772647387762, 0.0677052127022169, 0.06271261647685254, 0.06076854334226988]
val step Accs: [0.0290714492334394, 0.04413211524947294, 0.03499125218695326, 0.03896787783043707, 0.031088768355602592, 0.0603117812420138, 0.02781057326511872, 0.04024536205864752, 0.03490499648135116, 0.04560789703861052, 0.03250244379276637, 0.04444754075519019, 0.05547850208044383, 0.04915637039989371, 0.039045882710422364, 0.04985870004037142]
Preds: [17, 392, 392, 392, 213, 213, 213, 213, 246, 246, 246, 246, 246, 246, 246, 246, 246, 246, 246, 246, 246, 246, 246, 246, 246, 246, 246, 246, 246, 246, 246, 246, 246, 246, 246, 246, 246, 246, 246, 246, 246, 246, 246, 246, 246, 246, 246, 246, 246, 246, 246, 246, 246, 246, 246, 246, 246, 246, 246, 246, 246, 246, 246, 246, 246, 246, 246, 246, 246, 246, 414, 213, 246, 246, 246, 246, 246, 246, 246, 246, 246, 246, 246, 246, 246, 246, 246, 246, 246, 246, 246, 246, 246, 246, 246, 246, 246, 246, 246, 246, 246, 246, 246, 246, 246, 246, 246, 246, 246, 246, 246, 246, 246, 246, 246, 246, 246, 414, 392, 392, 392, 392, 392, 392, 392, 63, 63, 63, 63, 63, 63, 63, 63, 63, 63, 63, 63, 392, 392, 392, 392, 392, 392, 392, 392, 392, 213, 213, 213, 246, 246, 246, 246, 246, 246, 246, 246, 246, 246, 246, 246, 246, 246, 246, 246, 246, 246, 246, 246, 246, 246, 246, 246, 246, 246, 246, 246, 246, 246, 246, 246, 246, 246, 246, 246, 246, 246, 246, 246, 246, 246, 246, 246, 246, 246, 246, 246, 246, 246, 246, 246, 246, 246, 246, 246, 246, 246, 246, 246, 246, 246, 246, 246, 246, 246, 246, 246, 246, 246, 246, 246, 246, 246, 246, 246, 246, 246, 246, 246, 246, 246, 246, 246, 246, 246, 246, 246, 246, 246, 246, 246, 246, 246, 246, 246, 246, 246, 246, 246, 414, 414, 392, 392, 392, 392, 392, 392, 392, 392, 392, 392, 63, 63, 63, 63, 63, 63, 63, 63, 392, 392, 392, 392, 392, 392, 392, 392, 213, 213, 213, 246, 246, 246, 246, 246, 246, 246, 246, 246, 246, 246, 246, 246, 246, 246, 246, 246, 246, 246, 246, 246, 414, 414, 414, 392, 392, 392, 392, 392, 392, 392, 392, 392, 392, 392, 213, 213, 213, 213, 246, 246, 246, 246, 246, 246, 246, 246, 246, 246, 246, 246, 246, 246, 246, 246, 246, 246, 246, 246, 246, 246, 246, 246, 246, 246, 246, 246, 246, 246, 246, 246, 414, 392, 392, 392, 392, 392, 392, 392, 392, 392, 392, 392, 392, 392, 392, 392, 392, 392, 392, 392, 392, 63, 63, 63, 63, 63, 63, 63, 63, 392, 392, 392, 392, 392, 392, 392, 392, 213, 213, 213, 213, 213, 246, 246, 246, 246, 246, 246, 246, 246, 246, 246, 246, 246, 246, 246, 246, 246, 246, 246, 246, 246, 246, 246, 246, 246, 246, 246, 246, 246, 246, 246, 246, 246, 246, 246, 246, 246, 246, 246, 246, 246, 246, 246, 246, 246, 246, 246, 246, 246, 246, 246, 246, 246, 246, 246, 246, 246, 246, 246, 246, 246, 246, 246, 246, 246, 246, 246, 246, 246, 246, 246, 246, 246, 246, 414, 392, 392, 392, 392, 392, 392, 392, 392, 392, 392, 392, 392, 392, 392, 392, 63, 63, 63, 63, 63, 63, 63, 63, 63, 392, 392, 392, 392, 392, 392, 213, 213, 213, 213, 246, 246, 246, 246, 246, 246, 246, 246, 246, 246, 246, 246, 246, 246, 246, 246, 246, 246, 246, 246, 246, 246, 246, 414, 392, 392, 392, 392, 392, 392, 392, 392, 392, 392, 392, 213, 213, 213, 213, 213, 213, 213, 213, 213, 213, 213, 213, 213, 213, 213, 213, 213, 213, 213, 213, 213, 213, 213, 213, 213, 213, 213, 213, 213, 213, 213, 213, 213, 213, 213, 213, 213, 213, 213, 213, 213, 213, 213, 213, 213, 213, 246, 246, 246, 246, 246, 246, 246, 246, 246, 246, 246, 246, 246, 246, 246, 246, 246, 246]

ep4
Train step Loss: [5.173544883728027, 4.995731830596924, 5.043777942657471, 5.033716201782227, 5.111152172088623, 5.103332042694092, 5.09345006942749, 5.130510330200195, 5.187483310699463, 5.150876522064209, 4.991406440734863, 5.125609397888184, 5.17125129699707, 5.09737491607666, 5.17667293548584, 5.094833850860596, 4.910726547241211, 5.0073771476745605, 5.128074645996094, 5.083878517150879, 4.976665496826172, 4.932431697845459, 4.991339683532715, 5.061389923095703, 5.104740619659424, 5.0733747482299805, 5.1032795906066895, 4.981801509857178, 4.966945171356201, 4.978434085845947, 4.929501056671143, 5.030200481414795, 5.043911933898926, 4.973959445953369, 5.014832973480225, 5.02113151550293, 5.074409484863281, 4.93718957901001, 4.872512340545654, 4.9678850173950195, 5.003313064575195, 4.955874919891357, 5.009850978851318, 5.0618157386779785, 4.826035976409912, 4.924299716949463, 4.882727146148682, 4.937355041503906, 4.989258766174316, 4.9417405128479, 5.123257160186768, 4.910449028015137, 4.962769031524658, 4.840553283691406, 4.94539213180542, 4.920010566711426, 5.062428951263428, 4.88605260848999, 4.886266708374023, 4.91466760635376, 4.969569206237793, 4.874082565307617, 4.828252792358398]
val step Loss: [5.277400493621826, 5.2027907371521, 5.260583400726318, 5.254209041595459, 5.356170177459717, 5.295397758483887, 5.29515266418457, 5.170051097869873, 5.347320079803467, 5.318080425262451, 5.288735866546631, 5.31240701675415, 5.309981822967529, 5.190072059631348, 5.267730712890625, 5.288768768310547]
Train step Accs: [0.05985381326713557, 0.08225872132482694, 0.06407870247274661, 0.08742658836091831, 0.06994777654692198, 0.07312285293636513, 0.07376078497716122, 0.06787613387550828, 0.06287975130705101, 0.059842297944241056, 0.09682494279176201, 0.0729031326692652, 0.06450309722596283, 0.06289640591966174, 0.054708672086720866, 0.07471264367816093, 0.10258291752274729, 0.08163801023756398, 0.07837889504874784, 0.07173202614379084, 0.08057700713973481, 0.10033273611466599, 0.08867952744130403, 0.0736, 0.0532748354747728, 0.0743801652892562, 0.06248313090418354, 0.08313799031098609, 0.06485176738882555, 0.08414634146341464, 0.08814780021919524, 0.05806451612903226, 0.06775407779171895, 0.08963815789473684, 0.08101636291073566, 0.06827445652173914, 0.06660899653979238, 0.08196034627199106, 0.0975674597899774, 0.0870697929521459, 0.07933634992458521, 0.09322620861615181, 0.0740402193784278, 0.07179487179487179, 0.11277506112469438, 0.08516907534727094, 0.0912227435826663, 0.0810477657935285, 0.07604823239243629, 0.07978299026647519, 0.05539587143977005, 0.09817827840356, 0.08802768166089965, 0.11192798199549887, 0.08061522142667728, 0.08923132055187243, 0.06940509915014165, 0.08768084173608066, 0.0888814913448735, 0.09476947964410892, 0.07552205997801853, 0.08255572835666149, 0.10386544703452345]
val step Accs: [0.05514137009424673, 0.06064808977430337, 0.05905918842078056, 0.06027060270602706, 0.04187335862270207, 0.046719295975152064, 0.04867951463240543, 0.067420814479638, 0.05009548993682973, 0.046680497925311204, 0.06088513686364799, 0.05423932651834035, 0.04503916449086162, 0.058823529411764705, 0.053235653235653234, 0.05883639545056868]
Preds: [17, 17, 17, 213, 246, 246, 246, 246, 246, 246, 246, 246, 246, 246, 246, 246, 246, 246, 246, 246, 246, 246, 246, 171, 414, 414, 414, 414, 414, 414, 414, 414, 414, 414, 414, 171, 171, 246, 246, 246, 246, 246, 246, 246, 246, 246, 246, 246, 246, 246, 246, 246, 246, 246, 246, 246, 246, 246, 246, 246, 246, 246, 246, 246, 246, 246, 246, 246, 246, 246, 171, 414, 284, 213, 213, 246, 246, 246, 246, 246, 246, 246, 246, 246, 246, 246, 246, 246, 246, 246, 246, 171, 171, 171, 171, 213, 213, 246, 246, 246, 246, 246, 246, 246, 171, 171, 246, 246, 246, 246, 246, 246, 246, 246, 246, 246, 246, 246, 246, 171, 246, 246, 246, 171, 171, 414, 213, 246, 246, 246, 246, 246, 246, 246, 246, 246, 246, 246, 246, 246, 246, 246, 246, 246, 246, 246, 246, 171, 171, 414, 414, 414, 414, 414, 414, 414, 414, 414, 213, 213, 213, 246, 246, 246, 246, 246, 246, 246, 246, 246, 246, 246, 246, 246, 246, 246, 246, 246, 246, 246, 246, 246, 246, 246, 246, 246, 246, 246, 246, 246, 246, 246, 246, 246, 246, 246, 246, 246, 246, 246, 246, 246, 246, 246, 246, 246, 246, 246, 246, 246, 246, 246, 246, 246, 246, 246, 246, 246, 246, 246, 246, 246, 246, 246, 246, 246, 246, 246, 246, 246, 246, 246, 246, 246, 246, 246, 246, 246, 246, 246, 246, 246, 246, 246, 246, 246, 246, 246, 246, 246, 246, 246, 246, 246, 246, 246, 246, 246, 246, 246, 246, 246, 246, 246, 246, 246, 246, 246, 246, 246, 246, 246, 246, 246, 246, 246, 246, 246, 246, 246, 246, 246, 246, 246, 246, 246, 246, 246, 246, 246, 246, 246, 246, 246, 246, 246, 246, 246, 246, 246, 246, 246, 246, 246, 246, 246, 246, 246, 246, 246, 246, 246, 246, 246, 246, 246, 246, 246, 246, 246, 246, 246, 246, 246, 246, 246, 246, 246, 246, 246, 246, 246, 246, 246, 246, 246, 246, 246, 246, 246, 246, 246, 246, 246, 246, 246, 246, 246, 246, 246, 246, 246, 246, 246, 246, 246, 246, 246, 246, 246, 246, 246, 246, 246, 246, 246, 246, 246, 246, 246, 246, 246, 246, 246, 246, 246, 246, 246, 246, 246, 246, 246, 246, 246, 246, 246, 246, 246, 246, 246, 246, 246, 246, 246, 246, 246, 246, 246, 246, 246, 246, 246, 246, 246, 246, 246, 246, 246, 246, 246, 246, 246, 246, 246, 246, 246, 246, 246, 246, 246, 246, 246, 246, 246, 246, 246, 246, 246, 246, 246, 246, 246, 246, 246, 246, 246, 246, 246, 246, 246, 246, 246, 246, 246, 246, 246, 246, 246, 246, 246, 246, 246, 246, 246, 246, 246, 246, 246, 246, 246, 246, 246, 246, 246, 246, 246, 246, 246, 246, 246, 246, 246, 246, 246, 246, 246, 246, 246, 246, 246, 246, 246, 246, 246, 246, 246, 246, 246, 246, 246, 246, 246, 246, 246, 246, 246, 246, 246, 246, 246, 246, 246, 246, 246, 246, 246, 246, 246, 246, 246, 246, 246, 246, 246, 246, 246, 246, 246, 246, 246, 246, 246, 246, 246, 246, 246, 246, 246, 246, 246, 246, 246, 246, 246, 246, 246, 246, 246, 246, 246, 246, 246, 246, 246, 246, 246, 246, 246, 246, 246, 246, 246, 246, 246, 246, 246, 246, 246, 246, 246, 246, 246, 246, 246, 246, 246, 246, 246, 246, 246, 246, 246, 246, 246, 246, 246, 246, 246, 246, 246, 246, 246, 246, 246, 246, 246, 246, 246, 246, 246, 246, 246, 246, 246, 246, 246, 246, 246, 246, 246]

ep5
Train step Loss: [4.869102478027344, 4.900032043457031, 4.867651462554932, 4.792200565338135, 4.843935012817383, 4.9613566398620605, 4.827303886413574, 4.823258399963379, 4.919280529022217, 4.771285533905029, 4.856957912445068, 4.752718448638916, 4.945235252380371, 4.805015563964844, 4.839910507202148, 4.9415435791015625, 4.911593437194824, 4.833744049072266, 4.866866111755371, 4.730403423309326, 4.934574604034424, 4.818803310394287, 4.815744876861572, 4.898971080780029, 4.86455774307251, 4.8088698387146, 4.8687567710876465, 4.7991461753845215, 4.799396514892578, 4.725306987762451, 4.8399553298950195, 4.693721294403076, 4.899037837982178, 4.860382556915283, 4.759183883666992, 4.781719207763672, 4.833707332611084, 4.807040214538574, 4.88196325302124, 4.733087539672852, 4.882253170013428, 4.76198148727417, 4.742462158203125, 4.770007610321045, 4.848587989807129, 4.704410552978516, 4.789048671722412, 4.787398338317871, 4.819455146789551, 4.70565128326416, 4.908720016479492, 4.7374420166015625, 4.808440685272217, 4.7929840087890625, 4.753955364227295, 4.8173723220825195, 4.692159652709961, 4.796899318695068, 4.730969429016113, 4.735947608947754, 4.697354793548584, 4.724364757537842, 4.75050163269043]
val step Loss: [5.032106876373291, 5.1107025146484375, 5.119109630584717, 5.140631675720215, 5.086095333099365, 5.187883377075195, 4.998789310455322, 5.099129676818848, 5.157651901245117, 5.1251044273376465, 5.034749507904053, 5.122780799865723, 5.118138313293457, 5.133234024047852, 5.133488178253174, 5.03293514251709]
Train step Accs: [0.0900969109630527, 0.07870986832371653, 0.103056366149593, 0.09761634506242906, 0.09677869195370241, 0.07774001699235344, 0.0935412026726058, 0.09533239038189534, 0.07705652739627006, 0.1003385240352065, 0.09753042233357194, 0.10518396936123649, 0.08550239930202123, 0.09281177829099307, 0.08952107529688112, 0.07496389654719705, 0.08601738241308793, 0.0936387556105866, 0.07896231774285173, 0.10754744740326615, 0.073606897652882, 0.09087259100642399, 0.08836775896878397, 0.09506726457399103, 0.09607756721022477, 0.10336134453781512, 0.08445688120071229, 0.09925816023738872, 0.10291453976617816, 0.12321824516946468, 0.09119273861863565, 0.10555271238485159, 0.07821685173089483, 0.0899686947053219, 0.11735174144963915, 0.11107930146006298, 0.0882006396229591, 0.09254013220018886, 0.08008213552361396, 0.11269146608315099, 0.08512990602542841, 0.09619147975312359, 0.10685699039487727, 0.10437310080591888, 0.09397590361445783, 0.11240632805995004, 0.09556768268334886, 0.09540407952491609, 0.09319636742593419, 0.10530572630216758, 0.08679656628968524, 0.11444878341844397, 0.07991573033707865, 0.10023666991507726, 0.112375533428165, 0.09388816644993499, 0.11972291203764214, 0.09760751504476736, 0.10582908885116016, 0.11086924974604556, 0.09616078950535564, 0.11271860095389508, 0.10550918196994992]
val step Accs: [0.07854288349216108, 0.06500253421186011, 0.06402101769911504, 0.07229097494717779, 0.06061822561220393, 0.06295135577054095, 0.08207587082216895, 0.06420993858179788, 0.06226291693917593, 0.0637885706378857, 0.06459987782529017, 0.05837044168973402, 0.07472608642127293, 0.054693063666144424, 0.05595323311858745, 0.06362872742545149]
Preds: [17, 17, 17, 17, 284, 284, 284, 284, 284, 284, 284, 284, 284, 35, 324, 324, 213, 246, 246, 213, 213, 213, 213, 213, 213, 324, 171, 250, 250, 284, 414, 414, 414, 414, 414, 414, 414, 414, 414, 320, 287, 284, 284, 284, 284, 284, 35, 324, 324, 324, 246, 246, 246, 246, 246, 246, 171, 355, 284, 284, 284, 284, 284, 284, 284, 284, 284, 284, 284, 284, 284, 284, 284, 284, 284, 284, 284, 284, 284, 284, 284, 284, 284, 284, 284, 284, 250, 284, 284, 284, 284, 414, 414, 414, 414, 284, 284, 284, 284, 284, 250, 250, 284, 284, 250, 250, 250, 250, 324, 324, 324, 324, 324, 324, 171, 250, 250, 284, 284, 284, 284, 284, 284, 213, 324, 324, 324, 324, 246, 246, 246, 246, 324, 324, 171, 171, 250, 324, 324, 246, 246, 246, 246, 246, 246, 171, 250, 284, 284, 284, 284, 284, 284, 284, 284, 284, 284, 284, 284, 250, 250, 324, 324, 324, 324, 324, 213, 246, 246, 246, 246, 246, 246, 246, 246, 246, 246, 246, 246, 246, 246, 246, 246, 246, 246, 246, 246, 246, 246, 246, 246, 171, 171, 213, 246, 246, 246, 246, 246, 171, 250, 250, 250, 250, 250, 250, 171, 171, 171, 171, 171, 324, 213, 246, 246, 246, 246, 246, 246, 246, 246, 171, 250, 284, 284, 284, 284, 284, 250, 213, 213, 213, 171, 171, 171, 171, 171, 250, 250, 284, 250, 250, 250, 171, 171, 171, 171, 213, 213, 246, 246, 171, 171, 250, 250, 250, 284, 284, 414, 414, 414, 414, 414, 414, 392, 392, 392, 392, 392, 392, 392, 392, 392, 392, 392, 320, 320, 320, 392, 392, 392, 392, 392, 392, 392, 392, 320, 320, 320, 320, 287, 213, 324, 324, 324, 324, 324, 324, 246, 246, 246, 246, 246, 246, 246, 324, 324, 324, 171, 213, 246, 246, 246, 246, 246, 246, 171, 171, 250, 250, 250, 250, 250, 250, 284, 284, 284, 284, 250, 213, 213, 246, 246, 246, 246, 246, 171, 250, 250, 250, 250, 250, 284, 284, 284, 250, 213, 213, 324, 171, 171, 250, 250, 250, 250, 250, 250, 250, 250, 171, 213, 213, 246, 246, 246, 246, 246, 246, 246, 246, 246, 246, 246, 246, 246, 414, 414, 414, 414, 414, 414, 170, 392, 392, 392, 392, 392, 392, 392, 392, 392, 392, 392, 392, 392, 392, 392, 392, 320, 320, 320, 320, 287, 287, 284, 35, 324, 324, 324, 324, 324, 246, 324, 171, 250, 284, 284, 414, 284, 284, 284, 284, 284, 213, 324, 324, 324, 324, 324, 324, 324, 324, 171, 284, 414, 414, 414, 414, 414, 414, 414, 414, 170, 320, 320, 320, 287, 284, 324, 324, 324, 324, 246, 246, 246, 246, 246, 246, 246, 284, 284, 213, 246, 246, 246, 171, 250, 250, 250, 250, 171, 324, 213, 246, 246, 246, 246, 246, 246, 246, 246, 171, 171, 250, 250, 250, 284, 284, 284, 414, 414, 414, 414, 414, 392, 392, 392, 392, 392, 392, 392, 392, 392, 392, 392, 392, 392, 392, 392, 392, 392, 392, 392, 392, 392, 320, 320, 320, 320, 320, 320, 287, 287, 287, 35, 324, 324, 324, 324, 324, 324, 324, 246, 246, 246, 246, 246, 246, 246, 246, 246, 246, 246, 246, 246, 246, 250, 250, 250, 284, 284, 284, 284, 284, 284, 250, 250, 213, 213, 324, 171, 171, 213, 171, 213, 213, 213, 246, 246, 171, 171, 171, 171, 213, 171, 250, 250, 284, 284, 284, 250, 213, 213, 213, 324, 324, 213, 171, 171, 213, 246, 246, 246, 246, 246, 246, 246, 246, 246, 246]

ep6
Train step Loss: [4.708373546600342, 4.765846252441406, 4.798257350921631, 4.643840312957764, 4.7115397453308105, 4.7017621994018555, 4.7806501388549805, 4.725388050079346, 4.613666534423828, 4.717055320739746, 4.6698737144470215, 4.659984111785889, 4.708629608154297, 4.645328044891357, 4.585958480834961, 4.588727951049805, 4.731247901916504, 4.6768083572387695, 4.461034774780273, 4.655978679656982, 4.583139896392822, 4.7183074951171875, 4.7047295570373535, 4.601417541503906, 4.696058750152588, 4.599081039428711, 4.656283378601074, 4.647982120513916, 4.585474491119385, 4.668015480041504, 4.605615139007568, 4.82230281829834, 4.632640361785889, 4.612401962280273, 4.606972694396973, 4.590488910675049, 4.608674049377441, 4.568265914916992, 4.768941402435303, 4.55238151550293, 4.604564189910889, 4.6078290939331055, 4.653713703155518, 4.574034690856934, 4.604617595672607, 4.545121192932129, 4.616016864776611, 4.361873626708984, 4.467742919921875, 4.5175018310546875, 4.444701671600342, 4.582345962524414, 4.617183685302734, 4.608880996704102, 4.69350004196167, 4.665523052215576, 4.624539852142334, 4.4503278732299805, 4.565242290496826, 4.545741081237793, 4.509995937347412, 4.6151018142700195, 4.634512424468994]
val step Loss: [4.964963436126709, 4.995841026306152, 5.040833950042725, 4.916651248931885, 4.85744047164917, 4.889989852905273, 4.882807731628418, 4.925294876098633, 4.953380584716797, 4.940440654754639, 4.87123441696167, 4.928512096405029, 4.974596977233887, 4.910754203796387, 4.919336318969727, 4.91092586517334]
Train step Accs: [0.10607606003205595, 0.09748206498804332, 0.08723189866129265, 0.12138517618469016, 0.10259856630824372, 0.11037631868997008, 0.09504381988516168, 0.12505796877415365, 0.12814551422319476, 0.09687773562882988, 0.11913357400722022, 0.11097671605684911, 0.09519811954331767, 0.11149538866930171, 0.11598697472476353, 0.12379243720673475, 0.10386206896551724, 0.1194288186932064, 0.14968344889960808, 0.10740846681922196, 0.11968196401171712, 0.11112607758620689, 0.10559092167174093, 0.11344609601913548, 0.10132986412257879, 0.10333885209713024, 0.1018902123252201, 0.1124904214559387, 0.13298212005108556, 0.10949849116252335, 0.11866946359005094, 0.0878548630942382, 0.11121169015905857, 0.10719899402703552, 0.10522432113341204, 0.12143273150844497, 0.11991017964071857, 0.1334090263979563, 0.09768838970876323, 0.11914744933612859, 0.12822906940554, 0.12253243090806543, 0.11917366042608134, 0.12913803872579638, 0.1194331983805668, 0.122507989651499, 0.1239211854746784, 0.1464162003730349, 0.1484886474439337, 0.12202523558536975, 0.12792897685926358, 0.1265877598152425, 0.1099009900990099, 0.10615079365079365, 0.09871813761603064, 0.10850057105563714, 0.11316010058675607, 0.1455392809587217, 0.11744386873920552, 0.13776999416228838, 0.14623039298363974, 0.11168495803744351, 0.10803940260565618]
val step Accs: [0.09122562674094707, 0.07457375833951074, 0.07847850678733032, 0.08281961940498526, 0.09958394846329352, 0.08399302294378103, 0.08663582947868484, 0.09570957095709572, 0.06972578200358275, 0.07756689850288813, 0.08478903520558989, 0.08165044312073223, 0.08001963672066764, 0.07872060756535709, 0.07018067791548455, 0.09785862307160949]
Preds: [17, 17, 17, 35, 35, 213, 213, 246, 246, 246, 246, 246, 35, 355, 284, 284, 284, 35, 324, 324, 171, 171, 171, 324, 246, 246, 246, 246, 246, 246, 246, 171, 355, 250, 250, 250, 182, 182, 182, 182, 182, 324, 246, 246, 246, 246, 246, 246, 246, 48, 414, 414, 414, 414, 170, 392, 392, 392, 392, 392, 392, 392, 392, 392, 392, 392, 320, 320, 320, 320, 320, 320, 320, 320, 320, 320, 392, 392, 320, 320, 320, 320, 287, 284, 284, 284, 284, 284, 284, 284, 284, 284, 284, 284, 35, 35, 35, 324, 35, 35, 35, 250, 250, 35, 35, 250, 35, 35, 284, 284, 284, 284, 284, 284, 284, 284, 35, 35, 35, 35, 35, 284, 284, 250, 35, 35, 324, 324, 324, 246, 246, 246, 246, 246, 246, 246, 246, 246, 246, 246, 246, 246, 246, 246, 246, 246, 246, 246, 246, 246, 246, 246, 246, 246, 246, 246, 246, 246, 19, 355, 284, 284, 284, 284, 284, 284, 284, 284, 284, 250, 182, 182, 182, 182, 182, 182, 250, 284, 284, 284, 284, 250, 250, 250, 182, 182, 182, 182, 324, 324, 182, 355, 284, 48, 414, 414, 414, 414, 414, 414, 284, 284, 284, 284, 284, 284, 284, 284, 284, 284, 284, 284, 284, 284, 284, 284, 284, 284, 284, 284, 284, 284, 284, 284, 284, 284, 35, 35, 35, 35, 35, 35, 35, 35, 324, 324, 324, 324, 246, 246, 246, 246, 246, 246, 246, 246, 246, 246, 246, 246, 246, 246, 246, 246, 246, 246, 246, 246, 246, 246, 246, 246, 355, 284, 284, 250, 182, 182, 182, 182, 171, 324, 324, 246, 246, 355, 414, 414, 414, 414, 170, 392, 392, 392, 392, 392, 392, 392, 320, 320, 320, 320, 320, 320, 320, 392, 392, 392, 392, 392, 63, 392, 392, 392, 320, 320, 320, 7, 35, 35, 324, 324, 324, 324, 246, 246, 246, 246, 246, 246, 246, 246, 246, 246, 246, 246, 246, 246, 246, 246, 246, 246, 246, 246, 246, 246, 355, 284, 284, 250, 182, 324, 246, 246, 246, 246, 355, 284, 284, 284, 250, 250, 182, 324, 324, 324, 246, 246, 246, 246, 246, 246, 246, 246, 246, 246, 246, 246, 246, 355, 284, 284, 284, 284, 284, 284, 284, 182, 182, 182, 182, 182, 182, 182, 182, 324, 324, 182, 284, 48, 414, 284, 284, 182, 182, 182, 182, 182, 182, 250, 250, 250, 250, 182, 182, 324, 324, 324, 246, 246, 246, 246, 246, 246, 246, 246, 246, 246, 246, 246, 246, 246, 246, 246, 246, 246, 246, 246, 246, 246, 246, 246, 246, 246, 355, 250, 284, 48, 414, 414, 414, 414, 170, 392, 392, 392, 392, 392, 392, 392, 392, 392, 392, 392, 392, 392, 392, 392, 392, 392, 392, 392, 320, 320, 320, 320, 287, 287, 35, 324, 324, 324, 324, 324, 324, 246, 246, 246, 246, 246, 246, 246, 246, 246, 246, 246, 246, 246, 246, 246, 246, 355, 250, 182, 182, 182, 182, 250, 250, 284, 284, 284, 284, 284, 284, 284, 284, 284, 284, 284, 284, 284, 284, 414, 414, 414, 414, 392, 392, 392, 392, 392, 392, 392, 392, 392, 392, 392, 392, 392, 320, 320, 320, 320, 392, 392, 392, 392, 320, 320, 320, 320, 320, 287, 287, 284, 284, 284, 284, 284, 284, 284, 35, 35, 35, 284, 284, 284, 284, 284, 284, 284, 284, 284, 284, 284, 284, 284, 35, 35, 35, 35, 35, 35, 35, 35, 35, 182, 324, 324, 324, 182, 182, 182, 182, 324, 324, 182, 182, 355, 250, 182, 324, 324, 324, 246, 246, 246, 171, 182]

ep7
Train step Loss: [4.517052173614502, 4.493165969848633, 4.600401401519775, 4.471305847167969, 4.505893230438232, 4.446442127227783, 4.4897918701171875, 4.537241458892822, 4.482785701751709, 4.531544208526611, 4.600190162658691, 4.647330284118652, 4.516633987426758, 4.583579063415527, 4.505480766296387, 4.416904449462891, 4.604918956756592, 4.419182300567627, 4.470278263092041, 4.582112789154053, 4.580536842346191, 4.37125301361084, 4.517020225524902, 4.438021659851074, 4.214267730712891, 4.420217514038086, 4.5580034255981445, 4.525162220001221, 4.430088996887207, 4.4437761306762695, 4.460744857788086, 4.494716644287109, 4.393555641174316, 4.487458229064941, 4.382701396942139, 4.44310998916626, 4.617713928222656, 4.41227912902832, 4.4170241355896, 4.376365661621094, 4.575199127197266, 4.380761623382568, 4.359099388122559, 4.403762340545654, 4.4110026359558105, 4.405379295349121, 4.436962604522705, 4.310324668884277, 4.441946506500244, 4.382206439971924, 4.365480899810791, 4.359425067901611, 4.444310188293457, 4.377419471740723, 4.415318489074707, 4.281983852386475, 4.246105194091797, 4.349538326263428, 4.408899307250977, 4.364588737487793, 4.3572678565979, 4.3934526443481445, 4.468767166137695]
val step Loss: [4.814815044403076, 4.723258972167969, 4.821467876434326, 4.726898193359375, 4.757319927215576, 4.695775032043457, 4.836053848266602, 4.745837211608887, 4.7463698387146, 4.766930103302002, 4.792297840118408, 4.7508864402771, 4.750333309173584, 4.751550674438477, 4.731032371520996, 4.835963249206543]
Train step Accs: [0.11977971546581001, 0.13009377664109123, 0.13391665430817143, 0.1377441893626123, 0.13233586998581195, 0.14420803782505912, 0.12684989429175475, 0.1256797583081571, 0.140625, 0.12211456255343403, 0.11712707182320442, 0.11397372462037195, 0.133764832793959, 0.12316413295542386, 0.1391745112237509, 0.1457037695138977, 0.11277131173324945, 0.14007421150278293, 0.1305373084049183, 0.11762322754895341, 0.13467907270146665, 0.1545798637395912, 0.11681048258229466, 0.14366128242780224, 0.18181818181818182, 0.132847918670147, 0.10743338008415147, 0.1322849213691027, 0.13110795454545454, 0.1386565603763722, 0.12719616669086686, 0.12759599581652473, 0.13281706604324955, 0.14569244339900028, 0.15138092756644086, 0.13059755219582433, 0.10534798534798535, 0.1383995222454464, 0.15023411371237458, 0.1387939453125, 0.10698757763975156, 0.15311265495164147, 0.14343729694606888, 0.13666768014594102, 0.14725795531482735, 0.1316829075585989, 0.1356434177402636, 0.14993288590604026, 0.1352857142857143, 0.13722886232846393, 0.13957996768982228, 0.13349109131403117, 0.10938292476754015, 0.15193775689958897, 0.14641070704339598, 0.15848488992205662, 0.17292689973995956, 0.1494661921708185, 0.11388255416191562, 0.1544502617801047, 0.13426240652617266, 0.14519140989729226, 0.14213518635502212]
val step Accs: [0.08719145278153015, 0.08913108390564348, 0.08879052206743913, 0.09458483754512635, 0.10574319509762006, 0.1074949358541526, 0.07861507128309572, 0.1065523576240049, 0.1076607211600154, 0.08747044917257683, 0.09391112202307882, 0.08213608023854703, 0.08393473486037026, 0.09451260617500337, 0.10259690418319048, 0.08282740676496098]
Preds: [17, 17, 35, 213, 213, 213, 213, 246, 246, 246, 246, 246, 464, 19, 19, 250, 250, 250, 250, 35, 35, 35, 250, 250, 284, 284, 284, 284, 250, 284, 284, 250, 250, 35, 35, 250, 250, 35, 35, 35, 35, 35, 213, 324, 213, 246, 246, 246, 246, 246, 246, 246, 246, 246, 246, 132, 19, 355, 355, 284, 250, 284, 284, 284, 284, 284, 284, 414, 414, 414, 414, 414, 170, 170, 392, 392, 392, 392, 392, 392, 392, 392, 320, 320, 320, 320, 320, 320, 320, 320, 392, 392, 392, 392, 392, 73, 320, 320, 320, 320, 7, 213, 324, 324, 324, 324, 324, 246, 246, 246, 246, 246, 246, 246, 246, 246, 246, 246, 246, 19, 454, 414, 414, 414, 414, 170, 392, 392, 392, 392, 392, 392, 392, 392, 392, 392, 320, 320, 392, 392, 392, 392, 73, 320, 320, 320, 320, 287, 287, 153, 324, 324, 324, 324, 246, 246, 246, 246, 132, 132, 213, 213, 246, 246, 246, 246, 246, 132, 132, 132, 182, 182, 182, 213, 213, 213, 246, 246, 246, 246, 246, 246, 464, 132, 132, 132, 132, 132, 132, 132, 132, 213, 213, 246, 246, 246, 246, 246, 246, 246, 246, 246, 19, 414, 414, 414, 414, 414, 414, 170, 170, 392, 47, 320, 320, 287, 287, 284, 35, 35, 35, 35, 324, 324, 324, 324, 246, 246, 246, 246, 246, 246, 246, 19, 355, 355, 48, 414, 414, 414, 284, 35, 324, 324, 324, 246, 246, 246, 246, 464, 19, 355, 182, 213, 213, 246, 246, 246, 246, 246, 246, 19, 19, 355, 355, 284, 284, 284, 284, 284, 284, 284, 284, 250, 250, 250, 250, 250, 35, 35, 35, 35, 250, 250, 250, 250, 250, 250, 284, 284, 284, 284, 284, 250, 250, 250, 250, 250, 250, 250, 250, 250, 250, 250, 250, 250, 284, 284, 284, 284, 284, 284, 284, 284, 284, 284, 284, 284, 284, 35, 35, 35, 35, 35, 35, 35, 35, 324, 324, 213, 246, 246, 246, 246, 246, 246, 464, 19, 19, 250, 250, 284, 284, 284, 284, 250, 35, 35, 35, 182, 182, 182, 182, 182, 182, 182, 182, 182, 182, 355, 250, 250, 250, 250, 250, 250, 250, 250, 250, 35, 250, 284, 284, 284, 284, 35, 35, 324, 324, 324, 324, 324, 324, 246, 246, 246, 246, 246, 246, 246, 464, 132, 132, 19, 355, 355, 414, 414, 414, 414, 414, 414, 170, 170, 392, 47, 47, 320, 320, 320, 320, 47, 392, 392, 392, 392, 392, 392, 392, 392, 392, 392, 392, 392, 392, 73, 73, 320, 320, 320, 320, 287, 287, 287, 284, 284, 284, 284, 284, 284, 284, 284, 284, 284, 284, 284, 284, 284, 284, 284, 284, 35, 35, 35, 324, 324, 324, 324, 324, 246, 246, 246, 132, 19, 355, 284, 284, 284, 284, 284, 284, 284, 284, 284, 35, 35, 35, 35, 35, 35, 35, 35, 35, 182, 182, 182, 355, 284, 284, 284, 284, 284, 284, 284, 284, 284, 35, 250, 250, 284, 284, 284, 250, 250, 250, 284, 284, 284, 284, 284, 284, 284, 284, 284, 35, 35, 35, 35, 35, 35, 284, 284, 250, 35, 35, 35, 284, 48, 414, 414, 414, 414, 170, 170, 47, 320, 35, 35, 284, 284, 284, 284, 284, 284, 284, 284, 284, 284, 284, 414, 414, 392, 392, 392, 392, 392, 392, 392, 392, 392, 392, 392, 392, 392, 392, 392, 392, 392, 392, 73, 73, 73, 73, 73, 73, 73, 73, 320, 320, 320, 320, 320, 320, 320, 287, 287, 287, 35, 35, 284, 284, 392, 392, 392, 392, 320, 320, 392, 392, 392]

ep8
Train step Loss: [4.329163074493408, 4.226545810699463, 4.344816207885742, 4.4416680335998535, 4.41251277923584, 4.347320079803467, 4.256261348724365, 4.400473117828369, 4.426687717437744, 4.318169593811035, 4.215658187866211, 4.270684719085693, 4.285398483276367, 4.181541442871094, 4.306828498840332, 4.236271381378174, 4.382917881011963, 4.329713821411133, 4.335551738739014, 4.41689395904541, 4.324997901916504, 4.284270286560059, 4.4022955894470215, 4.329036712646484, 4.353486061096191, 4.2497334480285645, 4.247807025909424, 4.4531779289245605, 4.230233669281006, 4.32075309753418, 4.250298023223877, 4.310474872589111, 4.087610721588135, 4.492534637451172, 4.230819225311279, 4.312083721160889, 4.273604869842529, 4.274223804473877, 4.314802646636963, 4.199592113494873, 4.3105669021606445, 4.2532782554626465, 4.279875755310059, 4.229557991027832, 4.286782741546631, 4.259390354156494, 4.288598537445068, 4.246890068054199, 4.176116466522217, 4.226134300231934, 4.278275489807129, 4.319190502166748, 4.179958820343018, 4.3317060470581055, 4.155928134918213, 4.260998249053955, 4.1982550621032715, 4.250917434692383, 4.398055076599121, 4.221298694610596, 4.1779046058654785, 4.176948547363281, 4.191726207733154]
val step Loss: [4.481478691101074, 4.614134788513184, 4.672978401184082, 4.670394420623779, 4.6016926765441895, 4.6608662605285645, 4.573505878448486, 4.534479141235352, 4.62265682220459, 4.740371227264404, 4.592452526092529, 4.559678077697754, 4.548117160797119, 4.643024444580078, 4.716876029968262, 4.581428527832031]
Train step Accs: [0.14401455026455026, 0.17463401995077082, 0.14926704907584448, 0.13568392885251063, 0.13990610328638498, 0.1523016650342801, 0.15959928640043913, 0.13205265986029016, 0.13794520547945205, 0.15393535294970284, 0.17465145754119138, 0.16775738228252196, 0.14694178334561533, 0.17311060218240604, 0.15453052285792498, 0.1671520093185789, 0.14800678541136555, 0.16106484235574062, 0.14335469490108665, 0.13544258798435835, 0.15518660812294183, 0.14553800459025246, 0.13560022026431717, 0.1433924196570111, 0.14058483290488433, 0.15199562602515035, 0.148529611058409, 0.12924322640921831, 0.16948506039415132, 0.14385150812064965, 0.15054835493519442, 0.1582288783981768, 0.18691460055096418, 0.1314171314171314, 0.169237182159233, 0.14222853087295956, 0.15993788819875776, 0.14717437292233304, 0.15136, 0.16173628660621375, 0.15380108393144867, 0.15707363195839735, 0.14936138241923366, 0.16117216117216118, 0.14817813765182186, 0.15588020452885318, 0.13694317645206988, 0.151824409338739, 0.16776064722943063, 0.17457678355501813, 0.16773004395292784, 0.15887708649468893, 0.1595773503115687, 0.1495511942796288, 0.18278445722251263, 0.16195161951619516, 0.16609139859174377, 0.1603546738803727, 0.13311837862736067, 0.16150740242261102, 0.1726099625364229, 0.17575662042875156, 0.1660527061490507]
val step Accs: [0.12002724795640327, 0.11335311572700296, 0.1125, 0.10057615230460921, 0.11559717531470678, 0.10426953238454836, 0.11628208452164895, 0.10682148040638606, 0.11098543757952778, 0.08987388269866536, 0.10639853747714809, 0.12936628468866493, 0.12285610023111544, 0.10272754224725764, 0.09799583550234253, 0.11092330445806042]
Preds: [17, 17, 17, 17, 284, 284, 284, 284, 284, 284, 284, 35, 35, 35, 35, 250, 250, 35, 35, 35, 35, 35, 35, 35, 35, 35, 284, 284, 284, 35, 35, 35, 35, 35, 35, 35, 35, 182, 324, 324, 213, 246, 464, 19, 355, 355, 284, 284, 182, 182, 324, 324, 324, 246, 246, 246, 246, 246, 19, 19, 355, 250, 464, 213, 324, 246, 464, 132, 132, 355, 355, 284, 284, 284, 284, 284, 284, 284, 284, 284, 284, 284, 284, 284, 284, 35, 240, 324, 324, 464, 464, 132, 132, 182, 182, 182, 182, 182, 182, 182, 182, 182, 132, 464, 324, 246, 246, 246, 464, 132, 132, 182, 182, 182, 182, 182, 182, 355, 355, 48, 48, 414, 414, 414, 414, 170, 170, 392, 392, 392, 392, 392, 392, 73, 320, 320, 320, 320, 392, 392, 392, 392, 392, 392, 73, 73, 73, 320, 320, 320, 7, 7, 287, 287, 35, 284, 35, 35, 35, 284, 284, 284, 284, 284, 284, 284, 284, 250, 35, 284, 284, 284, 284, 284, 284, 284, 284, 284, 35, 35, 324, 324, 324, 324, 324, 324, 324, 324, 324, 246, 464, 464, 132, 132, 464, 132, 182, 182, 182, 182, 182, 182, 250, 250, 284, 284, 284, 284, 250, 250, 250, 250, 250, 35, 182, 182, 35, 250, 250, 250, 284, 284, 284, 284, 250, 182, 250, 250, 250, 250, 284, 98, 414, 414, 414, 414, 170, 170, 392, 392, 392, 392, 392, 47, 47, 47, 320, 320, 320, 320, 320, 73, 392, 392, 392, 73, 73, 320, 320, 320, 7, 287, 287, 284, 284, 284, 35, 35, 35, 35, 35, 35, 35, 250, 35, 35, 250, 35, 35, 35, 35, 35, 35, 486, 284, 284, 284, 284, 250, 250, 35, 35, 35, 35, 35, 35, 35, 35, 284, 98, 48, 414, 414, 414, 414, 414, 414, 47, 287, 287, 287, 284, 284, 284, 284, 284, 284, 284, 284, 284, 284, 284, 284, 284, 284, 284, 35, 35, 35, 35, 35, 35, 35, 284, 284, 284, 284, 284, 250, 35, 240, 324, 324, 324, 324, 464, 464, 464, 132, 132, 132, 182, 182, 182, 182, 182, 182, 182, 182, 182, 250, 284, 284, 284, 284, 284, 284, 250, 182, 182, 182, 182, 182, 182, 182, 182, 182, 182, 182, 182, 182, 250, 182, 182, 355, 98, 48, 414, 414, 414, 414, 414, 170, 392, 392, 392, 392, 392, 392, 392, 392, 392, 392, 392, 392, 392, 392, 73, 73, 320, 320, 320, 7, 287, 287, 284, 284, 284, 284, 35, 35, 35, 35, 35, 35, 35, 35, 35, 35, 35, 35, 35, 35, 182, 182, 182, 250, 284, 284, 284, 35, 35, 35, 250, 250, 250, 284, 284, 284, 250, 284, 284, 48, 414, 414, 284, 284, 35, 240, 324, 324, 464, 464, 464, 464, 464, 464, 464, 464, 464, 464, 464, 464, 464, 464, 464, 464, 464, 464, 464, 464, 464, 464, 464, 464, 464, 464, 464, 464, 464, 464, 464, 464, 464, 464, 464, 464, 464, 464, 464, 464, 464, 464, 464, 464, 464, 464, 464, 464, 464, 464, 464, 464, 464, 464, 464, 464, 464, 464, 464, 464, 464, 464, 464, 464, 464, 464, 464, 464, 464, 464, 464, 464, 464, 464, 464, 464, 464, 464, 464, 464, 464, 464, 464, 464, 464, 464, 464, 464, 464, 464, 464, 464, 464, 464, 464, 464, 464, 464, 464, 464, 464, 464, 464, 464, 464, 464, 464, 464, 464, 464, 464, 464, 464, 464, 464, 464, 464, 464, 464, 464, 464, 464, 464, 464, 464, 464, 464, 464, 464, 464, 464, 464, 464, 464, 464, 464, 464, 464, 464]

ep9
Train step Loss: [4.062118053436279, 4.120872497558594, 4.302450656890869, 4.246854782104492, 4.137654781341553, 4.281259536743164, 4.213958740234375, 4.247110843658447, 4.152018070220947, 4.124730110168457, 4.126352310180664, 4.107145309448242, 4.153030872344971, 4.19326114654541, 4.255996227264404, 4.125815391540527, 4.050313949584961, 4.201326370239258, 4.2027201652526855, 4.184054374694824, 4.062506675720215, 4.1777801513671875, 4.182381629943848, 4.162748336791992, 4.296814918518066, 4.030498504638672, 3.962916612625122, 4.225399971008301, 4.049994945526123, 4.204245567321777, 4.1114702224731445, 4.114067554473877, 4.236161231994629, 4.062341690063477, 4.193604469299316, 4.095466136932373, 4.18136739730835, 4.105995178222656, 4.093223571777344, 4.112246513366699, 4.157501697540283, 4.1937055587768555, 4.14406681060791, 4.2765069007873535, 4.124965190887451, 4.2068867683410645, 4.001737117767334, 4.064541339874268, 4.093710422515869, 4.127306938171387, 4.151813507080078, 4.173781394958496, 3.992253303527832, 4.049903869628906, 4.027684211730957, 4.129688262939453, 4.141995429992676, 4.0484724044799805, 4.19583797454834, 4.10140323638916, 4.165426254272461, 4.128676414489746, 4.1454339027404785]
val step Loss: [4.491974830627441, 4.484311103820801, 4.485103607177734, 4.568037509918213, 4.429409027099609, 4.554297924041748, 4.535364627838135, 4.507323741912842, 4.533586502075195, 4.491397857666016, 4.450927257537842, 4.5167059898376465, 4.3828206062316895, 4.521284580230713, 4.399489402770996, 4.448382377624512]
Train step Accs: [0.19053042629352424, 0.16792479703745905, 0.159930212271009, 0.14492085446442293, 0.16776315789473684, 0.14998072227220152, 0.1748046875, 0.16748577340920848, 0.1753176043557169, 0.17534904668968623, 0.17639887845910032, 0.17015083355385022, 0.1623459413514662, 0.15820743507044643, 0.15793458509993943, 0.16785978770673907, 0.1864216580165521, 0.16750912664981746, 0.1707192219093934, 0.17371965942305248, 0.1826317116208722, 0.17236487445027662, 0.17925386715195632, 0.17566070580788098, 0.1601096420509513, 0.19986915276414785, 0.21350413664264745, 0.1607062696393835, 0.19393013933956862, 0.16051177667926722, 0.17699115044247787, 0.18380622837370242, 0.1613528009535161, 0.1783783783783784, 0.16964285714285715, 0.1810512654120701, 0.1757679180887372, 0.18547871660488305, 0.18097591105620753, 0.16619797525309335, 0.15793493202993739, 0.1587274290627687, 0.181234335839599, 0.15385702175755864, 0.1740041928721174, 0.18875685557586838, 0.19577862722286854, 0.18874172185430463, 0.1856515373352855, 0.18236565781346512, 0.1836832825773361, 0.18223408311094166, 0.20044910179640718, 0.1628167436651267, 0.1844230268299036, 0.17118902439024392, 0.16253180661577607, 0.1914044512663085, 0.15942658557775846, 0.17248525426430736, 0.1773453567473501, 0.17476527754900345, 0.1769559902200489]
val step Accs: [0.12292146328984395, 0.10882197569994717, 0.14012738853503184, 0.10371007019051712, 0.12773722627737227, 0.11759956942949408, 0.11315857773163769, 0.11790755604760587, 0.11641519250780437, 0.13670643082407788, 0.11992475309609657, 0.11641791044776119, 0.1363812977593576, 0.10904007455731593, 0.1359078590785908, 0.13177498073465194]
Preds: [17, 17, 17, 17, 284, 284, 284, 35, 35, 35, 35, 35, 35, 250, 250, 250, 35, 35, 35, 35, 35, 35, 35, 486, 486, 284, 284, 284, 284, 284, 250, 35, 35, 35, 35, 35, 35, 250, 284, 284, 284, 284, 284, 284, 284, 284, 284, 284, 284, 35, 35, 35, 35, 464, 464, 464, 324, 213, 213, 213, 213, 246, 246, 464, 464, 19, 19, 355, 355, 284, 284, 35, 35, 35, 35, 35, 250, 250, 250, 35, 35, 35, 35, 250, 284, 284, 284, 250, 35, 35, 35, 35, 464, 132, 182, 182, 355, 355, 284, 284, 284, 35, 240, 324, 324, 213, 213, 246, 246, 246, 19, 19, 355, 355, 284, 284, 35, 35, 464, 464, 171, 464, 464, 464, 464, 464, 132, 19, 19, 250, 250, 293, 250, 35, 35, 35, 35, 182, 324, 213, 213, 246, 464, 464, 19, 19, 182, 132, 171, 213, 246, 246, 246, 464, 464, 19, 19, 182, 464, 213, 213, 246, 246, 246, 246, 19, 19, 454, 414, 414, 414, 414, 170, 170, 392, 392, 392, 47, 47, 320, 320, 47, 73, 392, 392, 73, 73, 73, 320, 320, 320, 7, 7, 35, 35, 35, 35, 171, 324, 213, 213, 213, 246, 246, 246, 246, 246, 246, 246, 246, 246, 246, 246, 246, 464, 19, 19, 132, 19, 19, 355, 355, 284, 284, 284, 284, 413, 35, 35, 35, 132, 182, 182, 132, 182, 132, 132, 464, 132, 182, 182, 182, 182, 182, 250, 250, 250, 250, 250, 250, 250, 284, 284, 284, 284, 284, 284, 284, 284, 284, 284, 284, 284, 414, 414, 414, 170, 170, 170, 392, 392, 392, 73, 47, 392, 73, 73, 73, 73, 320, 320, 320, 7, 7, 188, 171, 171, 171, 171, 171, 171, 464, 132, 19, 32, 132, 132, 132, 171, 171, 171, 171, 171, 464, 19, 19, 454, 355, 284, 284, 240, 374, 171, 171, 171, 464, 464, 464, 464, 464, 19, 19, 182, 250, 293, 293, 250, 250, 250, 35, 35, 182, 182, 374, 464, 464, 213, 213, 246, 246, 246, 246, 464, 19, 132, 132, 132, 132, 132, 132, 182, 182, 182, 182, 182, 464, 213, 213, 246, 246, 246, 246, 246, 246, 19, 19, 454, 414, 414, 414, 414, 170, 170, 170, 392, 392, 392, 392, 392, 392, 73, 320, 320, 320, 287, 287, 287, 284, 284, 284, 284, 35, 35, 35, 35, 35, 35, 35, 35, 35, 35, 35, 35, 35, 35, 35, 35, 35, 35, 486, 284, 284, 250, 35, 35, 284, 250, 35, 35, 35, 35, 35, 35, 35, 182, 182, 182, 182, 182, 182, 182, 182, 182, 182, 182, 182, 182, 182, 486, 355, 98, 98, 250, 35, 374, 464, 182, 250, 250, 250, 250, 284, 98, 284, 284, 284, 250, 35, 240, 324, 324, 324, 213, 246, 246, 246, 19, 19, 454, 98, 284, 284, 240, 464, 132, 132, 182, 250, 250, 250, 35, 35, 35, 250, 486, 250, 35, 35, 35, 35, 182, 324, 324, 213, 246, 246, 246, 246, 246, 19, 19, 454, 414, 414, 414, 414, 170, 170, 392, 392, 392, 392, 392, 47, 392, 392, 73, 320, 320, 320, 287, 287, 188, 171, 171, 35, 486, 250, 35, 35, 324, 324, 171, 464, 19, 98, 98, 250, 240, 374, 464, 464, 464, 464, 464, 464, 464, 464, 464, 464, 464, 464, 464, 464, 464, 464, 464, 464, 464, 464, 464, 464, 464, 464, 464, 464, 464, 464, 464, 464, 464, 464, 464, 464, 464, 464, 464, 464, 464, 464, 464, 464, 464, 464, 464, 464, 464, 464, 464, 464, 464, 464, 464, 464, 464, 464, 464, 464, 464, 464]

ep10
Train step Loss: [4.0235276222229, 4.178042411804199, 4.030333995819092, 4.043119430541992, 4.109567642211914, 3.959765911102295, 3.9960289001464844, 4.002850532531738, 4.020634174346924, 4.100932598114014, 4.023326396942139, 4.091400623321533, 4.122297286987305, 4.041465759277344, 4.023648738861084, 4.109501361846924, 4.092867374420166, 4.036253929138184, 4.059134483337402, 3.9902889728546143, 4.011144638061523, 4.110293388366699, 4.097026824951172, 3.933459758758545, 4.027029037475586, 3.985649824142456, 4.0502824783325195, 4.0292887687683105, 3.9110844135284424, 4.027741432189941, 3.9536826610565186, 3.983724355697632, 4.132661819458008, 4.113212585449219, 4.132806777954102, 4.1070404052734375, 3.9171628952026367, 3.9311916828155518, 4.035406589508057, 4.0096821784973145, 4.086292743682861, 4.049132347106934, 3.9280471801757812, 3.996110439300537, 3.953799247741699, 3.9192514419555664, 3.888376235961914, 3.9780797958374023, 4.025432586669922, 4.094944953918457, 3.9058449268341064, 3.908679723739624, 4.0289483070373535, 3.95550274848938, 4.075298309326172, 3.847693920135498, 3.935811996459961, 3.948601722717285, 3.9549529552459717, 4.059420108795166, 3.9411303997039795, 3.9889960289001465, 4.114466667175293]
val step Loss: [4.342713356018066, 4.286840915679932, 4.2786078453063965, 4.336214542388916, 4.307743549346924, 4.356618881225586, 4.4156928062438965, 4.345630645751953, 4.311750411987305, 4.409005165100098, 4.375281810760498, 4.401580810546875, 4.413756370544434, 4.398580074310303, 4.476955413818359, 4.361297130584717]
Train step Accs: [0.1903472443453329, 0.1606235768085479, 0.18551904623437046, 0.18446051325677018, 0.18508758332041544, 0.20746169220519653, 0.2029291649063512, 0.20294273594909862, 0.1909471919530595, 0.17868725868725868, 0.18331646667630475, 0.18036130536130537, 0.17176799440950385, 0.19817219817219817, 0.18363580436788682, 0.18074686256504438, 0.1824403028538148, 0.19378919080322485, 0.19136522753792298, 0.20015896145184792, 0.2001635322976288, 0.18008048289738432, 0.18215503186601453, 0.19878869448183042, 0.19004137537451848, 0.2018865054008824, 0.2066455324644828, 0.20471212357622093, 0.20354523227383864, 0.18996644831442722, 0.2039378901872899, 0.18758875319511503, 0.1741944004226096, 0.16870848708487085, 0.18121346502721225, 0.17022441160372195, 0.20558445113605256, 0.20023333819454572, 0.20059568131049887, 0.1862782191953588, 0.17037133891213388, 0.188, 0.19954251883745963, 0.19310820124052377, 0.19208959455628014, 0.20054458815520762, 0.21697558105325096, 0.1987179487179487, 0.1938984116999528, 0.16988355399585262, 0.21492081133648236, 0.20580645161290323, 0.18606979405034324, 0.19925883694412772, 0.19445264089701977, 0.2333606110201855, 0.20611961057023645, 0.2052109181141439, 0.19945317840054683, 0.18584920761965742, 0.20546318289786222, 0.19135166936314163, 0.18050767784393607]
val step Accs: [0.1427170868347339, 0.14115983026874115, 0.13924777490668963, 0.13382166502324272, 0.15358618099887344, 0.14606889297922693, 0.13467785598267462, 0.1443566458308763, 0.14873417721518986, 0.12205995388162952, 0.1439966992160638, 0.13748450199752033, 0.1224, 0.13596307175828787, 0.10990009082652134, 0.1483465730648439]
Preds: [17, 17, 17, 17, 284, 284, 284, 450, 35, 250, 250, 284, 250, 250, 250, 35, 35, 35, 35, 35, 35, 35, 35, 35, 240, 324, 324, 213, 246, 464, 464, 464, 19, 250, 132, 464, 324, 246, 246, 246, 246, 246, 246, 464, 464, 246, 19, 19, 454, 414, 414, 414, 414, 414, 170, 170, 170, 47, 47, 47, 47, 47, 320, 7, 188, 171, 171, 213, 213, 171, 464, 19, 19, 250, 250, 35, 35, 250, 250, 35, 35, 464, 464, 464, 132, 182, 182, 182, 182, 182, 35, 35, 182, 182, 35, 182, 464, 324, 324, 246, 246, 246, 246, 464, 19, 19, 454, 414, 414, 414, 414, 170, 170, 170, 47, 392, 47, 47, 47, 47, 47, 47, 47, 320, 320, 287, 287, 287, 35, 35, 240, 324, 324, 213, 213, 246, 246, 464, 464, 246, 246, 246, 246, 19, 19, 454, 414, 414, 414, 414, 47, 320, 287, 240, 324, 324, 213, 246, 246, 246, 246, 464, 464, 464, 464, 464, 132, 132, 19, 250, 355, 355, 355, 284, 284, 284, 250, 35, 35, 35, 250, 250, 250, 250, 250, 250, 35, 35, 250, 250, 250, 250, 250, 250, 250, 250, 250, 250, 250, 35, 35, 35, 35, 35, 182, 355, 98, 48, 414, 414, 414, 414, 414, 47, 7, 188, 240, 35, 355, 35, 35, 35, 35, 182, 132, 182, 182, 182, 464, 324, 324, 213, 213, 213, 246, 246, 464, 464, 19, 182, 182, 464, 213, 464, 464, 19, 355, 355, 355, 284, 250, 35, 35, 35, 250, 250, 250, 250, 35, 35, 35, 182, 182, 182, 182, 182, 182, 250, 250, 250, 355, 48, 48, 414, 414, 263, 284, 284, 284, 284, 284, 284, 284, 284, 284, 284, 284, 414, 414, 170, 320, 188, 240, 464, 464, 464, 464, 464, 464, 464, 464, 464, 464, 464, 464, 464, 464, 464, 464, 464, 464, 464, 464, 464, 464, 464, 464, 464, 464, 464, 464, 464, 464, 464, 464, 464, 464, 464, 464, 464, 464, 464, 464, 464, 464, 464, 464, 464, 464, 464, 464, 464, 464, 464, 464, 464, 464, 464, 464, 464, 464, 464, 464, 464, 464, 464, 464, 464, 464, 464, 464, 464, 464, 464, 464, 464, 464, 464, 464, 464, 464, 464, 464, 464, 464, 464, 464, 464, 464, 464, 464, 464, 464, 464, 464, 464, 464, 464, 464, 464, 464, 464, 464, 464, 464, 464, 464, 464, 464, 464, 464, 464, 464, 464, 464, 464, 464, 464, 464, 464, 464, 464, 464, 464, 464, 464, 464, 464, 464, 464, 464, 464, 464, 464, 464, 464, 464, 464, 464, 464, 464, 464, 464, 464, 464, 464, 464, 464, 464, 464, 464, 464, 464, 464, 464, 464, 464, 464, 464, 464, 464, 464, 464, 464, 464, 464, 464, 464, 464, 464, 464, 464, 464, 464, 464, 464, 464, 464, 464, 464, 464, 464, 464, 464, 464, 464, 464, 464, 464, 464, 464, 464, 464, 464, 464, 464, 464, 464, 464, 464, 464, 464, 464, 464, 464, 464, 464, 464, 464, 464, 464, 464, 464, 464, 464, 464, 464, 464, 464, 464, 464, 464, 464, 464, 464, 464, 464, 464, 464, 464, 464, 464, 464, 464, 464, 464, 464, 464, 464, 464, 464, 464, 464, 464, 464, 464, 464, 464, 464, 464, 464, 464, 464, 464, 464, 464, 464, 464, 464, 464, 464, 464, 464, 464, 464, 464, 464, 464, 464, 464, 464, 464, 464, 464, 464, 464, 464, 464, 464, 464, 464, 464, 464, 464, 464, 464, 464, 464, 464, 464, 464, 464, 464, 464, 464, 464, 464, 464, 464, 464, 464, 464, 464, 464, 464, 464, 464, 464, 464, 464]

ep11
Train step Loss: [3.897329330444336, 3.934558629989624, 4.020915508270264, 3.956597328186035, 3.9986534118652344, 3.9138424396514893, 3.8670008182525635, 3.9796712398529053, 3.8837666511535645, 3.9439923763275146, 3.8468854427337646, 3.9599146842956543, 3.8910155296325684, 4.071472644805908, 4.010328769683838, 3.9774887561798096, 3.8798041343688965, 3.8811845779418945, 3.9781768321990967, 3.950913667678833, 3.9223625659942627, 3.85124135017395, 3.8839797973632812, 3.8722875118255615, 3.8657948970794678, 3.966923236846924, 3.8661293983459473, 3.935988664627075, 3.9126522541046143, 3.9856011867523193, 3.9555397033691406, 3.86975359916687, 3.9180712699890137, 3.976076602935791, 3.9345650672912598, 4.025179386138916, 3.6936697959899902, 3.7835781574249268, 3.981729030609131, 3.934436798095703, 3.839733839035034, 3.9330432415008545, 3.8509249687194824, 3.8271572589874268, 3.9138123989105225, 3.685508966445923, 3.852484703063965, 3.90437388420105, 3.780003547668457, 3.9435408115386963, 3.7611682415008545, 3.889197587966919, 3.898538589477539, 3.7711799144744873, 3.828925371170044, 3.7899208068847656, 3.8649113178253174, 3.883333921432495, 3.8935794830322266, 3.6904137134552, 4.002870559692383, 3.780796527862549, 4.0057549476623535]
val step Loss: [4.223707675933838, 4.264867305755615, 4.340982913970947, 4.183096408843994, 4.254825115203857, 4.223742485046387, 4.190810680389404, 4.391632080078125, 4.286377429962158, 4.233459949493408, 4.257027626037598, 4.19826078414917, 4.333620548248291, 4.179821014404297, 4.1865081787109375, 4.24000358581543]
Train step Accs: [0.21206166868198306, 0.208659671937343, 0.19041683977288465, 0.2062727935813275, 0.19554490342591288, 0.2071478626489138, 0.22664776754075125, 0.2, 0.21307439824945296, 0.1882701606613633, 0.20203527815468114, 0.21146616541353383, 0.21280470720089661, 0.1728574017032071, 0.18299053215801503, 0.19402985074626866, 0.22164705882352942, 0.21142691415313225, 0.20233288470165994, 0.1996202874966097, 0.20219878175605407, 0.22812624850179783, 0.21005089058524173, 0.22223680756103964, 0.21460674157303372, 0.20281845813760707, 0.22000872473462266, 0.19760145028587367, 0.2199870214146658, 0.1996695125309832, 0.1881412391738841, 0.21047302184290467, 0.21354748603351956, 0.201195509549497, 0.20394420394420396, 0.19772545889864326, 0.2555128752311851, 0.22078265468006344, 0.19678972712680579, 0.2000296559905101, 0.22372045817021893, 0.193635952345046, 0.22195318805488298, 0.22397560005304337, 0.20228684359119142, 0.2545239503252513, 0.2089073157683563, 0.20893669838642945, 0.22446061866389394, 0.2075370840571963, 0.22761506276150628, 0.21964423820572312, 0.2039088950446291, 0.22982107355864811, 0.21223232619536522, 0.22789964534349139, 0.21495050967646626, 0.2116170461179218, 0.20212615166548548, 0.25818972209284274, 0.19363762102351315, 0.22890370160260956, 0.18578898800369117]
val step Accs: [0.15671641791044777, 0.15101070154577884, 0.13041481708250421, 0.174091359072267, 0.14960526315789474, 0.1546118115461181, 0.14517861939296267, 0.1310217422196959, 0.14104193138500634, 0.1533457249070632, 0.14801279122887162, 0.15888240200166806, 0.13209716831967802, 0.15169791530090468, 0.16562919565482728, 0.14825462012320328]
Preds: [17, 17, 17, 284, 284, 284, 284, 284, 250, 35, 35, 293, 250, 250, 250, 250, 250, 250, 250, 250, 35, 35, 35, 35, 35, 35, 182, 250, 250, 250, 98, 98, 355, 284, 284, 284, 284, 284, 284, 284, 284, 250, 250, 35, 35, 240, 240, 464, 324, 464, 324, 213, 464, 464, 464, 19, 250, 355, 355, 284, 35, 35, 35, 35, 182, 250, 284, 284, 284, 284, 284, 284, 284, 284, 284, 284, 250, 250, 35, 35, 250, 250, 35, 35, 413, 413, 250, 250, 284, 284, 284, 284, 284, 284, 284, 284, 250, 250, 240, 35, 35, 35, 35, 35, 250, 250, 250, 35, 35, 240, 35, 486, 355, 284, 284, 284, 284, 284, 284, 35, 240, 324, 464, 464, 464, 464, 464, 464, 324, 213, 213, 246, 464, 464, 464, 239, 239, 132, 464, 324, 213, 246, 464, 464, 464, 19, 139, 132, 182, 239, 250, 355, 355, 284, 284, 284, 250, 413, 413, 413, 35, 35, 240, 374, 324, 324, 324, 213, 213, 246, 246, 246, 246, 246, 246, 246, 246, 464, 464, 19, 464, 464, 464, 246, 246, 246, 464, 464, 19, 19, 355, 182, 213, 213, 464, 464, 464, 19, 355, 355, 355, 284, 284, 284, 250, 413, 413, 35, 240, 240, 464, 324, 324, 464, 464, 464, 464, 464, 464, 464, 19, 250, 250, 355, 355, 284, 284, 284, 284, 240, 240, 182, 182, 250, 250, 250, 35, 35, 35, 35, 293, 413, 35, 35, 240, 374, 324, 464, 132, 132, 355, 355, 355, 284, 284, 284, 284, 284, 284, 98, 414, 414, 414, 414, 47, 47, 47, 47, 320, 287, 287, 284, 284, 284, 284, 287, 7, 284, 284, 80, 80, 47, 320, 320, 7, 153, 35, 35, 35, 324, 324, 324, 464, 132, 239, 182, 182, 182, 250, 250, 250, 284, 284, 284, 250, 413, 240, 324, 324, 464, 464, 464, 464, 19, 355, 355, 284, 284, 250, 250, 413, 413, 250, 250, 250, 35, 35, 240, 324, 324, 324, 213, 246, 464, 464, 464, 132, 132, 132, 43, 250, 355, 355, 284, 284, 284, 250, 35, 35, 35, 240, 374, 182, 182, 43, 293, 293, 35, 35, 240, 324, 324, 213, 213, 213, 246, 246, 246, 246, 246, 246, 246, 246, 246, 246, 19, 19, 454, 454, 414, 414, 414, 170, 170, 170, 47, 47, 47, 392, 47, 47, 73, 392, 392, 73, 73, 320, 320, 320, 287, 287, 287, 287, 287, 284, 284, 413, 413, 35, 35, 35, 35, 284, 284, 284, 284, 284, 284, 284, 284, 240, 240, 240, 35, 250, 413, 413, 413, 413, 35, 35, 413, 250, 250, 35, 35, 35, 355, 98, 98, 98, 284, 250, 250, 35, 35, 35, 35, 240, 324, 324, 324, 213, 246, 464, 464, 464, 464, 246, 246, 246, 464, 19, 19, 19, 355, 250, 250, 250, 250, 240, 240, 464, 464, 464, 464, 464, 464, 464, 19, 19, 303, 182, 182, 182, 250, 250, 250, 250, 35, 182, 48, 48, 48, 414, 414, 414, 170, 170, 392, 392, 392, 392, 73, 47, 320, 320, 320, 47, 73, 73, 320, 73, 73, 320, 320, 287, 287, 287, 284, 284, 284, 284, 284, 284, 284, 35, 35, 240, 240, 240, 35, 324, 324, 213, 213, 213, 213, 246, 246, 246, 246, 464, 464, 464, 19, 19, 182, 355, 355, 355, 355, 284, 284, 284, 284, 240, 240, 35, 35, 35, 35, 293, 293, 293, 240, 324, 464, 464, 464, 239, 250, 250, 250, 250, 250, 250, 250, 240, 324, 324, 464, 464, 464, 464, 464, 464, 464, 464, 132, 132, 132, 132, 132, 132, 132, 132, 132, 464, 464]

ep12
Train step Loss: [3.8321001529693604, 3.8598010540008545, 3.767238140106201, 3.782522678375244, 3.8171017169952393, 3.868058681488037, 3.766206741333008, 3.823782205581665, 3.7746355533599854, 3.853677272796631, 3.737661838531494, 3.7518794536590576, 3.848748207092285, 3.7835028171539307, 3.848694324493408, 3.8001866340637207, 3.7931742668151855, 3.7478466033935547, 3.796973705291748, 3.8181309700012207, 3.76250958442688, 3.772690773010254, 3.892239809036255, 3.798058032989502, 3.7574777603149414, 3.756159782409668, 3.7545089721679688, 3.7955501079559326, 3.7579843997955322, 3.836843490600586, 3.8065829277038574, 3.763692617416382, 3.642749547958374, 3.7849271297454834, 3.8654825687408447, 3.7773752212524414, 3.727017879486084, 3.8464388847351074, 3.7021374702453613, 3.884735345840454, 3.7295384407043457, 3.8852338790893555, 3.7933573722839355, 3.833956003189087, 3.7706222534179688, 3.9606947898864746, 3.8760881423950195, 3.6411895751953125, 3.651522159576416, 3.7136290073394775, 3.6320302486419678, 3.946739435195923, 3.8388681411743164, 3.848827600479126, 3.8485846519470215, 3.858142614364624, 3.704970121383667, 3.6767656803131104, 3.7808268070220947, 3.743014097213745, 3.6915533542633057, 3.7512359619140625, 3.8508567810058594]
val step Loss: [4.183520317077637, 4.07373046875, 4.233750820159912, 4.1376142501831055, 4.114176273345947, 4.160106658935547, 4.1329240798950195, 4.129054546356201, 4.0986008644104, 4.154449462890625, 4.184237003326416, 4.025564670562744, 4.088151931762695, 4.164645195007324, 4.25290060043335, 4.134311199188232]
Train step Accs: [0.2248223986627664, 0.2154960371686253, 0.23449738903394257, 0.22726466938486084, 0.22789115646258504, 0.22075279755849442, 0.2250570125427594, 0.2239292997960571, 0.23547137322427894, 0.21335078534031413, 0.24401913875598086, 0.2366996699669967, 0.21874555539752524, 0.2327790973871734, 0.2092232349340226, 0.22817579771222155, 0.21763754045307443, 0.2308171206225681, 0.21939953810623555, 0.22136268967569175, 0.23260643821391486, 0.22440562833575933, 0.20976814377829606, 0.22668083975551423, 0.23608174770965468, 0.2288089643954455, 0.2279400860151268, 0.21089011144025957, 0.23423561980928945, 0.2233135923732486, 0.21416300820767323, 0.23505866114561766, 0.25716171617161715, 0.21787883507241862, 0.2207735767057801, 0.22951902748414377, 0.2384126984126984, 0.21518124829653856, 0.256483082242529, 0.21926066952244963, 0.2364516129032258, 0.20473904289917919, 0.22918848167539266, 0.21161290322580645, 0.219568345323741, 0.20179238237490665, 0.22767229254571028, 0.25120841626386126, 0.25447876992523627, 0.23612733644859812, 0.26403678606001935, 0.20315181775628022, 0.21171171171171171, 0.21657223796033995, 0.21251838972850073, 0.2145318352059925, 0.24120395821880153, 0.24386765544780376, 0.23624235686492495, 0.238, 0.24373512529749405, 0.22791673954871436, 0.23414961422341496]
val step Accs: [0.16449688093300788, 0.1772347266881029, 0.15724084379448686, 0.17552814405217637, 0.16675043980899723, 0.1654744229990552, 0.16546125461254613, 0.14782491944146078, 0.1797938144329897, 0.1572509254788347, 0.15964888218351392, 0.1871222076215506, 0.1785231268596159, 0.15821474773609315, 0.1595238095238095, 0.17375737152485257]
Preds: [17, 17, 17, 284, 35, 35, 35, 35, 171, 213, 246, 464, 464, 464, 132, 239, 132, 132, 132, 132, 324, 324, 246, 246, 246, 246, 464, 464, 132, 19, 355, 182, 182, 132, 464, 464, 464, 464, 464, 464, 464, 464, 324, 246, 246, 246, 464, 464, 464, 464, 464, 132, 239, 182, 43, 43, 250, 250, 250, 250, 250, 250, 250, 250, 35, 250, 250, 250, 413, 293, 413, 413, 413, 413, 250, 413, 413, 413, 413, 413, 486, 284, 284, 284, 413, 250, 250, 250, 250, 413, 413, 250, 240, 240, 35, 35, 250, 250, 35, 35, 182, 182, 182, 48, 48, 48, 48, 414, 414, 414, 170, 170, 47, 392, 47, 47, 392, 392, 392, 73, 392, 392, 73, 320, 320, 7, 7, 7, 35, 35, 171, 213, 213, 213, 171, 464, 464, 464, 464, 464, 139, 139, 32, 486, 355, 250, 240, 324, 464, 324, 213, 213, 246, 464, 464, 464, 464, 19, 355, 355, 486, 250, 240, 374, 132, 132, 355, 250, 250, 250, 250, 35, 240, 182, 182, 250, 182, 35, 182, 182, 182, 43, 182, 182, 182, 374, 182, 182, 182, 374, 324, 324, 213, 246, 246, 246, 246, 246, 246, 246, 464, 19, 19, 19, 250, 182, 250, 486, 284, 284, 284, 284, 284, 284, 284, 284, 284, 98, 263, 414, 414, 414, 170, 392, 392, 244, 320, 7, 287, 284, 7, 153, 35, 284, 98, 414, 392, 244, 320, 320, 188, 171, 171, 171, 213, 171, 464, 464, 239, 139, 182, 250, 250, 486, 284, 250, 250, 284, 35, 240, 240, 374, 464, 464, 464, 464, 132, 132, 132, 132, 132, 132, 132, 132, 132, 132, 132, 132, 132, 132, 464, 464, 464, 464, 464, 464, 464, 464, 464, 464, 464, 464, 464, 464, 464, 464, 464, 464, 464, 464, 464, 464, 464, 464, 464, 464, 464, 464, 464, 464, 464, 464, 464, 464, 464, 464, 464, 464, 464, 464, 464, 464, 464, 464, 464, 464, 464, 464, 464, 464, 464, 464, 464, 464, 464, 464, 464, 464, 464, 464, 464, 464, 464, 464, 464, 464, 464, 464, 464, 464, 464, 464, 464, 464, 464, 464, 464, 464, 464, 464, 464, 464, 464, 464, 464, 464, 464, 464, 464, 464, 464, 464, 464, 464, 464, 464, 464, 464, 464, 464, 464, 464, 464, 464, 464, 464, 464, 464, 464, 464, 464, 464, 464, 464, 464, 464, 464, 464, 464, 464, 464, 464, 464, 464, 464, 464, 464, 464, 464, 464, 464, 464, 464, 464, 464, 464, 464, 464, 464, 464, 464, 464, 464, 464, 464, 464, 464, 464, 464, 464, 464, 464, 464, 464, 464, 464, 464, 464, 464, 464, 464, 464, 464, 464, 464, 464, 464, 464, 464, 464, 464, 464, 464, 464, 464, 464, 464, 464, 464, 464, 464, 464, 464, 464, 464, 464, 464, 464, 464, 464, 464, 464, 464, 464, 464, 464, 464, 464, 464, 464, 464, 464, 464, 464, 464, 464, 464, 464, 464, 464, 464, 464, 464, 464, 464, 464, 464, 464, 464, 464, 464, 464, 464, 464, 464, 464, 464, 464, 464, 464, 464, 464, 464, 464, 464, 464, 464, 464, 464, 464, 464, 464, 464, 464, 464, 464, 464, 464, 464, 464, 464, 464, 464, 464, 464, 464, 464, 464, 464, 464, 464, 464, 464, 464, 464, 464, 464, 464, 464, 464, 464, 464, 464, 464, 464, 464, 464, 464, 464, 464, 464, 464, 464, 464, 464, 464, 464, 464, 464, 464, 464, 464, 464, 464, 464, 464, 464, 464, 464, 464, 464, 464, 464, 464, 464, 464, 464, 464, 464, 464, 464, 464, 464, 464, 464, 464, 464, 464, 464, 464]

ep13
Train step Loss: [3.6660900115966797, 3.8277428150177, 3.806957244873047, 3.7372095584869385, 3.6657426357269287, 3.824124574661255, 3.8410818576812744, 3.7600386142730713, 3.604515314102173, 3.6684679985046387, 3.7628958225250244, 3.7846248149871826, 3.7752482891082764, 3.6686158180236816, 3.547617197036743, 3.750349998474121, 3.689570665359497, 3.7703006267547607, 3.690912961959839, 3.6867737770080566, 3.602564573287964, 3.8109939098358154, 3.484726905822754, 3.638719081878662, 3.720259428024292, 3.6326632499694824, 3.8418166637420654, 3.7094972133636475, 3.592276096343994, 3.607606887817383, 3.760070323944092, 3.6405768394470215, 3.747936487197876, 3.755540609359741, 3.7193410396575928, 3.6777379512786865, 3.6868350505828857, 3.615112066268921, 3.838273525238037, 3.680178165435791, 3.7045907974243164, 3.7162299156188965, 3.6915929317474365, 3.7000725269317627, 3.5728650093078613, 3.714548349380493, 3.7104146480560303, 3.649688243865967, 3.6307077407836914, 3.6480276584625244, 3.6372504234313965, 3.6499619483947754, 3.6120972633361816, 3.503056526184082, 3.6445534229278564, 3.6679320335388184, 3.7146353721618652, 3.599794626235962, 3.6286795139312744, 3.512671947479248, 3.5382933616638184, 3.6787917613983154, 3.6598105430603027]
val step Loss: [3.9319324493408203, 4.015982151031494, 4.115692138671875, 4.108674049377441, 4.157667636871338, 3.9139490127563477, 4.0414509773254395, 3.905639171600342, 4.073031902313232, 4.057058811187744, 4.072554588317871, 3.973092555999756, 4.047634601593018, 4.047902584075928, 4.054502487182617, 3.9306998252868652]
Train step Accs: [0.25420037336652146, 0.2153439929587795, 0.23534010946051603, 0.22852459016393442, 0.24469896300882216, 0.2130718954248366, 0.21159464862371213, 0.22317006053935057, 0.26674570243034973, 0.25406475328714834, 0.23258411280189864, 0.22615682190150274, 0.2301041115228516, 0.24684092089319717, 0.2726038555525387, 0.24674761491760624, 0.23174861167547067, 0.23129648534344466, 0.24938559047988618, 0.2381175368766097, 0.251628664495114, 0.22878720568636163, 0.2851113375054577, 0.24701948240767665, 0.2452662721893491, 0.25405580791693705, 0.22249351442087595, 0.2563405797101449, 0.25401579090661586, 0.2628992628992629, 0.2325678496868476, 0.24652391546162403, 0.23446802014959547, 0.22779870828848223, 0.23586206896551723, 0.2461683248184996, 0.22967508018407476, 0.2634739308728764, 0.21706658191641506, 0.24577804583835947, 0.24471970779736382, 0.23637486490659257, 0.2433551950293407, 0.23831644144144143, 0.25343031906100183, 0.2304712717882505, 0.23139255702280911, 0.2577306414515717, 0.2513886910696482, 0.24950241683252772, 0.25769059295586266, 0.2505192107995846, 0.24394119984108065, 0.2728921124206709, 0.2343083003952569, 0.247953216374269, 0.22542422469280282, 0.26418576041826847, 0.24323284156510583, 0.28676761026991443, 0.26606217616580313, 0.23741102030055364, 0.26052188552188554]
val step Accs: [0.19811449651591748, 0.18768727867066196, 0.17652003362286356, 0.16633266533066132, 0.16340916372957384, 0.19867736034895173, 0.18256756756756756, 0.1984659635666347, 0.1798368765877791, 0.1777462243449077, 0.18134789481247304, 0.1887966804979253, 0.18316698138656595, 0.17921460730365182, 0.18001788680209532, 0.1822458580486807]
Preds: [17, 17, 17, 284, 284, 284, 284, 284, 284, 35, 35, 35, 35, 35, 35, 35, 35, 35, 250, 250, 250, 250, 35, 35, 240, 324, 324, 324, 213, 246, 246, 246, 246, 19, 464, 464, 139, 486, 355, 355, 355, 35, 324, 324, 324, 213, 246, 246, 246, 19, 19, 454, 414, 414, 414, 414, 414, 392, 392, 392, 392, 392, 392, 392, 392, 392, 73, 320, 320, 320, 320, 320, 7, 287, 284, 287, 284, 293, 35, 35, 35, 250, 284, 284, 250, 35, 35, 240, 264, 264, 324, 324, 464, 464, 464, 324, 246, 464, 464, 464, 464, 464, 246, 246, 19, 19, 19, 250, 355, 355, 250, 240, 464, 464, 132, 324, 324, 213, 464, 464, 139, 132, 132, 464, 464, 324, 324, 246, 246, 464, 19, 250, 43, 43, 43, 240, 324, 213, 213, 246, 246, 246, 246, 246, 246, 19, 19, 454, 454, 414, 414, 414, 414, 320, 188, 188, 32, 250, 250, 413, 182, 182, 182, 182, 324, 324, 324, 324, 246, 464, 464, 464, 464, 464, 139, 139, 239, 239, 239, 132, 132, 374, 464, 324, 324, 213, 246, 246, 464, 464, 239, 139, 355, 355, 374, 324, 324, 213, 464, 464, 464, 464, 464, 19, 355, 355, 355, 355, 250, 250, 250, 250, 35, 250, 250, 250, 250, 35, 35, 182, 182, 182, 182, 182, 98, 98, 98, 414, 414, 414, 414, 170, 392, 392, 392, 63, 63, 63, 63, 63, 63, 63, 63, 63, 63, 63, 63, 63, 63, 63, 73, 320, 320, 320, 320, 287, 287, 7, 7, 35, 293, 284, 284, 284, 284, 284, 450, 293, 293, 35, 240, 324, 35, 35, 35, 250, 35, 35, 35, 182, 324, 374, 132, 250, 486, 250, 35, 35, 182, 182, 182, 182, 182, 182, 182, 240, 324, 324, 464, 464, 464, 139, 19, 486, 250, 250, 250, 250, 250, 250, 250, 284, 240, 240, 240, 303, 250, 250, 250, 35, 35, 324, 324, 464, 464, 132, 139, 132, 464, 464, 464, 464, 464, 464, 19, 355, 355, 355, 250, 355, 98, 414, 414, 414, 414, 170, 392, 392, 392, 392, 63, 63, 63, 63, 63, 63, 63, 63, 63, 63, 63, 63, 63, 63, 63, 63, 63, 73, 73, 73, 320, 320, 320, 320, 7, 7, 153, 7, 240, 324, 324, 213, 213, 246, 464, 464, 464, 464, 239, 19, 355, 355, 486, 284, 284, 250, 250, 413, 413, 413, 35, 35, 293, 293, 35, 240, 374, 464, 324, 324, 246, 464, 464, 139, 239, 239, 239, 182, 374, 324, 324, 213, 246, 246, 19, 19, 454, 454, 414, 414, 414, 414, 47, 320, 287, 7, 153, 35, 250, 250, 240, 240, 374, 132, 132, 132, 43, 250, 250, 250, 250, 250, 250, 355, 250, 182, 182, 182, 182, 250, 250, 250, 250, 355, 355, 182, 240, 240, 374, 132, 132, 132, 132, 132, 132, 132, 132, 132, 132, 132, 132, 132, 132, 132, 132, 132, 132, 132, 132, 132, 132, 132, 132, 132, 132, 132, 132, 132, 132, 132, 132, 132, 132, 132, 132, 132, 132, 132, 132, 132, 132, 132, 132, 132, 132, 132, 132, 132, 132, 132, 132, 132, 132, 132, 132, 132, 132, 132, 132, 132, 132, 132, 132, 132, 132, 132, 132, 132, 132, 132, 132, 132, 132, 132, 132, 132, 132, 132, 132, 132, 132, 132, 132, 132, 132, 132, 132, 132, 132, 132, 132, 132, 132, 132, 132, 132, 132, 132, 132, 132, 132, 132, 132, 132, 132, 132, 132, 132, 132, 132, 132, 132, 132, 132, 132, 132, 132, 132, 132, 132, 132, 132, 132, 132, 132, 132, 132, 132, 132, 132]

ep14
Train step Loss: [3.705703020095825, 3.518970251083374, 3.703606605529785, 3.55861759185791, 3.612694501876831, 3.748417854309082, 3.6567187309265137, 3.6969962120056152, 3.6757419109344482, 3.7613327503204346, 3.689603090286255, 3.5525104999542236, 3.671496868133545, 3.5993645191192627, 3.6780812740325928, 3.603022813796997, 3.699000358581543, 3.4125258922576904, 3.687741279602051, 3.5601353645324707, 3.5865676403045654, 3.6728429794311523, 3.5392708778381348, 3.5450432300567627, 3.5529286861419678, 3.6241567134857178, 3.4890074729919434, 3.53071928024292, 3.548551559448242, 3.5499589443206787, 3.464245319366455, 3.5702948570251465, 3.5743134021759033, 3.4934189319610596, 3.5883538722991943, 3.646996259689331, 3.6039724349975586, 3.500155448913574, 3.6310863494873047, 3.5977635383605957, 3.552307367324829, 3.432457447052002, 3.51942777633667, 3.5122926235198975, 3.5218942165374756, 3.6707262992858887, 3.492058515548706, 3.5753986835479736, 3.468738555908203, 3.5231399536132812, 3.5982139110565186, 3.6323282718658447, 3.4684367179870605, 3.5943219661712646, 3.5068345069885254, 3.463176727294922, 3.4043195247650146, 3.529463768005371, 3.470168352127075, 3.622971534729004, 3.4312305450439453, 3.5846829414367676, 3.4316158294677734]
val step Loss: [3.9318478107452393, 3.936131000518799, 3.780099630355835, 3.9183545112609863, 3.9762728214263916, 3.91656231880188, 3.8787217140197754, 3.8993782997131348, 3.8801321983337402, 3.962296724319458, 3.958962917327881, 3.9151499271392822, 3.9531359672546387, 3.9611477851867676, 3.842855453491211, 3.9934582710266113]
Train step Accs: [0.2425385372253198, 0.2779808529155788, 0.24714726808967646, 0.2576635117954513, 0.25615246098439376, 0.22628977448254556, 0.24605815130912773, 0.24484304932735426, 0.24157043879907622, 0.22346275620729877, 0.2429137905713027, 0.26152520465316675, 0.24229207399608962, 0.24856696195935382, 0.24812860473677753, 0.25638506876227896, 0.24437743435104914, 0.28050369083803733, 0.23492286115007013, 0.26507276507276506, 0.255807848799055, 0.25708714564271784, 0.267110428400751, 0.27265917602996254, 0.2771805687848687, 0.24591752006642678, 0.2805602716468591, 0.27111111111111114, 0.26766917293233083, 0.26860254083484575, 0.29671682626538987, 0.2706809229037704, 0.27170553526271424, 0.2759084791386272, 0.2555403556771546, 0.24624428478118876, 0.25988870506843137, 0.2802044044287626, 0.25175479644361254, 0.26963522839303317, 0.2598414243983864, 0.28738276411254643, 0.2601435274634281, 0.2747272402074763, 0.27327207351178584, 0.2516821760916249, 0.26722944921118186, 0.26557976535121136, 0.29189839170299114, 0.26920395929178864, 0.25139186295503213, 0.2521840419336051, 0.2836163963733878, 0.25861191243848636, 0.28226681127982645, 0.27604540882310674, 0.2857142857142857, 0.2696957065443935, 0.2735885788449059, 0.26647862232779096, 0.29120800571837024, 0.2541249263406011, 0.27614169867690996]
val step Accs: [0.19592381414533544, 0.20226796499445335, 0.23527819141735482, 0.1951388888888889, 0.1885791978246091, 0.20299500831946754, 0.20883534136546184, 0.20702740688685875, 0.20642593119135627, 0.19682886823400766, 0.2012430080795525, 0.20330866347409665, 0.1958719460825611, 0.19972027972027973, 0.21775986659255142, 0.19305277221108885]
Preds: [17, 17, 240, 240, 293, 240, 35, 35, 293, 293, 293, 250, 284, 284, 240, 267, 374, 464, 132, 32, 32, 35, 374, 374, 464, 464, 464, 464, 132, 374, 464, 464, 464, 464, 464, 132, 250, 250, 32, 132, 43, 250, 497, 182, 35, 35, 486, 284, 284, 35, 293, 293, 293, 250, 98, 98, 98, 98, 414, 414, 414, 414, 47, 47, 47, 47, 73, 73, 73, 73, 73, 321, 320, 320, 287, 287, 287, 287, 287, 284, 284, 284, 284, 284, 284, 48, 73, 392, 73, 392, 63, 63, 63, 73, 73, 73, 320, 7, 7, 7, 7, 7, 293, 293, 35, 240, 171, 213, 213, 171, 213, 246, 246, 246, 246, 246, 246, 246, 246, 246, 246, 246, 246, 464, 464, 464, 464, 464, 464, 464, 464, 464, 132, 132, 239, 32, 182, 182, 132, 132, 464, 464, 324, 324, 213, 213, 246, 246, 246, 246, 246, 246, 246, 246, 246, 246, 464, 19, 19, 19, 486, 250, 250, 250, 240, 464, 464, 464, 324, 324, 213, 464, 464, 464, 464, 464, 132, 132, 132, 19, 250, 486, 293, 240, 132, 374, 464, 464, 464, 464, 464, 464, 464, 464, 19, 355, 355, 250, 250, 250, 250, 250, 250, 250, 250, 250, 250, 250, 293, 293, 250, 35, 182, 182, 182, 182, 182, 182, 182, 182, 182, 182, 250, 182, 182, 303, 497, 250, 250, 250, 250, 240, 240, 132, 132, 303, 250, 250, 303, 303, 497, 497, 497, 250, 182, 182, 182, 182, 250, 250, 250, 240, 240, 464, 464, 464, 464, 139, 139, 43, 497, 497, 497, 293, 293, 293, 250, 35, 250, 250, 35, 250, 250, 250, 413, 293, 293, 35, 115, 324, 464, 464, 464, 464, 19, 303, 182, 43, 250, 250, 250, 98, 98, 98, 355, 414, 414, 414, 414, 414, 47, 47, 47, 47, 73, 47, 47, 392, 392, 392, 392, 392, 392, 73, 244, 73, 73, 320, 320, 7, 287, 287, 287, 287, 7, 287, 287, 293, 35, 35, 35, 35, 35, 35, 182, 182, 182, 182, 182, 182, 182, 182, 182, 182, 250, 250, 182, 182, 182, 182, 182, 182, 355, 355, 240, 374, 43, 250, 250, 293, 35, 35, 293, 293, 293, 293, 35, 35, 240, 324, 324, 324, 324, 464, 464, 132, 182, 139, 182, 182, 32, 182, 132, 132, 355, 355, 355, 355, 355, 355, 355, 355, 284, 284, 284, 284, 284, 284, 284, 460, 460, 460, 460, 35, 35, 293, 35, 35, 35, 486, 284, 284, 284, 460, 460, 293, 293, 413, 293, 293, 293, 240, 250, 284, 284, 284, 240, 240, 240, 182, 497, 497, 240, 324, 324, 324, 464, 464, 464, 464, 139, 139, 43, 497, 98, 98, 98, 98, 263, 450, 413, 293, 293, 293, 293, 293, 293, 35, 182, 497, 98, 98, 98, 48, 414, 414, 170, 170, 170, 170, 170, 392, 47, 47, 47, 392, 63, 63, 63, 63, 63, 63, 63, 73, 73, 321, 244, 244, 392, 63, 63, 63, 63, 63, 63, 63, 63, 63, 73, 73, 73, 73, 73, 73, 73, 321, 320, 320, 287, 287, 287, 287, 284, 284, 284, 284, 284, 284, 284, 284, 284, 284, 293, 293, 293, 250, 250, 250, 250, 35, 35, 35, 250, 250, 250, 250, 35, 35, 35, 35, 219, 264, 264, 464, 324, 213, 324, 171, 246, 246, 246, 464, 464, 143, 239, 19, 182, 132, 32, 132, 132, 464, 464, 132, 239, 374, 374, 374, 132, 132, 132, 355, 355, 355, 250, 284, 284, 284, 284, 284, 284, 284, 188, 188, 374, 250, 250, 293, 293, 293, 413, 413, 35, 35, 182, 182, 182, 35, 132, 132]

ep15
Train step Loss: [3.5837864875793457, 3.461616039276123, 3.539741039276123, 3.5167882442474365, 3.448603391647339, 3.4819157123565674, 3.3945870399475098, 3.527475357055664, 3.470216751098633, 3.4252171516418457, 3.470339775085449, 3.4636929035186768, 3.536141872406006, 3.507885456085205, 3.283950090408325, 3.458085060119629, 3.4851603507995605, 3.5253114700317383, 3.4799301624298096, 3.539111852645874, 3.4544389247894287, 3.5270986557006836, 3.5651142597198486, 3.4179039001464844, 3.3712918758392334, 3.4592323303222656, 3.4838829040527344, 3.5300281047821045, 3.536379814147949, 3.5517404079437256, 3.4771602153778076, 3.461106777191162, 3.4474103450775146, 3.4632391929626465, 3.501802444458008, 3.471879005432129, 3.529379367828369, 3.5019209384918213, 3.401317834854126, 3.4304280281066895, 3.449831247329712, 3.4059536457061768, 3.434842109680176, 3.405555009841919, 3.5577032566070557, 3.419682502746582, 3.4746668338775635, 3.44929575920105, 3.5651352405548096, 3.3519234657287598, 3.4196553230285645, 3.577298879623413, 3.497023344039917, 3.4332499504089355, 3.4055063724517822, 3.425109624862671, 3.3848047256469727, 3.3966190814971924, 3.4983315467834473, 3.4106414318084717, 3.429295539855957, 3.3445279598236084, 3.3700764179229736]
val step Loss: [3.805556058883667, 3.777747392654419, 3.7772557735443115, 3.828503370285034, 3.6913750171661377, 3.894835948944092, 3.789278030395508, 3.821169137954712, 3.8465466499328613, 3.790112018585205, 3.8611347675323486, 3.745610475540161, 3.809399366378784, 3.7882306575775146, 3.838721990585327, 3.8696722984313965]
Train step Accs: [0.266065888609839, 0.28607227644420996, 0.2686246418338109, 0.26930195663670015, 0.2782316194137434, 0.2776843285674236, 0.29158175262580344, 0.28614790286975716, 0.29049964813511614, 0.282540972504402, 0.27657697397441555, 0.28279143536875495, 0.26444887321784455, 0.26535055886195386, 0.3162909286097692, 0.2894615738610216, 0.294690114393034, 0.2738787066011027, 0.28362877997914493, 0.2868372379778052, 0.29830964271993854, 0.27855006158718987, 0.27057830308146896, 0.3003122338915697, 0.29701006093240756, 0.29440282062582634, 0.2829566854990584, 0.2792237794547975, 0.27939262472885035, 0.273891175125743, 0.28789706473663046, 0.2841348811498065, 0.2865133623368552, 0.28530670470756064, 0.2859914091727865, 0.27330197000882095, 0.2628841607565012, 0.2747019867549669, 0.3009830205540661, 0.2982193829006389, 0.2853006067291782, 0.303737580823214, 0.29185634800202326, 0.29280141321949066, 0.2741890767951206, 0.302517422841701, 0.2842091901497842, 0.2966398319915996, 0.2804049168474331, 0.3120378586217096, 0.29814760364598647, 0.26179792665944607, 0.27311917674871367, 0.29094316052467206, 0.2921193783523587, 0.29455330967443294, 0.28801693259524586, 0.3050510783200908, 0.27801885380817, 0.2956835614378102, 0.302649549303469, 0.3144492131616595, 0.2964376590330789]
val step Accs: [0.22859097127222983, 0.21821835231078365, 0.22650868007715624, 0.20309810671256454, 0.24145077720207253, 0.21289251625397704, 0.22219307450157397, 0.22112876452454353, 0.21092880978865405, 0.22973158981417757, 0.2064207650273224, 0.23836608066184076, 0.2210209388257835, 0.21325739598164847, 0.2192024384048768, 0.22006538618716795]
Preds: [17, 17, 287, 387, 35, 98, 98, 35, 284, 284, 284, 284, 414, 287, 35, 35, 250, 284, 284, 284, 284, 284, 284, 284, 450, 284, 284, 414, 414, 414, 414, 170, 170, 170, 47, 47, 47, 320, 7, 7, 7, 188, 188, 464, 464, 464, 464, 464, 464, 464, 464, 464, 464, 132, 374, 464, 464, 324, 324, 213, 213, 464, 464, 464, 464, 132, 132, 19, 98, 98, 355, 284, 240, 219, 464, 324, 246, 464, 19, 250, 43, 32, 240, 43, 240, 374, 132, 132, 239, 182, 182, 182, 98, 98, 355, 182, 355, 355, 413, 413, 413, 413, 413, 250, 303, 250, 413, 35, 35, 239, 250, 250, 284, 284, 284, 284, 460, 250, 240, 240, 240, 240, 374, 374, 132, 132, 239, 139, 43, 43, 43, 497, 98, 98, 98, 48, 414, 414, 414, 414, 170, 170, 47, 47, 170, 47, 47, 47, 47, 47, 47, 47, 73, 320, 320, 320, 7, 7, 188, 7, 171, 213, 464, 464, 182, 182, 43, 32, 182, 240, 182, 486, 355, 486, 250, 413, 35, 293, 413, 182, 35, 35, 43, 35, 115, 182, 324, 464, 464, 464, 139, 355, 355, 355, 250, 355, 98, 414, 414, 414, 414, 414, 47, 47, 47, 47, 320, 287, 287, 287, 284, 263, 47, 47, 47, 73, 244, 73, 73, 73, 73, 73, 73, 73, 73, 244, 320, 320, 320, 287, 287, 287, 287, 7, 35, 35, 35, 486, 284, 293, 250, 35, 115, 324, 324, 324, 324, 324, 324, 246, 246, 19, 454, 454, 454, 414, 414, 414, 47, 320, 320, 7, 7, 35, 35, 35, 35, 182, 35, 182, 182, 182, 182, 182, 182, 132, 132, 139, 43, 32, 182, 32, 497, 413, 413, 413, 250, 250, 250, 250, 240, 240, 35, 35, 35, 240, 240, 35, 267, 324, 324, 324, 324, 324, 213, 246, 464, 464, 19, 19, 454, 454, 414, 414, 414, 47, 320, 7, 7, 35, 182, 182, 182, 182, 182, 182, 182, 182, 182, 182, 250, 250, 182, 182, 182, 182, 98, 98, 413, 35, 35, 240, 182, 324, 324, 324, 213, 252, 139, 239, 239, 239, 182, 182, 132, 374, 464, 464, 464, 464, 464, 464, 464, 464, 464, 464, 239, 464, 464, 246, 19, 19, 454, 414, 414, 414, 414, 414, 170, 170, 170, 170, 47, 47, 47, 47, 47, 73, 73, 73, 73, 73, 73, 73, 73, 73, 320, 320, 320, 287, 287, 287, 7, 240, 240, 35, 35, 35, 35, 240, 240, 374, 264, 171, 171, 324, 213, 213, 464, 464, 139, 19, 355, 355, 355, 284, 284, 450, 293, 293, 293, 293, 413, 293, 122, 182, 182, 43, 43, 293, 293, 293, 497, 413, 98, 98, 98, 48, 414, 414, 414, 170, 170, 170, 47, 47, 47, 320, 320, 320, 7, 7, 7, 284, 287, 284, 284, 284, 284, 7, 293, 293, 293, 284, 284, 450, 284, 460, 284, 98, 355, 240, 240, 240, 240, 240, 132, 132, 132, 132, 132, 132, 132, 132, 132, 132, 132, 132, 132, 132, 132, 132, 132, 132, 132, 132, 132, 132, 132, 132, 132, 132, 132, 132, 132, 132, 132, 132, 132, 132, 132, 132, 132, 132, 132, 132, 132, 132, 132, 132, 132, 132, 132, 132, 132, 132, 132, 132, 132, 132, 132, 132, 132, 132, 132, 132, 132, 132, 132, 132, 132, 132, 132, 132, 132, 132, 132, 132, 132, 132, 132, 132, 132, 132, 132, 132, 132, 132, 132, 132, 132, 132, 132, 132, 132, 132, 132, 132, 132, 132, 132, 132, 132, 132, 132, 132, 132, 132, 132, 132, 132, 132, 132, 132, 132, 132, 132, 132, 132, 132]

ep16
Train step Loss: [3.4438135623931885, 3.5687663555145264, 3.4325273036956787, 3.347548246383667, 3.315948247909546, 3.4157214164733887, 3.4076180458068848, 3.4389328956604004, 3.4593944549560547, 3.3414809703826904, 3.347623825073242, 3.343627691268921, 3.382842540740967, 3.384491443634033, 3.44535493850708, 3.3897886276245117, 3.2986323833465576, 3.509340286254883, 3.4703166484832764, 3.340020179748535, 3.3099875450134277, 3.347210168838501, 3.3317031860351562, 3.423647403717041, 3.3637189865112305, 3.4630067348480225, 3.3905696868896484, 3.4256763458251953, 3.3607709407806396, 3.451200246810913, 3.3255598545074463, 3.341362237930298, 3.2946813106536865, 3.2221739292144775, 3.3761401176452637, 3.427553176879883, 3.3684189319610596, 3.293682813644409, 3.3145079612731934, 3.459543228149414, 3.2627828121185303, 3.296734094619751, 3.2541041374206543, 3.4748001098632812, 3.3383102416992188, 3.2598865032196045, 3.423139810562134, 3.440361499786377, 3.3043179512023926, 3.4698498249053955, 3.23701548576355, 3.3477118015289307, 3.2863283157348633, 3.1159541606903076, 3.295474052429199, 3.3594369888305664, 3.335803747177124, 3.4129679203033447, 3.3209261894226074, 3.2284066677093506, 3.2786333560943604, 3.16564679145813, 3.4459571838378906]
val step Loss: [3.7247016429901123, 3.671773672103882, 3.778765916824341, 3.7276852130889893, 3.6870062351226807, 3.6233763694763184, 3.7583024501800537, 3.671140670776367, 3.6944968700408936, 3.6383984088897705, 3.6550049781799316, 3.7151522636413574, 3.6882572174072266, 3.7578330039978027, 3.6849288940429688, 3.692795753479004]
Train step Accs: [0.287975979254811, 0.2703802221874511, 0.2897639663147907, 0.29204892966360857, 0.32780821917808217, 0.2940191751635976, 0.303084304318026, 0.28358825961140965, 0.2999863331966653, 0.30724834493294856, 0.3068292007203214, 0.31361800346220425, 0.3029311114417497, 0.3014785992217899, 0.27746365105008075, 0.2943866943866944, 0.32100431965442766, 0.2862887534051109, 0.2879950875038379, 0.2972214011232634, 0.3036606781034716, 0.30683671956102626, 0.3134233853946813, 0.2930364614465033, 0.30885391829597836, 0.2834688346883469, 0.313512687251605, 0.2934880722114765, 0.2992280701754386, 0.27369526094781044, 0.30490600641907384, 0.31353183962264153, 0.32557142857142857, 0.3408382894364203, 0.3141617688217184, 0.29068110572812766, 0.3067389620449264, 0.31341265548945374, 0.3170212765957447, 0.2978308026030369, 0.33114940891610883, 0.3150066401062417, 0.3343264858083738, 0.28506301957629393, 0.32038288288288286, 0.331270182992465, 0.30854966139954854, 0.29853829043533525, 0.3213494213247968, 0.2877188465499485, 0.32907613202852876, 0.3069020021074816, 0.3348922902494331, 0.3478843063738618, 0.3242874469375379, 0.3124650642817216, 0.3174581005586592, 0.31225806451612903, 0.3216097396009469, 0.3324951930187842, 0.32386363636363635, 0.35708642755569603, 0.2920268972142171]
val step Accs: [0.23991533864541834, 0.2555031446540881, 0.23294684535461527, 0.24035532994923858, 0.2497927604310583, 0.26116937221663555, 0.23046448087431695, 0.2550919026328862, 0.2473220338983051, 0.27236401134312965, 0.2599136768276234, 0.2423630736105504, 0.2515689678194686, 0.23835125448028674, 0.25105012601512183, 0.24514320048067295]
Preds: [17, 17, 17, 17, 287, 284, 450, 35, 35, 35, 35, 293, 293, 293, 293, 35, 35, 293, 35, 486, 284, 284, 35, 293, 293, 250, 284, 284, 450, 450, 284, 284, 98, 98, 263, 263, 47, 170, 170, 47, 47, 47, 47, 47, 47, 47, 47, 47, 2, 392, 73, 73, 73, 321, 73, 73, 244, 321, 2, 2, 2, 2, 2, 7, 7, 188, 240, 240, 35, 35, 486, 486, 284, 284, 355, 287, 284, 284, 460, 284, 284, 284, 460, 450, 450, 450, 293, 284, 284, 460, 460, 460, 460, 460, 240, 240, 374, 324, 324, 324, 213, 246, 246, 246, 246, 246, 246, 464, 19, 19, 19, 145, 250, 250, 250, 240, 374, 464, 464, 464, 464, 464, 464, 464, 464, 132, 132, 132, 132, 132, 132, 132, 132, 132, 132, 132, 132, 132, 132, 132, 132, 132, 19, 98, 98, 98, 197, 197, 197, 414, 170, 170, 47, 320, 188, 213, 213, 213, 213, 246, 246, 464, 464, 464, 464, 464, 19, 43, 43, 250, 250, 250, 486, 250, 250, 250, 250, 250, 413, 413, 250, 250, 35, 303, 303, 250, 303, 303, 374, 324, 464, 464, 139, 355, 98, 98, 75, 303, 35, 250, 240, 486, 486, 284, 460, 240, 115, 267, 464, 464, 464, 464, 19, 98, 98, 414, 414, 197, 244, 320, 7, 188, 35, 239, 239, 239, 374, 374, 239, 239, 239, 132, 132, 132, 132, 132, 132, 132, 132, 19, 129, 132, 132, 43, 43, 35, 98, 250, 413, 98, 413, 250, 35, 35, 115, 324, 324, 213, 213, 246, 19, 19, 454, 414, 414, 414, 414, 47, 47, 47, 47, 47, 244, 244, 321, 320, 2, 244, 73, 73, 73, 73, 73, 73, 73, 73, 320, 392, 392, 392, 320, 320, 287, 287, 287, 287, 287, 7, 250, 250, 250, 250, 250, 240, 240, 264, 324, 324, 213, 213, 464, 464, 464, 464, 132, 132, 32, 32, 32, 486, 486, 319, 35, 35, 303, 497, 413, 250, 303, 182, 239, 374, 374, 374, 324, 213, 213, 464, 464, 464, 132, 19, 139, 32, 35, 35, 106, 486, 319, 284, 240, 293, 35, 240, 240, 240, 486, 293, 35, 240, 374, 239, 374, 374, 132, 132, 132, 182, 43, 43, 43, 250, 486, 284, 284, 284, 284, 460, 35, 35, 35, 240, 239, 374, 374, 239, 32, 303, 132, 132, 239, 43, 35, 43, 43, 293, 250, 250, 250, 35, 35, 35, 35, 35, 240, 240, 139, 35, 35, 486, 355, 355, 284, 284, 460, 450, 35, 293, 293, 293, 35, 35, 35, 250, 250, 240, 35, 182, 239, 239, 182, 239, 239, 35, 35, 35, 35, 182, 239, 132, 374, 464, 132, 303, 303, 132, 132, 132, 132, 182, 182, 374, 486, 355, 355, 355, 240, 240, 293, 250, 486, 284, 413, 35, 182, 35, 182, 239, 239, 132, 132, 374, 374, 374, 464, 139, 303, 32, 32, 32, 32, 32, 486, 486, 35, 293, 293, 413, 35, 486, 284, 450, 413, 293, 35, 250, 250, 250, 98, 98, 98, 98, 414, 320, 7, 182, 182, 188, 374, 374, 464, 464, 464, 132, 374, 374, 246, 324, 19, 454, 454, 414, 414, 414, 414, 170, 170, 170, 170, 47, 47, 47, 47, 73, 73, 73, 320, 320, 2, 287, 287, 392, 73, 244, 244, 392, 73, 73, 73, 320, 320, 7, 188, 213, 443, 32, 32, 35, 374, 331, 43, 35, 35, 35, 35, 35, 293, 293, 293, 486, 293, 293, 293, 413, 413, 35, 293, 250, 240, 240, 374, 250, 250, 250, 250, 98, 98, 98, 414, 414, 414, 170, 170, 170, 170, 47, 47, 47, 47, 47]

ep17
Train step Loss: [3.211440324783325, 3.199889898300171, 3.2692925930023193, 3.3080241680145264, 3.40689754486084, 3.3912413120269775, 3.2800509929656982, 3.334340810775757, 3.44858980178833, 3.2313764095306396, 3.2353596687316895, 3.3693175315856934, 3.4102344512939453, 3.2472405433654785, 3.2802228927612305, 3.1989285945892334, 3.3419015407562256, 3.22017240524292, 3.3040611743927, 3.330005645751953, 3.2875583171844482, 3.270864725112915, 3.3214054107666016, 3.3083691596984863, 3.215794563293457, 3.3063807487487793, 3.494250535964966, 3.178812026977539, 3.320974826812744, 3.17824387550354, 3.222294330596924, 3.280951499938965, 3.31862473487854, 3.3598480224609375, 3.2285702228546143, 3.235539197921753, 3.1610217094421387, 3.2292394638061523, 3.2788846492767334, 3.278917074203491, 3.2006025314331055, 3.2070600986480713, 3.187896490097046, 3.0999977588653564, 3.251530647277832, 3.2368767261505127, 3.3217110633850098, 3.246577262878418, 3.1116621494293213, 3.332625389099121, 3.209519147872925, 3.2498204708099365, 3.106666088104248, 3.2606253623962402, 3.2604496479034424, 3.241558313369751, 3.1189982891082764, 3.2962000370025635, 3.2615959644317627, 3.224989175796509, 3.115163564682007, 3.2276229858398438, 3.145693778991699]
val step Loss: [3.5896661281585693, 3.597111701965332, 3.6442880630493164, 3.6159286499023438, 3.5770645141601562, 3.6087448596954346, 3.5925896167755127, 3.533165693283081, 3.58388614654541, 3.57074236869812, 3.561213493347168, 3.602893590927124, 3.6541333198547363, 3.544923782348633, 3.612114667892456, 3.667022228240967]
Train step Accs: [0.34207096307023893, 0.34655323407981986, 0.32535378918132524, 0.32450922070196314, 0.30263697226397046, 0.29006586169045007, 0.31795433218642477, 0.3074329501915709, 0.29482657260435036, 0.33585594989561585, 0.33887089961987893, 0.2943385728195855, 0.29922153746350955, 0.33586150041220114, 0.32049418604651164, 0.33442233442233443, 0.32437673130193906, 0.3385617439851123, 0.3209408194233687, 0.3187766041305376, 0.3021499872024571, 0.3302671922908454, 0.31734044128535466, 0.3075203576560754, 0.33998005982053836, 0.31416370106761565, 0.2992987857020694, 0.34323725055432375, 0.3141843971631206, 0.336231884057971, 0.33272778088317495, 0.32529565350944556, 0.32026913372582, 0.31311239193083573, 0.33405483405483405, 0.3388784545210625, 0.3454008701056557, 0.3523285225412885, 0.334694518611591, 0.32548139839222284, 0.3546884100174723, 0.3477324913892078, 0.3357711685356737, 0.3547412660887838, 0.32541535081697104, 0.3290788013318535, 0.32802937576499386, 0.32987328120787274, 0.3594449418084154, 0.32043784675363624, 0.34670154024992733, 0.3391092653587283, 0.3562704795948764, 0.3175355450236967, 0.33295063145809417, 0.334047395903066, 0.35572519083969467, 0.3267888307155323, 0.32725336173612035, 0.3247490755414686, 0.3609550561797753, 0.3412844036697248, 0.34446591222743583]
val step Accs: [0.2660624915460571, 0.2699198834668609, 0.25863902179691656, 0.27338594902315955, 0.2811266839025718, 0.2630738522954092, 0.26215677251112135, 0.2793884321361604, 0.2788104089219331, 0.2715207144629124, 0.27847425980261403, 0.2643971631205674, 0.25398470908384085, 0.27552652625966406, 0.27545797413793105, 0.2656514382402707]
Preds: [17, 17, 240, 240, 219, 360, 486, 486, 413, 240, 240, 486, 293, 293, 293, 240, 240, 35, 35, 374, 374, 374, 374, 239, 374, 374, 374, 464, 464, 339, 139, 132, 464, 331, 43, 293, 293, 293, 486, 486, 293, 293, 293, 497, 98, 98, 98, 98, 414, 414, 414, 320, 414, 170, 47, 47, 47, 73, 244, 2, 2, 73, 321, 287, 287, 287, 287, 284, 284, 73, 392, 63, 63, 73, 73, 73, 73, 73, 320, 320, 320, 7, 7, 7, 7, 188, 267, 267, 171, 171, 213, 213, 213, 213, 246, 246, 246, 246, 246, 246, 246, 464, 464, 464, 464, 434, 464, 464, 464, 132, 139, 443, 132, 132, 132, 464, 324, 324, 213, 213, 213, 246, 246, 246, 246, 246, 246, 464, 19, 19, 19, 145, 250, 250, 250, 240, 464, 464, 464, 464, 324, 213, 464, 464, 464, 132, 303, 303, 355, 132, 132, 132, 374, 464, 464, 464, 19, 250, 355, 355, 355, 486, 460, 450, 250, 250, 250, 250, 250, 250, 250, 250, 250, 250, 250, 250, 35, 182, 182, 182, 182, 182, 182, 355, 250, 250, 250, 250, 303, 303, 182, 303, 250, 303, 303, 303, 293, 497, 497, 303, 182, 182, 240, 250, 486, 413, 240, 398, 464, 464, 464, 464, 464, 464, 139, 43, 43, 43, 250, 250, 250, 250, 35, 250, 293, 293, 250, 240, 398, 374, 464, 464, 464, 464, 355, 355, 355, 450, 355, 263, 263, 263, 414, 414, 170, 170, 170, 47, 187, 187, 47, 47, 80, 392, 392, 73, 73, 73, 244, 320, 7, 7, 7, 284, 287, 7, 287, 293, 240, 240, 35, 293, 35, 182, 182, 182, 182, 182, 182, 182, 497, 497, 497, 303, 303, 486, 303, 303, 355, 250, 413, 250, 250, 250, 293, 293, 293, 293, 293, 35, 240, 374, 374, 324, 324, 464, 464, 132, 32, 443, 32, 240, 240, 132, 355, 355, 355, 355, 355, 355, 355, 355, 263, 263, 263, 460, 460, 460, 460, 182, 35, 293, 35, 293, 486, 486, 460, 460, 450, 293, 240, 413, 413, 293, 240, 486, 486, 35, 35, 240, 240, 182, 497, 497, 324, 324, 324, 339, 464, 464, 464, 464, 132, 139, 43, 43, 43, 303, 43, 293, 293, 293, 497, 497, 497, 497, 98, 98, 98, 48, 414, 414, 414, 170, 170, 170, 170, 47, 47, 47, 47, 392, 63, 63, 63, 73, 320, 321, 2, 2, 2, 392, 63, 63, 63, 63, 63, 73, 73, 73, 73, 73, 244, 321, 320, 320, 287, 287, 287, 284, 284, 284, 284, 287, 287, 287, 450, 293, 293, 293, 250, 250, 250, 35, 293, 293, 293, 293, 293, 32, 32, 219, 267, 374, 464, 464, 324, 324, 213, 213, 464, 464, 143, 19, 355, 355, 250, 240, 267, 267, 267, 143, 32, 374, 374, 132, 132, 19, 355, 355, 250, 486, 284, 284, 284, 284, 188, 240, 240, 250, 413, 293, 293, 293, 35, 182, 32, 32, 132, 132, 374, 374, 324, 324, 213, 213, 213, 19, 19, 19, 454, 414, 75, 32, 32, 219, 219, 219, 464, 324, 213, 464, 339, 139, 32, 43, 43, 132, 132, 132, 486, 486, 284, 284, 460, 460, 460, 450, 293, 35, 486, 413, 293, 293, 497, 98, 98, 98, 98, 75, 75, 293, 293, 293, 293, 497, 497, 35, 293, 98, 98, 98, 98, 414, 414, 170, 170, 170, 170, 170, 47, 47, 47, 2, 80, 2, 73, 392, 63, 63, 73, 63, 63, 63, 63, 73, 73, 73, 73, 73, 321, 320, 320, 7, 7, 7, 188, 264, 374, 374, 374, 374, 132, 132, 132, 32, 32, 132, 374, 374]

ep18
Train step Loss: [3.265000343322754, 3.120244026184082, 3.166733980178833, 3.232361078262329, 3.2104673385620117, 3.2511723041534424, 3.1094741821289062, 3.1548938751220703, 3.1687777042388916, 3.086881160736084, 3.1299550533294678, 3.2639143466949463, 3.2926435470581055, 3.211360216140747, 3.1746957302093506, 3.290344715118408, 3.256093740463257, 3.2216200828552246, 3.263402223587036, 3.1591644287109375, 3.2452986240386963, 3.0263872146606445, 3.104640245437622, 3.2779135704040527, 3.1554014682769775, 3.1243209838867188, 3.1623055934906006, 3.1575047969818115, 3.2138113975524902, 3.10416579246521, 3.2803573608398438, 3.147318124771118, 3.0993964672088623, 3.177011251449585, 3.1552250385284424, 3.186112880706787, 3.1201765537261963, 3.307079315185547, 3.1265835762023926, 3.0170700550079346, 3.165830612182617, 3.2129225730895996, 3.199323892593384, 3.189021348953247, 3.0669775009155273, 3.114690065383911, 3.203571081161499, 3.046612024307251, 3.112700939178467, 3.0305023193359375, 3.0364694595336914, 3.1039817333221436, 3.1480965614318848, 3.0999271869659424, 3.2120957374572754, 3.11518931388855, 3.1313250064849854, 3.1265006065368652, 3.1432607173919678, 3.0890233516693115, 3.1547067165374756, 3.201479434967041, 3.2043204307556152]
val step Loss: [3.4846625328063965, 3.365264892578125, 3.40201473236084, 3.537709951400757, 3.522426128387451, 3.5392096042633057, 3.489147424697876, 3.480529308319092, 3.51934552192688, 3.5473904609680176, 3.499436616897583, 3.521695375442505, 3.486487865447998, 3.4934518337249756, 3.5262906551361084, 3.550217628479004]
Train step Accs: [0.32784786981166575, 0.3584532136729576, 0.3434625034848062, 0.3370222812453888, 0.337551652892562, 0.32352075360612303, 0.34313201496525925, 0.34268591664396625, 0.3421362489486964, 0.363268721238321, 0.3460414452709883, 0.32753353699030413, 0.32535476149769194, 0.3317001469867712, 0.3351897992085593, 0.32671695117109967, 0.33169569748399585, 0.32884479092841956, 0.33231097479663957, 0.3479786167724691, 0.3332794830371567, 0.37038231972898855, 0.37088292277885415, 0.3309755378720896, 0.3500371195248701, 0.35216642048252095, 0.3591455273698264, 0.3635300016714023, 0.3484304932735426, 0.36378646119977986, 0.32378960913623933, 0.3556650246305419, 0.3641444539982803, 0.3500473036896878, 0.35401318340442034, 0.34752912816392123, 0.36009104704097117, 0.3162045281098957, 0.3627715462161011, 0.3736454269614218, 0.34805484693877553, 0.3305607342607199, 0.3387421214965804, 0.3464003577284245, 0.36462006079027354, 0.3541726003987468, 0.3464878866372086, 0.36661674155433516, 0.3651530538227187, 0.37168015906831414, 0.3726315789473684, 0.3491210228098213, 0.3562660576648587, 0.351772063933287, 0.3563898916967509, 0.3527786306416948, 0.3533660397928591, 0.35524193548387095, 0.3472960300093779, 0.36366812227074236, 0.3381211821033515, 0.3379622641509434, 0.3427571351642434]
val step Accs: [0.28558352402745996, 0.29603919967333603, 0.2983910891089109, 0.27548368466647416, 0.27283511269276395, 0.27494971375522204, 0.2855149316215462, 0.294854640554677, 0.2879013683782685, 0.272505384063173, 0.28438850750063566, 0.2882836587872559, 0.2893824624470407, 0.2850275696309911, 0.26985931504902655, 0.266078431372549]
Preds: [17, 17, 17, 17, 284, 284, 287, 460, 450, 293, 450, 250, 250, 250, 250, 35, 35, 32, 32, 486, 284, 450, 35, 35, 35, 267, 267, 267, 246, 246, 434, 434, 434, 339, 339, 303, 303, 434, 434, 324, 246, 246, 246, 246, 246, 246, 434, 434, 434, 434, 434, 19, 19, 454, 454, 414, 414, 414, 414, 414, 47, 47, 47, 47, 47, 47, 80, 320, 321, 188, 188, 188, 188, 171, 213, 213, 464, 339, 19, 250, 303, 303, 497, 497, 497, 497, 303, 132, 132, 132, 132, 132, 303, 139, 32, 293, 293, 293, 293, 293, 35, 35, 35, 239, 32, 32, 374, 267, 267, 267, 324, 246, 434, 434, 19, 19, 19, 197, 414, 414, 414, 414, 414, 170, 170, 170, 47, 170, 47, 47, 47, 47, 392, 244, 244, 321, 320, 7, 7, 7, 7, 7, 293, 240, 398, 267, 246, 246, 246, 246, 434, 434, 434, 434, 434, 434, 434, 434, 19, 19, 454, 454, 414, 414, 414, 244, 320, 321, 7, 188, 219, 219, 219, 219, 219, 434, 434, 434, 434, 434, 464, 464, 464, 339, 139, 32, 486, 486, 486, 486, 486, 376, 376, 376, 460, 460, 413, 413, 250, 250, 250, 250, 250, 250, 250, 250, 413, 35, 486, 284, 284, 460, 450, 413, 413, 250, 250, 250, 303, 35, 374, 374, 132, 132, 35, 182, 182, 98, 98, 98, 98, 414, 7, 75, 43, 43, 497, 486, 267, 324, 250, 182, 250, 250, 240, 240, 240, 240, 267, 240, 267, 374, 324, 213, 213, 213, 213, 213, 464, 464, 143, 129, 132, 342, 342, 267, 267, 464, 464, 486, 486, 486, 460, 460, 460, 450, 35, 35, 35, 293, 293, 293, 293, 293, 293, 182, 182, 182, 182, 182, 182, 182, 182, 182, 182, 182, 497, 98, 98, 98, 98, 414, 414, 47, 7, 287, 287, 287, 450, 413, 293, 250, 98, 98, 98, 414, 414, 414, 47, 7, 188, 188, 240, 240, 240, 240, 132, 132, 132, 132, 132, 132, 374, 374, 374, 374, 374, 374, 374, 374, 374, 374, 374, 374, 374, 374, 374, 374, 374, 374, 374, 374, 374, 374, 374, 374, 374, 374, 374, 374, 374, 374, 374, 374, 374, 374, 374, 374, 374, 374, 374, 374, 374, 374, 374, 374, 374, 374, 374, 374, 374, 374, 374, 374, 374, 374, 374, 374, 374, 374, 374, 374, 374, 374, 374, 374, 374, 374, 374, 374, 374, 374, 374, 374, 374, 374, 374, 374, 374, 374, 374, 374, 374, 374, 374, 374, 374, 374, 374, 374, 374, 374, 374, 374, 374, 374, 374, 374, 374, 374, 374, 374, 374, 374, 374, 374, 374, 374, 374, 374, 374, 374, 374, 374, 374, 374, 374, 374, 374, 374, 374, 374, 374, 374, 374, 374, 374, 374, 374, 374, 374, 374, 374, 374, 374, 374, 374, 374, 374, 374, 374, 374, 374, 374, 374, 374, 374, 374, 374, 374, 374, 374, 374, 374, 374, 374, 374, 374, 374, 374, 374, 374, 374, 374, 374, 374, 374, 374, 374, 374, 374, 374, 374, 374, 374, 374, 374, 374, 374, 374, 374, 374, 374, 374, 374, 374, 374, 374, 374, 374, 374, 374, 374, 374, 374, 374, 374, 374, 374, 374, 374, 374, 374, 374, 374, 374, 374, 374, 374, 374, 374, 374, 374, 374, 374, 374, 374, 374, 374, 374, 374, 374, 374, 374, 374, 374, 374, 374, 374, 374, 374, 374, 374, 374, 374, 374, 374, 374, 374, 374, 374, 374, 374, 374, 374, 374, 374, 374, 374, 374, 374, 374, 374, 374, 374, 374, 374, 374, 374, 374, 374, 374, 374, 374, 374, 374, 374, 374, 374, 374]

ep19
Train step Loss: [3.0865142345428467, 2.9431049823760986, 3.0657057762145996, 3.2306675910949707, 3.13309645652771, 3.1942460536956787, 3.0838489532470703, 3.134505033493042, 2.996533155441284, 2.9822142124176025, 3.1197495460510254, 3.092437505722046, 3.0509679317474365, 3.235534429550171, 3.177637815475464, 3.008711338043213, 3.074479103088379, 3.1479685306549072, 3.1444036960601807, 3.1415951251983643, 2.9807636737823486, 3.1050851345062256, 3.0879366397857666, 3.116468906402588, 3.2053534984588623, 3.0423593521118164, 3.055050849914551, 3.1029703617095947, 3.219733715057373, 3.0922818183898926, 3.0223028659820557, 2.9288930892944336, 3.0076117515563965, 2.9336020946502686, 3.0370476245880127, 3.039647102355957, 3.020080804824829, 3.0743048191070557, 2.9716360569000244, 3.0965778827667236, 3.139657497406006, 2.9903409481048584, 3.126384973526001, 3.047649621963501, 3.0008206367492676, 3.058795213699341, 3.0969371795654297, 3.1215693950653076, 3.0588746070861816, 2.9826207160949707, 2.958827257156372, 3.1176462173461914, 3.0210375785827637, 3.0337653160095215, 3.0056424140930176, 3.1403145790100098, 3.011347770690918, 2.9952096939086914, 3.0191650390625, 3.099351167678833, 2.931582450866699, 3.0114407539367676, 2.996257781982422]
val step Loss: [3.4168992042541504, 3.346846580505371, 3.3716859817504883, 3.423224925994873, 3.452099561691284, 3.4042510986328125, 3.432637929916382, 3.5052924156188965, 3.4144508838653564, 3.3818233013153076, 3.374938488006592, 3.327986001968384, 3.361380100250244, 3.4231655597686768, 3.3089966773986816, 3.208385705947876]
Train step Accs: [0.3529497663551402, 0.3869228642521427, 0.3723404255319149, 0.3359402155022593, 0.3470477840334921, 0.3311625329084107, 0.35127330007876084, 0.35173477255204316, 0.3798068481123793, 0.3788811563169165, 0.3509298998569385, 0.35651636812847437, 0.37184725940538255, 0.3232973756238931, 0.34793632906043104, 0.37859643781397473, 0.37149289920332523, 0.3311756935270806, 0.3471295060080107, 0.35022982635342187, 0.3835572616762636, 0.3619767075857727, 0.3592233009708738, 0.3569230769230769, 0.3403835307388607, 0.37260346423376967, 0.36837237977805176, 0.35643115942028986, 0.3331855791962175, 0.35718617343844755, 0.37351319988395704, 0.3810579196217494, 0.38755694078158714, 0.3922056384742952, 0.36997666580243715, 0.37933017105074024, 0.37860296027005974, 0.3575675675675676, 0.3836965082698871, 0.3648390415992944, 0.34618973561430794, 0.38512720156555774, 0.3596784996651038, 0.3610681658468025, 0.3767634854771784, 0.3735006204329243, 0.36486486486486486, 0.35418271452780775, 0.3576941250590644, 0.37865055387714, 0.3840292109858708, 0.3580890642615558, 0.38704581358609796, 0.38147677537766483, 0.3750997605746209, 0.36455545643770443, 0.37572581787282255, 0.38526231477773326, 0.3778763515386748, 0.36647650095082857, 0.3922942206654991, 0.37972236865225795, 0.38629102526866105]
val step Accs: [0.2932460372157133, 0.3191544212425883, 0.30517115804806993, 0.3004286096972944, 0.29370742783003567, 0.30394274912233327, 0.29015814926153444, 0.27542687453600595, 0.3030936454849498, 0.3018867924528302, 0.29813823004335627, 0.31173982020095187, 0.30237553702299724, 0.2918564920273349, 0.3146221248630887, 0.32739755417292427]
Preds: [17, 17, 287, 284, 287, 287, 450, 450, 450, 413, 413, 182, 32, 250, 250, 250, 250, 250, 250, 250, 32, 35, 250, 250, 450, 284, 284, 460, 460, 460, 240, 240, 35, 35, 32, 267, 324, 246, 324, 324, 324, 252, 19, 145, 145, 486, 284, 450, 182, 267, 267, 267, 267, 267, 213, 213, 464, 464, 132, 14, 486, 374, 267, 443, 443, 182, 497, 497, 450, 450, 240, 486, 284, 293, 293, 486, 426, 426, 450, 182, 486, 486, 284, 284, 240, 240, 264, 264, 331, 250, 303, 132, 303, 303, 43, 250, 35, 132, 132, 132, 132, 132, 132, 374, 374, 374, 374, 374, 374, 264, 264, 264, 264, 434, 434, 19, 454, 454, 414, 414, 414, 170, 170, 170, 170, 170, 47, 47, 47, 47, 2, 2, 2, 2, 392, 73, 392, 63, 63, 244, 73, 73, 244, 321, 320, 320, 287, 287, 287, 287, 293, 293, 293, 293, 293, 293, 250, 250, 413, 284, 284, 284, 284, 450, 450, 293, 293, 293, 293, 413, 250, 250, 303, 32, 250, 32, 132, 132, 374, 132, 374, 374, 374, 132, 374, 264, 264, 434, 246, 464, 434, 434, 324, 464, 464, 464, 339, 139, 182, 464, 464, 331, 43, 413, 250, 250, 182, 182, 182, 497, 497, 413, 413, 98, 250, 303, 413, 413, 284, 284, 284, 284, 450, 450, 450, 293, 413, 413, 413, 182, 250, 355, 355, 98, 48, 414, 414, 170, 170, 170, 170, 392, 47, 244, 392, 392, 392, 392, 392, 392, 73, 73, 73, 321, 320, 7, 7, 7, 7, 153, 240, 486, 284, 284, 284, 460, 460, 460, 460, 293, 486, 284, 284, 240, 240, 35, 106, 35, 35, 35, 35, 106, 413, 413, 413, 250, 250, 250, 250, 182, 182, 182, 497, 182, 35, 106, 182, 182, 497, 98, 98, 98, 98, 197, 197, 244, 287, 287, 287, 287, 284, 284, 284, 284, 460, 460, 460, 460, 460, 250, 450, 413, 413, 413, 250, 250, 250, 182, 182, 132, 43, 250, 250, 250, 250, 250, 250, 32, 374, 374, 264, 264, 264, 434, 434, 464, 434, 434, 464, 339, 239, 132, 239, 132, 139, 43, 293, 293, 293, 497, 413, 250, 250, 413, 250, 182, 303, 293, 293, 293, 35, 182, 182, 182, 182, 182, 240, 497, 497, 497, 497, 182, 182, 497, 182, 98, 98, 98, 98, 414, 414, 414, 170, 170, 170, 170, 47, 47, 80, 80, 80, 321, 320, 392, 392, 244, 320, 7, 7, 287, 287, 287, 284, 7, 250, 293, 293, 293, 35, 35, 182, 182, 182, 182, 182, 182, 182, 182, 182, 182, 182, 182, 182, 182, 182, 182, 303, 303, 303, 303, 32, 132, 132, 132, 32, 32, 32, 32, 139, 32, 32, 98, 98, 303, 355, 240, 374, 374, 132, 132, 132, 132, 132, 132, 374, 374, 374, 374, 374, 374, 374, 374, 374, 374, 374, 374, 374, 374, 374, 374, 374, 374, 374, 374, 374, 374, 374, 374, 374, 374, 374, 374, 374, 374, 374, 374, 374, 374, 374, 374, 374, 374, 374, 374, 374, 374, 374, 374, 374, 374, 374, 374, 374, 374, 374, 374, 374, 374, 374, 374, 374, 374, 374, 374, 374, 374, 374, 374, 374, 374, 374, 374, 374, 374, 374, 374, 374, 374, 374, 374, 374, 374, 374, 374, 374, 374, 374, 374, 374, 374, 374, 374, 374, 374, 374, 374, 374, 374, 374, 374, 374, 374, 374, 374, 374, 374, 374, 374, 374, 374, 374, 374, 374, 374, 374, 374, 374, 374, 374, 374, 374, 374, 374, 374, 374, 374, 374, 374, 374, 374, 374, 374, 374, 374, 374, 374, 374, 374, 374, 374]

ep20
Train step Loss: [2.9252235889434814, 2.9251620769500732, 3.0907108783721924, 2.9999213218688965, 2.957545757293701, 3.0967788696289062, 3.0331969261169434, 3.041029214859009, 3.0861260890960693, 3.0084753036499023, 3.0742292404174805, 2.909780740737915, 3.058842897415161, 2.8713901042938232, 2.9257242679595947, 3.044072151184082, 2.8997931480407715, 3.0376152992248535, 2.93550443649292, 2.9051904678344727, 2.9965054988861084, 3.0135574340820312, 2.9196174144744873, 2.897109031677246, 2.9856507778167725, 2.9092977046966553, 3.0563013553619385, 2.977339267730713, 2.9442174434661865, 2.9971065521240234, 2.9364988803863525, 2.8920469284057617, 3.0081562995910645, 2.911595582962036, 2.842212200164795, 2.993278980255127, 2.8797101974487305, 2.925785779953003, 2.971569299697876, 3.0089712142944336, 2.9532017707824707, 2.9279417991638184, 2.9694855213165283, 2.978649377822876, 2.988820791244507, 3.0259971618652344, 2.9560208320617676, 3.0026142597198486, 3.0610134601593018, 3.0485072135925293, 2.951244592666626, 2.9184749126434326, 2.9521358013153076, 2.853461742401123, 2.9893267154693604, 2.938709259033203, 2.828386068344116, 2.8915152549743652, 2.8655381202697754, 2.90293288230896, 2.9734082221984863, 2.8882691860198975, 2.9436824321746826]
val step Loss: [3.210448741912842, 3.303800344467163, 3.319032669067383, 3.2880136966705322, 3.329868793487549, 3.2109131813049316, 3.3886096477508545, 3.2399063110351562, 3.2510640621185303, 3.2464070320129395, 3.1847116947174072, 3.2809865474700928, 3.236341953277588, 3.3596503734588623, 3.3364508152008057, 3.2608067989349365]
Train step Accs: [0.38594817993959624, 0.38968526020567157, 0.36057169488892343, 0.3694650090794804, 0.37555730396013637, 0.3575859395192556, 0.3671187956476375, 0.3705323480621324, 0.3586371787208607, 0.37532846715328466, 0.3652787336545079, 0.4026209396347414, 0.3724095646842428, 0.4036440084092502, 0.39902676399026765, 0.3745693191140279, 0.3923217037971136, 0.3768352365415987, 0.3830251856165381, 0.39624425830856524, 0.38943127227646057, 0.38077876622429635, 0.39488385768891504, 0.4012836970474968, 0.376425855513308, 0.3900516444686056, 0.3585618354784555, 0.3806792452830189, 0.3824159021406728, 0.3657700421940928, 0.3823572581828857, 0.3918615828260173, 0.38049548904482317, 0.3970888314515032, 0.410829548171169, 0.37460545193687234, 0.40931149529875643, 0.39162303664921466, 0.3686012389957613, 0.37624831309041834, 0.39408473221422863, 0.3979751889348353, 0.38972377272076714, 0.3816024703396717, 0.379129734085415, 0.3742171987169696, 0.37697589014849114, 0.38893462868434053, 0.37923021060275963, 0.3863563914568059, 0.38771807397069086, 0.40839635746257136, 0.39440408931934356, 0.4156510583707505, 0.38136848341232227, 0.39522659468674526, 0.4134134134134134, 0.40046296296296297, 0.4127993505614937, 0.4050877920641504, 0.3979835013748854, 0.4102669404517454, 0.393239901071723]
val step Accs: [0.34715719063545153, 0.33934252386002123, 0.3162404975812025, 0.32772992497916087, 0.31824095758521986, 0.3448015122873346, 0.3130747700919632, 0.35145941623350657, 0.3312798591903445, 0.32924961715160794, 0.34109021357985336, 0.330695805074102, 0.3375544662309368, 0.3064179104477612, 0.30910645575032064, 0.3306181121226641]
Preds: [17, 17, 17, 287, 284, 284, 284, 287, 450, 450, 413, 413, 413, 413, 250, 250, 35, 35, 319, 35, 182, 182, 182, 182, 182, 182, 98, 98, 98, 98, 414, 414, 197, 244, 244, 321, 320, 287, 7, 287, 287, 460, 450, 293, 293, 293, 413, 240, 115, 398, 264, 464, 14, 250, 413, 250, 250, 250, 250, 35, 35, 35, 240, 240, 240, 324, 324, 464, 19, 355, 355, 250, 250, 250, 250, 250, 240, 132, 132, 374, 374, 374, 374, 139, 139, 239, 32, 43, 293, 293, 497, 497, 182, 303, 32, 355, 98, 75, 75, 35, 239, 35, 35, 115, 35, 267, 267, 143, 324, 464, 464, 339, 355, 355, 460, 450, 460, 460, 450, 182, 413, 250, 250, 250, 250, 35, 35, 182, 182, 182, 182, 182, 98, 98, 98, 98, 355, 355, 450, 450, 250, 250, 250, 250, 413, 413, 413, 303, 250, 303, 303, 303, 303, 303, 303, 303, 240, 240, 331, 413, 413, 293, 293, 293, 293, 182, 35, 293, 293, 98, 98, 98, 263, 414, 414, 170, 170, 170, 170, 392, 392, 392, 392, 392, 392, 392, 392, 63, 63, 63, 63, 63, 63, 63, 63, 63, 63, 63, 63, 392, 392, 392, 244, 244, 321, 320, 321, 7, 7, 188, 171, 213, 171, 464, 464, 464, 464, 14, 486, 460, 460, 450, 450, 450, 413, 413, 413, 250, 250, 303, 35, 374, 324, 324, 324, 464, 464, 464, 339, 139, 486, 486, 486, 413, 413, 413, 413, 182, 398, 398, 303, 303, 303, 132, 303, 239, 139, 180, 239, 239, 129, 486, 75, 374, 239, 267, 342, 342, 486, 486, 486, 240, 35, 35, 284, 293, 35, 35, 267, 264, 264, 464, 464, 464, 374, 374, 374, 374, 246, 246, 246, 339, 464, 132, 132, 132, 43, 43, 98, 98, 98, 98, 414, 197, 414, 321, 7, 287, 287, 293, 293, 293, 293, 293, 293, 293, 293, 98, 98, 98, 197, 414, 320, 197, 7, 188, 240, 240, 240, 240, 464, 464, 464, 464, 464, 464, 464, 464, 464, 464, 464, 464, 464, 464, 464, 464, 464, 464, 464, 464, 464, 464, 464, 464, 464, 464, 464, 464, 464, 464, 464, 464, 464, 464, 464, 464, 464, 464, 464, 464, 464, 464, 464, 464, 464, 464, 464, 464, 464, 464, 464, 464, 464, 464, 464, 464, 464, 464, 464, 464, 464, 464, 464, 464, 464, 464, 464, 464, 464, 464, 464, 464, 464, 464, 464, 464, 464, 464, 464, 464, 464, 464, 464, 464, 464, 464, 464, 464, 464, 464, 464, 464, 464, 464, 464, 464, 464, 464, 464, 464, 464, 464, 464, 464, 464, 464, 464, 464, 464, 464, 464, 464, 464, 464, 464, 464, 464, 464, 464, 464, 464, 464, 464, 464, 464, 464, 464, 464, 464, 464, 464, 464, 464, 464, 464, 464, 464, 464, 464, 464, 464, 464, 464, 464, 464, 464, 464, 464, 464, 464, 464, 464, 464, 464, 464, 464, 464, 464, 464, 464, 464, 464, 464, 464, 464, 464, 464, 464, 464, 464, 464, 464, 464, 464, 464, 464, 464, 464, 464, 464, 464, 464, 464, 464, 464, 464, 464, 464, 464, 464, 464, 464, 464, 464, 464, 464, 464, 464, 464, 464, 464, 464, 464, 464, 464, 464, 464, 464, 464, 464, 464, 464, 464, 464, 464, 464, 464, 464, 464, 464, 464, 464, 464, 464, 464, 464, 464, 464, 464, 464, 464, 464, 464, 464, 464, 464, 464, 464, 464, 464, 464, 464, 464, 464, 464, 464, 464, 464, 464, 464, 464, 464, 464, 464, 464, 464, 464, 464, 464, 464, 464, 464, 464, 464, 464, 464, 464, 464, 464, 464]

ep21
Train step Loss: [2.9015419483184814, 2.8535890579223633, 2.847233295440674, 2.878002166748047, 2.836813449859619, 2.8780198097229004, 2.837325096130371, 2.963927745819092, 2.825427770614624, 2.9603588581085205, 2.9634625911712646, 2.8531007766723633, 2.8975725173950195, 2.880967378616333, 2.9471025466918945, 2.959202766418457, 2.8998727798461914, 2.901258945465088, 2.9114990234375, 2.776129961013794, 2.8954153060913086, 2.9940524101257324, 2.847327709197998, 2.972508430480957, 3.0266401767730713, 2.720264196395874, 2.9002037048339844, 2.8371849060058594, 2.7792325019836426, 2.7929749488830566, 2.8927628993988037, 2.886808156967163, 2.8710548877716064, 2.806642770767212, 2.8550169467926025, 2.8277907371520996, 2.918989658355713, 2.75789213180542, 2.954754590988159, 2.88784122467041, 2.7847886085510254, 2.8384933471679688, 2.7558255195617676, 2.8470091819763184, 2.884752035140991, 2.80981707572937, 2.9053430557250977, 2.9361929893493652, 2.766256332397461, 2.82589054107666, 2.7799558639526367, 2.813760757446289, 2.80586838722229, 2.786882162094116, 2.7908196449279785, 2.840258836746216, 2.796279191970825, 2.9224565029144287, 2.80119252204895, 2.769521474838257, 2.7605345249176025, 2.792076587677002, 2.793339490890503]
val step Loss: [3.2310614585876465, 3.179006576538086, 3.161628246307373, 3.3569273948669434, 3.2290151119232178, 3.148810625076294, 3.175084114074707, 3.1141364574432373, 3.1380491256713867, 3.151306390762329, 3.0825366973876953, 3.181178569793701, 3.081702947616577, 3.089006185531616, 3.121701240539551, 3.265796184539795]
Train step Accs: [0.4097998822836963, 0.4221661762645369, 0.41975484606613456, 0.4009789156626506, 0.41871345029239765, 0.40434374581043037, 0.4167248359625855, 0.39220674879485806, 0.4127856522996818, 0.3846845496778061, 0.39098998887652947, 0.40616171128750167, 0.3992089470812875, 0.4005323620061642, 0.3880513679508654, 0.3955293387146849, 0.3998122946973252, 0.4043982091124572, 0.4092091173321095, 0.43060310771661836, 0.3974577584870563, 0.37025215448451965, 0.41001115893511875, 0.39221556886227543, 0.3767921747286614, 0.44709744814206837, 0.4055682188212309, 0.4114858458621157, 0.4188379364252215, 0.4217994698269141, 0.40222841225626743, 0.4140136864028563, 0.41384341060139407, 0.4272824590916042, 0.40680628272251307, 0.4139178844815588, 0.404780503046399, 0.42597938144329894, 0.3884507042253521, 0.40818549642079055, 0.42796490234927825, 0.41851523217982844, 0.43712879687765144, 0.41457091003370494, 0.390198087431694, 0.4233505370344539, 0.39929447337476903, 0.4022575679835813, 0.4292866082603254, 0.4249919691615805, 0.42051893826424097, 0.4202708606378331, 0.4197210065645514, 0.41510652033570045, 0.42215088282504015, 0.41009187691410237, 0.4187889812889813, 0.39996829422954977, 0.41483955278060114, 0.4224674257541965, 0.4271830985915493, 0.42545095828635854, 0.4258603238866397]
val step Accs: [0.3322859387274156, 0.3461381837925886, 0.34413715429858593, 0.3142414860681115, 0.33649352383495795, 0.3462137296532201, 0.3488930381435049, 0.3622631509208957, 0.355757970071568, 0.3471864656123575, 0.36257550796265786, 0.33570206606132386, 0.367497320471597, 0.36850393700787404, 0.3529699738903394, 0.3368688033202675]
Preds: [17, 188, 171, 213, 252, 143, 143, 14, 284, 287, 287, 287, 287, 450, 450, 450, 460, 240, 240, 348, 348, 32, 486, 284, 284, 287, 287, 287, 460, 284, 486, 460, 460, 460, 460, 240, 146, 434, 19, 98, 48, 414, 414, 414, 414, 414, 187, 170, 170, 47, 187, 187, 187, 187, 7, 7, 7, 7, 153, 401, 73, 73, 80, 244, 320, 73, 73, 321, 321, 287, 287, 287, 287, 284, 284, 284, 284, 284, 284, 284, 460, 450, 450, 413, 413, 413, 293, 98, 413, 413, 250, 250, 250, 250, 250, 250, 250, 473, 35, 413, 284, 284, 284, 426, 85, 460, 460, 240, 182, 182, 182, 182, 303, 32, 371, 398, 403, 403, 464, 464, 464, 182, 182, 182, 182, 486, 450, 450, 450, 450, 413, 413, 413, 413, 413, 413, 413, 250, 250, 250, 250, 250, 284, 284, 284, 284, 486, 355, 355, 355, 355, 460, 450, 450, 293, 293, 293, 43, 250, 250, 284, 284, 284, 284, 319, 460, 240, 240, 240, 240, 464, 464, 464, 374, 434, 324, 324, 464, 464, 129, 145, 486, 486, 172, 443, 115, 267, 267, 267, 267, 267, 213, 464, 301, 301, 14, 374, 219, 464, 464, 182, 182, 43, 271, 497, 450, 460, 486, 376, 376, 376, 460, 172, 115, 267, 240, 240, 240, 240, 139, 139, 293, 293, 355, 355, 355, 355, 355, 355, 263, 48, 48, 414, 414, 170, 170, 170, 170, 170, 47, 47, 47, 2, 2, 2, 2, 392, 63, 244, 63, 63, 63, 63, 63, 63, 63, 63, 63, 63, 244, 63, 244, 73, 320, 244, 320, 320, 7, 287, 293, 153, 153, 293, 293, 293, 497, 122, 32, 32, 32, 32, 371, 132, 32, 443, 182, 486, 486, 460, 240, 240, 240, 240, 464, 464, 43, 43, 497, 497, 303, 182, 182, 122, 35, 240, 139, 32, 374, 264, 264, 324, 324, 213, 246, 246, 246, 246, 246, 246, 246, 246, 19, 19, 19, 454, 454, 454, 414, 414, 170, 170, 170, 170, 170, 47, 47, 47, 47, 2, 2, 2, 2, 392, 73, 63, 63, 63, 63, 63, 63, 63, 63, 63, 63, 63, 244, 63, 63, 63, 244, 73, 63, 63, 73, 63, 73, 73, 244, 73, 321, 320, 7, 7, 7, 7, 7, 188, 188, 264, 374, 374, 374, 374, 32, 32, 32, 43, 43, 250, 276, 276, 284, 284, 284, 284, 284, 284, 287, 450, 450, 460, 460, 460, 460, 460, 460, 98, 450, 98, 98, 197, 244, 7, 287, 287, 287, 287, 284, 284, 284, 284, 284, 284, 284, 284, 284, 284, 284, 284, 284, 284, 450, 450, 413, 413, 303, 395, 132, 132, 239, 32, 371, 264, 264, 434, 434, 434, 464, 464, 464, 464, 339, 303, 303, 303, 132, 132, 139, 32, 239, 43, 43, 250, 413, 413, 43, 293, 293, 293, 293, 35, 35, 35, 182, 182, 182, 182, 182, 182, 182, 303, 303, 497, 182, 497, 497, 497, 43, 14, 284, 284, 284, 284, 284, 240, 240, 240, 240, 240, 264, 464, 464, 464, 464, 324, 324, 464, 464, 464, 464, 464, 464, 464, 464, 324, 464, 464, 464, 19, 355, 355, 355, 355, 355, 263, 240, 240, 464, 464, 464, 464, 464, 464, 464, 464, 464, 464, 464, 464, 464, 464, 464, 240, 240, 240, 240, 240, 240, 240, 240, 240, 240, 240, 240, 240, 240, 240, 240, 240, 240, 240, 240, 240, 240, 240, 240, 240, 240, 240, 240, 240, 240, 240, 240, 240, 240, 240, 240, 240, 240, 240, 240, 240, 240, 240, 240, 240, 240, 240, 240, 240, 240, 240, 240, 240, 240, 240, 240, 240, 240]

ep22
Train step Loss: [2.8280892372131348, 2.8376171588897705, 2.8284554481506348, 2.6700334548950195, 2.884436845779419, 2.942399024963379, 2.7348499298095703, 2.732614278793335, 2.769679307937622, 2.847548484802246, 2.715599775314331, 2.8751230239868164, 2.7685225009918213, 2.900790214538574, 2.8157153129577637, 2.8606154918670654, 2.8232815265655518, 2.6890108585357666, 2.7879343032836914, 2.7801454067230225, 2.9067234992980957, 2.9054923057556152, 2.808619976043701, 2.8051908016204834, 2.8321216106414795, 2.8321948051452637, 2.821965456008911, 2.886544942855835, 2.851771116256714, 2.8952765464782715, 2.8362491130828857, 3.0089778900146484, 2.9165682792663574, 2.831303119659424, 2.7366695404052734, 2.8729143142700195, 2.8422603607177734, 2.7898244857788086, 2.826435089111328, 2.7036325931549072, 2.8820436000823975, 2.8837132453918457, 2.92099666595459, 2.7942967414855957, 2.819662094116211, 3.0048117637634277, 3.0138115882873535, 2.9801814556121826, 2.8121771812438965, 3.1144421100616455, 2.9031853675842285, 2.9461212158203125, 2.8022615909576416, 2.8457987308502197, 3.0234272480010986, 3.0836148262023926, 2.822458267211914, 3.0839874744415283, 2.9302656650543213, 3.141042709350586, 2.852586030960083, 3.0760531425476074, 3.3326499462127686]
val step Loss: [3.060654640197754, 3.084444046020508, 3.1342785358428955, 3.0579447746276855, 3.096011161804199, 3.0739545822143555, 3.0923590660095215, 3.1164917945861816, 3.062053680419922, 3.071892261505127, 3.032695770263672, 3.1294689178466797, 2.9940426349639893, 3.125627040863037, 2.9342217445373535, 3.029961109161377]
Train step Accs: [0.42063088272704147, 0.407097167225099, 0.402994964219454, 0.45482287382247577, 0.408723083253326, 0.4028256374913852, 0.43738049713193117, 0.43815901966372184, 0.428319783197832, 0.42266438675579043, 0.44106876441068765, 0.4201388888888889, 0.4399824124285505, 0.40720449253526914, 0.42374684217524267, 0.4188713870622419, 0.4229901269393512, 0.451746513875466, 0.42279268767016726, 0.4253828608667318, 0.40591174021648624, 0.3989654597029868, 0.4188719189475276, 0.4207182320441989, 0.41980669561563244, 0.4163372859025033, 0.4235705950991832, 0.41127982646420824, 0.42368950054120924, 0.418291761148904, 0.42014459415050937, 0.3867979154603358, 0.41020942408376965, 0.43439204363169714, 0.44649614045709096, 0.4180260532801314, 0.4186493276193291, 0.43260188087774293, 0.4222188495978145, 0.44915122255100454, 0.4088920007001575, 0.4279426380803635, 0.39464933494558646, 0.4254889785780813, 0.4222177500503119, 0.3979983548121744, 0.3981979363464613, 0.4069733372399648, 0.42502570127772066, 0.38736607764018366, 0.4124501686599203, 0.4006734006734007, 0.43951718709000265, 0.4209383145091225, 0.3987516330381768, 0.39089817162685175, 0.4348543155579989, 0.39026897378790476, 0.4095705156784069, 0.38317200297840653, 0.42618826956176353, 0.40281501340482573, 0.34249931935747346]
val step Accs: [0.3860750463689542, 0.37772087067861715, 0.3624102037824366, 0.3723221936589546, 0.3744202389318341, 0.38439905269390173, 0.3669853768278965, 0.3605019647610597, 0.38222222222222224, 0.3698647945917837, 0.38212094653812445, 0.35726118166758697, 0.3915554414784394, 0.36216683119447185, 0.40556868925663253, 0.3874221936037776]
Preds: [17, 17, 17, 7, 7, 293, 35, 267, 213, 171, 434, 464, 339, 32, 32, 32, 354, 354, 219, 213, 213, 213, 213, 19, 19, 19, 454, 414, 414, 414, 47, 170, 170, 170, 170, 392, 244, 244, 2, 2, 2, 2, 2, 2, 2, 244, 244, 2, 392, 392, 63, 63, 63, 63, 63, 63, 63, 63, 63, 63, 63, 63, 63, 63, 63, 63, 63, 63, 63, 63, 63, 63, 63, 63, 63, 63, 63, 63, 63, 392, 244, 320, 320, 287, 287, 287, 287, 284, 284, 284, 284, 287, 460, 240, 240, 240, 32, 32, 43, 98, 98, 414, 414, 414, 47, 392, 392, 244, 244, 244, 321, 244, 244, 244, 244, 320, 320, 7, 287, 287, 7, 182, 486, 355, 293, 293, 348, 35, 401, 7, 250, 240, 35, 284, 240, 267, 324, 324, 324, 171, 171, 246, 252, 19, 143, 132, 98, 401, 320, 188, 219, 219, 339, 250, 355, 355, 284, 284, 287, 284, 287, 319, 450, 240, 240, 132, 32, 259, 35, 486, 486, 240, 240, 264, 264, 120, 182, 240, 497, 293, 293, 35, 342, 35, 387, 115, 267, 264, 143, 219, 239, 324, 324, 324, 464, 464, 464, 464, 464, 355, 145, 443, 443, 486, 284, 387, 35, 35, 387, 319, 35, 35, 106, 319, 284, 284, 460, 450, 450, 460, 460, 460, 355, 355, 48, 414, 170, 47, 170, 392, 392, 392, 392, 392, 392, 392, 392, 392, 392, 73, 321, 320, 320, 7, 7, 7, 240, 32, 132, 32, 32, 32, 32, 32, 371, 32, 32, 106, 319, 319, 319, 240, 35, 303, 32, 32, 374, 132, 132, 132, 132, 132, 374, 132, 132, 219, 324, 324, 324, 246, 246, 246, 246, 246, 246, 252, 252, 19, 14, 14, 65, 287, 284, 284, 284, 460, 460, 460, 460, 460, 450, 450, 450, 240, 303, 303, 374, 374, 342, 398, 360, 324, 324, 324, 464, 464, 239, 239, 239, 32, 32, 354, 354, 486, 284, 284, 486, 460, 486, 240, 240, 240, 464, 464, 464, 464, 464, 464, 464, 464, 464, 464, 464, 464, 464, 464, 464, 464, 464, 464, 464, 464, 464, 464, 464, 464, 464, 464, 464, 464, 464, 464, 464, 464, 464, 464, 464, 464, 464, 464, 464, 464, 464, 464, 464, 464, 464, 464, 464, 464, 464, 464, 464, 464, 464, 464, 464, 464, 464, 464, 464, 464, 464, 464, 464, 464, 464, 464, 464, 464, 464, 464, 464, 464, 464, 464, 464, 464, 464, 464, 464, 464, 464, 464, 464, 464, 464, 464, 464, 464, 464, 464, 464, 464, 464, 464, 464, 464, 464, 464, 464, 464, 464, 464, 464, 464, 464, 464, 464, 464, 464, 464, 464, 464, 464, 464, 464, 464, 464, 464, 464, 464, 464, 464, 464, 464, 464, 464, 464, 464, 464, 464, 464, 464, 464, 464, 464, 464, 464, 464, 464, 464, 464, 464, 464, 464, 464, 464, 464, 464, 464, 464, 464, 464, 464, 464, 464, 464, 464, 464, 464, 464, 464, 464, 464, 464, 464, 464, 464, 464, 464, 464, 464, 464, 464, 464, 464, 464, 464, 464, 464, 464, 464, 464, 464, 464, 464, 464, 464, 464, 464, 464, 464, 464, 464, 464, 464, 464, 464, 464, 464, 464, 464, 464, 464, 464, 464, 464, 464, 464, 464, 464, 464, 464, 464, 464, 464, 464, 464, 464, 464, 464, 464, 464, 464, 464, 464, 464, 464, 464, 464, 464, 464, 464, 464, 464, 464, 464, 464, 464, 464, 464, 464, 464, 464, 464, 464, 464, 464, 464, 464, 464, 464, 464, 464, 464, 464, 464, 464, 464, 464, 464, 464, 464, 464, 464, 464, 464, 464, 464]

ep23
Train step Loss: [3.086642026901245, 2.9287049770355225, 2.958557605743408, 3.4020190238952637, 2.8471198081970215, 2.737253189086914, 3.0878653526306152, 2.90158748626709, 3.011800527572632, 3.026628017425537, 3.098613977432251, 3.0939996242523193, 3.024606466293335, 2.941807985305786, 2.840693473815918, 2.7909038066864014, 2.9773457050323486, 3.2024598121643066, 3.2326502799987793, 3.0732009410858154, 3.0712625980377197, 3.0657308101654053, 3.1529793739318848, 2.9116530418395996, 2.8584654331207275, 3.141838312149048, 2.8383736610412598, 2.926293134689331, 3.0477023124694824, 3.4966909885406494, 3.0684351921081543, 2.975149631500244, 3.2500011920928955, 3.0773887634277344, 2.8030059337615967, 3.0337960720062256, 2.823698043823242, 2.9967520236968994, 3.0558972358703613, 3.2310400009155273, 3.0299758911132812, 2.9929254055023193, 2.9880590438842773, 2.9757933616638184, 2.729966163635254, 2.96658992767334, 2.8657896518707275, 2.931366205215454, 2.812046527862549, 3.222224712371826, 2.9871890544891357, 2.9573545455932617, 3.2766876220703125, 3.0667495727539062, 3.097093105316162, 2.9461326599121094, 2.8768234252929688, 3.1504898071289062, 2.818063497543335, 3.2389767169952393, 2.916224956512451, 3.2200605869293213, 3.2395756244659424]
val step Loss: [3.252998113632202, 3.2116994857788086, 3.101149559020996, 3.177882432937622, 3.138284683227539, 3.2181825637817383, 3.1443729400634766, 3.1800060272216797, 3.017686605453491, 3.109250545501709, 3.2855405807495117, 3.112400770187378, 3.154120922088623, 3.126199245452881, 3.0812437534332275, 3.1298606395721436]
Train step Accs: [0.3928794503435353, 0.41601089588377727, 0.39877116739097856, 0.342388306674021, 0.40971718636693255, 0.4384875846501129, 0.3881265347392749, 0.4132882882882883, 0.40153310104529616, 0.39301933307382897, 0.37889856701320596, 0.38012691533818294, 0.390198087431694, 0.40955386601635346, 0.43695891704706435, 0.4356326078937661, 0.4056514913657771, 0.3614621551841283, 0.36097415209920813, 0.38543247344461307, 0.3878013266461738, 0.3750811161583387, 0.372716032422036, 0.41861447479583214, 0.4292936802973978, 0.3725597269624573, 0.4205145118733509, 0.41008427367518924, 0.3956902356902357, 0.3296446575679331, 0.3858686884981449, 0.40858181818181816, 0.36497824735860784, 0.3947005244272702, 0.4342629482071713, 0.40501383688751424, 0.4380272550292018, 0.4059270327481011, 0.3878602255325073, 0.36265241813947113, 0.3995765702187721, 0.4067146282973621, 0.39933110367892977, 0.3997995991983968, 0.4578175895765472, 0.4126964484593491, 0.4243312101910828, 0.4234511839117742, 0.4416202033453591, 0.3721884498480243, 0.4186368209255533, 0.40385477364410577, 0.35667255500240885, 0.3996423781850693, 0.3910897692410297, 0.41917321084605125, 0.42917232021709634, 0.37783711615487314, 0.4404547345071399, 0.3672278934111096, 0.41435768261964734, 0.3647485883301963, 0.3629032258064516]
val step Accs: [0.3513943071810432, 0.36363636363636365, 0.38126450908097775, 0.3556952283222165, 0.36620814949390085, 0.3627299703264095, 0.3565775720471853, 0.3602180598266704, 0.38072326555952196, 0.37695840086439764, 0.3347313237221494, 0.37316229460939754, 0.37464350531501167, 0.3719412724306688, 0.38332722161105, 0.3806994245241257]
Preds: [17, 17, 287, 287, 473, 276, 398, 360, 360, 360, 339, 139, 32, 32, 35, 32, 371, 371, 264, 264, 139, 139, 182, 182, 182, 464, 434, 434, 464, 360, 219, 219, 19, 19, 197, 197, 414, 414, 414, 170, 47, 47, 47, 47, 47, 47, 392, 47, 170, 47, 392, 392, 392, 63, 63, 63, 63, 63, 63, 63, 63, 63, 73, 244, 320, 320, 321, 7, 7, 7, 188, 240, 398, 171, 464, 143, 143, 14, 401, 287, 287, 284, 284, 240, 240, 240, 240, 486, 139, 240, 132, 374, 132, 132, 132, 132, 132, 239, 43, 132, 132, 132, 132, 239, 106, 106, 106, 387, 387, 387, 182, 182, 182, 182, 182, 497, 182, 122, 129, 259, 43, 293, 293, 293, 182, 122, 354, 310, 310, 43, 398, 139, 35, 486, 35, 354, 129, 401, 75, 259, 259, 259, 374, 106, 106, 293, 293, 319, 293, 293, 35, 401, 401, 287, 473, 239, 259, 374, 374, 464, 403, 403, 403, 403, 464, 434, 434, 434, 434, 434, 19, 454, 454, 454, 414, 47, 47, 392, 392, 392, 392, 392, 392, 392, 63, 63, 63, 63, 63, 63, 63, 392, 392, 244, 320, 320, 287, 287, 287, 287, 284, 284, 284, 287, 450, 169, 293, 293, 293, 35, 35, 35, 35, 35, 35, 240, 146, 360, 434, 434, 434, 246, 246, 19, 19, 132, 19, 197, 145, 250, 250, 250, 250, 250, 188, 188, 403, 403, 434, 464, 464, 464, 464, 339, 145, 486, 355, 460, 250, 250, 250, 250, 188, 188, 403, 434, 434, 464, 464, 339, 139, 413, 413, 303, 240, 342, 331, 106, 293, 284, 284, 284, 284, 284, 450, 413, 413, 98, 413, 413, 413, 303, 413, 303, 32, 250, 354, 354, 132, 132, 132, 303, 374, 264, 264, 264, 139, 139, 139, 293, 293, 293, 497, 497, 98, 98, 98, 98, 75, 287, 441, 287, 293, 293, 293, 497, 98, 98, 98, 414, 170, 170, 170, 170, 392, 63, 63, 63, 63, 63, 63, 63, 63, 63, 63, 63, 63, 63, 63, 63, 63, 63, 63, 63, 63, 63, 63, 63, 63, 63, 63, 73, 244, 320, 320, 321, 287, 287, 287, 284, 284, 284, 287, 460, 240, 240, 303, 497, 35, 132, 43, 43, 259, 342, 35, 395, 324, 324, 324, 324, 246, 246, 246, 246, 246, 246, 246, 246, 252, 19, 19, 145, 145, 145, 145, 145, 188, 403, 324, 434, 339, 374, 374, 374, 374, 132, 132, 43, 43, 259, 153, 106, 43, 122, 129, 129, 401, 401, 401, 7, 354, 219, 219, 213, 213, 171, 252, 143, 14, 401, 401, 401, 321, 7, 219, 464, 132, 132, 360, 246, 324, 171, 19, 19, 32, 32, 32, 32, 32, 374, 374, 342, 443, 443, 324, 324, 143, 143, 239, 239, 374, 267, 464, 464, 464, 182, 240, 182, 303, 129, 401, 75, 354, 219, 267, 213, 213, 246, 246, 339, 19, 303, 98, 48, 48, 170, 47, 170, 244, 392, 392, 392, 392, 392, 392, 392, 321, 320, 320, 320, 7, 188, 213, 213, 213, 246, 246, 246, 246, 19, 454, 454, 197, 197, 244, 7, 7, 32, 32, 129, 354, 354, 374, 374, 132, 264, 264, 443, 182, 182, 464, 182, 182, 182, 98, 32, 32, 250, 250, 473, 35, 374, 213, 324, 324, 252, 143, 239, 354, 354, 132, 132, 132, 132, 374, 324, 19, 19, 454, 197, 197, 188, 188, 464, 464, 464, 464, 464, 464, 464, 464, 464, 464, 464, 464, 464, 464, 464, 464, 464, 464, 464, 464, 464, 464, 464, 464, 464, 464, 464, 464, 464, 464, 464, 464, 464, 464, 464, 464, 464]

ep24
Train step Loss: [3.398726463317871, 2.9079718589782715, 3.1446728706359863, 3.104444742202759, 2.891183376312256, 2.8647429943084717, 3.0723602771759033, 2.7663490772247314, 3.210906505584717, 3.365091323852539, 3.2932050228118896, 3.2263448238372803, 3.1813807487487793, 3.053929567337036, 3.4094185829162598, 3.0120933055877686, 2.861377000808716, 2.9876515865325928, 2.7565531730651855, 2.906632423400879, 3.246086597442627, 3.1303751468658447, 2.9655649662017822, 3.4281821250915527, 3.1844470500946045, 3.6892247200012207, 3.3550984859466553, 3.158546209335327, 3.0778985023498535, 2.9685449600219727, 2.9455013275146484, 2.992910385131836, 3.0256102085113525, 3.0847480297088623, 3.268843650817871, 3.2830986976623535, 3.1912057399749756, 3.1987221240997314, 2.8516931533813477, 3.413801670074463, 2.9406628608703613, 2.874023675918579, 2.7767772674560547, 3.0348503589630127, 2.947821617126465, 2.985724687576294, 3.2684061527252197, 3.0881524085998535, 3.2177047729492188, 2.979945421218872, 3.4924216270446777, 3.045180082321167, 2.865619659423828, 2.828502655029297, 2.8455262184143066, 3.074728488922119, 2.9423139095306396, 3.3196892738342285, 3.2204465866088867, 3.257741689682007, 3.313359022140503, 3.2350895404815674, 3.265526294708252]
val step Loss: [2.9507691860198975, 2.9858803749084473, 3.020458936691284, 2.9701900482177734, 2.8720245361328125, 3.0337014198303223, 3.0013837814331055, 3.0364489555358887, 3.0949151515960693, 3.0002787113189697, 2.9620048999786377, 2.9722611904144287, 3.04541277885437, 2.942784070968628, 2.9866411685943604, 3.0486598014831543]
Train step Accs: [0.34177032108764827, 0.41999089943879875, 0.3822033898305085, 0.39387649195640895, 0.42110251145158745, 0.4318181818181818, 0.39431265206812655, 0.4437106918238994, 0.37919415976414433, 0.35332403533240353, 0.3482691233947515, 0.36305401662049863, 0.3872362064581744, 0.4010351098055672, 0.3416960093896714, 0.404190309908337, 0.427101429907791, 0.4157790927021696, 0.45573203333857526, 0.4173617547111523, 0.37687394081606046, 0.3840155945419103, 0.41054502369668244, 0.35494723963908853, 0.3699383436093984, 0.3116459627329193, 0.36077680525164113, 0.37931506849315066, 0.3845502047733371, 0.4080023798899301, 0.4176931690929451, 0.41451198050629484, 0.4044213263979194, 0.3894845058011455, 0.36015276893698284, 0.3706181818181818, 0.3923451447119286, 0.38156193431600727, 0.4383918981126285, 0.33300504739628217, 0.42256471644471044, 0.43254913639070874, 0.4412557475820517, 0.40271797631862216, 0.421610481377889, 0.4066675850668136, 0.36951152579582874, 0.3876272513703994, 0.3779155113358343, 0.41400599753042866, 0.32247403210576014, 0.39980435997764113, 0.4447182014166923, 0.4354813543454517, 0.43841274524266116, 0.4055226254156426, 0.4259612329202415, 0.3875077688004972, 0.3888336646785951, 0.3580926180651077, 0.3746206896551724, 0.3729480396147063, 0.3873911240149316]
val step Accs: [0.4107244723331432, 0.41326464906632326, 0.39762327550881027, 0.3942849099099099, 0.4133447810621857, 0.4036408431426225, 0.3911947571836666, 0.3984126984126984, 0.38813979086406164, 0.40091653936953203, 0.40537000654878846, 0.4016949152542373, 0.39015292801193585, 0.41540175463027434, 0.40002711129185303, 0.3845992005049442]
Preds: [17, 17, 188, 213, 252, 143, 354, 35, 35, 486, 287, 287, 287, 319, 460, 450, 182, 182, 182, 84, 129, 284, 284, 284, 287, 287, 287, 486, 486, 460, 460, 460, 146, 146, 434, 19, 414, 414, 414, 170, 414, 187, 187, 392, 187, 47, 187, 187, 187, 7, 7, 7, 443, 401, 73, 73, 73, 320, 7, 284, 284, 287, 287, 287, 287, 287, 284, 284, 284, 284, 284, 284, 284, 486, 486, 450, 293, 293, 293, 35, 250, 250, 250, 250, 250, 250, 250, 473, 35, 106, 284, 284, 284, 426, 319, 460, 460, 146, 182, 303, 32, 413, 398, 398, 398, 403, 464, 464, 464, 139, 486, 486, 376, 376, 376, 450, 450, 413, 413, 413, 413, 250, 250, 250, 250, 250, 284, 284, 284, 284, 284, 284, 284, 426, 426, 426, 426, 413, 413, 413, 413, 250, 250, 250, 284, 284, 319, 319, 460, 240, 240, 240, 240, 240, 374, 434, 434, 324, 324, 464, 464, 129, 145, 486, 486, 172, 267, 267, 267, 267, 267, 267, 324, 464, 464, 132, 219, 219, 464, 464, 464, 182, 271, 271, 315, 486, 486, 486, 376, 376, 172, 153, 267, 342, 342, 342, 342, 486, 139, 182, 497, 355, 355, 355, 355, 355, 355, 263, 263, 414, 414, 170, 170, 170, 170, 47, 2, 244, 2, 2, 2, 2, 2, 2, 2, 63, 63, 63, 63, 63, 63, 63, 63, 63, 244, 321, 244, 244, 80, 80, 320, 7, 7, 7, 153, 106, 497, 497, 122, 32, 32, 43, 413, 303, 303, 303, 443, 182, 486, 460, 240, 240, 240, 240, 132, 331, 497, 497, 497, 497, 43, 259, 32, 239, 35, 180, 371, 264, 324, 213, 213, 246, 246, 246, 246, 246, 246, 246, 19, 19, 454, 454, 414, 170, 170, 414, 170, 170, 170, 170, 47, 47, 47, 47, 47, 47, 47, 47, 63, 63, 63, 63, 244, 63, 63, 244, 63, 244, 63, 63, 63, 63, 63, 63, 63, 63, 63, 63, 244, 73, 73, 321, 321, 321, 320, 7, 7, 7, 374, 264, 264, 264, 374, 374, 43, 43, 43, 43, 43, 276, 276, 284, 284, 284, 284, 284, 284, 284, 284, 450, 450, 460, 460, 460, 460, 450, 169, 35, 35, 259, 259, 259, 106, 106, 293, 284, 284, 284, 284, 284, 284, 284, 486, 486, 426, 426, 426, 426, 450, 413, 413, 182, 303, 413, 132, 32, 303, 398, 434, 264, 434, 434, 464, 464, 464, 264, 339, 303, 303, 303, 303, 303, 43, 250, 250, 250, 250, 276, 43, 43, 293, 293, 293, 387, 387, 387, 182, 182, 182, 182, 182, 182, 182, 182, 182, 497, 497, 497, 43, 43, 250, 284, 284, 284, 240, 240, 240, 250, 240, 146, 403, 464, 267, 219, 464, 464, 464, 464, 374, 374, 132, 374, 324, 324, 464, 464, 355, 355, 355, 355, 263, 263, 263, 188, 188, 464, 464, 464, 464, 464, 464, 464, 464, 464, 464, 464, 464, 464, 464, 464, 464, 464, 464, 464, 464, 464, 464, 464, 464, 464, 464, 464, 464, 464, 464, 464, 464, 464, 464, 464, 464, 464, 464, 464, 464, 464, 464, 464, 464, 464, 464, 464, 464, 464, 464, 464, 464, 464, 464, 464, 464, 464, 464, 464, 464, 464, 464, 464, 464, 464, 464, 464, 464, 464, 464, 464, 464, 464, 464, 464, 464, 464, 464, 464, 464, 464, 464, 464, 464, 464, 464, 464, 464, 464, 464, 464, 464, 464, 464, 464, 464, 464, 464, 464, 464, 464, 464, 464, 464, 464, 464, 464, 464, 464, 464, 464, 464, 464, 464, 464, 464, 464, 464, 464, 464, 464, 464, 464, 464, 464]

ep25
Train step Loss: [3.3504703044891357, 3.4178977012634277, 3.2718520164489746, 2.931441307067871, 2.6955158710479736, 2.989774465560913, 3.116715908050537, 2.850795030593872, 3.0316882133483887, 3.026108980178833, 3.024359703063965, 2.971848487854004, 3.237342596054077, 3.3479015827178955, 3.2613935470581055, 3.1223297119140625, 3.0267691612243652, 3.1732676029205322, 3.151956558227539, 3.127610445022583, 3.3341524600982666, 2.93060302734375, 2.9860522747039795, 3.135955572128296, 3.3075973987579346, 3.4146666526794434, 3.0433530807495117, 3.4616096019744873, 3.133810043334961, 3.098884105682373, 2.9508447647094727, 3.1015625, 3.1403088569641113, 2.877612590789795, 2.932102680206299, 2.7455477714538574, 2.98022198677063, 2.7380731105804443, 3.2131245136260986, 2.86499285697937, 3.0827364921569824, 2.9318249225616455, 3.004754066467285, 2.7834339141845703, 2.818540096282959, 3.1168456077575684, 2.9450955390930176, 2.990255832672119, 2.5938422679901123, 2.9912052154541016, 3.185922145843506, 3.106276512145996, 3.163259267807007, 3.1624937057495117, 3.270282745361328, 3.512057065963745, 3.256112813949585, 3.1835033893585205, 3.5039796829223633, 2.811343193054199, 3.4358036518096924, 3.2246415615081787, 3.200181007385254]
val step Loss: [2.955702304840088, 2.998490571975708, 2.9851162433624268, 3.1369211673736572, 3.141155242919922, 3.147365093231201, 3.067885398864746, 3.005786895751953, 3.179164409637451, 3.4799928665161133, 2.9753658771514893, 3.042191743850708, 3.114457845687866, 3.0783305168151855, 2.9888076782226562, 3.289649486541748]
Train step Accs: [0.33847023893680195, 0.34566385264773597, 0.3575067425831585, 0.4282426211751963, 0.46174377224199287, 0.41699232884643217, 0.3800328677074774, 0.4228848413631022, 0.4042407660738714, 0.4073887489504618, 0.40114727854855925, 0.41303057287028794, 0.36993874196922155, 0.35983092446141257, 0.361284289276808, 0.38312780269058294, 0.4126733921815889, 0.38315068493150684, 0.4009802419972431, 0.38756927949326997, 0.35277015021805846, 0.42490189083125224, 0.4129032258064516, 0.38521039603960394, 0.35539837181369277, 0.3341173215273935, 0.4065106268496099, 0.3347911325591917, 0.39336575199722124, 0.3956043956043956, 0.4273972602739726, 0.40056345242668717, 0.38243135163956277, 0.42887529912257377, 0.43034792962032015, 0.4533178452156236, 0.4158032877469264, 0.4540346496019978, 0.3578324509498599, 0.4320228091236495, 0.4034082106893881, 0.42437241817604066, 0.4112525117213664, 0.44365343835201454, 0.44372421921037125, 0.3882947467387472, 0.41159938681655595, 0.4124884243947612, 0.48314087759815244, 0.4075266994405832, 0.3764645294193382, 0.3869255819563382, 0.383364898989899, 0.38627108784176845, 0.3678637200736648, 0.32738979692917286, 0.35608747044917255, 0.37202499667597394, 0.34253910102860363, 0.44482437053155116, 0.34527687296416937, 0.36651993785603315, 0.37360178970917224]
val step Accs: [0.4211897524967434, 0.4096166341780377, 0.4037692747001713, 0.38558423743608927, 0.38736545361353153, 0.3812324555540703, 0.3932570444198351, 0.41339826270071073, 0.3735238372940662, 0.326174310655397, 0.40156938325991187, 0.3999082428505888, 0.38247660382476606, 0.39553674490188534, 0.40802928923115767, 0.3568175729975891]
Preds: [17, 17, 287, 287, 284, 284, 319, 450, 450, 413, 348, 348, 35, 122, 250, 250, 250, 276, 276, 276, 276, 250, 473, 276, 35, 293, 284, 284, 319, 182, 182, 182, 413, 413, 413, 348, 240, 267, 267, 324, 324, 464, 19, 145, 319, 486, 486, 172, 153, 267, 342, 267, 267, 267, 324, 324, 464, 464, 14, 14, 145, 188, 219, 171, 252, 443, 139, 182, 182, 486, 486, 486, 486, 169, 426, 376, 426, 338, 145, 287, 460, 460, 486, 486, 460, 146, 240, 240, 132, 303, 132, 32, 32, 32, 32, 32, 129, 354, 132, 132, 132, 374, 374, 286, 434, 264, 264, 264, 303, 303, 182, 182, 182, 464, 303, 182, 443, 98, 98, 170, 170, 170, 47, 47, 170, 170, 47, 170, 170, 187, 187, 187, 244, 321, 2, 2, 2, 73, 392, 73, 73, 392, 244, 73, 73, 73, 321, 320, 287, 287, 287, 293, 293, 293, 32, 129, 473, 293, 473, 284, 319, 319, 284, 319, 293, 348, 348, 303, 303, 250, 250, 98, 98, 197, 401, 7, 7, 217, 473, 374, 264, 264, 132, 264, 132, 434, 434, 434, 324, 339, 303, 132, 132, 180, 403, 139, 303, 303, 132, 132, 374, 331, 106, 486, 250, 450, 450, 450, 182, 413, 497, 43, 43, 32, 32, 259, 293, 259, 293, 284, 284, 426, 319, 293, 293, 240, 250, 250, 303, 413, 98, 98, 98, 414, 414, 414, 170, 170, 170, 170, 170, 47, 47, 2, 80, 2, 2, 2, 2, 2, 73, 244, 73, 73, 73, 73, 321, 320, 7, 287, 7, 287, 284, 287, 319, 450, 240, 348, 35, 284, 240, 293, 284, 284, 153, 293, 293, 35, 387, 387, 387, 387, 182, 497, 250, 250, 250, 250, 276, 250, 473, 35, 497, 497, 497, 497, 497, 497, 98, 98, 98, 197, 197, 197, 197, 244, 244, 321, 287, 287, 287, 284, 284, 284, 450, 460, 460, 450, 450, 450, 450, 450, 450, 450, 450, 450, 182, 303, 303, 303, 413, 413, 413, 250, 250, 250, 250, 250, 395, 264, 264, 403, 403, 403, 403, 434, 434, 464, 339, 32, 32, 32, 32, 354, 32, 106, 153, 387, 387, 106, 250, 250, 250, 250, 250, 250, 473, 75, 153, 153, 153, 387, 182, 182, 182, 182, 182, 132, 303, 32, 43, 43, 132, 132, 98, 98, 98, 414, 414, 414, 414, 187, 170, 170, 170, 170, 47, 187, 187, 187, 187, 187, 80, 392, 392, 73, 73, 73, 321, 7, 7, 17, 17, 2, 2, 188, 287, 287, 153, 153, 387, 182, 182, 182, 182, 182, 182, 182, 182, 182, 182, 182, 182, 182, 122, 35, 129, 129, 401, 75, 354, 354, 129, 129, 240, 106, 293, 293, 293, 497, 98, 98, 98, 414, 197, 188, 188, 464, 464, 464, 464, 464, 464, 464, 464, 464, 464, 464, 464, 464, 464, 464, 464, 464, 464, 464, 464, 464, 464, 464, 464, 464, 464, 464, 464, 464, 464, 464, 464, 464, 464, 464, 464, 464, 464, 464, 464, 464, 464, 464, 464, 464, 464, 464, 464, 464, 464, 464, 464, 464, 464, 464, 464, 464, 464, 464, 464, 464, 464, 464, 464, 464, 464, 464, 464, 464, 464, 464, 464, 464, 464, 464, 464, 464, 464, 464, 464, 464, 464, 464, 464, 464, 464, 464, 464, 464, 464, 464, 464, 464, 464, 464, 464, 464, 464, 464, 464, 464, 464, 464, 464, 464, 464, 464, 464, 464, 464, 464, 464, 464, 464, 464, 464, 464, 464, 464, 464, 464, 464, 464, 464, 464, 464, 464, 464, 464, 464, 464, 464, 464, 464, 464, 464, 464, 464, 464, 464, 464, 464, 464]

ep26
Train step Loss: [3.4815409183502197, 3.328213691711426, 2.9179317951202393, 3.4955923557281494, 3.1476945877075195, 3.9030165672302246, 3.296210527420044, 3.218172311782837, 3.1898555755615234, 3.4630415439605713, 3.089515209197998, 3.297814130783081, 2.9949371814727783, 3.3402762413024902, 3.118919849395752, 3.391883611679077, 3.1441006660461426, 3.548321008682251, 3.049099922180176, 3.3961331844329834, 3.5543465614318848, 3.3129868507385254, 3.1379995346069336, 3.4663960933685303, 3.0294830799102783, 3.0217103958129883, 2.9197371006011963, 2.8803186416625977, 3.6528091430664062, 3.145928382873535, 3.3566884994506836, 3.082463502883911, 3.0979394912719727, 3.03700852394104, 3.0494463443756104, 3.2608706951141357, 3.340686559677124, 3.123420476913452, 3.2741754055023193, 3.2536604404449463, 3.2358779907226562, 3.2471868991851807, 3.1599936485290527, 3.4596211910247803, 3.200906991958618, 3.4336395263671875, 3.3243343830108643, 3.770846128463745, 3.3725414276123047, 3.374667167663574, 3.3825271129608154, 3.0756642818450928, 3.159383535385132, 3.3465635776519775, 3.1505115032196045, 2.9291882514953613, 3.1546125411987305, 3.257063388824463, 3.3054141998291016, 3.0189714431762695, 3.4502992630004883, 3.294003486633301, 3.2257461547851562]
val step Loss: [3.3988568782806396, 3.4464967250823975, 3.3524887561798096, 3.465229034423828, 3.679795026779175, 3.5354905128479004, 3.5325188636779785, 3.3572585582733154, 3.3618128299713135, 3.5734570026397705, 3.586670398712158, 3.408287525177002, 3.6186325550079346, 3.4540855884552, 3.7621989250183105, 3.3161070346832275]
Train step Accs: [0.34092812866476796, 0.35976168652612284, 0.42892812555733906, 0.32838895756077463, 0.3925198337740839, 0.28514513375071143, 0.3609918271228702, 0.36634651365847576, 0.38451596225927365, 0.3381818181818182, 0.3845137420718816, 0.3610481586402266, 0.4028861728758651, 0.35296867695184664, 0.3840686603191632, 0.3431476883055457, 0.3832292849035187, 0.3296686970732432, 0.4108810393828664, 0.3673437253975752, 0.3484450587422253, 0.36530283032702743, 0.37982069161804466, 0.34378020157393346, 0.39048349961627016, 0.39365671641791045, 0.4278645430647905, 0.4258287085645718, 0.3070737155621742, 0.40136370680303735, 0.36634571297569923, 0.40029835902536054, 0.402033143016293, 0.4049327939449302, 0.4036763641626864, 0.37496807151979566, 0.35428410372040586, 0.39719837324898327, 0.3666454487587524, 0.36833000665335996, 0.36854999234420455, 0.38368621064060804, 0.39580989876265465, 0.3505730238025272, 0.3842227378190255, 0.3441866427381105, 0.3555766107200866, 0.26653333333333334, 0.35740371845949537, 0.35800248997095035, 0.3500891843684125, 0.38431898140392023, 0.38861560084328883, 0.3611664129289144, 0.3849439402028831, 0.4260330578512397, 0.38311507383672333, 0.35968326399141054, 0.34825004353125544, 0.407137192704203, 0.3454489450177114, 0.359035004730369, 0.38040268456375836]
val step Accs: [0.34872761545711595, 0.34665275085731323, 0.34538724373576307, 0.31931773105910355, 0.3109567901234568, 0.3237530609614641, 0.3304593829987876, 0.35471456061577933, 0.3551802707411875, 0.31382716049382714, 0.3134964266080264, 0.3379073756432247, 0.31683878370625357, 0.33465879938429965, 0.28399045881857726, 0.35585680999788183]
Preds: [17, 17, 17, 7, 354, 32, 106, 443, 443, 348, 182, 182, 182, 324, 464, 434, 434, 324, 324, 324, 324, 324, 301, 301, 143, 303, 303, 303, 374, 342, 331, 331, 106, 284, 284, 284, 284, 284, 486, 486, 413, 98, 98, 98, 414, 414, 414, 187, 47, 170, 170, 392, 392, 392, 63, 63, 63, 63, 63, 63, 63, 63, 63, 63, 63, 63, 63, 63, 73, 244, 320, 287, 284, 287, 7, 441, 486, 486, 460, 460, 169, 169, 35, 342, 35, 115, 35, 443, 443, 355, 355, 355, 338, 338, 338, 338, 188, 188, 403, 171, 213, 324, 246, 246, 246, 246, 339, 19, 14, 145, 145, 145, 188, 171, 434, 434, 374, 374, 374, 132, 132, 132, 132, 132, 43, 32, 32, 129, 401, 401, 401, 197, 7, 354, 75, 219, 267, 171, 171, 252, 301, 239, 129, 259, 217, 473, 219, 219, 171, 171, 252, 252, 143, 354, 354, 354, 107, 132, 132, 374, 246, 246, 19, 19, 454, 414, 414, 47, 47, 47, 47, 2, 2, 2, 2, 170, 47, 170, 392, 392, 392, 392, 392, 392, 392, 392, 392, 392, 392, 73, 73, 320, 321, 287, 287, 287, 287, 486, 460, 460, 169, 35, 35, 401, 276, 276, 473, 35, 264, 324, 171, 171, 143, 143, 14, 401, 401, 197, 188, 188, 264, 264, 403, 434, 374, 374, 132, 132, 132, 132, 250, 43, 32, 354, 371, 324, 301, 132, 14, 14, 259, 217, 217, 284, 65, 240, 240, 240, 486, 240, 403, 464, 324, 324, 464, 19, 355, 145, 338, 338, 188, 324, 434, 434, 374, 374, 374, 132, 132, 303, 182, 182, 182, 497, 497, 43, 122, 32, 401, 259, 219, 219, 171, 301, 132, 239, 217, 129, 284, 276, 250, 250, 250, 450, 169, 240, 35, 132, 259, 259, 486, 486, 486, 460, 146, 468, 264, 264, 303, 303, 355, 486, 460, 169, 182, 182, 293, 342, 387, 153, 153, 153, 153, 106, 115, 267, 267, 267, 213, 213, 213, 246, 246, 252, 14, 219, 219, 403, 171, 171, 171, 339, 139, 19, 143, 139, 284, 441, 153, 153, 284, 284, 284, 287, 287, 287, 284, 284, 284, 450, 450, 450, 282, 250, 263, 263, 263, 263, 263, 197, 188, 188, 464, 464, 464, 464, 464, 464, 464, 464, 464, 464, 464, 464, 464, 464, 464, 464, 464, 464, 464, 464, 464, 464, 464, 464, 464, 464, 464, 464, 464, 464, 464, 464, 464, 464, 464, 464, 464, 464, 464, 464, 464, 464, 464, 464, 464, 464, 464, 464, 464, 464, 464, 464, 464, 464, 464, 464, 464, 464, 464, 464, 464, 464, 464, 464, 464, 464, 464, 464, 464, 464, 464, 464, 464, 464, 464, 464, 464, 464, 464, 464, 464, 464, 464, 464, 464, 464, 464, 464, 464, 464, 464, 464, 464, 464, 464, 464, 464, 464, 464, 464, 464, 464, 464, 464, 464, 464, 464, 464, 464, 464, 464, 464, 464, 464, 464, 464, 464, 464, 464, 464, 464, 464, 464, 464, 464, 464, 464, 464, 464, 464, 464, 464, 464, 464, 464, 464, 464, 464, 464, 464, 464, 464, 464, 464, 464, 464, 464, 464, 464, 464, 464, 464, 464, 464, 464, 464, 464, 464, 464, 464, 464, 464, 464, 464, 464, 464, 464, 464, 464, 464, 464, 464, 464, 464, 464, 464, 464, 464, 464, 464, 464, 464, 464, 464, 464, 464, 464, 464, 464, 464, 464, 464, 464, 464, 464, 464, 464, 464, 464, 464, 464, 464, 464, 464, 464, 464, 464, 464, 464, 464, 464, 464, 464, 464, 464, 464, 464, 464, 464, 464, 464, 464, 464, 464, 464, 464, 464, 464]

