ep1
Train step Loss: [6.216368675231934, 6.210811614990234, 6.207354545593262, 6.2036309242248535, 6.19566535949707, 6.194544792175293, 6.1809797286987305, 6.175658226013184, 6.172575950622559, 6.1689019203186035, 6.154292106628418, 6.144068241119385, 6.129593849182129, 6.102863311767578, 6.110867023468018, 6.092942237854004, 6.07828950881958, 6.043115139007568, 6.0222272872924805, 6.022132396697998, 6.01673698425293, 5.976893901824951, 5.955962657928467, 5.941439151763916, 5.897214412689209, 5.875561714172363, 5.852148532867432, 5.818544387817383, 5.811118125915527, 5.791441917419434, 5.714509010314941, 5.735076427459717, 5.7397847175598145, 5.684302806854248, 5.7058024406433105, 5.661129951477051, 5.642374038696289, 5.610967636108398, 5.65235710144043, 5.629805088043213, 5.607059478759766, 5.609857082366943, 5.501282215118408, 5.5157999992370605, 5.605259418487549, 5.538088321685791, 5.516287803649902, 5.536870956420898, 5.491421222686768, 5.59877872467041, 5.44776725769043, 5.550703525543213, 5.489855766296387, 5.439270973205566, 5.477353572845459, 5.478791236877441, 5.417771339416504, 5.416650772094727, 5.494798183441162, 5.367732048034668, 5.4984259605407715, 5.466308116912842, 5.402248859405518]
val step Loss: [5.712345600128174, 5.617794036865234, 5.641665458679199, 5.694428443908691, 5.648268699645996, 5.666339874267578, 5.641910552978516, 5.647254467010498, 5.755376815795898, 5.634206295013428, 5.732391834259033, 5.647465229034424, 5.6681318283081055, 5.634039878845215, 5.654500961303711, 5.7293524742126465]
Train step Accs: [0.00159383716296985, 0.0017123287671232876, 0.001628423390081421, 0.007252215954875101, 0.005324365980103685, 0.026390465380249715, 0.04737154737154737, 0.043410852713178294, 0.04060848266082248, 0.04916087472452958, 0.059886828041496386, 0.04796573875802998, 0.03761091246192557, 0.05723815877251501, 0.025780578630764824, 0.0398406374501992, 0.02986022871664549, 0.03910191725529768, 0.03374777975133215, 0.03608586856315027, 0.024126586244712516, 0.03257942918686053, 0.027788649706457925, 0.027201346045989904, 0.02919203099059214, 0.029146537842190016, 0.03490423387096774, 0.049508043104794626, 0.03693887692562531, 0.030332544872686797, 0.0628722700198544, 0.03285787060621498, 0.02407566638005159, 0.053145647802355644, 0.04016521862982481, 0.03653460767689225, 0.0432550178932628, 0.05055469737396433, 0.028929188255613126, 0.022111582955044663, 0.03, 0.026629509211952316, 0.054917692626919354, 0.05053661187338677, 0.028140229523659802, 0.03819759160947818, 0.03635526921306949, 0.03413709021945272, 0.03654850233580654, 0.024193548387096774, 0.04461457233368532, 0.022029778182923124, 0.036851683348498636, 0.04334455996485576, 0.03683083511777302, 0.02291448255204433, 0.047187880898485114, 0.0337546468401487, 0.02507462686567164, 0.05188536953242836, 0.023507355062013267, 0.030918881361820392, 0.031071655041217502]
val step Accs: [0.007415931466564378, 0.011725067385444744, 0.0075570411277430605, 0.005523408732246186, 0.019063896923481462, 0.018710493046776234, 0.016308568470100957, 0.0015727766657134686, 0.0010464355788096795, 0.01238390092879257, 0.005626344530862155, 0.02033476276110112, 0.007147673634524612, 0.020533095268460654, 0.011216963736939152, 0.010717896865520727]
Preds: [63, 63, 63, 63, 63, 63, 63, 63, 63, 63, 63, 63, 63, 63, 63, 63, 63, 63, 63, 63, 63, 63, 63, 63, 63, 63, 63, 63, 63, 63, 63, 63, 63, 63, 63, 63, 63, 63, 63, 63, 63, 63, 63, 63, 63, 63, 63, 63, 63, 63, 63, 63, 63, 63, 63, 63, 63, 63, 63, 63, 63, 63, 63, 63, 63, 63, 63, 63, 63, 63, 63, 63, 63, 63, 63, 63, 63, 63, 63, 63, 63, 63, 63, 63, 63, 63, 63, 63, 63, 63, 63, 63, 63, 63, 63, 63, 63, 63, 63, 63, 63, 63, 63, 63, 63, 63, 63, 63, 63, 63, 63, 63, 63, 63, 63, 63, 63, 63, 63, 63, 63, 63, 63, 63, 63, 63, 63, 63, 63, 63, 63, 63, 63, 63, 63, 63, 63, 63, 63, 63, 63, 63, 63, 63, 63, 63, 63, 63, 63, 63, 63, 63, 63, 63, 63, 63, 63, 63, 63, 63, 63, 63, 63, 63, 63, 63, 63, 63, 63, 63, 63, 63, 63, 63, 63, 63, 63, 63, 63, 63, 63, 63, 63, 63, 63, 63, 63, 63, 63, 63, 63, 63, 63, 63, 63, 63, 63, 63, 63, 63, 63, 63, 63, 63, 63, 63, 63, 63, 63, 63, 63, 63, 63, 63, 63, 63, 63, 63, 63, 63, 63, 63, 63, 63, 63, 63, 63, 63, 63, 63, 63, 63, 63, 63, 63, 63, 63, 63, 63, 63, 63, 63, 63, 63, 63, 63, 63, 63, 63, 63, 63, 63, 63, 63, 63, 63, 63, 63, 63, 63, 63, 63, 63, 63, 63, 63, 63, 63, 63, 63, 63, 63, 63, 63, 63, 63, 63, 63, 63, 63, 63, 63, 63, 63, 63, 63, 63, 63, 63, 63, 63, 63, 63, 63, 63, 63, 63, 63, 63, 63, 63, 63, 63, 63, 63, 63, 63, 63, 63, 63, 63, 63, 63, 63, 63, 63, 63, 63, 63, 63, 63, 63, 63, 63, 63, 63, 63, 63, 63, 63, 63, 63, 63, 63, 63, 63, 63, 63, 63, 63, 63, 63, 63, 63, 63, 63, 63, 63, 63, 63, 63, 63, 63, 63, 63, 63, 63, 63, 63, 63, 63, 63, 63, 63, 63, 63, 63, 63, 63, 63, 63, 63, 63, 63, 63, 63, 63, 63, 63, 63, 63, 63, 63, 63, 63, 63, 63, 63, 63, 63, 63, 63, 63, 63, 63, 63, 63, 63, 63, 63, 63, 63, 63, 63, 63, 63, 63, 63, 63, 63, 63, 63, 63, 63, 63, 63, 63, 63, 63, 63, 63, 63, 63, 63, 63, 63, 63, 63, 63, 63, 63, 63, 63, 63, 63, 63, 63, 63, 63, 63, 63, 63, 63, 63, 63, 63, 63, 63, 63, 63, 63, 63, 63, 63, 63, 63, 63, 63, 63, 63, 63, 63, 63, 63, 63, 63, 63, 63, 63, 63, 63, 63, 63, 63, 63, 63, 63, 63, 63, 63, 63, 63, 63, 63, 63, 63, 63, 63, 63, 63, 63, 63, 63, 63, 63, 63, 63, 63, 63, 63, 63, 63, 63, 63, 63, 63, 63, 63, 63, 63, 63, 63, 63, 63, 63, 63, 63, 63, 63, 63, 63, 63, 63, 63, 63, 63, 63, 63, 63, 63, 63, 63, 63, 63, 63, 63, 63, 63, 63, 63, 63, 63, 63, 63, 63, 63, 63, 63, 63, 63, 63, 63, 63, 63, 63, 63, 63, 63, 63, 63, 63, 63, 63, 63, 63, 63, 63, 63, 63, 63, 63, 63, 63, 63, 63, 63, 63, 63, 63, 63, 63, 63, 63, 63, 63, 63, 63, 63, 63, 63, 63, 63, 63, 63, 63, 63, 63, 63, 63, 63]

ep2
Train step Loss: [5.402523994445801, 5.486413478851318, 5.454124927520752, 5.405774116516113, 5.329965591430664, 5.390995979309082, 5.34119987487793, 5.394035816192627, 5.448768138885498, 5.4079999923706055, 5.367609977722168, 5.3962907791137695, 5.379515171051025, 5.38486909866333, 5.4100661277771, 5.376772880554199, 5.429480075836182, 5.381140232086182, 5.363907814025879, 5.380606651306152, 5.470763206481934, 5.388073444366455, 5.389814853668213, 5.413645267486572, 5.356451988220215, 5.396480083465576, 5.368345260620117, 5.335026741027832, 5.356549263000488, 5.348137378692627, 5.209573745727539, 5.327852249145508, 5.368560791015625, 5.295024394989014, 5.351357936859131, 5.325156211853027, 5.3522138595581055, 5.308959484100342, 5.369640827178955, 5.371119499206543, 5.359919548034668, 5.352730751037598, 5.246726036071777, 5.271572113037109, 5.397165775299072, 5.314151763916016, 5.32246208190918, 5.335582256317139, 5.297834873199463, 5.436257362365723, 5.2639360427856445, 5.399865627288818, 5.321058750152588, 5.257033824920654, 5.310206890106201, 5.3364973068237305, 5.236152172088623, 5.256763935089111, 5.349509239196777, 5.175821304321289, 5.360061168670654, 5.325964450836182, 5.248805522918701]
val step Loss: [5.630037307739258, 5.519782066345215, 5.549576759338379, 5.605607509613037, 5.5324602127075195, 5.561973571777344, 5.532096862792969, 5.568912982940674, 5.686964511871338, 5.534337997436523, 5.651288032531738, 5.532414436340332, 5.579622745513916, 5.512178897857666, 5.561311721801758, 5.6357808113098145]
Train step Accs: [0.028423429406295657, 0.022571606475716065, 0.01628423390081421, 0.0351866774106903, 0.06066974919433936, 0.03064699205448354, 0.04351054351054351, 0.02930232558139535, 0.02462292123243522, 0.03559925411086625, 0.0433825840930525, 0.03297644539614561, 0.028473049927161966, 0.05043362241494329, 0.023918647951876253, 0.03221895028581327, 0.026048284625158832, 0.03910191725529768, 0.03374777975133215, 0.035954168312919796, 0.024126586244712516, 0.03257942918686053, 0.027788649706457925, 0.027201346045989904, 0.02919203099059214, 0.029146537842190016, 0.03490423387096774, 0.049508043104794626, 0.03693887692562531, 0.030332544872686797, 0.0628722700198544, 0.03285787060621498, 0.02407566638005159, 0.053145647802355644, 0.04016521862982481, 0.03653460767689225, 0.0432550178932628, 0.05055469737396433, 0.028929188255613126, 0.022111582955044663, 0.03, 0.026629509211952316, 0.054917692626919354, 0.05067246298057329, 0.028140229523659802, 0.038327074970866244, 0.03727565577542568, 0.035491736656732595, 0.039296510030228084, 0.026565464895635674, 0.05821013727560718, 0.032968702522029776, 0.0646041856232939, 0.06296675940840533, 0.05410421127765881, 0.03669312565523439, 0.0703465087933136, 0.05263940520446097, 0.049253731343283584, 0.07948717948717948, 0.04124603403518892, 0.04881014417231197, 0.05928979074191503]
val step Accs: [0.029408004091548395, 0.035849056603773584, 0.024705711379160007, 0.02472382956338769, 0.038259268998159346, 0.039064475347661186, 0.03662956251617914, 0.028881898770374607, 0.01778940483976455, 0.032507739938080496, 0.023332781730928346, 0.05104440448194771, 0.030209035738368174, 0.04501976788674914, 0.03687768899815612, 0.025682507583417592]
Preds: [63, 63, 63, 392, 246, 246, 246, 246, 246, 246, 246, 246, 246, 246, 246, 246, 246, 246, 246, 246, 246, 246, 392, 392, 392, 392, 246, 246, 246, 246, 246, 246, 246, 246, 246, 246, 246, 246, 246, 246, 246, 246, 246, 246, 246, 246, 246, 246, 246, 246, 392, 392, 392, 392, 392, 392, 392, 392, 392, 392, 392, 246, 246, 246, 246, 246, 246, 246, 246, 392, 392, 392, 392, 392, 246, 246, 246, 246, 246, 246, 246, 246, 246, 246, 246, 246, 246, 392, 392, 392, 246, 246, 246, 246, 246, 246, 246, 246, 246, 246, 246, 246, 246, 246, 246, 246, 246, 246, 246, 246, 246, 246, 246, 246, 246, 246, 246, 392, 392, 392, 392, 392, 392, 392, 392, 392, 392, 392, 392, 392, 392, 392, 392, 392, 392, 392, 392, 392, 392, 392, 392, 392, 392, 392, 392, 392, 392, 392, 392, 392, 392, 392, 246, 246, 246, 246, 246, 246, 246, 246, 246, 246, 246, 246, 246, 246, 246, 246, 246, 246, 246, 246, 246, 246, 246, 246, 246, 246, 246, 246, 246, 246, 246, 246, 246, 246, 246, 246, 246, 246, 246, 392, 392, 392, 392, 392, 392, 392, 246, 246, 246, 246, 246, 246, 246, 246, 392, 392, 392, 392, 392, 392, 392, 392, 392, 392, 392, 392, 392, 63, 63, 63, 63, 63, 63, 63, 63, 63, 63, 63, 63, 63, 63, 392, 392, 392, 392, 392, 246, 246, 392, 63, 63, 63, 63, 63, 63, 63, 63, 63, 63, 63, 63, 63, 63, 63, 63, 63, 63, 63, 63, 63, 63, 63, 63, 63, 392, 246, 246, 246, 246, 246, 246, 246, 246, 246, 246, 246, 246, 246, 246, 246, 246, 246, 246, 246, 246, 246, 246, 246, 246, 246, 246, 246, 246, 246, 246, 246, 246, 246, 246, 246, 246, 246, 246, 246, 246, 246, 246, 246, 246, 246, 246, 246, 246, 246, 246, 246, 392, 392, 392, 392, 392, 392, 392, 392, 392, 392, 392, 392, 392, 392, 246, 246, 246, 246, 246, 246, 246, 246, 246, 246, 392, 392, 392, 392, 392, 392, 392, 392, 392, 392, 392, 392, 392, 246, 246, 246, 246, 392, 392, 392, 392, 392, 392, 392, 392, 392, 392, 392, 392, 392, 392, 392, 392, 246, 246, 246, 246, 246, 246, 246, 246, 246, 246, 246, 246, 246, 246, 246, 246, 246, 246, 246, 246, 246, 246, 246, 246, 246, 246, 246, 392, 392, 246, 246, 246, 246, 246, 246, 246, 246, 246, 246, 246, 246, 246, 246, 246, 246, 246, 392, 392, 392, 246, 246, 246, 246, 246, 246, 246, 246, 246, 246, 246, 246, 246, 246, 246, 246, 392, 392, 392, 392, 392, 392, 392, 392, 392, 392, 392, 392, 246, 246, 246, 246, 246, 246, 246, 246, 246, 246, 246, 246, 246, 246, 246, 246, 392, 392, 246, 246, 246, 246, 246, 246, 246, 246, 392, 392, 392, 392, 392, 392, 392, 392, 392, 392, 392, 392, 392, 392, 392, 392, 392, 392, 246, 246, 246, 246, 246, 246, 392, 392, 392, 392, 392, 392, 392, 392, 392, 392, 392, 392, 392, 392, 392, 392, 392, 63, 63, 63, 63, 63, 63, 63, 63, 63, 63, 63, 63, 63, 63, 63, 63, 63, 63, 63, 63, 63, 63, 63, 63, 63, 63, 63, 63, 63, 63, 63, 63, 63, 63, 63, 63, 63, 63, 63, 63, 63, 63, 63, 63, 63, 63, 63, 63, 63, 63, 63, 63, 63, 63, 63, 63, 63, 63, 63, 63, 63, 63, 63, 63, 63, 63, 63, 63, 63, 63, 63, 63, 63, 63, 63, 63, 63, 63, 63, 63, 63]

ep3
Train step Loss: [5.302244663238525, 5.309786319732666, 5.340395450592041, 5.160283088684082, 5.30534029006958, 5.199279308319092, 5.207428455352783, 5.2998785972595215, 5.331324100494385, 5.240438938140869, 5.29963493347168, 5.3184685707092285, 5.158492088317871, 5.259385585784912, 5.2778401374816895, 5.209853649139404, 5.179845809936523, 5.3670196533203125, 5.1783928871154785, 5.276021957397461, 5.2927727699279785, 5.199743270874023, 5.257791519165039, 5.142855167388916, 5.228696823120117, 5.148324012756348, 5.068093776702881, 5.119483947753906, 5.183684825897217, 5.198906421661377, 5.20939302444458, 5.165151119232178, 5.205522537231445, 5.110624313354492, 5.177072048187256, 5.1583967208862305, 5.2251410484313965, 5.2164106369018555, 5.1573686599731445, 5.1742167472839355, 5.157832145690918, 5.183407306671143, 5.156278610229492, 5.074738502502441, 5.0997233390808105, 5.27634859085083, 5.1157989501953125, 5.120214939117432, 5.1522064208984375, 5.076010227203369, 5.0858588218688965, 5.211853504180908, 5.194899559020996, 5.218787670135498, 5.074748516082764, 5.044975280761719, 5.117823123931885, 5.2428669929504395, 4.947939872741699, 5.02459716796875, 5.152873992919922, 5.041755676269531, 5.192437171936035]
val step Loss: [5.496237277984619, 5.465745449066162, 5.489534378051758, 5.458432674407959, 5.525392532348633, 5.352123260498047, 5.49317741394043, 5.49954891204834, 5.531028747558594, 5.480184078216553, 5.470550060272217, 5.421083450317383, 5.4045305252075195, 5.415289402008057, 5.394816875457764, 5.396403789520264]
Train step Accs: [0.04309441867424809, 0.04710194108863852, 0.05054978619425779, 0.07329678935003915, 0.03963992419456728, 0.07374749498997996, 0.060741196370905734, 0.044141252006420544, 0.03958156629912355, 0.057695145344547734, 0.05593098490294752, 0.04170571696344892, 0.07212812536006452, 0.053811659192825115, 0.05034799348437732, 0.06372194062273714, 0.0694271911663216, 0.03481869023994227, 0.07443629448519425, 0.053940618684905954, 0.05490608170235124, 0.05866466616654164, 0.05240174672489083, 0.07151145923991876, 0.05765213758529453, 0.07267623206487836, 0.09197949854550491, 0.07800054929964295, 0.06383628588882101, 0.06227208976157083, 0.05739692805173808, 0.05924914675767918, 0.05792449946507718, 0.0766554851534352, 0.0628012048192771, 0.07166853303471445, 0.054380664652567974, 0.061594732991953186, 0.06337519849862855, 0.06246682003185277, 0.060082613593691325, 0.059774082208973955, 0.055180472604518305, 0.08343446601941748, 0.06889925885259401, 0.04788732394366197, 0.07776243093922652, 0.06736609607951408, 0.05789613142554319, 0.09035427210479309, 0.07411974243046993, 0.06187410586552217, 0.06355874779780459, 0.06101376720901126, 0.091699604743083, 0.10870273794002608, 0.07290932167536314, 0.054708222811671085, 0.10550331858407079, 0.08339990413804121, 0.0774415817855003, 0.08046147019671646, 0.07238605898123325]
val step Accs: [0.03774949378073474, 0.05326774420238932, 0.046613346663334165, 0.050026329647182725, 0.04101071570313534, 0.06989522105801176, 0.03896103896103896, 0.05101735487731897, 0.048557353976073185, 0.05447957016118955, 0.04349951124144673, 0.053504249686498535, 0.06749884419787332, 0.06416899163013152, 0.0487693710118505, 0.06257569640694388]
Preds: [17, 17, 213, 213, 213, 213, 213, 213, 213, 213, 246, 246, 246, 246, 246, 246, 246, 246, 246, 246, 246, 246, 246, 246, 246, 246, 246, 246, 246, 246, 246, 246, 246, 414, 414, 414, 414, 414, 213, 213, 213, 213, 213, 213, 414, 414, 213, 213, 213, 246, 246, 246, 246, 246, 246, 246, 246, 246, 246, 246, 246, 246, 246, 246, 246, 246, 246, 246, 246, 213, 414, 414, 414, 414, 414, 414, 414, 392, 392, 392, 392, 392, 414, 414, 213, 213, 213, 213, 213, 213, 414, 414, 414, 414, 414, 414, 414, 414, 414, 414, 392, 392, 392, 392, 392, 392, 392, 392, 392, 392, 392, 392, 392, 392, 392, 392, 392, 392, 392, 392, 392, 392, 392, 392, 392, 392, 392, 63, 63, 63, 63, 63, 63, 63, 63, 63, 63, 63, 63, 392, 392, 392, 63, 63, 63, 63, 63, 392, 392, 392, 392, 392, 320, 213, 213, 213, 213, 213, 213, 213, 213, 213, 213, 213, 213, 213, 213, 213, 213, 213, 213, 414, 414, 213, 213, 213, 213, 213, 213, 213, 213, 213, 213, 213, 246, 246, 246, 246, 246, 246, 246, 246, 246, 246, 246, 246, 246, 414, 392, 392, 392, 392, 392, 392, 392, 392, 392, 392, 392, 392, 392, 213, 213, 213, 213, 246, 246, 246, 246, 246, 246, 414, 414, 392, 392, 392, 392, 392, 392, 392, 392, 392, 392, 392, 392, 392, 392, 392, 392, 392, 392, 392, 392, 392, 392, 392, 392, 392, 392, 392, 392, 392, 392, 392, 392, 392, 392, 392, 392, 392, 392, 63, 63, 63, 63, 63, 63, 63, 63, 63, 63, 63, 63, 63, 63, 63, 320, 320, 320, 213, 213, 213, 213, 213, 213, 213, 213, 213, 213, 213, 213, 213, 213, 213, 213, 213, 213, 213, 213, 213, 213, 213, 213, 414, 414, 414, 414, 414, 213, 213, 213, 213, 213, 213, 213, 213, 213, 213, 246, 246, 246, 246, 246, 246, 246, 246, 246, 246, 246, 246, 246, 246, 246, 246, 213, 414, 414, 414, 213, 213, 171, 246, 246, 246, 246, 246, 246, 246, 246, 246, 246, 246, 414, 414, 414, 392, 392, 392, 392, 392, 392, 392, 392, 392, 392, 392, 392, 392, 392, 392, 63, 63, 63, 63, 63, 63, 63, 63, 63, 63, 63, 63, 63, 320, 320, 320, 213, 213, 213, 213, 213, 213, 213, 213, 213, 392, 392, 414, 213, 213, 213, 213, 213, 213, 213, 213, 213, 213, 213, 213, 213, 213, 213, 213, 213, 246, 246, 246, 246, 246, 246, 246, 246, 246, 246, 246, 246, 246, 246, 246, 246, 246, 246, 246, 246, 246, 246, 246, 246, 213, 213, 414, 414, 414, 213, 213, 213, 213, 414, 414, 213, 213, 246, 246, 246, 246, 246, 246, 213, 414, 414, 213, 213, 246, 246, 246, 246, 246, 213, 213, 213, 213, 414, 392, 392, 392, 392, 392, 392, 392, 392, 392, 392, 63, 63, 63, 63, 63, 63, 63, 63, 392, 392, 320, 320, 213, 213, 213, 213, 213, 213, 213, 213, 213, 213, 213, 246, 246, 246, 246, 246, 246, 246, 246, 246, 414, 414, 213, 213, 246, 246, 246, 246, 246, 246, 246, 213, 213, 414, 414, 414, 392, 392, 392, 392, 392, 392, 392, 392, 392, 392, 392, 392, 392, 392, 392, 392, 392, 392, 392, 392, 392, 392, 392, 392, 392, 392, 392, 392, 392, 392, 392, 392, 392, 392, 392, 392, 392, 392, 392, 392, 392, 392, 392, 392, 392, 392, 392, 392, 392, 392, 392, 392, 392, 392, 392, 392, 392, 392, 392, 392, 392, 392, 392, 392, 392, 392, 392, 392, 392]

ep4
Train step Loss: [5.16342830657959, 4.9821858406066895, 5.0363688468933105, 5.02138614654541, 5.111444473266602, 5.095741271972656, 5.086093425750732, 5.123405456542969, 5.180856227874756, 5.143092632293701, 4.980582237243652, 5.116940021514893, 5.165225028991699, 5.096405029296875, 5.175774574279785, 5.097046852111816, 4.89861536026001, 5.000781059265137, 5.1343207359313965, 5.081797122955322, 4.97186803817749, 4.9241509437561035, 4.989181041717529, 5.057538032531738, 5.111262798309326, 5.073699951171875, 5.0991950035095215, 4.977187156677246, 4.962608814239502, 4.982090950012207, 4.9255805015563965, 5.024308204650879, 5.043969631195068, 4.981329441070557, 5.016739368438721, 5.027863502502441, 5.082746982574463, 4.955264091491699, 4.874393463134766, 4.9713521003723145, 5.00391960144043, 4.95505428314209, 5.025970458984375, 5.071462631225586, 4.8325300216674805, 4.931563854217529, 4.902472496032715, 4.94857120513916, 5.004868030548096, 4.9593329429626465, 5.1339898109436035, 4.922355651855469, 4.982203483581543, 4.842818737030029, 4.955636024475098, 4.929865837097168, 5.078058242797852, 4.894606113433838, 4.893658638000488, 4.915907382965088, 4.990776062011719, 4.87910270690918, 4.8509345054626465]
val step Loss: [5.299252033233643, 5.203864097595215, 5.281744003295898, 5.268331050872803, 5.369153022766113, 5.307029724121094, 5.307355880737305, 5.184398174285889, 5.369265556335449, 5.329057693481445, 5.306710243225098, 5.329593181610107, 5.327087879180908, 5.202019691467285, 5.277510166168213, 5.296011924743652]
Train step Accs: [0.07323127844435251, 0.10628478349395955, 0.0864131879819197, 0.10971703150026695, 0.09067890489001425, 0.09111729101913954, 0.09321603789544916, 0.07804191429465124, 0.06909707503179313, 0.07279639538158265, 0.10254576659038901, 0.08113180308936048, 0.0750067330999192, 0.07584566596194503, 0.06605691056910569, 0.08812260536398467, 0.11593777516877019, 0.09594434965218533, 0.08659912062703116, 0.0784313725490196, 0.09879061634853563, 0.11223445098541081, 0.09869896814715119, 0.08014545454545455, 0.05781886555938577, 0.0735009671179884, 0.06626180836707153, 0.09267072980153149, 0.07782212086659065, 0.0921409214092141, 0.09691560983247222, 0.07741935483870968, 0.07559598494353827, 0.09745065789473684, 0.08527338033790076, 0.07387907608695653, 0.0658881199538639, 0.07986595922926557, 0.09796623687358766, 0.08926367749897161, 0.08235294117647059, 0.0935032552985178, 0.0792635152781405, 0.07131410256410256, 0.11323349633251834, 0.08516907534727094, 0.09053270770080044, 0.08289676425269646, 0.07221156481227733, 0.083612573799266, 0.05970734256597857, 0.0983173411208455, 0.09024221453287197, 0.11687921980495124, 0.08870326173428798, 0.09442752194947142, 0.07138810198300283, 0.0919187490866579, 0.09137816245006658, 0.1019142626044756, 0.07772020725388601, 0.08955417314670813, 0.1109471820596046]
val step Accs: [0.05584470389646926, 0.06594376497289119, 0.06422848281209614, 0.06163728303949706, 0.04318646046104464, 0.048531124627928045, 0.0489650249821556, 0.0746606334841629, 0.04965476715146173, 0.048310610551274454, 0.06561780506523407, 0.05580276608538785, 0.04751958224543081, 0.06633906633906633, 0.0557997557997558, 0.05774278215223097]
Preds: [17, 17, 17, 213, 246, 246, 246, 246, 246, 246, 246, 246, 246, 246, 246, 246, 246, 246, 246, 246, 246, 246, 246, 246, 246, 414, 414, 414, 170, 170, 170, 414, 414, 414, 414, 414, 213, 246, 246, 246, 246, 246, 246, 246, 246, 246, 246, 246, 246, 246, 246, 246, 246, 246, 246, 246, 246, 246, 246, 246, 246, 246, 246, 246, 246, 246, 414, 414, 414, 414, 414, 414, 414, 414, 414, 414, 414, 414, 246, 246, 246, 246, 246, 246, 246, 246, 246, 246, 246, 246, 246, 246, 246, 246, 246, 246, 246, 246, 246, 246, 246, 246, 414, 414, 414, 414, 246, 246, 246, 246, 246, 246, 246, 246, 246, 246, 246, 246, 246, 246, 246, 246, 246, 246, 414, 414, 414, 414, 246, 246, 246, 246, 246, 246, 246, 246, 246, 246, 246, 246, 246, 246, 246, 246, 246, 246, 246, 246, 246, 414, 414, 414, 414, 414, 414, 414, 414, 414, 414, 414, 414, 414, 414, 414, 414, 414, 414, 414, 414, 414, 414, 414, 414, 414, 414, 414, 414, 414, 414, 414, 414, 414, 414, 414, 414, 414, 414, 414, 414, 414, 414, 414, 414, 414, 414, 414, 414, 414, 414, 414, 414, 414, 414, 414, 414, 414, 414, 414, 414, 414, 414, 414, 414, 414, 414, 414, 414, 414, 414, 414, 414, 414, 414, 414, 414, 414, 414, 414, 414, 414, 414, 414, 414, 414, 414, 414, 414, 414, 414, 414, 414, 414, 414, 414, 414, 414, 414, 414, 414, 414, 414, 414, 414, 414, 414, 414, 414, 414, 414, 414, 414, 414, 414, 414, 414, 414, 414, 414, 414, 414, 414, 414, 414, 414, 414, 414, 414, 414, 414, 414, 414, 414, 414, 414, 414, 414, 414, 414, 414, 414, 414, 414, 414, 414, 414, 414, 414, 414, 414, 414, 414, 414, 414, 414, 414, 414, 414, 414, 414, 414, 414, 414, 414, 414, 414, 414, 414, 414, 414, 414, 414, 414, 414, 414, 414, 414, 414, 414, 414, 414, 414, 414, 414, 414, 414, 414, 414, 414, 414, 414, 414, 414, 414, 414, 414, 414, 414, 414, 414, 414, 414, 414, 414, 414, 414, 414, 414, 414, 414, 414, 414, 414, 414, 414, 414, 414, 414, 414, 414, 414, 414, 414, 414, 414, 414, 414, 414, 414, 414, 414, 414, 414, 414, 414, 414, 414, 414, 414, 414, 414, 414, 414, 414, 414, 414, 414, 414, 414, 414, 414, 414, 414, 414, 414, 414, 414, 414, 414, 414, 414, 414, 414, 414, 414, 414, 414, 414, 414, 414, 414, 414, 414, 414, 414, 414, 414, 414, 414, 414, 414, 414, 414, 414, 414, 414, 414, 414, 414, 414, 414, 414, 414, 414, 414, 414, 414, 414, 414, 414, 414, 414, 414, 414, 414, 414, 414, 414, 414, 414, 414, 414, 414, 414, 414, 414, 414, 414, 414, 414, 414, 414, 414, 414, 414, 414, 414, 414, 414, 414, 414, 414, 414, 414, 414, 414, 414, 414, 414, 414, 414, 414, 414, 414, 414, 414, 414, 414, 414, 414, 414, 414, 414, 414, 414, 414, 414, 414, 414, 414, 414, 414, 414, 414, 414, 414, 414, 414, 414, 414, 414, 414, 414, 414, 414, 414, 414, 414, 414, 414, 414, 414, 414, 414, 414, 414, 414, 414, 414, 414, 414, 414, 414, 414, 414, 414, 414, 414, 414, 414, 414, 414, 414, 414, 414, 414, 414, 414, 414, 414, 414, 414, 414, 414, 414, 414, 414, 414, 414, 414, 414, 414, 414, 414, 414, 414, 414, 414, 414, 414, 414, 414, 414, 414, 414, 414, 414, 414, 414, 414, 414, 414, 414, 414, 414, 414, 414, 414, 414, 414, 414]

ep5
Train step Loss: [4.8770952224731445, 4.918728828430176, 4.8813862800598145, 4.79770565032959, 4.85960054397583, 4.975331783294678, 4.830392360687256, 4.8372321128845215, 4.937481880187988, 4.7789716720581055, 4.8680100440979, 4.76225471496582, 4.9643168449401855, 4.821471691131592, 4.852242469787598, 4.943419933319092, 4.927541732788086, 4.848428249359131, 4.878988742828369, 4.742620468139648, 4.94811487197876, 4.826094150543213, 4.817007064819336, 4.9130635261535645, 4.86759090423584, 4.8120293617248535, 4.874830722808838, 4.803656101226807, 4.8077712059021, 4.723240375518799, 4.847809791564941, 4.7014923095703125, 4.902060031890869, 4.86878776550293, 4.768867015838623, 4.8012237548828125, 4.839770317077637, 4.811068058013916, 4.889245986938477, 4.739680767059326, 4.888418674468994, 4.765078067779541, 4.743366241455078, 4.776392459869385, 4.854666233062744, 4.706826686859131, 4.802474021911621, 4.799252033233643, 4.823327541351318, 4.712408065795898, 4.909189701080322, 4.743086338043213, 4.809096813201904, 4.797796726226807, 4.759224891662598, 4.822107315063477, 4.686190128326416, 4.789611339569092, 4.743710517883301, 4.7376017570495605, 4.702081680297852, 4.727053642272949, 4.7578301429748535]
val step Loss: [5.039653778076172, 5.1287126541137695, 5.131742477416992, 5.158565521240234, 5.090154647827148, 5.2114739418029785, 5.017470359802246, 5.105206489562988, 5.165164947509766, 5.144530296325684, 5.040452480316162, 5.1326904296875, 5.131723403930664, 5.14733362197876, 5.154853820800781, 5.055434226989746]
Train step Accs: [0.10311932162325863, 0.088030773783104, 0.1164183689141453, 0.10997603733131542, 0.11169990238460466, 0.08807703200226565, 0.10722239898186446, 0.1033946251768034, 0.0838513806563539, 0.1075152335815843, 0.10200429491768075, 0.11257009984954179, 0.0881198196888178, 0.10522517321016166, 0.09787289573274174, 0.08638571616121833, 0.09675357873210634, 0.09843677449311253, 0.08918765385343685, 0.11166691187288509, 0.07743892703177391, 0.09943790149892934, 0.10032613759900606, 0.10089686098654709, 0.1037167621566035, 0.11512605042016806, 0.09183413889595522, 0.10934718100890208, 0.11394697842911246, 0.13398796325625595, 0.09814210750248192, 0.11092630501535312, 0.08556499020248204, 0.09459643391860624, 0.12048948854722309, 0.11379902662467793, 0.09661673119003535, 0.10119609694680516, 0.08726899383983573, 0.1172241325414192, 0.09051962410171366, 0.10597621556525666, 0.11366061899679829, 0.11058263971462545, 0.10063784549964565, 0.12472939217318901, 0.08877944895514442, 0.095145881745417, 0.09900253089176715, 0.11145260433516661, 0.08911295816868783, 0.11309702613397417, 0.08693820224719101, 0.10121119309480718, 0.10953058321479374, 0.10091027308192457, 0.12468958306103778, 0.10201086158814032, 0.10908319185059423, 0.11841532433609055, 0.10602960645083644, 0.11764705882352941, 0.10818030050083473]
val step Accs: [0.07623731939747926, 0.06817029903699949, 0.06595685840707964, 0.06489586477512828, 0.06650608858557473, 0.057501021937593676, 0.08010153715978001, 0.06979341150195421, 0.059516023544800525, 0.058115400581154004, 0.06826511912034208, 0.05548200746178842, 0.07287947802536009, 0.05697194131890044, 0.05285134812693868, 0.0741285174296514]
Preds: [17, 17, 17, 17, 17, 284, 284, 213, 213, 213, 213, 355, 414, 414, 414, 414, 414, 414, 414, 414, 414, 414, 414, 414, 414, 414, 182, 284, 414, 414, 414, 414, 414, 170, 392, 392, 320, 320, 320, 287, 284, 284, 284, 213, 213, 213, 213, 213, 324, 324, 246, 246, 246, 246, 246, 414, 414, 414, 414, 414, 414, 414, 414, 414, 414, 414, 414, 414, 414, 324, 324, 324, 324, 324, 355, 414, 414, 414, 414, 414, 414, 414, 414, 414, 414, 414, 414, 414, 414, 414, 414, 414, 414, 414, 414, 324, 324, 324, 324, 324, 324, 355, 414, 414, 324, 324, 246, 246, 246, 246, 246, 246, 246, 246, 246, 246, 324, 324, 355, 355, 355, 355, 324, 324, 324, 324, 246, 246, 246, 246, 246, 246, 246, 246, 246, 246, 246, 246, 246, 246, 246, 246, 246, 246, 246, 246, 246, 246, 324, 324, 324, 324, 324, 414, 414, 414, 414, 414, 414, 324, 324, 324, 324, 324, 324, 324, 324, 246, 246, 246, 246, 246, 246, 246, 246, 246, 246, 246, 246, 246, 246, 246, 246, 246, 246, 246, 246, 246, 246, 246, 246, 246, 246, 246, 246, 246, 246, 246, 246, 246, 246, 246, 246, 246, 246, 324, 246, 246, 246, 246, 324, 324, 324, 324, 246, 246, 246, 246, 246, 246, 246, 246, 246, 246, 246, 246, 246, 246, 246, 246, 246, 246, 246, 246, 246, 246, 355, 414, 414, 414, 414, 414, 324, 324, 324, 246, 246, 246, 246, 246, 246, 246, 246, 246, 246, 246, 246, 414, 414, 414, 414, 414, 170, 170, 392, 392, 392, 392, 392, 392, 392, 392, 392, 392, 392, 392, 392, 392, 63, 63, 63, 63, 63, 63, 73, 73, 73, 320, 320, 320, 287, 287, 287, 213, 284, 284, 284, 414, 414, 414, 182, 284, 284, 284, 284, 284, 284, 284, 284, 324, 324, 324, 246, 246, 246, 246, 246, 246, 246, 246, 246, 355, 414, 414, 414, 414, 414, 414, 414, 324, 324, 246, 246, 246, 246, 246, 246, 246, 355, 355, 414, 414, 414, 324, 324, 324, 324, 246, 246, 246, 246, 246, 246, 246, 246, 246, 246, 246, 246, 246, 246, 246, 246, 246, 246, 246, 246, 246, 246, 246, 246, 246, 246, 246, 246, 414, 414, 414, 414, 170, 170, 170, 170, 392, 392, 392, 392, 392, 392, 392, 392, 392, 392, 392, 392, 392, 320, 320, 320, 320, 320, 287, 287, 284, 284, 213, 171, 171, 171, 246, 246, 246, 246, 355, 355, 355, 414, 414, 414, 414, 414, 324, 324, 324, 324, 246, 246, 414, 414, 414, 414, 414, 414, 414, 414, 414, 414, 414, 170, 170, 170, 170, 320, 320, 320, 287, 287, 284, 284, 213, 171, 171, 246, 246, 246, 246, 246, 246, 246, 414, 414, 414, 324, 246, 246, 246, 246, 246, 324, 355, 414, 355, 324, 324, 324, 324, 246, 324, 324, 324, 324, 324, 246, 246, 246, 355, 414, 414, 414, 414, 414, 414, 414, 414, 170, 170, 392, 392, 392, 392, 392, 392, 392, 392, 392, 392, 392, 73, 392, 73, 392, 392, 392, 73, 73, 320, 320, 320, 320, 287, 287, 287, 284, 213, 171, 171, 171, 171, 171, 246, 246, 246, 246, 246, 246, 246, 246, 246, 246, 246, 246, 246, 246, 246, 246, 246, 414, 414, 414, 414, 414, 414, 324, 324, 246, 246, 246, 246, 246, 246, 246, 246, 246, 246, 246, 246, 246, 246, 246, 246, 246, 246, 246, 246, 246, 355, 324, 324, 324, 324, 324, 324, 324, 324, 324, 324, 324, 355, 414, 414, 414, 414, 414, 414, 414, 414, 414, 414, 414, 414]

ep6
Train step Loss: [4.707386016845703, 4.77393913269043, 4.801393032073975, 4.649084091186523, 4.732334613800049, 4.71639347076416, 4.7878313064575195, 4.7445597648620605, 4.621507167816162, 4.716940402984619, 4.6700286865234375, 4.663930892944336, 4.718294620513916, 4.6462907791137695, 4.593288898468018, 4.601433277130127, 4.756075382232666, 4.682583808898926, 4.461583614349365, 4.669450283050537, 4.587577819824219, 4.7343034744262695, 4.71872615814209, 4.6029372215271, 4.703214645385742, 4.601032257080078, 4.664034366607666, 4.638832092285156, 4.6009955406188965, 4.668920040130615, 4.614590167999268, 4.8354411125183105, 4.639833450317383, 4.6137614250183105, 4.613864898681641, 4.600605487823486, 4.616277694702148, 4.5845046043396, 4.783324718475342, 4.557948112487793, 4.62244987487793, 4.614670276641846, 4.659713268280029, 4.5883870124816895, 4.6089372634887695, 4.543200969696045, 4.6407060623168945, 4.367307186126709, 4.471135139465332, 4.524054527282715, 4.446486949920654, 4.593255519866943, 4.6228928565979, 4.616852283477783, 4.697042465209961, 4.673153400421143, 4.629392147064209, 4.452706813812256, 4.564028263092041, 4.560479164123535, 4.525179862976074, 4.629120826721191, 4.649806976318359]
val step Loss: [4.975527763366699, 5.013399600982666, 5.060896396636963, 4.936835765838623, 4.8698930740356445, 4.902069568634033, 4.9082560539245605, 4.943938255310059, 4.964919567108154, 4.957981586456299, 4.874835014343262, 4.945770263671875, 4.9875102043151855, 4.912079334259033, 4.926539421081543, 4.9209513664245605]
Train step Accs: [0.11671280780999563, 0.09269939513293009, 0.09298977976104793, 0.12539489671931955, 0.10513739545997611, 0.12344512675169264, 0.09897249924448474, 0.1255217189673829, 0.13689824945295404, 0.10533994747592647, 0.12325941206807632, 0.11793166011490777, 0.09822028206850235, 0.11445981554677206, 0.11955341913474957, 0.13055478884902014, 0.09917241379310344, 0.12188085965671426, 0.15360265299969852, 0.11112700228832952, 0.12135583763425861, 0.11166487068965517, 0.11223360088569057, 0.11703399965829489, 0.11188204683434519, 0.11189293598233996, 0.10784567581563957, 0.13026819923371646, 0.13521711366538952, 0.11668343152751832, 0.12616122265507942, 0.09087854863094239, 0.11586706323548429, 0.11930210625589437, 0.11540731995277449, 0.12667443214909727, 0.13023952095808383, 0.14093102469486232, 0.1073527491184537, 0.1288143489401351, 0.1366324307500778, 0.12944162436548223, 0.12446739832149774, 0.14069331667707682, 0.13316946211683053, 0.1352914320499163, 0.13027194268034523, 0.15574207300826007, 0.14904582810976458, 0.12601820795400095, 0.13142191820695678, 0.12124711316397228, 0.11541725601131542, 0.11465419501133786, 0.11816708413142774, 0.12432697014194811, 0.12321877619446772, 0.15898801597869508, 0.13235986811116346, 0.1411266783420899, 0.14741103052791366, 0.12821174951581665, 0.1188433428662218]
val step Accs: [0.08913649025069638, 0.06893995552260934, 0.07423642533936652, 0.08174752077191101, 0.0954234330962287, 0.09365356232389642, 0.09151143892986624, 0.0894897182025895, 0.07427311561251206, 0.08004243781681009, 0.09567320612738511, 0.0861542931861107, 0.08136966126656849, 0.07857455820067183, 0.07197252501119905, 0.08818788855629749]
Preds: [17, 17, 17, 284, 284, 171, 171, 171, 171, 246, 246, 246, 246, 246, 246, 284, 284, 284, 355, 355, 284, 284, 324, 324, 284, 355, 355, 284, 324, 324, 324, 324, 246, 246, 246, 246, 246, 246, 246, 246, 355, 355, 324, 246, 246, 246, 246, 246, 246, 246, 414, 414, 414, 414, 170, 170, 392, 392, 392, 392, 392, 392, 392, 392, 73, 73, 320, 320, 320, 320, 320, 320, 7, 320, 73, 73, 73, 73, 73, 320, 320, 287, 287, 287, 284, 284, 284, 284, 284, 284, 324, 324, 324, 324, 324, 324, 284, 250, 414, 414, 414, 414, 414, 414, 414, 414, 414, 98, 284, 284, 284, 284, 284, 284, 284, 284, 284, 324, 324, 324, 324, 324, 324, 246, 246, 246, 246, 246, 246, 246, 324, 324, 324, 324, 324, 324, 324, 324, 324, 324, 324, 324, 324, 355, 355, 355, 250, 250, 284, 324, 324, 324, 171, 246, 246, 246, 246, 246, 246, 355, 250, 250, 355, 284, 324, 324, 324, 324, 324, 324, 324, 355, 355, 355, 284, 284, 324, 324, 324, 324, 324, 246, 355, 355, 355, 250, 250, 250, 284, 284, 355, 250, 250, 250, 250, 250, 250, 250, 250, 250, 250, 250, 250, 284, 284, 284, 284, 250, 284, 284, 284, 250, 250, 250, 250, 98, 98, 98, 414, 414, 414, 414, 414, 98, 98, 98, 250, 284, 324, 324, 324, 324, 246, 246, 324, 324, 324, 246, 246, 246, 246, 324, 171, 171, 171, 246, 246, 246, 246, 246, 246, 171, 171, 171, 171, 171, 171, 246, 246, 246, 246, 246, 246, 355, 250, 355, 324, 324, 324, 246, 246, 246, 246, 246, 246, 246, 250, 414, 414, 414, 170, 170, 170, 392, 392, 392, 392, 392, 73, 73, 320, 320, 320, 287, 320, 73, 392, 392, 392, 392, 63, 63, 73, 73, 73, 320, 320, 287, 287, 284, 171, 171, 171, 171, 171, 171, 171, 246, 246, 246, 246, 246, 246, 246, 246, 246, 246, 246, 246, 246, 246, 246, 246, 246, 246, 246, 355, 250, 250, 250, 250, 284, 324, 171, 171, 246, 246, 246, 246, 355, 355, 355, 355, 284, 324, 324, 324, 246, 246, 246, 246, 246, 246, 246, 246, 246, 246, 246, 246, 246, 355, 355, 324, 246, 246, 246, 246, 246, 324, 324, 246, 355, 355, 414, 414, 250, 284, 284, 284, 284, 284, 284, 284, 355, 250, 250, 250, 250, 250, 250, 250, 250, 284, 284, 324, 324, 324, 246, 246, 246, 246, 171, 171, 246, 246, 246, 246, 246, 246, 246, 246, 246, 246, 246, 246, 246, 246, 246, 246, 246, 246, 246, 246, 246, 355, 355, 250, 414, 414, 414, 414, 170, 170, 170, 392, 392, 392, 392, 392, 392, 392, 73, 73, 73, 73, 73, 73, 73, 73, 320, 320, 320, 287, 287, 287, 284, 284, 284, 284, 284, 284, 284, 284, 284, 171, 171, 171, 171, 171, 246, 246, 246, 246, 246, 246, 246, 246, 246, 246, 246, 246, 246, 246, 324, 324, 324, 324, 324, 324, 324, 324, 324, 324, 324, 324, 324, 355, 355, 355, 250, 250, 250, 414, 414, 414, 414, 414, 170, 170, 392, 392, 392, 392, 392, 392, 73, 73, 73, 73, 73, 63, 73, 73, 73, 73, 73, 73, 73, 73, 320, 320, 320, 287, 287, 287, 287, 284, 284, 284, 284, 284, 284, 284, 284, 284, 284, 284, 284, 284, 284, 284, 284, 284, 284, 284, 284, 284, 250, 250, 414, 414, 414, 414, 414, 414, 414, 182, 182, 182, 284, 284, 284, 284, 324, 324, 324, 324, 246, 246, 355, 355, 355, 324, 324, 324, 324, 324, 324, 324, 324]

ep7
Train step Loss: [4.529543876647949, 4.50285530090332, 4.622272968292236, 4.484165191650391, 4.510258197784424, 4.456175327301025, 4.499281406402588, 4.546957492828369, 4.475197792053223, 4.542019367218018, 4.608661651611328, 4.648444652557373, 4.534870624542236, 4.592338562011719, 4.518218040466309, 4.4290056228637695, 4.626721382141113, 4.4283952713012695, 4.47637939453125, 4.589683532714844, 4.5963568687438965, 4.390307903289795, 4.535600185394287, 4.4558210372924805, 4.220226287841797, 4.43712854385376, 4.5617523193359375, 4.537728786468506, 4.4306111335754395, 4.470954418182373, 4.471825122833252, 4.516870975494385, 4.412856578826904, 4.506859302520752, 4.399343490600586, 4.464520454406738, 4.6446380615234375, 4.4278364181518555, 4.443643093109131, 4.398006916046143, 4.594417095184326, 4.404087066650391, 4.3787055015563965, 4.4311323165893555, 4.443290710449219, 4.428426265716553, 4.456739902496338, 4.337947845458984, 4.464822769165039, 4.406600475311279, 4.403809547424316, 4.37396764755249, 4.454256057739258, 4.407715797424316, 4.449581146240234, 4.3046650886535645, 4.272458553314209, 4.373416900634766, 4.427082061767578, 4.383636951446533, 4.370446681976318, 4.428274154663086, 4.480471611022949]
val step Loss: [4.833927631378174, 4.736811637878418, 4.838008880615234, 4.764425277709961, 4.792532444000244, 4.70546293258667, 4.859562397003174, 4.767856121063232, 4.768337249755859, 4.788104057312012, 4.821070671081543, 4.772353172302246, 4.776697635650635, 4.785648822784424, 4.753371715545654, 4.855400085449219]
Train step Accs: [0.13981948906226097, 0.13572037510656437, 0.1420732611597212, 0.15114786824468843, 0.14613697923384497, 0.14923167848699764, 0.13403805496828752, 0.1351963746223565, 0.14997079439252337, 0.1310914790538615, 0.12596685082872927, 0.12386964681794915, 0.1418554476806904, 0.1311517650090183, 0.14800868935553946, 0.16017261073740321, 0.12330921673482227, 0.1457725947521866, 0.14333838639043286, 0.12937204591492235, 0.14666456394890395, 0.1571536714610144, 0.1310322786832854, 0.1478218306412139, 0.19216200466200467, 0.14356367632916608, 0.12510518934081347, 0.14999339236156997, 0.14133522727272727, 0.15355462624150548, 0.14462029911427327, 0.1376064545047064, 0.15897136177673876, 0.15568950308732726, 0.16232412714955707, 0.1406767458603312, 0.11252747252747253, 0.14063899671543745, 0.1537123745819398, 0.1490478515625, 0.11692546583850931, 0.1636016891431685, 0.1572449642625081, 0.15156582547886896, 0.14014895057549087, 0.13181459046615748, 0.13623574707537392, 0.1574496644295302, 0.14114285714285715, 0.14593477940091487, 0.13667205169628432, 0.15353563474387527, 0.1364327979712595, 0.15619495008807985, 0.15641476274165203, 0.17995350745248187, 0.19271886737937013, 0.15550054154417453, 0.1267103762827822, 0.16569140745303357, 0.14836845683208702, 0.14985994397759103, 0.15571699305116868]
val step Accs: [0.10143681689794916, 0.09659599880561362, 0.09556047389662804, 0.10411552346570398, 0.11087359270343451, 0.1099257258609048, 0.08404616429056348, 0.11359461114513165, 0.11189529064545105, 0.09207415702376509, 0.09685735330223423, 0.09162374627270263, 0.09397552557263884, 0.09747876499932587, 0.10937699884866317, 0.08673026886383348]
Preds: [17, 17, 17, 171, 171, 171, 171, 213, 171, 246, 246, 246, 246, 246, 246, 246, 355, 355, 355, 355, 355, 250, 250, 250, 250, 250, 250, 250, 250, 250, 284, 284, 284, 284, 284, 284, 284, 284, 284, 284, 284, 284, 324, 324, 324, 213, 213, 213, 213, 246, 246, 246, 246, 246, 355, 355, 355, 355, 355, 250, 250, 355, 284, 355, 355, 250, 132, 414, 414, 414, 414, 414, 170, 170, 392, 392, 392, 392, 392, 392, 392, 392, 392, 392, 392, 392, 392, 392, 73, 73, 73, 73, 73, 73, 320, 320, 320, 320, 287, 287, 287, 284, 284, 171, 171, 171, 171, 171, 213, 246, 213, 213, 246, 246, 246, 246, 246, 246, 246, 246, 454, 414, 414, 414, 170, 170, 392, 392, 392, 392, 73, 73, 73, 73, 73, 73, 73, 73, 73, 73, 73, 73, 73, 320, 320, 320, 320, 287, 287, 287, 171, 171, 171, 171, 171, 171, 171, 246, 284, 284, 324, 171, 171, 246, 246, 246, 246, 355, 355, 355, 355, 355, 284, 324, 324, 324, 246, 246, 246, 246, 246, 246, 246, 246, 246, 246, 35, 35, 355, 355, 355, 284, 324, 213, 246, 246, 246, 246, 246, 246, 246, 246, 19, 414, 414, 414, 414, 170, 170, 170, 170, 170, 47, 320, 320, 287, 287, 284, 284, 284, 284, 284, 284, 284, 284, 324, 324, 324, 324, 324, 246, 246, 355, 374, 414, 414, 414, 414, 170, 170, 414, 287, 284, 324, 171, 171, 171, 246, 246, 246, 246, 355, 246, 324, 246, 246, 246, 246, 246, 246, 246, 246, 246, 19, 355, 355, 355, 355, 355, 355, 355, 355, 355, 355, 250, 250, 250, 132, 132, 132, 182, 182, 182, 182, 182, 182, 182, 250, 182, 182, 182, 284, 284, 284, 284, 355, 250, 250, 250, 250, 250, 250, 250, 250, 284, 284, 284, 284, 284, 284, 355, 355, 355, 355, 355, 355, 284, 324, 324, 284, 284, 355, 355, 355, 355, 284, 324, 324, 213, 213, 213, 213, 246, 246, 246, 246, 246, 355, 355, 355, 355, 374, 250, 250, 355, 355, 355, 355, 355, 250, 132, 132, 414, 132, 182, 182, 387, 250, 250, 132, 182, 182, 182, 182, 182, 182, 182, 284, 284, 284, 284, 284, 284, 324, 324, 324, 324, 324, 324, 324, 324, 246, 246, 246, 246, 246, 246, 246, 246, 246, 246, 246, 246, 246, 355, 414, 414, 414, 414, 414, 170, 170, 170, 170, 170, 47, 47, 320, 320, 320, 320, 73, 73, 73, 73, 73, 73, 73, 73, 73, 73, 73, 73, 73, 73, 73, 73, 320, 320, 320, 287, 287, 287, 284, 284, 284, 284, 284, 284, 284, 284, 284, 284, 284, 284, 284, 324, 324, 324, 324, 324, 246, 246, 246, 246, 246, 324, 246, 246, 246, 246, 246, 246, 246, 246, 355, 355, 355, 355, 355, 355, 355, 250, 250, 132, 132, 414, 182, 182, 182, 182, 182, 182, 182, 182, 182, 182, 182, 182, 182, 182, 182, 182, 182, 182, 284, 284, 284, 250, 250, 284, 284, 284, 284, 324, 284, 355, 355, 284, 324, 324, 324, 324, 246, 355, 355, 355, 355, 355, 355, 355, 250, 250, 250, 250, 132, 414, 414, 414, 414, 414, 414, 170, 170, 47, 287, 287, 284, 284, 182, 182, 182, 182, 182, 182, 182, 182, 182, 414, 414, 414, 392, 392, 392, 392, 392, 73, 73, 73, 73, 73, 73, 73, 73, 73, 73, 73, 73, 73, 73, 73, 73, 73, 73, 73, 73, 73, 73, 320, 320, 320, 287, 287, 287, 287, 284, 284, 284, 284, 414, 414, 392, 392, 392, 73, 320, 320, 320, 73, 73]

ep8
Train step Loss: [4.361904621124268, 4.252751350402832, 4.3658294677734375, 4.463542461395264, 4.4304609298706055, 4.3605055809021, 4.268709659576416, 4.428689002990723, 4.449079990386963, 4.335470676422119, 4.236729145050049, 4.293684482574463, 4.313164710998535, 4.203129291534424, 4.335449695587158, 4.248708724975586, 4.403158187866211, 4.341797351837158, 4.354310512542725, 4.425197124481201, 4.343749046325684, 4.310166358947754, 4.41704797744751, 4.345829963684082, 4.382015705108643, 4.276887893676758, 4.272335529327393, 4.486356258392334, 4.256256580352783, 4.334163188934326, 4.271921634674072, 4.336333274841309, 4.102858543395996, 4.519400119781494, 4.240397930145264, 4.314558982849121, 4.2916765213012695, 4.289650917053223, 4.344268321990967, 4.217941761016846, 4.32213020324707, 4.27485990524292, 4.316726207733154, 4.255064010620117, 4.307476043701172, 4.2758402824401855, 4.308661460876465, 4.271160125732422, 4.185108184814453, 4.236591339111328, 4.294401168823242, 4.336056709289551, 4.198198318481445, 4.343014717102051, 4.193431854248047, 4.292510032653809, 4.220767974853516, 4.275425434112549, 4.416751384735107, 4.255739212036133, 4.193009853363037, 4.202473163604736, 4.22314453125]
val step Loss: [4.501464366912842, 4.626006603240967, 4.709373950958252, 4.6972503662109375, 4.628920555114746, 4.688876152038574, 4.589110374450684, 4.557276248931885, 4.642674922943115, 4.76776123046875, 4.60384464263916, 4.588000774383545, 4.571377754211426, 4.659146785736084, 4.735464096069336, 4.608206272125244]
Train step Accs: [0.15873015873015872, 0.1789091851276072, 0.1524537922243467, 0.14591531559892965, 0.14835680751173708, 0.16976820111002286, 0.1777137367915466, 0.14897904352498656, 0.14602739726027397, 0.1572691694448471, 0.19239543726235742, 0.18547486033519553, 0.16094325718496683, 0.17755624410615653, 0.16493293183684643, 0.18287711124053582, 0.16171897087927622, 0.17117787031528853, 0.165784341042073, 0.15410593672236048, 0.17233809001097694, 0.15539354664506547, 0.15088105726872247, 0.1526156506701254, 0.15729434447300772, 0.16101694915254236, 0.1641143786420924, 0.1474618498909997, 0.189446916719644, 0.16227651153268732, 0.1619427431989745, 0.17271691356014976, 0.19958677685950413, 0.13999713999714, 0.18646658329859664, 0.1659332860184528, 0.17581090407177363, 0.1589604110003022, 0.16128, 0.1755611713988405, 0.16669107953713197, 0.1613284481739747, 0.16543951915852742, 0.16989359846502702, 0.15829959514170042, 0.17764791818845874, 0.155517078545569, 0.16804138123864112, 0.18210960158754388, 0.19150544135429262, 0.17666241315752162, 0.16282245827010622, 0.17109184502844757, 0.15457173284649323, 0.1890573270604635, 0.16605166051660517, 0.16857655667541074, 0.17057409077246768, 0.14064179333640411, 0.16840511440107672, 0.18260024975718053, 0.18442622950819673, 0.1697364692547464]
val step Accs: [0.13256130790190734, 0.12032640949554896, 0.12041666666666667, 0.10445891783567134, 0.12281240405280934, 0.11036886436247459, 0.12146746175784288, 0.12293178519593614, 0.11777180828502756, 0.09562874984694503, 0.11956124314442414, 0.1332320861521469, 0.12577545310789442, 0.11680996145864216, 0.10268089536699636, 0.11641664905979295]
Preds: [17, 17, 17, 17, 284, 284, 284, 284, 284, 284, 284, 284, 284, 284, 284, 284, 284, 284, 35, 35, 324, 35, 284, 355, 355, 355, 284, 284, 324, 324, 35, 284, 284, 284, 284, 355, 284, 284, 324, 324, 213, 324, 464, 355, 374, 374, 355, 284, 284, 284, 35, 324, 324, 213, 246, 246, 246, 246, 19, 355, 355, 284, 324, 324, 246, 246, 246, 464, 19, 355, 355, 355, 355, 355, 374, 355, 355, 250, 250, 284, 284, 324, 324, 324, 324, 35, 355, 355, 374, 355, 250, 284, 284, 324, 324, 324, 35, 35, 35, 35, 35, 35, 284, 486, 324, 324, 324, 324, 324, 324, 324, 35, 35, 35, 35, 284, 355, 355, 374, 414, 414, 414, 414, 170, 170, 170, 170, 392, 392, 392, 392, 392, 392, 73, 73, 73, 73, 73, 392, 392, 392, 392, 392, 73, 73, 73, 73, 320, 320, 320, 7, 287, 287, 287, 287, 287, 284, 284, 387, 387, 387, 284, 284, 284, 284, 284, 284, 284, 284, 284, 250, 182, 414, 182, 182, 182, 387, 284, 284, 284, 324, 35, 284, 355, 355, 284, 324, 324, 324, 324, 464, 35, 355, 284, 324, 35, 35, 355, 355, 355, 284, 284, 284, 355, 374, 132, 250, 182, 182, 182, 182, 182, 182, 284, 324, 284, 284, 355, 355, 250, 355, 284, 284, 284, 355, 355, 250, 250, 182, 182, 182, 182, 98, 414, 414, 414, 170, 170, 392, 392, 392, 392, 392, 392, 73, 73, 73, 73, 73, 73, 73, 73, 73, 73, 73, 73, 320, 320, 320, 320, 287, 287, 287, 284, 284, 284, 284, 284, 284, 284, 284, 374, 250, 250, 387, 387, 250, 250, 182, 182, 182, 182, 182, 387, 182, 182, 284, 284, 284, 284, 284, 284, 355, 250, 250, 182, 182, 182, 182, 182, 98, 414, 414, 414, 414, 414, 170, 170, 47, 320, 287, 287, 284, 284, 284, 284, 284, 284, 284, 284, 284, 284, 284, 284, 284, 284, 284, 284, 284, 284, 355, 250, 250, 250, 182, 182, 182, 182, 182, 284, 284, 284, 35, 35, 324, 324, 324, 324, 324, 324, 324, 324, 464, 19, 19, 355, 374, 374, 132, 250, 250, 250, 250, 284, 284, 284, 284, 284, 284, 387, 182, 250, 182, 182, 182, 182, 182, 182, 182, 182, 387, 182, 182, 182, 182, 182, 98, 414, 414, 414, 414, 170, 170, 392, 392, 392, 392, 392, 392, 392, 392, 392, 73, 392, 392, 392, 73, 73, 73, 320, 320, 287, 287, 287, 287, 284, 387, 182, 182, 182, 182, 182, 182, 182, 182, 182, 182, 182, 182, 182, 182, 182, 182, 284, 284, 284, 284, 284, 284, 284, 284, 35, 35, 284, 355, 355, 374, 250, 250, 182, 182, 182, 98, 414, 414, 98, 387, 284, 284, 284, 284, 284, 284, 284, 35, 35, 35, 35, 35, 486, 486, 486, 486, 486, 486, 486, 486, 486, 486, 486, 486, 486, 486, 486, 486, 486, 486, 486, 486, 486, 486, 486, 486, 486, 486, 486, 486, 486, 486, 486, 486, 486, 486, 486, 486, 486, 486, 486, 486, 486, 486, 486, 486, 486, 486, 486, 486, 486, 486, 486, 486, 486, 486, 486, 486, 486, 486, 486, 486, 486, 486, 486, 486, 486, 486, 486, 486, 486, 486, 486, 486, 486, 486, 486, 486, 486, 486, 486, 486, 486, 486, 486, 486, 486, 486, 486, 486, 486, 486, 486, 486, 486, 486, 486, 486, 486, 486, 486, 486, 486, 486, 486, 486, 486, 486, 486, 486, 486, 486, 486, 486, 486, 486, 486, 486, 486, 486, 486, 486, 486, 486, 486, 486, 486, 486, 486, 486, 486, 486, 486]

ep9
Train step Loss: [4.080730438232422, 4.136508464813232, 4.330018997192383, 4.263487815856934, 4.169394493103027, 4.309413909912109, 4.243168354034424, 4.27285099029541, 4.181504249572754, 4.147575855255127, 4.147027492523193, 4.126263618469238, 4.167787075042725, 4.218033790588379, 4.288210868835449, 4.142045974731445, 4.0812249183654785, 4.2303900718688965, 4.229000568389893, 4.213916778564453, 4.093355178833008, 4.202692031860352, 4.215457916259766, 4.178100109100342, 4.328265190124512, 4.0600199699401855, 3.986191987991333, 4.263637542724609, 4.0829973220825195, 4.239155292510986, 4.142961502075195, 4.126455307006836, 4.254151344299316, 4.090639114379883, 4.219401836395264, 4.127020835876465, 4.215602874755859, 4.138046741485596, 4.127353191375732, 4.139228343963623, 4.184238433837891, 4.222543716430664, 4.167947769165039, 4.306571006774902, 4.153372764587402, 4.236577033996582, 4.030753135681152, 4.073337554931641, 4.121373653411865, 4.1581645011901855, 4.186245441436768, 4.205905914306641, 4.024017333984375, 4.079579830169678, 4.0505242347717285, 4.151281356811523, 4.1826863288879395, 4.080393314361572, 4.220625400543213, 4.128225326538086, 4.201018810272217, 4.157225608825684, 4.159254550933838]
val step Loss: [4.518864154815674, 4.505205154418945, 4.514293193817139, 4.58870792388916, 4.458937168121338, 4.571005344390869, 4.560128688812256, 4.527914047241211, 4.559212684631348, 4.5231475830078125, 4.488062381744385, 4.538370609283447, 4.383814811706543, 4.551968574523926, 4.435060024261475, 4.491402626037598]
Train step Accs: [0.19996745850959974, 0.17761002706167212, 0.16458272753707473, 0.15552481942523436, 0.18468045112781956, 0.16347513173113995, 0.17940848214285715, 0.16813243662700467, 0.1840290381125227, 0.1932142320972827, 0.18493234182616117, 0.18020640381053188, 0.17438730698399207, 0.171108470548294, 0.16868564506359782, 0.17526536657615405, 0.1921728152616075, 0.17565290648694187, 0.18146915792167903, 0.17956538314906595, 0.19271489790773885, 0.17704638955880267, 0.18547164088565363, 0.17439468270295932, 0.1689777491131893, 0.19888779849525678, 0.21350413664264745, 0.17970971120754153, 0.20595533498759305, 0.1756324512939808, 0.18148846656027853, 0.1907266435986159, 0.16924910607866508, 0.18307254623044097, 0.18311138014527845, 0.19831278390655419, 0.1757679180887372, 0.19442669052793046, 0.18823347745521926, 0.18489876265466818, 0.1687795937070414, 0.1650902837489252, 0.18890977443609022, 0.1717999434868607, 0.18748128182090446, 0.19119439366240099, 0.20392222037560245, 0.19094922737306844, 0.1884333821376281, 0.17974058060531192, 0.1864080782176631, 0.19087558774939636, 0.21661676646706587, 0.17163656726865462, 0.2018754884084397, 0.1798780487804878, 0.17668575063613232, 0.19984650805832693, 0.17274833478134954, 0.185238322971465, 0.19269102990033224, 0.17921265030472738, 0.1934596577017115]
val step Accs: [0.12931696085955488, 0.11727416798732171, 0.14993630573248407, 0.11989686291362268, 0.1324087591240876, 0.13065123789020452, 0.12185310147936673, 0.12967063382230834, 0.13124349635796045, 0.14342520224873165, 0.12619532842138267, 0.12823383084577114, 0.15101670768035227, 0.10957262681400612, 0.1432249322493225, 0.14718725918314923]
Preds: [17, 17, 17, 284, 284, 284, 284, 284, 284, 284, 284, 250, 250, 250, 250, 250, 284, 284, 284, 284, 284, 413, 250, 387, 284, 284, 284, 284, 284, 355, 250, 250, 250, 250, 387, 250, 250, 250, 250, 98, 182, 284, 284, 284, 284, 284, 284, 284, 284, 284, 284, 284, 355, 355, 355, 355, 284, 324, 213, 213, 213, 213, 246, 246, 464, 19, 19, 355, 355, 284, 355, 284, 284, 284, 355, 374, 132, 132, 250, 284, 284, 284, 35, 35, 486, 486, 486, 486, 355, 355, 355, 355, 284, 284, 486, 35, 355, 355, 355, 355, 355, 284, 324, 324, 213, 213, 246, 246, 246, 246, 19, 19, 355, 355, 355, 355, 355, 284, 486, 324, 355, 355, 374, 132, 132, 132, 182, 387, 250, 250, 250, 284, 284, 284, 284, 284, 284, 35, 324, 213, 213, 246, 246, 464, 19, 19, 355, 284, 486, 324, 213, 213, 246, 464, 19, 19, 19, 486, 486, 324, 213, 246, 246, 246, 246, 246, 19, 19, 454, 414, 414, 414, 170, 170, 392, 392, 392, 392, 47, 73, 320, 73, 392, 392, 392, 392, 392, 392, 73, 320, 320, 320, 287, 287, 284, 284, 284, 284, 35, 171, 171, 171, 171, 246, 246, 246, 246, 246, 246, 246, 246, 246, 246, 246, 246, 19, 19, 19, 355, 355, 355, 284, 486, 486, 486, 486, 19, 355, 355, 355, 355, 355, 284, 486, 486, 35, 284, 486, 486, 355, 355, 374, 132, 132, 250, 250, 250, 250, 182, 182, 182, 182, 182, 284, 284, 284, 35, 486, 486, 486, 486, 355, 414, 414, 414, 414, 170, 170, 392, 392, 392, 392, 392, 73, 73, 73, 73, 73, 73, 73, 320, 320, 320, 287, 287, 171, 171, 171, 171, 171, 171, 19, 374, 374, 250, 250, 387, 284, 324, 324, 324, 171, 213, 464, 19, 355, 355, 355, 355, 355, 284, 324, 324, 324, 324, 324, 464, 464, 464, 464, 464, 464, 464, 19, 374, 374, 132, 132, 250, 284, 324, 324, 35, 35, 35, 324, 324, 171, 171, 171, 171, 171, 246, 464, 19, 19, 464, 464, 464, 464, 19, 19, 486, 486, 486, 486, 324, 213, 246, 246, 246, 246, 246, 246, 246, 19, 454, 454, 414, 414, 414, 170, 170, 170, 392, 392, 392, 392, 392, 73, 73, 320, 320, 320, 7, 287, 287, 287, 287, 387, 387, 284, 284, 284, 284, 284, 284, 284, 355, 284, 284, 284, 355, 355, 355, 355, 284, 35, 35, 355, 355, 355, 284, 284, 35, 355, 355, 355, 355, 284, 284, 324, 324, 324, 324, 35, 35, 35, 35, 355, 355, 355, 355, 355, 355, 355, 284, 284, 284, 284, 355, 355, 355, 355, 355, 355, 284, 355, 355, 355, 355, 355, 355, 284, 284, 284, 284, 284, 324, 324, 324, 213, 213, 246, 246, 246, 19, 355, 355, 355, 355, 355, 284, 486, 35, 35, 486, 355, 355, 355, 355, 284, 284, 284, 284, 486, 486, 486, 35, 355, 355, 486, 324, 324, 213, 246, 246, 246, 246, 246, 19, 19, 454, 414, 414, 414, 414, 170, 170, 392, 392, 392, 73, 320, 73, 73, 73, 320, 320, 320, 287, 287, 287, 153, 182, 182, 287, 284, 284, 171, 171, 171, 171, 464, 19, 355, 374, 355, 284, 284, 486, 486, 486, 486, 486, 486, 486, 486, 486, 486, 486, 486, 486, 486, 486, 486, 486, 486, 486, 486, 486, 486, 486, 486, 486, 486, 486, 486, 486, 486, 486, 486, 486, 486, 486, 486, 486, 486, 486, 486, 486, 486, 486, 486, 486, 486, 486, 486, 486, 486, 486, 486, 486, 486, 486, 486, 486, 486, 486, 486]

ep10
Train step Loss: [4.056985855102539, 4.219305038452148, 4.055920600891113, 4.055019855499268, 4.1356353759765625, 3.9910528659820557, 4.030593395233154, 4.024240970611572, 4.04696798324585, 4.116584300994873, 4.06272029876709, 4.120545864105225, 4.155947208404541, 4.070353984832764, 4.047579288482666, 4.145077228546143, 4.124801158905029, 4.065649032592773, 4.091400623321533, 4.000505447387695, 4.0529022216796875, 4.134593486785889, 4.127805709838867, 3.9647183418273926, 4.06540584564209, 4.014453887939453, 4.077702522277832, 4.049383163452148, 3.94128680229187, 4.051758766174316, 3.983257532119751, 4.013213634490967, 4.160163402557373, 4.142838954925537, 4.157430171966553, 4.13619327545166, 3.9454734325408936, 3.9564297199249268, 4.0714111328125, 4.045329570770264, 4.118025779724121, 4.074175834655762, 3.9664337635040283, 4.021097660064697, 3.9799652099609375, 3.9430909156799316, 3.9176182746887207, 4.003634452819824, 4.0481743812561035, 4.138766288757324, 3.9306933879852295, 3.924570083618164, 4.065281867980957, 3.999498128890991, 4.107224941253662, 3.8852264881134033, 3.9737491607666016, 3.9700441360473633, 3.9838008880615234, 4.083190441131592, 3.968518018722534, 4.0252685546875, 4.160177707672119]
val step Loss: [4.365611553192139, 4.31303596496582, 4.3109636306762695, 4.355036735534668, 4.346700668334961, 4.382964611053467, 4.450559616088867, 4.36484956741333, 4.348281383514404, 4.432084083557129, 4.397125244140625, 4.435415267944336, 4.448812961578369, 4.421464443206787, 4.512216567993164, 4.384650707244873]
Train step Accs: [0.21312519910799618, 0.16815554387808723, 0.19904041872637396, 0.2037430880476393, 0.19795380561153308, 0.22611592271818787, 0.21701168849457822, 0.21447507953340403, 0.19597652975691535, 0.193976833976834, 0.20008674280757555, 0.194493006993007, 0.189937106918239, 0.20282186948853614, 0.19086434943094432, 0.17891031527395163, 0.1904484566103669, 0.20050761421319796, 0.20031116297160637, 0.21393562061200158, 0.21717089125102207, 0.19200919804541536, 0.1922335852971691, 0.21372812920592194, 0.1993151662148666, 0.20827628175870988, 0.21592109897851355, 0.21657044780777032, 0.21638141809290953, 0.2077009106886084, 0.21242196254202017, 0.2029253053109912, 0.18898573692551507, 0.17623616236162362, 0.19895182422898608, 0.18700966976829045, 0.2122912674514098, 0.2165670118127461, 0.21474311243484737, 0.19977298524404086, 0.18161610878661089, 0.196, 0.21770721205597415, 0.20041350792556858, 0.20810887439750497, 0.21225323349217154, 0.22992056487202117, 0.2063557010365521, 0.2064790061330398, 0.1784973680012761, 0.23075854404001112, 0.21238709677419354, 0.19422196796338673, 0.2186431014823261, 0.19902626143405133, 0.24331696672122205, 0.2267037552155772, 0.21972704714640198, 0.21312371838687627, 0.1890507443572915, 0.2081353919239905, 0.20429474922782762, 0.2005640864932623]
val step Accs: [0.15476190476190477, 0.15403111739745404, 0.14685615848406547, 0.15058458937878574, 0.1479534359744649, 0.1596108335524586, 0.14753654574986463, 0.156504304752919, 0.14936708860759493, 0.1334358186010761, 0.14592215651217164, 0.1438214630114341, 0.13826666666666668, 0.14603441040704992, 0.12095065092340297, 0.15887677812673195]
Preds: [17, 17, 17, 284, 284, 284, 284, 284, 284, 355, 355, 250, 284, 284, 284, 284, 284, 284, 284, 355, 250, 250, 250, 284, 324, 324, 213, 213, 213, 213, 464, 19, 355, 35, 324, 324, 213, 213, 213, 246, 246, 246, 246, 246, 246, 246, 464, 19, 355, 454, 414, 414, 414, 414, 170, 170, 170, 47, 47, 47, 47, 47, 320, 287, 287, 171, 171, 171, 171, 171, 464, 19, 374, 374, 250, 250, 250, 182, 182, 387, 284, 284, 284, 284, 284, 355, 355, 355, 250, 355, 250, 284, 284, 284, 284, 284, 35, 324, 324, 324, 213, 213, 246, 246, 464, 19, 355, 454, 414, 414, 414, 414, 170, 170, 170, 170, 47, 320, 47, 320, 320, 320, 320, 320, 287, 287, 287, 287, 284, 284, 171, 171, 171, 213, 213, 213, 213, 246, 246, 246, 246, 246, 246, 246, 19, 454, 414, 414, 414, 414, 414, 320, 287, 284, 324, 324, 324, 464, 464, 464, 464, 464, 464, 19, 355, 355, 355, 355, 355, 284, 284, 284, 284, 284, 355, 355, 355, 355, 355, 355, 374, 250, 250, 98, 182, 182, 182, 182, 182, 182, 182, 182, 182, 284, 284, 284, 284, 355, 355, 355, 355, 355, 250, 182, 182, 182, 98, 98, 98, 98, 414, 414, 414, 414, 287, 324, 324, 324, 35, 35, 35, 35, 355, 355, 355, 355, 284, 284, 486, 486, 464, 324, 213, 213, 246, 246, 19, 19, 355, 355, 355, 486, 324, 464, 486, 464, 464, 464, 464, 486, 19, 486, 486, 486, 19, 374, 374, 414, 132, 132, 132, 98, 182, 182, 182, 182, 182, 182, 182, 182, 98, 98, 98, 414, 414, 98, 98, 182, 387, 284, 284, 284, 284, 284, 355, 250, 48, 48, 414, 414, 387, 284, 284, 284, 486, 486, 486, 486, 486, 486, 486, 486, 486, 486, 486, 486, 486, 486, 486, 486, 486, 486, 486, 486, 486, 486, 486, 486, 486, 486, 486, 486, 486, 486, 486, 486, 486, 486, 486, 486, 486, 486, 486, 486, 486, 486, 486, 486, 486, 486, 486, 486, 486, 486, 486, 486, 486, 486, 486, 486, 486, 486, 486, 486, 486, 486, 486, 486, 486, 486, 486, 486, 486, 486, 486, 486, 486, 486, 486, 486, 486, 486, 486, 486, 486, 486, 486, 486, 486, 486, 486, 486, 486, 486, 486, 486, 486, 486, 486, 486, 486, 486, 486, 486, 486, 486, 486, 486, 486, 486, 486, 486, 486, 486, 486, 486, 486, 486, 486, 486, 486, 486, 486, 486, 486, 486, 486, 486, 486, 486, 486, 486, 486, 486, 486, 486, 486, 486, 486, 486, 486, 486, 486, 486, 486, 486, 486, 486, 486, 486, 486, 486, 486, 486, 486, 486, 486, 486, 486, 486, 486, 486, 486, 486, 486, 486, 486, 486, 486, 486, 486, 486, 486, 486, 486, 486, 486, 486, 486, 486, 486, 486, 486, 486, 486, 486, 486, 486, 486, 486, 486, 486, 486, 486, 486, 486, 486, 486, 486, 486, 486, 486, 486, 486, 486, 486, 486, 486, 486, 486, 486, 486, 486, 486, 486, 486, 486, 486, 486, 486, 486, 486, 486, 486, 486, 486, 486, 486, 486, 486, 486, 486, 486, 486, 486, 486, 486, 486, 486, 486, 486, 486, 486, 486, 486, 486, 486, 486, 486, 486, 486, 486, 486, 486, 486, 486, 486, 486, 486, 486, 486, 486, 486, 486, 486, 486, 486, 486, 486, 486, 486, 486, 486, 486, 486, 486, 486, 486, 486, 486, 486, 486, 486, 486, 486, 486, 486, 486, 486, 486, 486, 486, 486, 486, 486, 486, 486, 486, 486, 486, 486, 486, 486, 486, 486, 486, 486, 486, 486, 486]

ep11
Train step Loss: [3.920961856842041, 3.967111825942993, 4.051139831542969, 3.9926528930664062, 4.028321266174316, 3.9468512535095215, 3.8888261318206787, 4.0118794441223145, 3.921764612197876, 3.972291946411133, 3.8752639293670654, 3.994973659515381, 3.9246668815612793, 4.084227085113525, 4.021305084228516, 4.003608703613281, 3.918231725692749, 3.9054486751556396, 4.017187595367432, 3.9814538955688477, 3.961209297180176, 3.8891611099243164, 3.9022257328033447, 3.9014129638671875, 3.897989511489868, 3.998192071914673, 3.8895580768585205, 3.96815824508667, 3.958643913269043, 4.020539283752441, 3.9861056804656982, 3.902423143386841, 3.939633369445801, 4.0139665603637695, 3.9771556854248047, 4.05987024307251, 3.711575746536255, 3.803276538848877, 4.0171308517456055, 3.955033540725708, 3.8629603385925293, 3.974539041519165, 3.876107692718506, 3.8564059734344482, 3.9455106258392334, 3.7290661334991455, 3.8837523460388184, 3.9380903244018555, 3.8107187747955322, 3.977137804031372, 3.797537326812744, 3.937466859817505, 3.9320156574249268, 3.7902345657348633, 3.8595147132873535, 3.809563159942627, 3.8929030895233154, 3.916175365447998, 3.911724805831909, 3.727785348892212, 4.046935558319092, 3.797680616378784, 4.034945011138916]
val step Loss: [4.240575790405273, 4.278171539306641, 4.366838455200195, 4.218523025512695, 4.287612438201904, 4.238882541656494, 4.2087507247924805, 4.418634414672852, 4.3013715744018555, 4.263314247131348, 4.288206100463867, 4.2255072593688965, 4.351693153381348, 4.199624061584473, 4.218982219696045, 4.2506818771362305]
Train step Accs: [0.22324667472793228, 0.21397960691591547, 0.19290956931172967, 0.21035740335521516, 0.20315804314112507, 0.21934127540294324, 0.22693125442948264, 0.2144469525959368, 0.2212800875273523, 0.20558415223834034, 0.21831750339213027, 0.21961152882205515, 0.2205099467637994, 0.19260735640514587, 0.20045706823375775, 0.2109839153745834, 0.2291764705882353, 0.224622969837587, 0.2177359054882608, 0.20857065364795227, 0.20814143515079483, 0.23092289252896525, 0.21870229007633588, 0.2282751378314518, 0.21781701444622792, 0.21235147830892512, 0.23411371237458195, 0.21517222144749687, 0.22604369457062515, 0.21454144863673918, 0.2061292471685543, 0.2184290467235643, 0.21396648044692737, 0.2102347280944744, 0.2166105499438833, 0.20351157222665603, 0.2673210983070138, 0.239555790586991, 0.20545746388443017, 0.22049228944246738, 0.23502972306800057, 0.2044940431307495, 0.22908259348937315, 0.21761039649913805, 0.21357989836250707, 0.26694263749260794, 0.22335161160893408, 0.21045373051992827, 0.24083701585651157, 0.21782707470265936, 0.23612273361227337, 0.2276875483372003, 0.21945213911972913, 0.2430748840291584, 0.22499266647110588, 0.2472087219230264, 0.23061013443640124, 0.20519556333917105, 0.22296243798724308, 0.2665735134295917, 0.19008101165777513, 0.25358105233300243, 0.19224853891110427]
val step Accs: [0.1687100213219616, 0.16200951248513673, 0.1334761977651921, 0.1879507848960543, 0.16578947368421051, 0.1581950895819509, 0.1579371474617244, 0.13741651271848798, 0.15412960609911056, 0.1575278810408922, 0.15471295873305924, 0.15929941618015012, 0.15595802788558286, 0.15864691228530223, 0.1664835835469303, 0.1624229979466119]
Preds: [17, 17, 17, 284, 284, 284, 284, 284, 284, 387, 387, 387, 250, 250, 250, 387, 387, 387, 182, 182, 182, 182, 182, 182, 182, 182, 182, 182, 182, 182, 182, 98, 98, 98, 387, 284, 284, 284, 284, 284, 35, 35, 35, 35, 284, 355, 284, 324, 324, 324, 324, 213, 324, 464, 374, 374, 374, 387, 250, 250, 250, 182, 182, 182, 182, 182, 387, 284, 284, 284, 284, 284, 284, 284, 355, 355, 250, 250, 250, 182, 182, 182, 387, 182, 182, 182, 182, 182, 182, 182, 182, 387, 284, 284, 35, 240, 35, 35, 240, 35, 180, 355, 355, 355, 284, 486, 486, 486, 464, 464, 464, 19, 355, 355, 355, 355, 355, 355, 355, 355, 284, 35, 35, 284, 35, 240, 240, 324, 324, 171, 171, 171, 324, 464, 19, 19, 19, 19, 464, 464, 324, 324, 464, 464, 464, 374, 374, 355, 355, 355, 355, 284, 284, 284, 284, 284, 355, 355, 355, 284, 355, 355, 355, 355, 284, 486, 324, 213, 213, 213, 246, 246, 246, 246, 246, 246, 246, 246, 19, 19, 464, 246, 246, 246, 246, 246, 464, 19, 19, 355, 355, 355, 284, 486, 486, 35, 35, 180, 355, 355, 355, 284, 486, 355, 355, 355, 355, 355, 355, 355, 284, 284, 324, 324, 464, 464, 464, 464, 464, 464, 19, 19, 19, 486, 486, 486, 486, 486, 486, 486, 464, 486, 19, 19, 355, 355, 284, 355, 355, 355, 355, 355, 284, 355, 355, 355, 284, 284, 284, 284, 284, 486, 486, 486, 486, 486, 486, 486, 374, 454, 414, 414, 414, 414, 170, 47, 47, 47, 320, 320, 287, 287, 153, 414, 47, 47, 47, 73, 47, 392, 392, 73, 73, 320, 320, 287, 287, 284, 284, 284, 284, 35, 35, 374, 250, 250, 182, 182, 387, 284, 284, 284, 284, 284, 355, 374, 284, 324, 324, 324, 324, 464, 464, 19, 355, 355, 355, 284, 284, 355, 355, 374, 250, 250, 387, 387, 284, 284, 324, 324, 324, 324, 324, 464, 464, 464, 464, 19, 355, 355, 355, 284, 284, 284, 284, 355, 355, 355, 284, 355, 355, 355, 284, 284, 284, 284, 355, 284, 35, 35, 324, 324, 213, 213, 246, 246, 246, 246, 246, 246, 246, 246, 246, 246, 246, 19, 454, 454, 414, 414, 414, 170, 170, 47, 47, 47, 47, 47, 47, 392, 47, 73, 73, 73, 73, 73, 320, 320, 287, 287, 287, 284, 284, 284, 284, 284, 284, 284, 284, 284, 284, 284, 284, 355, 284, 284, 284, 355, 355, 355, 284, 284, 284, 355, 374, 250, 250, 250, 182, 182, 182, 182, 182, 182, 284, 284, 324, 250, 414, 414, 414, 414, 387, 284, 284, 284, 35, 324, 324, 324, 324, 324, 213, 213, 213, 213, 213, 464, 213, 246, 246, 246, 19, 19, 355, 355, 355, 355, 355, 355, 284, 324, 464, 464, 464, 464, 19, 374, 374, 132, 250, 387, 284, 284, 355, 355, 355, 355, 355, 250, 250, 48, 414, 414, 414, 414, 170, 170, 170, 392, 392, 392, 392, 73, 320, 320, 320, 287, 320, 392, 392, 73, 73, 73, 320, 320, 287, 287, 284, 284, 284, 284, 284, 284, 284, 284, 284, 355, 355, 355, 355, 284, 324, 324, 213, 213, 213, 246, 246, 246, 246, 246, 19, 19, 19, 374, 374, 355, 355, 355, 284, 284, 284, 486, 486, 486, 486, 464, 486, 19, 486, 486, 180, 180, 486, 486, 486, 324, 464, 464, 35, 355, 374, 374, 132, 182, 387, 387, 324, 324, 324, 324, 464, 464, 374, 374, 374, 132, 132, 132, 98, 98, 98, 98, 98, 182, 387, 284, 324, 324]

ep12
Train step Loss: [3.8555173873901367, 3.8877220153808594, 3.7784290313720703, 3.812765598297119, 3.8334603309631348, 3.9031412601470947, 3.783566474914551, 3.8477509021759033, 3.8036277294158936, 3.8707098960876465, 3.773789167404175, 3.77297306060791, 3.867692232131958, 3.8172314167022705, 3.861144542694092, 3.8200912475585938, 3.812089681625366, 3.766350507736206, 3.8139631748199463, 3.8454267978668213, 3.7947258949279785, 3.7902798652648926, 3.9228734970092773, 3.811616897583008, 3.780254602432251, 3.7824833393096924, 3.776799440383911, 3.808790683746338, 3.7772409915924072, 3.8498528003692627, 3.821066379547119, 3.7786734104156494, 3.674105644226074, 3.80631160736084, 3.8863327503204346, 3.7883994579315186, 3.731945276260376, 3.8612895011901855, 3.7132070064544678, 3.8949944972991943, 3.747647762298584, 3.90444016456604, 3.8095180988311768, 3.8359901905059814, 3.7757763862609863, 3.9651074409484863, 3.895400047302246, 3.6448681354522705, 3.649533748626709, 3.7260234355926514, 3.640162706375122, 3.960402250289917, 3.866408109664917, 3.8757781982421875, 3.866968870162964, 3.865147590637207, 3.7033801078796387, 3.6952426433563232, 3.7897891998291016, 3.7565481662750244, 3.696493625640869, 3.7584526538848877, 3.887660026550293]
val step Loss: [4.196024417877197, 4.0757927894592285, 4.251838684082031, 4.151972770690918, 4.118574142456055, 4.168734550476074, 4.140882968902588, 4.136801242828369, 4.109681129455566, 4.165887832641602, 4.194004535675049, 4.025262832641602, 4.101445198059082, 4.174511432647705, 4.260585784912109, 4.148151874542236]
Train step Accs: [0.24432372196684776, 0.22738453129270292, 0.2565274151436031, 0.2485374933522425, 0.2364625850340136, 0.23208835925010898, 0.24059293044469784, 0.24038069340584636, 0.24924666379681445, 0.21713205351948808, 0.24777853725222146, 0.2454125412541254, 0.22727919214905418, 0.24560570071258908, 0.22350700584954428, 0.23720650210716435, 0.22181769147788566, 0.2446692607003891, 0.22909930715935334, 0.23757810175542993, 0.24649532710280375, 0.22865114022319263, 0.22431060502126493, 0.22761094871113474, 0.2397463002114165, 0.2412795951563347, 0.2541895298828415, 0.23571730850613626, 0.24500153798831129, 0.2428138090423227, 0.22924222179805306, 0.2455486542443064, 0.2603300330033003, 0.2460675907179567, 0.22468491960017384, 0.23387949260042284, 0.25126984126984125, 0.23398746252384847, 0.2680908866386762, 0.23211169284467714, 0.24887096774193548, 0.22084559392906922, 0.24162303664921467, 0.22348387096774194, 0.23453237410071942, 0.21344286781179986, 0.23593530239099858, 0.27111174296275237, 0.26675130483848214, 0.2472254672897196, 0.2755324298160697, 0.21969105944765174, 0.2308108108108108, 0.2226628895184136, 0.23003878560920155, 0.21857677902621722, 0.2568719076415613, 0.2585567598402738, 0.2547248471372985, 0.2532, 0.26669466610667786, 0.24593318173867412, 0.2351559879235156]
val step Accs: [0.16137781394087333, 0.18739549839228295, 0.16629998705836677, 0.17836381681553948, 0.178939432018095, 0.16695910379268458, 0.16693726937269374, 0.16944146079484426, 0.1909278350515464, 0.15869950104619346, 0.17514744205184474, 0.19592641261498028, 0.1862320800649175, 0.16364812419146182, 0.1697089947089947, 0.17459983150800337]
Preds: [17, 17, 17, 17, 284, 284, 240, 35, 171, 171, 171, 246, 464, 464, 264, 264, 264, 35, 180, 180, 324, 171, 171, 171, 171, 246, 464, 19, 19, 454, 374, 355, 355, 284, 35, 35, 35, 355, 180, 35, 324, 324, 171, 171, 324, 324, 246, 464, 464, 464, 19, 19, 355, 355, 374, 355, 374, 132, 132, 132, 182, 182, 182, 182, 387, 284, 284, 355, 250, 250, 98, 98, 182, 182, 182, 182, 182, 182, 182, 387, 387, 387, 387, 387, 387, 387, 387, 284, 284, 284, 284, 284, 355, 355, 355, 250, 250, 413, 250, 250, 250, 250, 250, 48, 414, 414, 414, 414, 414, 170, 170, 392, 392, 392, 392, 73, 392, 392, 392, 73, 392, 392, 73, 73, 320, 320, 7, 287, 287, 284, 284, 35, 171, 171, 171, 464, 374, 374, 355, 355, 355, 413, 250, 250, 250, 387, 122, 324, 324, 171, 171, 171, 171, 464, 464, 464, 464, 19, 19, 486, 486, 486, 486, 35, 35, 35, 180, 35, 35, 35, 35, 180, 35, 180, 180, 355, 355, 284, 35, 35, 35, 35, 35, 464, 264, 19, 355, 355, 355, 35, 324, 213, 213, 246, 246, 246, 246, 246, 246, 246, 246, 454, 454, 454, 355, 284, 284, 284, 284, 284, 284, 284, 284, 486, 486, 486, 374, 454, 414, 414, 414, 170, 170, 392, 47, 47, 320, 320, 320, 47, 320, 287, 287, 153, 153, 153, 47, 73, 320, 320, 287, 171, 171, 171, 171, 464, 464, 19, 354, 180, 180, 355, 355, 284, 284, 284, 355, 355, 284, 35, 486, 486, 486, 486, 486, 486, 486, 486, 486, 486, 486, 486, 486, 486, 486, 486, 486, 486, 486, 486, 486, 486, 486, 486, 486, 486, 486, 486, 486, 486, 486, 486, 486, 486, 486, 486, 486, 486, 486, 486, 486, 486, 486, 486, 486, 486, 486, 486, 486, 486, 486, 486, 486, 486, 486, 486, 486, 486, 486, 486, 486, 486, 486, 486, 486, 486, 486, 486, 486, 486, 486, 486, 486, 486, 486, 486, 486, 486, 486, 486, 486, 486, 486, 486, 486, 486, 486, 486, 486, 486, 486, 486, 486, 486, 486, 486, 486, 486, 486, 486, 486, 486, 486, 486, 486, 486, 486, 486, 486, 486, 486, 486, 486, 486, 486, 486, 486, 486, 486, 486, 486, 486, 486, 486, 486, 486, 486, 486, 486, 486, 486, 486, 486, 486, 486, 486, 486, 486, 486, 486, 486, 486, 486, 486, 486, 486, 486, 486, 486, 486, 486, 486, 486, 486, 486, 486, 486, 486, 486, 486, 486, 486, 486, 486, 486, 486, 486, 486, 486, 486, 486, 486, 486, 486, 486, 486, 486, 486, 486, 486, 486, 486, 486, 486, 486, 486, 486, 486, 486, 486, 486, 486, 486, 486, 486, 486, 486, 486, 486, 486, 486, 486, 486, 486, 486, 486, 486, 486, 486, 486, 486, 486, 486, 486, 486, 486, 486, 486, 486, 486, 486, 486, 486, 486, 486, 486, 486, 486, 486, 486, 486, 486, 486, 486, 486, 486, 486, 486, 486, 486, 486, 486, 486, 486, 486, 486, 486, 486, 486, 486, 486, 486, 486, 486, 486, 486, 486, 486, 486, 486, 486, 486, 486, 486, 486, 486, 486, 486, 486, 486, 486, 486, 486, 486, 486, 486, 486, 486, 486, 486, 486, 486, 486, 486, 486, 486, 486, 486, 486, 486, 486, 486, 486, 486, 486, 486, 486, 486, 486, 486, 486, 486, 486, 486, 486, 486, 486, 486, 486, 486, 486, 486, 486, 486, 486, 486, 486, 486, 486, 486, 486, 486, 486, 486, 486, 486, 486, 486, 486, 486, 486, 486, 486, 486, 486, 486, 486, 486, 486, 486]

ep13
Train step Loss: [3.6686394214630127, 3.830829381942749, 3.808267831802368, 3.75913667678833, 3.676515817642212, 3.8322107791900635, 3.8393383026123047, 3.771648406982422, 3.6132826805114746, 3.6780996322631836, 3.7709107398986816, 3.791292190551758, 3.770451784133911, 3.665956497192383, 3.5499982833862305, 3.763664722442627, 3.68644118309021, 3.7729971408843994, 3.700122117996216, 3.6836743354797363, 3.5961925983428955, 3.812589406967163, 3.5021443367004395, 3.64210844039917, 3.7216436862945557, 3.641260862350464, 3.8524420261383057, 3.71166729927063, 3.5988588333129883, 3.6158266067504883, 3.749821424484253, 3.6568803787231445, 3.7554879188537598, 3.7557437419891357, 3.7054197788238525, 3.687971591949463, 3.6800968647003174, 3.6069695949554443, 3.852205514907837, 3.688288688659668, 3.7011778354644775, 3.7100319862365723, 3.704737424850464, 3.7101566791534424, 3.5766048431396484, 3.7063794136047363, 3.7032437324523926, 3.6523118019104004, 3.622438430786133, 3.638339042663574, 3.6333208084106445, 3.6500251293182373, 3.611825704574585, 3.4967472553253174, 3.633725881576538, 3.6596882343292236, 3.7243988513946533, 3.5929224491119385, 3.6307332515716553, 3.5076584815979004, 3.528628349304199, 3.674267053604126, 3.673948049545288]
val step Loss: [3.9281601905822754, 4.016221523284912, 4.099105358123779, 4.104637145996094, 4.1605544090271, 3.9060237407684326, 4.028979301452637, 3.910346031188965, 4.0566606521606445, 4.050104141235352, 4.073739051818848, 3.965564489364624, 4.038039207458496, 4.046363353729248, 4.048871040344238, 3.9331905841827393]
Train step Accs: [0.2660236465463597, 0.22531905530291918, 0.2433150899139953, 0.24524590163934426, 0.2646649125522365, 0.22730573710965868, 0.22512686452406583, 0.25316455696202533, 0.2845287492590397, 0.2657995192987417, 0.24165852296523802, 0.23939889897336705, 0.24916181401094054, 0.27263285442271074, 0.2884876459408091, 0.26929748482220295, 0.25138832452932414, 0.24602595887414322, 0.2497736385978528, 0.2594240224771716, 0.2662866449511401, 0.2320450170294684, 0.28758550429340707, 0.2609770282058738, 0.25784023668639056, 0.27303698896820244, 0.2383641080421181, 0.2610205314009662, 0.25946093111897633, 0.2732732732732733, 0.25052192066805845, 0.2689098998887653, 0.2392001221187605, 0.24421420882669537, 0.2580689655172414, 0.26028502285560634, 0.251150467159392, 0.28046280023432923, 0.22342285078658827, 0.25949939686369117, 0.2685405748769255, 0.24826308476146364, 0.26113220573006557, 0.25140765765765766, 0.27359894197387996, 0.2545190445448677, 0.25960384153661464, 0.2697418860209558, 0.2750320467169919, 0.27893090702303097, 0.27047109525932533, 0.26375908618899274, 0.266984505363528, 0.2849371843025515, 0.2635573122529644, 0.24912280701754386, 0.24312463428905792, 0.27325849607873287, 0.26991661321359844, 0.2924292297564187, 0.28782383419689117, 0.2604798312681255, 0.28619528619528617]
val step Accs: [0.21396365623719088, 0.19449741214927813, 0.17876155785934436, 0.18279415974806756, 0.1835950016020506, 0.21725059800196989, 0.19567567567567568, 0.20298589234351458, 0.1926728172215537, 0.1946559958693688, 0.19701106480816208, 0.20893336587747133, 0.19544105745886162, 0.19572286143071535, 0.18908905072186022, 0.19533646962569032]
Preds: [17, 17, 17, 284, 284, 284, 284, 284, 486, 486, 284, 284, 284, 284, 284, 284, 284, 374, 374, 182, 387, 387, 284, 35, 324, 324, 171, 171, 171, 246, 246, 246, 246, 19, 454, 454, 303, 355, 355, 355, 355, 355, 35, 324, 324, 213, 246, 246, 246, 19, 19, 19, 454, 454, 414, 414, 414, 170, 392, 392, 392, 392, 392, 392, 392, 392, 73, 320, 320, 320, 320, 320, 7, 7, 387, 387, 153, 153, 182, 182, 284, 284, 284, 250, 284, 387, 284, 284, 35, 35, 35, 35, 464, 324, 464, 213, 213, 246, 246, 464, 464, 464, 246, 246, 19, 19, 19, 19, 19, 355, 284, 284, 35, 35, 35, 324, 171, 171, 246, 19, 19, 180, 180, 324, 324, 171, 171, 171, 246, 19, 19, 354, 180, 355, 355, 35, 324, 213, 246, 246, 246, 246, 246, 246, 246, 19, 454, 454, 414, 414, 414, 414, 414, 320, 188, 188, 284, 355, 355, 387, 284, 284, 284, 284, 284, 35, 324, 324, 464, 464, 464, 374, 374, 374, 374, 387, 387, 355, 355, 284, 284, 35, 324, 324, 213, 213, 246, 246, 19, 19, 19, 19, 355, 355, 486, 464, 464, 324, 324, 464, 464, 464, 19, 19, 19, 19, 19, 284, 355, 355, 355, 355, 374, 250, 250, 250, 250, 182, 182, 182, 182, 182, 182, 182, 98, 98, 98, 98, 98, 414, 414, 170, 170, 392, 392, 63, 63, 63, 63, 63, 63, 63, 63, 63, 63, 63, 63, 63, 63, 63, 73, 73, 320, 320, 320, 7, 287, 284, 284, 284, 284, 284, 284, 284, 486, 486, 284, 355, 355, 355, 284, 486, 35, 35, 35, 180, 35, 355, 355, 355, 35, 35, 180, 180, 180, 180, 355, 355, 374, 426, 284, 180, 180, 35, 35, 324, 324, 324, 324, 464, 464, 19, 19, 180, 355, 180, 374, 374, 374, 303, 303, 387, 387, 355, 355, 284, 284, 284, 284, 355, 355, 324, 324, 324, 464, 264, 355, 355, 324, 324, 324, 464, 464, 464, 464, 19, 19, 486, 486, 454, 454, 414, 414, 414, 170, 170, 392, 392, 392, 392, 63, 63, 63, 63, 63, 63, 63, 63, 63, 63, 63, 63, 63, 63, 63, 63, 63, 73, 63, 73, 320, 320, 320, 320, 7, 287, 287, 284, 240, 171, 171, 171, 171, 171, 246, 464, 464, 464, 19, 374, 454, 355, 284, 486, 486, 284, 355, 374, 374, 250, 250, 182, 182, 182, 387, 284, 35, 464, 324, 324, 324, 464, 464, 464, 464, 264, 239, 19, 180, 264, 324, 213, 246, 246, 19, 19, 454, 374, 355, 355, 284, 374, 263, 250, 250, 284, 284, 284, 284, 284, 35, 35, 35, 464, 464, 264, 19, 355, 355, 355, 355, 355, 387, 250, 284, 35, 486, 486, 486, 180, 355, 355, 355, 355, 250, 284, 284, 486, 486, 486, 486, 486, 486, 486, 486, 486, 486, 486, 486, 486, 486, 486, 486, 486, 486, 486, 486, 486, 486, 486, 486, 486, 486, 486, 486, 486, 486, 486, 486, 486, 486, 486, 486, 486, 486, 486, 486, 486, 486, 486, 486, 486, 486, 486, 486, 486, 486, 486, 486, 486, 486, 486, 486, 486, 486, 486, 486, 486, 486, 486, 486, 486, 486, 486, 486, 486, 486, 486, 486, 486, 486, 486, 486, 486, 486, 486, 486, 486, 486, 486, 486, 486, 486, 486, 486, 486, 486, 486, 486, 486, 486, 486, 486, 486, 486, 486, 486, 486, 486, 486, 486, 486, 486, 486, 486, 486, 486, 486, 486, 486, 486, 486, 486, 486, 486, 486, 486, 486, 486, 486, 486, 486, 486, 486, 486, 486, 486, 486, 486, 486]

ep14
Train step Loss: [3.706646203994751, 3.5220820903778076, 3.700444221496582, 3.56024169921875, 3.595196485519409, 3.7496519088745117, 3.6512057781219482, 3.6901071071624756, 3.645235300064087, 3.755518674850464, 3.6856584548950195, 3.5290255546569824, 3.663203477859497, 3.584266185760498, 3.6736130714416504, 3.5907459259033203, 3.6994309425354004, 3.398003101348877, 3.6810922622680664, 3.5521035194396973, 3.5638644695281982, 3.6572301387786865, 3.5226244926452637, 3.535578966140747, 3.547455072402954, 3.619224786758423, 3.4687840938568115, 3.518641710281372, 3.5497210025787354, 3.5363922119140625, 3.4439167976379395, 3.5592896938323975, 3.565084934234619, 3.467125177383423, 3.5770559310913086, 3.6301538944244385, 3.592442512512207, 3.47948956489563, 3.609945058822632, 3.5815775394439697, 3.5258657932281494, 3.4112675189971924, 3.5077366828918457, 3.507370948791504, 3.511221170425415, 3.6560895442962646, 3.4715962409973145, 3.549834966659546, 3.43912410736084, 3.5079870223999023, 3.5780856609344482, 3.605487823486328, 3.453925848007202, 3.566645622253418, 3.489595413208008, 3.4332525730133057, 3.380807876586914, 3.504876136779785, 3.450282096862793, 3.604790210723877, 3.414083242416382, 3.553279399871826, 3.373704671859741]
val step Loss: [3.9164843559265137, 3.9232285022735596, 3.7571873664855957, 3.9028334617614746, 3.9512457847595215, 3.901654005050659, 3.8731625080108643, 3.890071153640747, 3.871028423309326, 3.9463512897491455, 3.9452950954437256, 3.9020090103149414, 3.916656970977783, 3.939650058746338, 3.818605661392212, 3.9780490398406982]
Train step Accs: [0.26320104952443424, 0.2838990426457789, 0.2547993019197208, 0.2837971464896172, 0.2770108043217287, 0.24806919987642878, 0.27426587588601187, 0.2633781763826607, 0.27267128560431103, 0.22962839526745543, 0.26905566162432076, 0.2817750969409737, 0.2681606256579937, 0.28152683689421576, 0.2627316235120874, 0.27946954813359526, 0.2622188717175525, 0.30583297148646693, 0.2514726507713885, 0.2840807840807841, 0.26040162751017193, 0.26938653067346635, 0.2896398702850316, 0.2876404494382023, 0.2959586338277317, 0.2699972322169942, 0.29244482173174874, 0.2864646464646465, 0.2694736842105263, 0.2882637628554144, 0.31025991792065666, 0.2862971299943725, 0.28561393649901656, 0.29953641393749064, 0.26908344733242134, 0.2713912475506205, 0.2779365318092946, 0.29589974449446405, 0.27172048042427077, 0.2755504436411436, 0.2884963138127695, 0.3066713855954698, 0.2823626828595087, 0.29153997495975675, 0.28858702889865495, 0.27158196134574086, 0.28895654580680874, 0.276855096754533, 0.32090786111528635, 0.2973651191969887, 0.26952177016416845, 0.27606290040768783, 0.2967692504150172, 0.2910232479212625, 0.29107917570498915, 0.30262968817358815, 0.30935960591133005, 0.2826177573989162, 0.2965606748864374, 0.28251187648456055, 0.32037169406719085, 0.2815262227460224, 0.3107127614169868]
val step Accs: [0.2159407982530632, 0.20621225194132872, 0.25395965886015975, 0.19944444444444445, 0.1991842284160435, 0.2271214642262895, 0.20133868808567604, 0.21447645818692904, 0.2189365936878021, 0.20366320393657736, 0.20969546302050962, 0.21578870991147875, 0.2188991856220163, 0.21412587412587414, 0.22887715397443023, 0.19349810732576264]
Preds: [17, 17, 284, 284, 284, 284, 35, 35, 284, 319, 355, 293, 293, 293, 284, 35, 35, 35, 180, 35, 35, 35, 35, 468, 355, 355, 355, 355, 355, 35, 324, 324, 464, 35, 240, 264, 139, 139, 355, 319, 284, 284, 284, 355, 293, 293, 284, 284, 284, 374, 374, 250, 250, 250, 132, 98, 98, 48, 414, 414, 47, 170, 170, 47, 47, 47, 47, 47, 392, 392, 392, 73, 73, 73, 73, 321, 321, 321, 321, 321, 321, 320, 320, 320, 321, 392, 73, 392, 73, 63, 63, 63, 63, 73, 73, 73, 320, 320, 7, 7, 7, 387, 387, 387, 284, 122, 35, 171, 213, 213, 213, 213, 246, 246, 246, 246, 246, 246, 246, 246, 246, 246, 246, 246, 19, 19, 464, 464, 464, 19, 19, 464, 239, 239, 264, 180, 354, 180, 180, 35, 35, 35, 324, 171, 171, 171, 171, 171, 171, 246, 246, 246, 246, 246, 246, 246, 19, 19, 19, 19, 19, 19, 355, 355, 486, 464, 464, 464, 324, 324, 324, 464, 464, 464, 464, 19, 19, 19, 355, 355, 355, 355, 355, 284, 180, 35, 324, 464, 464, 464, 464, 464, 464, 464, 19, 19, 19, 355, 355, 355, 355, 355, 355, 303, 303, 250, 250, 250, 250, 250, 182, 182, 182, 182, 182, 182, 182, 182, 182, 182, 182, 182, 182, 182, 387, 387, 387, 387, 387, 293, 293, 293, 387, 387, 387, 387, 250, 250, 250, 182, 250, 250, 250, 250, 122, 284, 355, 355, 355, 355, 355, 284, 122, 324, 464, 464, 464, 19, 355, 355, 303, 250, 250, 182, 182, 182, 182, 182, 387, 387, 387, 387, 284, 387, 182, 387, 387, 284, 122, 324, 324, 464, 464, 464, 19, 19, 486, 19, 355, 355, 355, 374, 263, 48, 414, 414, 414, 170, 170, 170, 47, 47, 47, 392, 392, 392, 392, 392, 392, 392, 392, 392, 392, 73, 73, 73, 73, 320, 320, 188, 287, 7, 7, 153, 387, 153, 182, 182, 182, 182, 182, 182, 182, 182, 182, 182, 182, 182, 182, 182, 182, 182, 182, 182, 182, 182, 122, 122, 219, 239, 35, 35, 19, 355, 284, 180, 355, 374, 303, 182, 387, 387, 387, 387, 387, 387, 387, 122, 35, 324, 171, 171, 324, 464, 19, 180, 35, 180, 180, 180, 355, 284, 35, 35, 355, 355, 355, 355, 355, 284, 284, 486, 486, 486, 486, 486, 486, 486, 486, 486, 486, 486, 284, 486, 284, 35, 180, 35, 180, 486, 486, 486, 486, 486, 284, 355, 355, 284, 284, 284, 284, 35, 486, 486, 486, 486, 486, 240, 35, 180, 180, 180, 35, 324, 324, 324, 464, 464, 464, 19, 374, 374, 374, 250, 250, 132, 48, 414, 387, 287, 387, 387, 387, 387, 153, 250, 250, 182, 182, 182, 98, 98, 98, 414, 414, 414, 414, 170, 170, 392, 392, 392, 73, 244, 73, 392, 63, 63, 63, 63, 63, 63, 63, 73, 73, 73, 73, 73, 63, 63, 63, 63, 63, 63, 63, 63, 63, 63, 73, 73, 73, 73, 73, 73, 73, 73, 73, 320, 287, 287, 287, 287, 284, 284, 284, 284, 284, 284, 284, 284, 284, 284, 355, 413, 250, 250, 387, 387, 284, 387, 387, 387, 182, 182, 387, 387, 284, 35, 35, 35, 35, 324, 324, 464, 324, 171, 171, 171, 171, 171, 246, 246, 19, 19, 464, 19, 19, 486, 19, 486, 464, 464, 464, 19, 19, 374, 374, 374, 132, 132, 132, 182, 387, 387, 387, 387, 387, 387, 387, 387, 387, 387, 284, 284, 284, 413, 413, 250, 250, 387, 250, 250, 122, 122, 35, 35, 35, 180, 486, 486]

ep15
Train step Loss: [3.5589613914489746, 3.443584680557251, 3.5234549045562744, 3.4846861362457275, 3.414762258529663, 3.4542620182037354, 3.365351915359497, 3.498595714569092, 3.450659990310669, 3.390312671661377, 3.4479153156280518, 3.450829267501831, 3.492116928100586, 3.4635279178619385, 3.2521400451660156, 3.4438130855560303, 3.4653775691986084, 3.506711721420288, 3.4502975940704346, 3.521601438522339, 3.4295992851257324, 3.4874000549316406, 3.5358500480651855, 3.3882532119750977, 3.343118906021118, 3.4267492294311523, 3.4563992023468018, 3.498792886734009, 3.5056064128875732, 3.514845848083496, 3.4481263160705566, 3.4225847721099854, 3.4131879806518555, 3.423553466796875, 3.4684250354766846, 3.4354848861694336, 3.4947128295898438, 3.4660236835479736, 3.3632187843322754, 3.3875558376312256, 3.4038853645324707, 3.370438814163208, 3.396453857421875, 3.359757900238037, 3.5153799057006836, 3.3711161613464355, 3.4418787956237793, 3.3955187797546387, 3.5251529216766357, 3.316357374191284, 3.3701045513153076, 3.558274269104004, 3.460571527481079, 3.3907008171081543, 3.3677210807800293, 3.3874759674072266, 3.3298704624176025, 3.3477795124053955, 3.4407989978790283, 3.3656234741210938, 3.3877551555633545, 3.3070952892303467, 3.323342800140381]
val step Loss: [3.749661922454834, 3.7211668491363525, 3.737356662750244, 3.7826521396636963, 3.6430857181549072, 3.8538620471954346, 3.7365782260894775, 3.780489683151245, 3.791459560394287, 3.749210834503174, 3.8153631687164307, 3.703462600708008, 3.7704639434814453, 3.7382986545562744, 3.780871629714966, 3.8311843872070312]
Train step Accs: [0.28822573496823756, 0.3057240833553152, 0.29255014326647566, 0.2938921205711264, 0.3206391158097069, 0.3113260442949257, 0.31854522652453365, 0.3056015452538631, 0.30809289232934556, 0.3090884464309901, 0.30127922364358184, 0.2973830293417922, 0.3027747968726046, 0.30018870663376396, 0.34057971014492755, 0.3109372603159994, 0.31654430595868194, 0.2959320518551632, 0.3061783107403545, 0.2976263871763255, 0.30714560122935075, 0.31057540031673414, 0.29477979456873504, 0.32401362475163215, 0.3307354399886637, 0.3220214485088879, 0.3054378531073446, 0.305405821654089, 0.2854663774403471, 0.3135192805974699, 0.30491891167403834, 0.31978993919292426, 0.3151025481665631, 0.31396706004409286, 0.30164888457807953, 0.2980005880623346, 0.2912529550827423, 0.2986754966887417, 0.3236818588025022, 0.3240451270898464, 0.31742967457253174, 0.3255007096672449, 0.31478671387624346, 0.31826880612395114, 0.30440809537011365, 0.32257146920779406, 0.30413810611830416, 0.3235911795589779, 0.29718004338394793, 0.33422064477965097, 0.32416936195236695, 0.2863995048738976, 0.30399109998609375, 0.3133041848844472, 0.31756292119378354, 0.31538342848325873, 0.321068056007815, 0.3249148694665153, 0.30764626664671557, 0.32290570010527897, 0.30524446872439226, 0.3383404864091559, 0.3256997455470738]
val step Accs: [0.26484268125854993, 0.24125920964501005, 0.24111325434003858, 0.23517446409012674, 0.25569948186528496, 0.22880066399225343, 0.24475341028331585, 0.24282665401944512, 0.23915461624026696, 0.24679972470750172, 0.22882513661202186, 0.2565925542916236, 0.2366224168605447, 0.24205030849549122, 0.23609347218694438, 0.23845525132815693]
Preds: [17, 17, 17, 387, 387, 153, 153, 284, 284, 284, 284, 284, 414, 387, 387, 387, 293, 284, 284, 284, 284, 284, 284, 284, 284, 374, 263, 414, 414, 414, 414, 414, 414, 414, 47, 47, 47, 320, 320, 7, 287, 284, 240, 240, 240, 464, 264, 264, 468, 355, 355, 355, 413, 355, 122, 324, 324, 324, 171, 171, 171, 464, 464, 464, 464, 464, 464, 454, 454, 414, 132, 387, 284, 240, 324, 324, 324, 19, 374, 374, 426, 401, 180, 180, 374, 374, 132, 132, 182, 182, 182, 182, 98, 98, 98, 122, 98, 182, 98, 98, 98, 182, 182, 182, 122, 122, 284, 387, 387, 293, 293, 293, 284, 284, 284, 284, 284, 284, 284, 284, 450, 355, 355, 413, 413, 293, 426, 374, 250, 250, 250, 250, 98, 98, 98, 414, 414, 414, 414, 47, 414, 170, 414, 47, 170, 47, 47, 47, 47, 47, 47, 47, 47, 320, 320, 320, 320, 287, 287, 284, 171, 171, 35, 180, 180, 35, 180, 355, 355, 486, 486, 486, 284, 284, 284, 355, 355, 355, 413, 426, 284, 180, 180, 395, 35, 35, 324, 324, 464, 464, 19, 355, 284, 486, 486, 454, 263, 263, 414, 414, 47, 47, 47, 47, 47, 320, 320, 320, 7, 387, 153, 47, 47, 47, 47, 47, 320, 47, 47, 392, 2, 73, 73, 73, 73, 73, 320, 287, 287, 287, 486, 35, 35, 486, 35, 35, 355, 355, 355, 355, 355, 426, 35, 324, 324, 324, 213, 324, 246, 246, 246, 19, 454, 454, 414, 414, 414, 414, 47, 320, 7, 188, 284, 35, 35, 35, 35, 35, 35, 180, 180, 35, 180, 35, 486, 180, 180, 355, 355, 413, 413, 413, 387, 387, 293, 293, 284, 284, 284, 355, 35, 35, 35, 35, 355, 355, 355, 355, 486, 486, 324, 324, 464, 213, 213, 246, 464, 464, 454, 414, 414, 414, 414, 414, 47, 320, 287, 153, 153, 153, 182, 182, 182, 182, 182, 182, 182, 182, 182, 387, 387, 387, 122, 398, 35, 239, 180, 401, 180, 35, 35, 180, 355, 324, 171, 171, 171, 19, 239, 35, 464, 264, 354, 264, 239, 264, 264, 464, 464, 464, 464, 264, 264, 19, 355, 355, 180, 464, 464, 464, 19, 19, 454, 454, 414, 414, 414, 414, 414, 170, 170, 170, 47, 47, 47, 320, 47, 392, 392, 392, 73, 320, 73, 73, 73, 73, 320, 287, 287, 287, 284, 284, 240, 240, 240, 35, 35, 139, 355, 355, 355, 284, 486, 324, 464, 324, 324, 324, 464, 464, 19, 374, 374, 263, 263, 320, 387, 153, 153, 182, 182, 182, 182, 182, 122, 324, 35, 139, 250, 250, 250, 98, 250, 250, 98, 98, 98, 414, 414, 414, 414, 414, 170, 170, 47, 47, 47, 320, 287, 320, 320, 7, 153, 153, 287, 284, 284, 284, 153, 153, 153, 387, 387, 387, 387, 387, 284, 284, 413, 263, 263, 284, 486, 486, 486, 486, 486, 486, 486, 486, 486, 486, 486, 486, 486, 486, 486, 486, 486, 486, 486, 486, 486, 486, 486, 486, 486, 486, 486, 486, 486, 486, 486, 486, 486, 486, 486, 486, 486, 486, 486, 486, 486, 486, 486, 486, 486, 486, 486, 486, 486, 486, 486, 486, 486, 486, 486, 486, 486, 486, 486, 486, 486, 486, 486, 486, 486, 486, 486, 486, 486, 486, 486, 486, 486, 486, 486, 486, 486, 486, 486, 486, 486, 486, 486, 486, 486, 486, 486, 486, 486, 486, 486, 486, 486, 486, 486, 486, 486, 486, 486, 486, 486, 486, 486, 486, 486, 486, 486, 486, 486, 486, 486, 486, 486, 486, 486, 486, 486, 486]

ep16
Train step Loss: [3.3936307430267334, 3.5172312259674072, 3.3776066303253174, 3.2918238639831543, 3.2682385444641113, 3.3413236141204834, 3.352715253829956, 3.381904125213623, 3.411461591720581, 3.284331798553467, 3.283416748046875, 3.297985315322876, 3.340336322784424, 3.321110486984253, 3.391716241836548, 3.3344578742980957, 3.2419066429138184, 3.4462599754333496, 3.412503242492676, 3.2725987434387207, 3.2356276512145996, 3.292056083679199, 3.285507917404175, 3.357797384262085, 3.313309907913208, 3.4100723266601562, 3.3315494060516357, 3.356992483139038, 3.2878031730651855, 3.3805630207061768, 3.2457892894744873, 3.2809793949127197, 3.2359085083007812, 3.145477771759033, 3.308014154434204, 3.366934061050415, 3.3054916858673096, 3.2188780307769775, 3.2525548934936523, 3.400477647781372, 3.1950056552886963, 3.2260475158691406, 3.1876895427703857, 3.4126031398773193, 3.2640743255615234, 3.195073127746582, 3.3523900508880615, 3.372882127761841, 3.2348244190216064, 3.407716989517212, 3.1646921634674072, 3.264005661010742, 3.2152459621429443, 3.036329746246338, 3.2344577312469482, 3.2744667530059814, 3.24764347076416, 3.3237650394439697, 3.251246690750122, 3.1442532539367676, 3.187305212020874, 3.0785632133483887, 3.3588624000549316]
val step Loss: [3.6392147541046143, 3.5663793087005615, 3.697962760925293, 3.6328213214874268, 3.607858180999756, 3.5513925552368164, 3.6757428646087646, 3.5959384441375732, 3.606647253036499, 3.5323710441589355, 3.5643818378448486, 3.6354246139526367, 3.596879005432129, 3.663947820663452, 3.603050470352173, 3.606382131576538]
Train step Accs: [0.32073154087621125, 0.2963542481614771, 0.31514648321670025, 0.3318042813455658, 0.3436986301369863, 0.32506467813118245, 0.3326936257710761, 0.3172109687198567, 0.3120131201312013, 0.3361059242912918, 0.3364731957334811, 0.33655510675129835, 0.33313495015622674, 0.3383657587548638, 0.3191976305869682, 0.3270963270963271, 0.35083693304535635, 0.3193669736671423, 0.31547436291065395, 0.33771800177357375, 0.3418884236120492, 0.3280438973750556, 0.33368509919797384, 0.3299462044231919, 0.3477984422190431, 0.313550135501355, 0.33598287985325587, 0.3299806576402321, 0.33571929824561403, 0.3209358128374325, 0.3515207091548219, 0.3503832547169811, 0.351, 0.3709997167941093, 0.3438287153652393, 0.32160159589626675, 0.3417505809450039, 0.34964845862628446, 0.35106382978723405, 0.3268980477223427, 0.35564734368323603, 0.3569721115537849, 0.3634938058648267, 0.31174577634754624, 0.36073573573573575, 0.36396663078579117, 0.3417042889390519, 0.33222116301239274, 0.3598867274070426, 0.32003089598352213, 0.3710399734616023, 0.34351949420442573, 0.3623866213151927, 0.3905998928762721, 0.35278956943602185, 0.3480994969256568, 0.3505586592178771, 0.3375806451612903, 0.35339871491376396, 0.3631119656855495, 0.3605371900826446, 0.38505293095275717, 0.3282100544348383]
val step Accs: [0.2745268924302789, 0.29009433962264153, 0.25523264568589066, 0.2703045685279188, 0.2757667864050843, 0.28501652061485416, 0.28087431693989073, 0.2867610531544958, 0.2728135593220339, 0.2984016499097706, 0.2818991097922849, 0.267124209393083, 0.2853518493790893, 0.2704714640198511, 0.2796135536264352, 0.2779891848588023]
Preds: [17, 17, 284, 486, 486, 486, 284, 284, 35, 35, 284, 374, 153, 387, 153, 153, 182, 182, 122, 35, 35, 319, 35, 106, 153, 293, 293, 293, 284, 284, 284, 250, 48, 48, 48, 98, 47, 414, 414, 47, 47, 47, 47, 47, 80, 47, 47, 47, 47, 392, 73, 73, 73, 244, 73, 73, 321, 320, 320, 320, 321, 321, 320, 153, 73, 73, 73, 73, 73, 73, 73, 153, 153, 47, 170, 320, 287, 153, 287, 287, 284, 284, 284, 284, 35, 284, 284, 450, 450, 450, 450, 450, 450, 450, 35, 35, 35, 464, 213, 213, 213, 246, 246, 246, 246, 246, 246, 19, 19, 19, 19, 19, 19, 355, 355, 35, 35, 464, 107, 464, 464, 464, 374, 374, 374, 132, 132, 132, 132, 132, 132, 132, 132, 132, 132, 132, 132, 132, 132, 132, 132, 132, 98, 48, 414, 414, 414, 414, 47, 414, 414, 414, 73, 320, 188, 171, 213, 213, 213, 246, 246, 246, 246, 374, 374, 132, 132, 132, 132, 98, 182, 182, 182, 387, 387, 293, 355, 355, 355, 355, 355, 355, 355, 303, 303, 303, 122, 35, 267, 324, 464, 464, 239, 180, 180, 374, 387, 387, 284, 153, 284, 284, 35, 486, 486, 464, 464, 464, 464, 464, 464, 464, 454, 454, 414, 414, 414, 414, 47, 320, 320, 287, 188, 35, 35, 32, 374, 374, 387, 387, 387, 426, 374, 98, 98, 98, 98, 132, 132, 132, 387, 122, 284, 284, 250, 250, 98, 387, 284, 48, 387, 387, 122, 35, 240, 171, 171, 324, 324, 246, 19, 19, 454, 454, 414, 414, 414, 47, 47, 320, 47, 47, 47, 47, 244, 320, 47, 47, 73, 73, 73, 73, 73, 73, 2, 73, 320, 392, 392, 392, 320, 287, 287, 287, 287, 284, 153, 387, 182, 182, 182, 182, 387, 284, 284, 35, 171, 171, 171, 324, 464, 464, 354, 354, 354, 401, 401, 84, 319, 486, 284, 180, 35, 401, 374, 413, 355, 250, 426, 426, 401, 32, 267, 434, 213, 213, 324, 464, 464, 301, 239, 354, 180, 180, 180, 180, 106, 284, 284, 284, 240, 450, 35, 355, 355, 355, 355, 355, 284, 115, 35, 180, 374, 374, 374, 132, 182, 182, 182, 182, 182, 182, 182, 387, 387, 122, 486, 486, 486, 468, 355, 355, 426, 267, 324, 19, 468, 355, 355, 355, 426, 374, 374, 250, 182, 182, 182, 182, 182, 182, 387, 387, 387, 387, 122, 32, 387, 35, 35, 354, 84, 374, 413, 293, 284, 153, 153, 153, 387, 153, 122, 240, 35, 355, 426, 180, 35, 35, 239, 239, 139, 355, 284, 35, 35, 354, 355, 180, 180, 240, 464, 464, 107, 107, 395, 180, 180, 486, 395, 395, 35, 239, 468, 355, 355, 139, 139, 426, 413, 426, 426, 426, 413, 355, 426, 115, 180, 35, 35, 486, 395, 180, 180, 240, 464, 355, 355, 355, 355, 413, 413, 122, 35, 319, 387, 153, 387, 387, 153, 387, 284, 387, 387, 413, 426, 374, 413, 250, 98, 98, 98, 48, 414, 98, 387, 122, 35, 240, 240, 464, 19, 355, 413, 413, 122, 32, 464, 324, 19, 454, 414, 414, 414, 414, 170, 170, 170, 170, 392, 244, 244, 47, 47, 47, 392, 392, 320, 320, 320, 7, 321, 392, 47, 320, 320, 392, 73, 73, 73, 320, 320, 7, 188, 171, 284, 354, 450, 450, 426, 284, 284, 374, 182, 387, 387, 387, 182, 182, 122, 35, 35, 106, 153, 153, 153, 387, 387, 387, 387, 387, 413, 413, 413, 250, 250, 98, 98, 98, 414, 414, 414, 414, 414, 414, 170, 47, 47, 47, 47, 47]

ep17
Train step Loss: [3.1168622970581055, 3.117549419403076, 3.1832854747772217, 3.232004404067993, 3.3184986114501953, 3.2988088130950928, 3.1896843910217285, 3.2374649047851562, 3.356698513031006, 3.1452908515930176, 3.1391425132751465, 3.277242660522461, 3.3102664947509766, 3.1590797901153564, 3.184683322906494, 3.099069833755493, 3.26155424118042, 3.1075305938720703, 3.219865560531616, 3.2289178371429443, 3.194753408432007, 3.167951822280884, 3.2150020599365234, 3.2090885639190674, 3.121671199798584, 3.205606698989868, 3.388124465942383, 3.0878865718841553, 3.21504282951355, 3.0635037422180176, 3.1188108921051025, 3.193605899810791, 3.2170045375823975, 3.2531447410583496, 3.1030828952789307, 3.128765106201172, 3.054089069366455, 3.1223373413085938, 3.1711437702178955, 3.1670923233032227, 3.084261178970337, 3.075249433517456, 3.065474271774292, 2.9677894115448, 3.1373167037963867, 3.1168971061706543, 3.2217373847961426, 3.12803053855896, 3.0017290115356445, 3.2316267490386963, 3.100306987762451, 3.142019271850586, 2.9825682640075684, 3.125379800796509, 3.129309892654419, 3.1194207668304443, 3.0002365112304688, 3.1708929538726807, 3.1337263584136963, 3.108210802078247, 2.9903414249420166, 3.090233325958252, 3.009188413619995]
val step Loss: [3.4602866172790527, 3.457705497741699, 3.5250186920166016, 3.4876179695129395, 3.461289167404175, 3.495914936065674, 3.478006362915039, 3.4049017429351807, 3.4763588905334473, 3.4379189014434814, 3.423135757446289, 3.4647297859191895, 3.546886920928955, 3.416583299636841, 3.4956929683685303, 3.5566153526306152]
Train step Accs: [0.3778421433743664, 0.38808957838108343, 0.3630472159767227, 0.3606484235574063, 0.34266976362891105, 0.33548298572996704, 0.36502971535814827, 0.3422222222222222, 0.33201058201058203, 0.37252087682672236, 0.3708292270871463, 0.34330226735290026, 0.3454427505676289, 0.3802143446001649, 0.36787790697674416, 0.38194238194238195, 0.36177285318559554, 0.3801674863751163, 0.3669195751138088, 0.36102790477691943, 0.3507806501151779, 0.37377719375091256, 0.36398637642529247, 0.36707648091968703, 0.389688078621279, 0.3479003558718861, 0.33760903027193434, 0.388470066518847, 0.3587234042553191, 0.38799171842650104, 0.3854108440469536, 0.3732145599754262, 0.3596299411269975, 0.3510086455331412, 0.38095238095238093, 0.3714784008585994, 0.391858297078931, 0.37658086594256807, 0.3760012564787184, 0.37315386053467936, 0.38788584740827026, 0.3916475315729047, 0.3804648139119129, 0.40832676648279487, 0.3674310037072635, 0.3791620421753607, 0.36306609547123625, 0.37462928012941493, 0.39525514771709935, 0.34502923976608185, 0.38767800058122637, 0.37920664470857796, 0.40795352993744416, 0.37114928909952605, 0.378300803673938, 0.3846565805328692, 0.4080916030534351, 0.37478184991273994, 0.38450272933031554, 0.37282091917591126, 0.41760299625468167, 0.39017038007863697, 0.39276842395804584]
val step Accs: [0.29757879074800486, 0.3026948288419519, 0.29292929292929293, 0.3052141286065468, 0.30711661450537486, 0.30538922155688625, 0.2926829268292683, 0.30852444829078324, 0.30443441317047265, 0.31096502108657903, 0.3286209655908242, 0.30127659574468085, 0.2968770247505507, 0.30911756864836043, 0.3042834051724138, 0.2946277495769882]
Preds: [17, 17, 284, 284, 240, 35, 374, 250, 284, 450, 355, 355, 426, 450, 426, 35, 486, 35, 239, 468, 468, 468, 355, 355, 122, 240, 240, 464, 324, 143, 180, 468, 354, 180, 180, 401, 84, 293, 319, 284, 374, 250, 250, 250, 98, 98, 98, 98, 48, 48, 414, 320, 414, 170, 187, 47, 47, 47, 47, 47, 2, 244, 244, 321, 321, 2, 244, 2, 73, 321, 392, 63, 63, 73, 73, 73, 73, 73, 320, 320, 320, 7, 7, 7, 387, 122, 240, 32, 213, 213, 213, 213, 213, 213, 246, 246, 246, 246, 246, 246, 246, 19, 19, 464, 464, 464, 19, 19, 464, 143, 180, 354, 180, 180, 180, 35, 171, 171, 171, 171, 171, 246, 246, 246, 246, 246, 246, 19, 19, 19, 19, 19, 19, 19, 468, 486, 464, 464, 464, 464, 171, 171, 464, 464, 143, 239, 239, 464, 19, 107, 180, 180, 107, 240, 464, 464, 19, 19, 19, 315, 284, 284, 355, 355, 355, 355, 355, 355, 303, 374, 132, 250, 250, 182, 182, 182, 182, 182, 182, 182, 182, 182, 182, 387, 387, 293, 293, 355, 303, 303, 355, 426, 426, 355, 250, 250, 497, 250, 250, 387, 293, 355, 413, 413, 413, 293, 122, 267, 464, 464, 464, 19, 139, 413, 413, 250, 250, 250, 182, 182, 387, 387, 387, 182, 413, 413, 413, 122, 324, 324, 434, 464, 464, 464, 19, 355, 355, 486, 263, 263, 263, 48, 414, 414, 414, 414, 187, 187, 187, 187, 47, 47, 47, 392, 392, 73, 73, 73, 73, 320, 83, 188, 188, 468, 374, 293, 413, 413, 250, 250, 182, 182, 182, 182, 182, 182, 182, 182, 182, 182, 182, 182, 182, 122, 122, 401, 75, 239, 468, 355, 172, 355, 413, 293, 293, 387, 387, 387, 387, 426, 426, 426, 240, 324, 324, 301, 264, 143, 180, 354, 139, 180, 180, 180, 355, 355, 355, 355, 355, 355, 355, 355, 355, 355, 355, 355, 486, 486, 284, 284, 35, 319, 319, 319, 284, 35, 486, 486, 376, 180, 486, 180, 395, 180, 486, 486, 486, 486, 35, 240, 240, 143, 180, 180, 324, 324, 324, 19, 464, 464, 374, 374, 374, 303, 115, 180, 180, 180, 355, 293, 250, 250, 250, 250, 250, 250, 98, 98, 98, 48, 48, 48, 414, 170, 170, 170, 392, 244, 244, 244, 244, 392, 63, 63, 63, 73, 73, 73, 73, 73, 73, 63, 63, 63, 63, 63, 63, 73, 73, 73, 73, 73, 73, 321, 320, 287, 287, 287, 287, 284, 284, 284, 284, 284, 450, 450, 450, 250, 250, 250, 182, 182, 387, 387, 182, 182, 182, 182, 182, 122, 122, 240, 32, 464, 464, 107, 324, 171, 171, 171, 464, 434, 143, 139, 139, 354, 354, 180, 240, 32, 464, 143, 143, 374, 374, 374, 132, 303, 293, 355, 293, 293, 293, 293, 387, 387, 122, 284, 284, 413, 293, 153, 153, 182, 122, 122, 180, 35, 180, 180, 180, 35, 324, 213, 213, 213, 213, 19, 19, 19, 454, 414, 284, 319, 387, 240, 324, 324, 464, 171, 171, 464, 143, 143, 239, 374, 139, 180, 180, 180, 284, 284, 486, 486, 284, 450, 450, 450, 450, 35, 355, 374, 374, 132, 250, 98, 98, 98, 98, 287, 284, 387, 387, 153, 250, 98, 182, 387, 182, 98, 98, 98, 98, 98, 414, 414, 170, 170, 170, 392, 244, 73, 73, 73, 73, 73, 244, 392, 63, 63, 73, 63, 63, 392, 63, 73, 244, 73, 73, 73, 73, 320, 320, 7, 7, 287, 153, 182, 182, 132, 132, 132, 132, 132, 132, 182, 413, 122, 122, 219]

ep18
Train step Loss: [3.133524179458618, 2.98764705657959, 3.058680295944214, 3.1036977767944336, 3.0771327018737793, 3.1196746826171875, 2.9865524768829346, 3.034046173095703, 3.0416347980499268, 2.9553990364074707, 2.9890973567962646, 3.1430020332336426, 3.1572811603546143, 3.080972194671631, 3.031902551651001, 3.1480748653411865, 3.1251444816589355, 3.084780216217041, 3.127103090286255, 3.019711971282959, 3.1019232273101807, 2.879345178604126, 2.968623161315918, 3.1308834552764893, 3.0089893341064453, 2.9859118461608887, 3.015826940536499, 2.984905481338501, 3.0831432342529297, 2.9690072536468506, 3.1355371475219727, 2.9997005462646484, 2.9601876735687256, 3.0357348918914795, 3.008052349090576, 3.050137996673584, 2.9855797290802, 3.1615545749664307, 2.988807201385498, 2.883857488632202, 3.0258853435516357, 3.0735902786254883, 3.0491161346435547, 3.0308175086975098, 2.9229679107666016, 2.966198205947876, 3.059595823287964, 2.8894031047821045, 2.976566791534424, 2.8754920959472656, 2.8741872310638428, 2.950361967086792, 3.0011823177337646, 2.9460747241973877, 3.0649607181549072, 2.954392433166504, 2.9809162616729736, 2.9705650806427, 2.9756696224212646, 2.9571452140808105, 3.000941038131714, 3.0392801761627197, 3.0362699031829834]
val step Loss: [3.32281756401062, 3.187966823577881, 3.25657057762146, 3.3669283390045166, 3.3456766605377197, 3.3617000579833984, 3.3144547939300537, 3.3189988136291504, 3.355520725250244, 3.385133743286133, 3.341488838195801, 3.3572938442230225, 3.334345817565918, 3.3053138256073, 3.362844467163086, 3.3910067081451416]
Train step Accs: [0.3799597732675078, 0.41810743038141746, 0.39754669640367996, 0.3812896561900546, 0.3902376033057851, 0.38828377980571094, 0.40646712987707107, 0.3962135657858894, 0.39411269974768715, 0.41667828754706454, 0.39984059511158343, 0.37920042502324347, 0.3831424175072662, 0.38951494365507106, 0.39659973618642824, 0.3723699880905121, 0.3815691528956379, 0.3905031892274982, 0.3924523269769303, 0.40895422652856667, 0.38449111470113084, 0.44071624455557346, 0.4164129532244672, 0.38093132920719125, 0.4133877753031428, 0.413589364844904, 0.4119566829847204, 0.41601203409660703, 0.40119581464872944, 0.4133186571271326, 0.37638732507640343, 0.40870279146141214, 0.42648323301805674, 0.4096499526963103, 0.40648830295980354, 0.4014999330387036, 0.40424886191198783, 0.3798015772068176, 0.41488002271759195, 0.4406877618841208, 0.40561224489795916, 0.39380467517567763, 0.40016092262303876, 0.4091518855269042, 0.4168996960486322, 0.4124181144972942, 0.4013408502209356, 0.43185222166749876, 0.424488611634992, 0.4306206504757847, 0.4325614035087719, 0.4136277785849194, 0.40807878960890664, 0.414176511466296, 0.4075090252707581, 0.4183297513048818, 0.4051512673753066, 0.4028225806451613, 0.4171616130040638, 0.4218340611353712, 0.4109295030543173, 0.4120754716981132, 0.41330102315562733]
val step Accs: [0.3328756674294432, 0.35756090921464545, 0.34925742574257423, 0.32717297141207047, 0.335837616976407, 0.3379235649079375, 0.3474741836449902, 0.3399829704415521, 0.3479203359978323, 0.33050969131371144, 0.34248665141113654, 0.3432682425488181, 0.3377840544357427, 0.3451152269192705, 0.3249964473497229, 0.31039215686274507]
Preds: [17, 17, 17, 287, 284, 486, 486, 486, 284, 355, 355, 284, 395, 395, 139, 139, 84, 426, 395, 413, 250, 387, 473, 35, 35, 240, 324, 324, 324, 324, 434, 434, 434, 19, 143, 354, 354, 324, 324, 324, 324, 324, 324, 324, 434, 434, 434, 434, 434, 434, 434, 19, 19, 454, 454, 454, 414, 414, 414, 414, 414, 47, 47, 47, 47, 47, 47, 320, 321, 188, 188, 188, 188, 171, 171, 171, 434, 19, 374, 374, 387, 387, 250, 250, 250, 250, 122, 426, 180, 180, 395, 395, 468, 401, 401, 355, 413, 413, 293, 293, 122, 426, 115, 84, 84, 284, 35, 35, 324, 434, 213, 324, 434, 434, 19, 19, 19, 19, 454, 454, 414, 414, 414, 414, 414, 414, 47, 414, 47, 47, 320, 320, 47, 80, 321, 321, 287, 7, 7, 387, 387, 387, 426, 240, 324, 324, 324, 324, 434, 434, 434, 434, 434, 434, 434, 434, 434, 434, 19, 19, 454, 454, 414, 414, 414, 414, 320, 80, 7, 188, 240, 240, 32, 264, 464, 464, 464, 464, 464, 19, 468, 468, 355, 355, 355, 180, 486, 284, 284, 284, 284, 284, 284, 284, 450, 450, 355, 303, 413, 250, 250, 250, 182, 182, 182, 387, 387, 387, 387, 387, 387, 413, 413, 426, 426, 426, 395, 139, 348, 54, 374, 374, 132, 182, 182, 182, 182, 98, 98, 98, 98, 48, 7, 287, 387, 284, 284, 293, 324, 171, 354, 180, 395, 395, 355, 355, 355, 355, 115, 115, 172, 395, 324, 171, 171, 171, 171, 171, 252, 301, 143, 139, 374, 303, 355, 115, 486, 107, 395, 486, 486, 486, 486, 486, 486, 376, 35, 35, 35, 77, 106, 153, 153, 182, 182, 182, 182, 182, 182, 182, 182, 182, 182, 182, 182, 182, 182, 98, 98, 98, 98, 98, 47, 47, 287, 7, 293, 293, 287, 287, 293, 284, 263, 48, 48, 98, 48, 13, 47, 287, 188, 486, 486, 486, 486, 486, 486, 486, 486, 486, 486, 486, 486, 486, 486, 486, 486, 486, 486, 486, 486, 486, 486, 486, 486, 486, 486, 486, 486, 486, 486, 486, 486, 486, 486, 486, 486, 486, 486, 486, 486, 486, 486, 486, 486, 486, 486, 486, 486, 486, 486, 486, 486, 486, 486, 486, 486, 486, 486, 486, 486, 486, 486, 486, 486, 486, 486, 486, 486, 486, 486, 486, 486, 486, 486, 486, 486, 486, 486, 486, 486, 486, 486, 486, 486, 486, 486, 486, 486, 486, 486, 486, 486, 486, 486, 486, 486, 486, 486, 486, 486, 486, 486, 486, 486, 486, 486, 486, 486, 486, 486, 486, 486, 486, 486, 486, 486, 486, 486, 486, 486, 486, 486, 486, 486, 486, 486, 486, 486, 486, 486, 486, 486, 486, 486, 486, 486, 486, 486, 486, 486, 486, 486, 486, 486, 486, 486, 486, 486, 486, 486, 486, 486, 486, 486, 486, 486, 486, 486, 486, 486, 486, 486, 486, 486, 486, 486, 486, 486, 486, 486, 486, 486, 486, 486, 486, 486, 486, 486, 486, 486, 486, 486, 486, 486, 486, 486, 486, 486, 486, 486, 486, 486, 486, 486, 486, 486, 486, 486, 486, 486, 486, 486, 486, 486, 486, 486, 486, 486, 486, 486, 486, 486, 486, 486, 486, 486, 486, 486, 486, 486, 486, 486, 486, 486, 486, 486, 486, 486, 486, 486, 486, 486, 486, 486, 486, 486, 486, 486, 486, 486, 486, 486, 486, 486, 486, 486, 486, 486, 486, 486, 486, 486, 486, 486, 486, 486, 486, 486, 486, 486, 486, 486, 486, 486, 486, 486, 486, 486, 486, 486, 486, 486, 486, 486, 486, 486, 486, 486, 486]

ep19
Train step Loss: [2.924896478652954, 2.7794930934906006, 2.8972322940826416, 3.0817933082580566, 2.968709707260132, 3.0234532356262207, 2.9143424034118652, 2.960787773132324, 2.822035551071167, 2.8202381134033203, 2.9485926628112793, 2.89371395111084, 2.879685878753662, 3.061803102493286, 3.0141522884368896, 2.8361430168151855, 2.9204039573669434, 2.9797284603118896, 2.9676311016082764, 2.948201894760132, 2.816629409790039, 2.9310317039489746, 2.9166719913482666, 2.951127290725708, 3.0270135402679443, 2.8595361709594727, 2.8615951538085938, 2.9133548736572266, 3.0445661544799805, 2.907433271408081, 2.834226369857788, 2.748302936553955, 2.8329994678497314, 2.767514944076538, 2.8586173057556152, 2.850572347640991, 2.82837176322937, 2.875981092453003, 2.79018235206604, 2.913135290145874, 2.9669575691223145, 2.8137669563293457, 2.9237585067749023, 2.853684425354004, 2.8127739429473877, 2.879082202911377, 2.9215550422668457, 2.9256043434143066, 2.8399977684020996, 2.7802531719207764, 2.745957851409912, 2.91941237449646, 2.8361644744873047, 2.8487625122070312, 2.810997247695923, 2.9463772773742676, 2.8305859565734863, 2.7947580814361572, 2.835256814956665, 2.923016309738159, 2.7382688522338867, 2.8369321823120117, 2.803661346435547]
val step Loss: [3.223085403442383, 3.138301134109497, 3.1691932678222656, 3.2279558181762695, 3.231283187866211, 3.202625274658203, 3.22615909576416, 3.3045504093170166, 3.226287603378296, 3.1662449836730957, 3.18131160736084, 3.148149251937866, 3.1618142127990723, 3.2095112800598145, 3.114356279373169, 3.001929759979248]
Train step Accs: [0.4212908878504673, 0.4541056123859552, 0.43865708759325783, 0.3934654153632256, 0.4130215100332034, 0.3983649715948455, 0.4287214491992649, 0.4208172706245181, 0.4561896400351185, 0.43683083511777304, 0.4183118741058655, 0.43866584311303275, 0.43807242496829646, 0.39333440669779424, 0.4062544020284547, 0.4353782919774699, 0.42344994804295116, 0.402113606340819, 0.4171487909805667, 0.4223697650663943, 0.44385796545105566, 0.42917847025495753, 0.4217233009708738, 0.41668016194331986, 0.4107445008460237, 0.4463837101679228, 0.4406596794081381, 0.4264794685990338, 0.39819739952718675, 0.43435415403274713, 0.44545982013344937, 0.4655732860520095, 0.4477343562694797, 0.45688225538971805, 0.4337568058076225, 0.44156964208710653, 0.4394962347442223, 0.4383783783783784, 0.4557626673667629, 0.43098632956048805, 0.415552099533437, 0.4477495107632094, 0.4355324849296718, 0.4376669009135629, 0.4511756569847856, 0.43292430718323455, 0.4292438505921652, 0.42304729625635495, 0.44337690974956684, 0.45950222989497913, 0.4649944435624702, 0.4265783540022548, 0.44470774091627174, 0.44275024707045035, 0.45395051875498804, 0.4289325007433839, 0.44908653165274043, 0.447336804164998, 0.44053229830884394, 0.43072534637326815, 0.46760070052539404, 0.4521173783166403, 0.45686900958466453]
val step Accs: [0.36044107512060647, 0.3842485176591905, 0.38295702840495266, 0.3655237074738816, 0.36766136879662664, 0.3733459357277883, 0.35746961181544895, 0.3398663697104677, 0.3685897435897436, 0.37524640946212334, 0.37464932415200203, 0.3766525647805394, 0.3756633813495072, 0.37001708428246016, 0.3823932092004381, 0.40120145891439607]
Preds: [17, 17, 287, 284, 284, 284, 319, 319, 293, 413, 250, 426, 426, 413, 413, 426, 426, 395, 395, 413, 348, 387, 413, 426, 319, 284, 284, 450, 486, 486, 395, 395, 395, 172, 54, 122, 324, 246, 213, 324, 324, 3, 19, 139, 139, 54, 54, 172, 172, 115, 267, 267, 324, 324, 213, 213, 252, 3, 3, 454, 355, 240, 240, 35, 35, 239, 354, 468, 468, 355, 355, 355, 172, 303, 303, 355, 303, 303, 284, 284, 486, 486, 486, 486, 450, 355, 355, 355, 413, 355, 303, 115, 172, 172, 395, 54, 115, 115, 107, 107, 395, 395, 395, 240, 264, 264, 264, 264, 264, 264, 264, 464, 464, 464, 464, 454, 454, 454, 414, 414, 170, 170, 170, 170, 170, 170, 244, 244, 187, 2, 2, 2, 2, 2, 392, 244, 392, 63, 63, 244, 73, 73, 244, 321, 320, 320, 287, 287, 320, 320, 7, 293, 293, 153, 287, 284, 413, 293, 293, 284, 284, 284, 284, 284, 348, 413, 413, 413, 413, 413, 250, 250, 426, 122, 387, 387, 319, 319, 319, 319, 450, 450, 450, 355, 122, 267, 267, 434, 324, 143, 434, 434, 324, 464, 464, 464, 19, 19, 468, 84, 401, 319, 319, 319, 106, 276, 182, 182, 182, 182, 182, 182, 182, 98, 426, 293, 293, 293, 284, 284, 284, 284, 284, 319, 348, 348, 413, 413, 303, 355, 413, 303, 303, 48, 48, 414, 414, 170, 170, 170, 170, 392, 392, 244, 392, 392, 392, 392, 392, 392, 73, 73, 73, 244, 320, 7, 7, 7, 7, 7, 75, 387, 284, 284, 284, 486, 486, 315, 450, 355, 355, 355, 355, 115, 395, 35, 413, 374, 182, 182, 387, 387, 387, 413, 413, 413, 413, 426, 413, 387, 387, 387, 250, 250, 182, 182, 387, 387, 182, 98, 98, 48, 414, 414, 80, 321, 320, 287, 287, 284, 284, 284, 284, 284, 450, 450, 450, 450, 450, 355, 355, 355, 355, 355, 355, 355, 355, 468, 172, 54, 413, 413, 413, 250, 250, 250, 250, 122, 122, 75, 32, 32, 434, 434, 464, 464, 464, 434, 434, 143, 239, 354, 354, 180, 84, 84, 374, 250, 426, 348, 413, 413, 413, 355, 293, 293, 293, 387, 387, 387, 153, 182, 182, 182, 182, 387, 387, 182, 250, 250, 250, 250, 497, 250, 98, 98, 98, 98, 98, 98, 13, 414, 170, 170, 170, 170, 244, 187, 187, 392, 392, 244, 244, 392, 73, 244, 320, 7, 7, 7, 7, 387, 387, 387, 387, 387, 293, 293, 153, 153, 182, 182, 182, 182, 182, 182, 182, 182, 182, 182, 182, 387, 387, 182, 122, 122, 32, 239, 239, 264, 107, 107, 395, 395, 468, 84, 84, 84, 84, 106, 413, 98, 98, 387, 250, 122, 486, 486, 486, 486, 486, 486, 486, 486, 486, 486, 486, 486, 486, 486, 486, 486, 486, 486, 486, 486, 486, 486, 486, 486, 486, 486, 486, 486, 486, 486, 486, 486, 486, 486, 486, 486, 486, 486, 486, 486, 486, 486, 486, 486, 486, 486, 486, 486, 486, 486, 486, 486, 486, 486, 486, 486, 486, 486, 486, 486, 486, 486, 486, 486, 486, 486, 486, 486, 486, 486, 486, 486, 486, 486, 486, 486, 486, 486, 486, 486, 486, 486, 486, 486, 486, 486, 486, 486, 486, 486, 486, 486, 486, 486, 486, 486, 486, 486, 486, 486, 486, 486, 486, 486, 486, 486, 486, 486, 486, 486, 486, 486, 486, 486, 486, 486, 486, 486, 486, 486, 486, 486, 486, 486, 486, 486, 486, 486, 486, 486, 486, 486, 486, 486, 486, 486, 486, 486, 486, 486, 486, 486, 486, 486]

ep20
Train step Loss: [2.728571891784668, 2.7370786666870117, 2.89235782623291, 2.788123369216919, 2.747667074203491, 2.9004454612731934, 2.8249616622924805, 2.815040349960327, 2.877178192138672, 2.8029096126556396, 2.8834729194641113, 2.701680898666382, 2.850571632385254, 2.6827783584594727, 2.724682092666626, 2.8436810970306396, 2.699868679046631, 2.8419151306152344, 2.7382280826568604, 2.6879665851593018, 2.804412364959717, 2.7903976440429688, 2.70727276802063, 2.6993775367736816, 2.770780086517334, 2.6944406032562256, 2.852104902267456, 2.765484571456909, 2.73806095123291, 2.783632278442383, 2.719515085220337, 2.687725067138672, 2.8019168376922607, 2.691661834716797, 2.6170494556427, 2.7782561779022217, 2.667654275894165, 2.7048141956329346, 2.765408754348755, 2.7944812774658203, 2.7399792671203613, 2.7104642391204834, 2.7375946044921875, 2.7581629753112793, 2.7802517414093018, 2.814861297607422, 2.7174031734466553, 2.7924864292144775, 2.8347105979919434, 2.828531265258789, 2.724398136138916, 2.689080238342285, 2.7296478748321533, 2.6339666843414307, 2.746180772781372, 2.7263402938842773, 2.603177785873413, 2.6607582569122314, 2.6354150772094727, 2.6658124923706055, 2.7525599002838135, 2.6814799308776855, 2.6991918087005615]
val step Loss: [2.9745607376098633, 3.0769076347351074, 3.1013004779815674, 3.0686655044555664, 3.0856528282165527, 2.9802072048187256, 3.1460609436035156, 3.0108466148376465, 3.0333845615386963, 3.0081398487091064, 2.926506519317627, 3.0613222122192383, 2.9963886737823486, 3.113640069961548, 3.102306842803955, 3.0395004749298096]
Train step Accs: [0.4686059450007948, 0.46151449049548143, 0.4374708715240019, 0.4534152814638916, 0.4697088906372935, 0.42814680796071336, 0.45401699210016394, 0.45423013120193034, 0.43903167961745365, 0.45474452554744527, 0.43840330350997936, 0.46786560713787817, 0.44426732066217045, 0.4725998598458304, 0.4730439236778077, 0.4398687448728466, 0.46952501050861706, 0.450096396262791, 0.4578541272383171, 0.47216968386922453, 0.4624205795753913, 0.4528219337902873, 0.47559541311379006, 0.4718870346598203, 0.45711871567384876, 0.4797499320467518, 0.43844432008953554, 0.4504150943396226, 0.46238532110091746, 0.44818037974683544, 0.4642595038896228, 0.4798141621275232, 0.45195474724330514, 0.47394912256835803, 0.4896007650011953, 0.45179340028694404, 0.4913557779799818, 0.4664921465968586, 0.4615259210955331, 0.45560053981106613, 0.4751398880895284, 0.4745472693569086, 0.46500644053241735, 0.4599382415082074, 0.45420359924791837, 0.45043531388422176, 0.4699026025866198, 0.4618804544706076, 0.452723311546841, 0.4440548294548932, 0.46350314026517797, 0.4857231054175027, 0.472289480764057, 0.4868505452212957, 0.46134478672985785, 0.4575934081545674, 0.49120549120549123, 0.4810185185185185, 0.481666892166148, 0.4713120420295866, 0.46636113657195233, 0.4783025325119781, 0.4699093157460841]
val step Accs: [0.41591973244147157, 0.3992576882290562, 0.3890808569454043, 0.39761044734648515, 0.3950039032006245, 0.40932577189666036, 0.3775823004131681, 0.4109023057443689, 0.398918783002263, 0.399055640632976, 0.4153649984061205, 0.39588043205224815, 0.3969226579520697, 0.3835820895522388, 0.38036197805329913, 0.3907522759942501]
Preds: [17, 17, 17, 287, 284, 284, 284, 450, 450, 450, 413, 153, 153, 153, 153, 153, 153, 153, 182, 182, 182, 182, 182, 182, 182, 182, 98, 98, 98, 98, 98, 414, 47, 47, 47, 320, 287, 287, 284, 486, 486, 486, 450, 450, 450, 84, 387, 319, 240, 398, 360, 239, 374, 153, 153, 153, 387, 387, 387, 182, 387, 387, 387, 122, 464, 324, 324, 3, 468, 139, 468, 172, 172, 395, 395, 395, 395, 395, 395, 264, 264, 264, 374, 374, 35, 35, 259, 106, 153, 153, 250, 250, 122, 32, 32, 374, 132, 473, 75, 354, 251, 172, 172, 115, 172, 267, 267, 3, 324, 464, 464, 19, 19, 486, 284, 180, 106, 106, 250, 387, 387, 182, 182, 182, 182, 153, 153, 182, 182, 182, 182, 182, 98, 98, 98, 98, 426, 284, 355, 355, 355, 355, 355, 355, 303, 303, 303, 303, 303, 303, 303, 303, 303, 303, 303, 172, 426, 426, 319, 319, 106, 106, 293, 293, 293, 182, 387, 387, 250, 98, 48, 48, 48, 48, 170, 170, 170, 170, 170, 392, 392, 392, 392, 392, 392, 392, 392, 63, 63, 63, 63, 63, 63, 63, 63, 63, 63, 63, 392, 392, 392, 392, 244, 244, 320, 320, 321, 7, 7, 188, 324, 324, 324, 464, 464, 464, 464, 486, 486, 486, 486, 315, 355, 355, 180, 395, 395, 395, 139, 139, 84, 115, 324, 324, 324, 464, 464, 464, 139, 139, 331, 319, 319, 413, 413, 54, 387, 35, 240, 32, 354, 468, 468, 54, 199, 413, 413, 413, 122, 32, 354, 259, 75, 139, 468, 115, 376, 180, 355, 355, 355, 122, 180, 35, 259, 259, 319, 319, 35, 219, 264, 264, 264, 374, 374, 374, 374, 132, 122, 246, 246, 19, 374, 132, 132, 132, 250, 250, 98, 98, 98, 98, 287, 14, 287, 14, 473, 481, 481, 293, 293, 293, 293, 293, 293, 153, 250, 98, 98, 98, 48, 13, 320, 98, 287, 486, 486, 486, 486, 486, 486, 486, 486, 486, 486, 486, 486, 486, 486, 486, 486, 486, 486, 486, 486, 486, 486, 486, 486, 486, 486, 486, 486, 486, 486, 486, 486, 486, 486, 486, 486, 486, 486, 486, 486, 486, 486, 486, 486, 486, 486, 486, 486, 486, 486, 486, 486, 486, 486, 486, 486, 486, 486, 486, 486, 486, 486, 486, 486, 486, 486, 486, 486, 486, 486, 486, 486, 486, 486, 486, 486, 486, 486, 486, 486, 486, 486, 486, 486, 486, 486, 486, 486, 486, 486, 486, 486, 486, 486, 486, 486, 486, 486, 486, 486, 486, 486, 486, 486, 486, 486, 486, 486, 486, 486, 486, 486, 486, 486, 486, 486, 486, 486, 486, 486, 486, 486, 486, 486, 486, 486, 486, 486, 486, 486, 486, 486, 486, 486, 486, 486, 486, 486, 486, 486, 486, 486, 486, 486, 486, 486, 486, 486, 486, 486, 486, 486, 486, 486, 486, 486, 486, 486, 486, 486, 486, 486, 486, 486, 486, 486, 486, 486, 486, 486, 486, 486, 486, 486, 486, 486, 486, 486, 486, 486, 486, 486, 486, 486, 486, 486, 486, 486, 486, 486, 486, 486, 486, 486, 486, 486, 486, 486, 486, 486, 486, 486, 486, 486, 486, 486, 486, 486, 486, 486, 486, 486, 486, 486, 486, 486, 486, 486, 486, 486, 486, 486, 486, 486, 486, 486, 486, 486, 486, 486, 486, 486, 486, 486, 486, 486, 486, 486, 486, 486, 486, 486, 486, 486, 486, 486, 486, 486, 486, 486, 486, 486, 486, 486, 486, 486, 486, 486, 486, 486, 486, 486, 486, 486, 486, 486, 486, 486, 486, 486, 486, 486, 486, 486, 486]

ep21
Train step Loss: [2.6543374061584473, 2.629340648651123, 2.618518352508545, 2.6595163345336914, 2.6218676567077637, 2.630011558532715, 2.602289915084839, 2.7322514057159424, 2.5903844833374023, 2.7373788356781006, 2.720348358154297, 2.618527412414551, 2.647510290145874, 2.634597063064575, 2.7215044498443604, 2.721813917160034, 2.664161443710327, 2.6720571517944336, 2.6780030727386475, 2.538928270339966, 2.6531121730804443, 2.763293743133545, 2.6052405834198, 2.746865749359131, 2.7948098182678223, 2.485732316970825, 2.6821932792663574, 2.589632272720337, 2.5295770168304443, 2.56076717376709, 2.6644914150238037, 2.654902935028076, 2.6294078826904297, 2.577867269515991, 2.6053173542022705, 2.5899930000305176, 2.6698453426361084, 2.526865243911743, 2.704556941986084, 2.648564338684082, 2.550676107406616, 2.6021568775177, 2.5244874954223633, 2.6084511280059814, 2.6264054775238037, 2.589808940887451, 2.666966199874878, 2.690020799636841, 2.5316250324249268, 2.565220355987549, 2.519009590148926, 2.5756900310516357, 2.559030055999756, 2.5471198558807373, 2.5461008548736572, 2.583378791809082, 2.5486912727355957, 2.677372932434082, 2.546896457672119, 2.4955084323883057, 2.522378444671631, 2.532282829284668, 2.5547494888305664]
val step Loss: [2.9724793434143066, 2.92706036567688, 2.88986873626709, 3.107205629348755, 2.950808525085449, 2.892332077026367, 2.908555269241333, 2.866368055343628, 2.890889883041382, 2.914921283721924, 2.8359243869781494, 2.9320499897003174, 2.81667160987854, 2.8318746089935303, 2.852466344833374, 2.9837968349456787]
Train step Accs: [0.4935256032960565, 0.4929241978422306, 0.499714937286203, 0.4751506024096386, 0.49707602339181284, 0.4866604102426599, 0.49448555074689376, 0.4720139260846277, 0.49363610066531677, 0.46096208601828265, 0.47552836484983313, 0.4949549307143818, 0.4920894708128751, 0.47814513869431213, 0.46775544388609713, 0.4762496119217634, 0.48381041764429844, 0.4749802475638662, 0.48799143337922596, 0.5081643402686331, 0.4682994884514029, 0.459463772741781, 0.496094372708433, 0.47889934416880525, 0.4559828487203538, 0.5182808536039397, 0.48274177792250084, 0.49153460652851144, 0.5056018759770714, 0.5053796974894745, 0.47298050139275766, 0.49256173757810173, 0.4877613875830767, 0.5127695366263955, 0.49458987783595115, 0.4978427279053584, 0.48445555381971567, 0.5105154639175258, 0.476056338028169, 0.4886399004046063, 0.5021228417775262, 0.49748595090209996, 0.5146784320380112, 0.4945553539019964, 0.48292349726775957, 0.5014646394197239, 0.48143793045523264, 0.48264067042928, 0.510777360589626, 0.5104400899453903, 0.506710408589323, 0.49730595602155236, 0.5013676148796499, 0.5058102001291156, 0.4989055887932292, 0.4942394633221526, 0.501039501039501, 0.47447685478757134, 0.5102366777987513, 0.5106233125953751, 0.5095774647887324, 0.5104284103720406, 0.5027834008097166]
val step Accs: [0.41908876669285156, 0.4283969051174155, 0.43473908146664997, 0.39403321137067265, 0.4110028041126986, 0.4278839348903043, 0.4298479594558549, 0.4399098979727044, 0.42953806115810017, 0.42822115974010055, 0.4397309170785283, 0.41110672456902225, 0.4494908896034298, 0.43808160343593416, 0.43929503916449086, 0.41595572976712014]
Preds: [17, 240, 171, 171, 3, 143, 143, 374, 14, 293, 284, 486, 486, 486, 486, 486, 486, 146, 146, 107, 395, 139, 14, 14, 14, 287, 486, 486, 486, 486, 284, 486, 486, 486, 486, 146, 146, 464, 19, 19, 454, 454, 454, 414, 414, 414, 187, 170, 170, 47, 187, 187, 187, 187, 73, 73, 73, 73, 73, 73, 73, 73, 73, 73, 320, 73, 73, 244, 321, 287, 287, 287, 287, 287, 284, 284, 284, 284, 284, 284, 450, 450, 450, 450, 450, 293, 293, 98, 426, 413, 413, 413, 426, 115, 395, 395, 139, 54, 251, 106, 293, 426, 284, 450, 486, 486, 486, 395, 330, 330, 354, 251, 139, 251, 398, 324, 434, 434, 464, 464, 464, 239, 239, 139, 139, 355, 180, 319, 450, 450, 450, 450, 413, 413, 250, 250, 182, 182, 182, 387, 387, 426, 284, 284, 284, 355, 355, 355, 355, 284, 284, 450, 450, 450, 293, 153, 153, 153, 182, 182, 387, 387, 293, 473, 486, 486, 146, 395, 395, 395, 395, 395, 395, 240, 240, 324, 324, 3, 107, 19, 139, 468, 54, 172, 172, 115, 115, 267, 267, 324, 324, 213, 3, 3, 3, 14, 464, 464, 464, 464, 464, 107, 468, 468, 468, 468, 139, 172, 172, 172, 172, 172, 172, 115, 115, 115, 115, 180, 180, 84, 84, 84, 84, 355, 355, 355, 263, 263, 263, 263, 48, 48, 414, 414, 170, 170, 170, 170, 170, 244, 244, 2, 2, 2, 2, 2, 63, 63, 73, 63, 63, 63, 63, 63, 63, 63, 63, 63, 63, 244, 63, 244, 73, 320, 73, 320, 320, 320, 320, 7, 153, 153, 153, 182, 182, 497, 122, 122, 251, 84, 35, 371, 330, 180, 35, 35, 486, 486, 486, 240, 240, 354, 354, 354, 354, 395, 374, 374, 132, 497, 387, 387, 387, 426, 426, 293, 293, 35, 35, 35, 213, 213, 213, 246, 246, 246, 246, 246, 246, 246, 246, 19, 19, 19, 454, 454, 454, 414, 414, 170, 170, 170, 170, 170, 244, 244, 244, 244, 2, 2, 244, 2, 63, 244, 63, 63, 63, 63, 63, 63, 63, 63, 63, 63, 63, 73, 63, 63, 63, 73, 244, 63, 63, 63, 63, 73, 73, 244, 73, 321, 7, 7, 7, 7, 7, 7, 188, 398, 374, 374, 132, 132, 132, 132, 250, 153, 153, 153, 153, 182, 182, 387, 387, 293, 284, 284, 284, 284, 450, 450, 450, 450, 450, 450, 450, 450, 263, 355, 48, 197, 80, 244, 83, 287, 284, 284, 284, 284, 284, 284, 284, 284, 284, 284, 284, 284, 319, 319, 319, 426, 284, 450, 450, 450, 413, 54, 54, 54, 172, 172, 54, 122, 267, 324, 464, 464, 464, 464, 464, 464, 468, 468, 468, 468, 468, 139, 115, 374, 172, 172, 395, 342, 355, 355, 355, 355, 293, 293, 293, 387, 153, 153, 153, 182, 182, 182, 182, 182, 182, 250, 497, 497, 497, 182, 182, 182, 497, 250, 182, 387, 387, 387, 387, 426, 293, 293, 355, 355, 146, 464, 464, 464, 464, 464, 324, 324, 464, 464, 464, 468, 139, 139, 139, 199, 324, 464, 464, 464, 355, 355, 355, 355, 263, 263, 263, 115, 486, 486, 486, 486, 486, 486, 486, 486, 486, 486, 486, 486, 486, 486, 486, 486, 486, 486, 486, 486, 486, 486, 486, 486, 486, 486, 486, 486, 486, 486, 486, 486, 486, 486, 486, 486, 486, 486, 486, 486, 486, 486, 486, 486, 486, 486, 486, 486, 486, 486, 486, 486, 486, 486, 486, 486, 486, 486, 486, 486, 486, 486, 486, 486, 486, 486, 486, 486, 486, 486, 486, 486, 486, 486]

ep22
Train step Loss: [2.586928129196167, 2.5964362621307373, 2.5617992877960205, 2.415172576904297, 2.623616933822632, 2.703447103500366, 2.499169111251831, 2.4762063026428223, 2.5232901573181152, 2.5571370124816895, 2.4648277759552, 2.6249918937683105, 2.5140838623046875, 2.5253491401672363, 2.503791093826294, 2.6001884937286377, 2.492882251739502, 2.4053707122802734, 2.5185952186584473, 2.5172178745269775, 2.430438280105591, 2.594710350036621, 2.4559640884399414, 2.4935669898986816, 2.564366340637207, 2.414179563522339, 2.4767348766326904, 2.4887783527374268, 2.5664219856262207, 2.5370495319366455, 2.4381065368652344, 2.5049803256988525, 2.3723511695861816, 2.5652811527252197, 2.445918560028076, 2.4390323162078857, 2.4843697547912598, 2.421422243118286, 2.5051138401031494, 2.412236452102661, 2.5730676651000977, 2.53202223777771, 2.4447007179260254, 2.486501693725586, 2.522003173828125, 2.4883534908294678, 2.5171103477478027, 2.4513368606567383, 2.3984787464141846, 2.3395423889160156, 2.4484341144561768, 2.4621260166168213, 2.310105562210083, 2.4282143115997314, 2.4222166538238525, 2.453925848007202, 2.370640277862549, 2.557910203933716, 2.471045732498169, 2.5148844718933105, 2.380523443222046, 2.515188217163086, 2.5544562339782715]
val step Loss: [2.7746195793151855, 2.777496814727783, 2.7783279418945312, 2.76792049407959, 2.8190155029296875, 2.7457616329193115, 2.792647123336792, 2.820181131362915, 2.7687222957611084, 2.754162311553955, 2.721562385559082, 2.8413751125335693, 2.6864166259765625, 2.816911458969116, 2.659290075302124, 2.7468528747558594]
Train step Accs: [0.5026710760620707, 0.4876637222053, 0.4940365756692287, 0.5410640838529919, 0.4899190783157317, 0.47019297036526536, 0.512906309751434, 0.5237959532630379, 0.5142276422764228, 0.5122027048033577, 0.5297707852977078, 0.49107142857142855, 0.5183936684742781, 0.5080126010135598, 0.5126977795505917, 0.496253249732375, 0.5167842031029619, 0.5381747894518846, 0.5147154155322183, 0.512218963831867, 0.5252567305023591, 0.495077590522276, 0.5200362921518221, 0.5211325966850828, 0.5059532147359574, 0.5353096179183136, 0.5266433294437962, 0.5188720173535791, 0.506417194989949, 0.5086923658352229, 0.5292474531712126, 0.5204111175448755, 0.5450261780104712, 0.5052935514918191, 0.5242924171333434, 0.5264640300434221, 0.5228313876163736, 0.5364590432056698, 0.5234481711944149, 0.5274879302289363, 0.49851216523717834, 0.5171091864262388, 0.5285671100362757, 0.5145917416951258, 0.5109680016099819, 0.5227584315876063, 0.508792326696701, 0.538382654556109, 0.5381113232486415, 0.5533602337553917, 0.5225390984360626, 0.5202020202020202, 0.5586460246654421, 0.5283811178685202, 0.5307011177239077, 0.5254237288135594, 0.5421935129191864, 0.509336988178859, 0.5205825531282509, 0.5234549516008935, 0.5507745266781411, 0.5206099195710456, 0.5088483528450858]
val step Accs: [0.45612783563989157, 0.45441741357234317, 0.4518399061721155, 0.45072836332476435, 0.44356992269852424, 0.458259325044405, 0.4465691788526434, 0.44796552161237163, 0.46374603174603174, 0.4486479459178367, 0.47283085013146364, 0.43926007730535616, 0.4667607802874743, 0.45693484698914116, 0.48437089571841346, 0.45760892895471134]
Preds: [17, 17, 17, 287, 387, 319, 35, 240, 324, 324, 434, 301, 143, 239, 239, 354, 354, 354, 264, 213, 213, 213, 324, 19, 19, 19, 454, 454, 414, 355, 187, 170, 170, 170, 170, 392, 47, 73, 73, 73, 73, 73, 73, 244, 244, 244, 321, 321, 63, 392, 63, 63, 63, 63, 63, 63, 63, 63, 63, 63, 63, 63, 63, 63, 63, 63, 63, 63, 63, 63, 63, 63, 63, 63, 63, 63, 63, 63, 63, 392, 244, 320, 320, 7, 287, 287, 287, 284, 284, 284, 284, 486, 486, 240, 240, 240, 35, 35, 354, 197, 414, 414, 414, 414, 47, 392, 392, 244, 47, 73, 321, 73, 73, 73, 73, 320, 320, 7, 7, 7, 217, 293, 284, 331, 172, 450, 169, 35, 319, 387, 387, 319, 35, 319, 35, 240, 171, 171, 171, 171, 171, 246, 3, 19, 3, 3, 454, 14, 320, 188, 240, 240, 19, 303, 250, 387, 387, 387, 387, 387, 65, 319, 319, 240, 354, 354, 251, 319, 35, 486, 486, 486, 35, 468, 468, 264, 35, 240, 468, 355, 355, 35, 342, 468, 172, 115, 172, 172, 239, 267, 107, 324, 324, 324, 464, 464, 464, 464, 315, 450, 84, 330, 35, 450, 450, 450, 172, 172, 172, 54, 172, 172, 106, 319, 284, 284, 450, 450, 450, 486, 355, 355, 303, 263, 48, 414, 170, 47, 170, 392, 392, 392, 392, 392, 392, 392, 392, 392, 392, 73, 320, 320, 320, 7, 7, 387, 98, 122, 122, 32, 32, 239, 354, 75, 259, 180, 180, 401, 319, 319, 319, 240, 354, 395, 395, 395, 374, 374, 132, 132, 132, 132, 199, 115, 371, 219, 324, 324, 324, 246, 246, 246, 246, 246, 246, 3, 3, 14, 14, 14, 441, 287, 284, 284, 284, 450, 486, 85, 355, 355, 355, 355, 355, 413, 348, 293, 426, 426, 319, 240, 464, 324, 324, 324, 301, 301, 301, 32, 32, 354, 259, 354, 401, 284, 284, 315, 376, 486, 14, 486, 486, 486, 486, 486, 486, 486, 486, 486, 486, 486, 486, 486, 486, 486, 486, 486, 486, 486, 486, 486, 486, 486, 486, 486, 486, 486, 486, 486, 486, 486, 486, 486, 486, 486, 486, 486, 486, 486, 486, 486, 486, 486, 486, 486, 486, 486, 486, 486, 486, 486, 486, 486, 486, 486, 486, 486, 486, 486, 486, 486, 486, 486, 486, 486, 486, 486, 486, 486, 486, 486, 486, 486, 486, 486, 486, 486, 486, 486, 486, 486, 486, 486, 486, 486, 486, 486, 486, 486, 486, 486, 486, 486, 486, 486, 486, 486, 486, 486, 486, 486, 486, 486, 486, 486, 486, 486, 486, 486, 486, 486, 486, 486, 486, 486, 486, 486, 486, 486, 486, 486, 486, 486, 486, 486, 486, 486, 486, 486, 486, 486, 486, 486, 486, 486, 486, 486, 486, 486, 486, 486, 486, 486, 486, 486, 486, 486, 486, 486, 486, 486, 486, 486, 486, 486, 486, 486, 486, 486, 486, 486, 486, 486, 486, 486, 486, 486, 486, 486, 486, 486, 486, 486, 486, 486, 486, 486, 486, 486, 486, 486, 486, 486, 486, 486, 486, 486, 486, 486, 486, 486, 486, 486, 486, 486, 486, 486, 486, 486, 486, 486, 486, 486, 486, 486, 486, 486, 486, 486, 486, 486, 486, 486, 486, 486, 486, 486, 486, 486, 486, 486, 486, 486, 486, 486, 486, 486, 486, 486, 486, 486, 486, 486, 486, 486, 486, 486, 486, 486, 486, 486, 486, 486, 486, 486, 486, 486, 486, 486, 486, 486, 486, 486, 486, 486, 486, 486, 486, 486, 486, 486, 486, 486, 486, 486, 486, 486, 486, 486, 486, 486]

ep23
Train step Loss: [2.4620087146759033, 2.437330722808838, 2.501767873764038, 2.5081698894500732, 2.3623099327087402, 2.3942081928253174, 2.467301845550537, 2.393298387527466, 2.3950860500335693, 2.4944238662719727, 2.3403637409210205, 2.4049735069274902, 2.398073196411133, 2.3653409481048584, 2.330995559692383, 2.3877363204956055, 2.4618210792541504, 2.4344701766967773, 2.427414655685425, 2.3696253299713135, 2.445607900619507, 2.385206937789917, 2.293977737426758, 2.386408805847168, 2.3263096809387207, 2.4308688640594482, 2.338378429412842, 2.3112237453460693, 2.3773880004882812, 2.4465279579162598, 2.375255584716797, 2.4480936527252197, 2.4262990951538086, 2.3764350414276123, 2.4076273441314697, 2.3742945194244385, 2.3313772678375244, 2.3042359352111816, 2.324028253555298, 2.31417179107666, 2.2901511192321777, 2.317253589630127, 2.2873237133026123, 2.265403985977173, 2.310330867767334, 2.285456895828247, 2.285691261291504, 2.225348949432373, 2.2445857524871826, 2.3840410709381104, 2.3401434421539307, 2.297238349914551, 2.25115966796875, 2.3099751472473145, 2.3972766399383545, 2.2418503761291504, 2.235626459121704, 2.3533518314361572, 2.236309051513672, 2.3269145488739014, 2.361207962036133, 2.251828908920288, 2.2123074531555176]
val step Loss: [2.7007246017456055, 2.681367874145508, 2.6134724617004395, 2.62229323387146, 2.643122911453247, 2.6712939739227295, 2.5815274715423584, 2.6326167583465576, 2.6424198150634766, 2.562598943710327, 2.722770929336548, 2.5716333389282227, 2.5935280323028564, 2.661435127258301, 2.608821392059326, 2.5808475017547607]
Train step Accs: [0.5271705184259837, 0.5298123486682809, 0.5101153903791398, 0.5190292333149475, 0.5338651196519216, 0.5362584650112867, 0.5230391448793875, 0.5344272844272844, 0.5389547038327526, 0.5199169586090567, 0.5421466704130373, 0.5409379353041325, 0.5290300546448088, 0.545402381293932, 0.5636707067527152, 0.5437108078199926, 0.5306122448979592, 0.5360782715042804, 0.5383236216943075, 0.55252065418985, 0.5332470474033328, 0.5373134328358209, 0.5489765077620552, 0.5359053787665446, 0.5467657992565056, 0.5290102389078498, 0.5506266490765171, 0.569775746321954, 0.5497643097643098, 0.5346120742653387, 0.5449266010646878, 0.5285818181818182, 0.531230577998757, 0.5454043610267734, 0.5410665032178976, 0.5437082858538174, 0.5609344581440623, 0.557713858797161, 0.5539468188779062, 0.5607617481846828, 0.5679604798870854, 0.5606714628297362, 0.5543478260869565, 0.5691382765531062, 0.5563517915309446, 0.5588417275089717, 0.5671337579617834, 0.5828738241972105, 0.5710068875040997, 0.5481762917933131, 0.5608651911468813, 0.5656656207978485, 0.5733097799903646, 0.5623603039785426, 0.5402160864345739, 0.5754926655800859, 0.5746268656716418, 0.544874647678386, 0.5772910023568557, 0.5569402094657299, 0.551277437927312, 0.5786501747781662, 0.5614326375711575]
val step Accs: [0.47464239271781533, 0.48899521531100476, 0.5077154171787519, 0.4908927655207799, 0.49766415779911755, 0.4885459940652819, 0.4982828131999403, 0.5015376013419066, 0.47974546018935277, 0.5081037277147488, 0.4787680209698558, 0.5037474776592678, 0.4919626652838994, 0.48613376835236544, 0.5076396528541743, 0.5128375387339531]
Preds: [17, 17, 287, 387, 7, 319, 240, 360, 360, 360, 143, 143, 35, 35, 35, 84, 35, 35, 486, 146, 120, 330, 330, 330, 330, 32, 434, 434, 143, 434, 219, 219, 19, 19, 19, 19, 19, 19, 454, 454, 14, 47, 80, 80, 73, 73, 170, 80, 170, 73, 392, 392, 392, 63, 63, 63, 63, 63, 63, 63, 63, 63, 73, 244, 320, 320, 321, 7, 7, 7, 7, 7, 398, 324, 19, 143, 143, 259, 401, 106, 106, 387, 319, 293, 355, 355, 355, 115, 115, 129, 354, 251, 354, 139, 348, 413, 122, 239, 354, 251, 251, 251, 251, 251, 331, 106, 106, 153, 153, 153, 182, 182, 182, 182, 182, 182, 122, 129, 259, 259, 106, 217, 153, 153, 122, 122, 239, 107, 107, 395, 107, 139, 395, 395, 310, 310, 143, 259, 75, 354, 84, 413, 115, 106, 106, 426, 293, 284, 450, 426, 319, 319, 319, 208, 7, 387, 387, 473, 75, 75, 35, 264, 264, 310, 464, 464, 464, 464, 464, 464, 19, 454, 454, 454, 13, 187, 187, 392, 392, 392, 392, 392, 392, 392, 63, 63, 63, 63, 63, 63, 63, 392, 392, 244, 287, 320, 7, 7, 287, 287, 284, 284, 284, 450, 450, 426, 319, 348, 348, 153, 153, 153, 387, 387, 387, 387, 122, 464, 464, 464, 464, 246, 246, 19, 19, 19, 139, 139, 251, 468, 19, 468, 468, 468, 310, 310, 310, 324, 219, 464, 464, 464, 464, 468, 180, 84, 84, 172, 172, 172, 172, 172, 115, 310, 310, 239, 219, 464, 468, 468, 84, 84, 84, 319, 319, 319, 319, 106, 106, 284, 284, 284, 284, 426, 250, 250, 250, 98, 250, 413, 413, 303, 413, 122, 239, 54, 115, 310, 107, 395, 395, 180, 35, 264, 264, 468, 139, 139, 413, 293, 293, 250, 250, 250, 98, 98, 98, 13, 75, 293, 481, 287, 14, 481, 250, 250, 98, 98, 98, 98, 170, 170, 170, 170, 392, 63, 63, 63, 63, 63, 63, 63, 63, 63, 63, 63, 63, 63, 63, 63, 63, 63, 63, 63, 63, 63, 63, 63, 63, 63, 63, 73, 244, 320, 320, 321, 287, 287, 287, 284, 284, 284, 284, 111, 240, 354, 139, 348, 251, 251, 139, 342, 387, 319, 473, 354, 324, 324, 324, 324, 246, 246, 246, 246, 246, 246, 246, 246, 3, 139, 139, 251, 339, 19, 19, 19, 310, 310, 219, 239, 143, 374, 374, 374, 374, 132, 413, 413, 250, 43, 387, 182, 497, 122, 129, 259, 319, 319, 319, 75, 401, 264, 264, 213, 213, 324, 3, 143, 354, 14, 401, 319, 84, 387, 122, 239, 239, 143, 286, 464, 324, 324, 19, 19, 219, 32, 32, 354, 75, 75, 75, 75, 180, 35, 171, 171, 301, 143, 75, 354, 75, 240, 464, 464, 35, 35, 240, 264, 239, 354, 259, 75, 354, 264, 264, 213, 213, 246, 246, 303, 303, 303, 303, 48, 48, 170, 13, 170, 244, 392, 392, 392, 392, 392, 392, 392, 320, 320, 320, 320, 473, 188, 213, 213, 213, 246, 246, 246, 246, 19, 454, 454, 197, 197, 197, 83, 32, 32, 32, 374, 239, 107, 395, 395, 395, 264, 264, 35, 107, 107, 240, 107, 107, 330, 259, 240, 32, 354, 106, 35, 35, 35, 324, 324, 324, 3, 143, 239, 310, 310, 107, 107, 107, 395, 310, 213, 19, 19, 454, 14, 14, 473, 145, 145, 145, 145, 460, 460, 460, 460, 460, 460, 460, 460, 460, 460, 460, 460, 460, 460, 460, 460, 460, 460, 460, 460, 460, 460, 460, 460, 460, 460, 460, 460, 460, 460, 460, 460, 460, 460]

ep24
Train step Loss: [2.261896848678589, 2.308830499649048, 2.238517999649048, 2.2608606815338135, 2.2998111248016357, 2.316007137298584, 2.281062602996826, 2.17977237701416, 2.2972252368927, 2.3042194843292236, 2.165167808532715, 2.3705031871795654, 2.2286500930786133, 2.2839195728302, 2.2875893115997314, 2.210860013961792, 2.3014543056488037, 2.2684996128082275, 2.296740770339966, 2.1538867950439453, 2.2070865631103516, 2.2775979042053223, 2.220303535461426, 2.2404510974884033, 2.2865545749664307, 2.296576499938965, 2.2467150688171387, 2.2123658657073975, 2.2506661415100098, 2.170660972595215, 2.312901496887207, 2.3702666759490967, 2.2998464107513428, 2.2401416301727295, 2.1811530590057373, 2.2911248207092285, 2.1951751708984375, 2.192458152770996, 2.2812066078186035, 2.3097190856933594, 2.267753839492798, 2.200732946395874, 2.1395955085754395, 2.2192020416259766, 2.127366781234741, 2.2330162525177, 2.260746717453003, 2.1889798641204834, 2.164576530456543, 2.224533796310425, 2.356630563735962, 2.2032289505004883, 2.164003610610962, 2.2188849449157715, 2.1744675636291504, 2.1708288192749023, 2.2523162364959717, 2.141533851623535, 2.1749136447906494, 2.2042245864868164, 2.2004714012145996, 2.1734542846679688, 2.2063989639282227]
val step Loss: [2.496765613555908, 2.4796507358551025, 2.5896785259246826, 2.4744842052459717, 2.4256227016448975, 2.4465620517730713, 2.497305154800415, 2.6091649532318115, 2.5346007347106934, 2.4370903968811035, 2.5134215354919434, 2.542555809020996, 2.559330940246582, 2.504833698272705, 2.553925037384033, 2.4697868824005127]
Train step Accs: [0.5646514318773503, 0.5699984832397997, 0.5793785310734463, 0.5673326414115205, 0.5608908545253515, 0.5661157024793388, 0.5774026763990268, 0.5885220125786164, 0.5629650428190369, 0.5681078568107857, 0.5843104410943607, 0.5405124653739612, 0.5792016272565471, 0.5687508742481466, 0.5666079812206573, 0.5824239778844755, 0.5630094881731925, 0.5751479289940828, 0.5661267494889134, 0.593141797961075, 0.5936644505279625, 0.5735171261487051, 0.5790876777251185, 0.5760819697201407, 0.5669055157473755, 0.5695652173913044, 0.5805525164113785, 0.5791780821917808, 0.5781669255754837, 0.5918488769894392, 0.562989921612542, 0.5398673345065655, 0.5708712613784135, 0.5776178587164048, 0.5826861871419478, 0.5658181818181818, 0.584933730051393, 0.5840444789242306, 0.5780266994015651, 0.5592761295088021, 0.5729462816100553, 0.5830851697438951, 0.6050420168067226, 0.5842303552206674, 0.6028264389813043, 0.5816228130596501, 0.5659989023051591, 0.5935787000783085, 0.5995759256238786, 0.5754101252425472, 0.5450110166824048, 0.592230296254891, 0.592085001539883, 0.5852707130597598, 0.5968431922112406, 0.6019950845742373, 0.5778519224658405, 0.6045680546923555, 0.5901259111994699, 0.5803148402873299, 0.5932413793103448, 0.5944919278252612, 0.5873081708834509]
val step Accs: [0.5346548773531089, 0.5455247907276239, 0.5112689523289168, 0.5375844594594594, 0.5394333374218079, 0.5433889953462907, 0.5199126197277768, 0.5095238095238095, 0.5298569069895432, 0.542702402444105, 0.5317616240995415, 0.5114406779661017, 0.5197065771478304, 0.5439353850438657, 0.523654602141792, 0.5367136545339786]
Preds: [17, 17, 188, 171, 3, 143, 468, 468, 468, 14, 284, 284, 486, 111, 460, 460, 330, 330, 259, 355, 14, 14, 14, 293, 287, 486, 486, 486, 486, 486, 486, 85, 395, 146, 146, 19, 19, 454, 454, 414, 414, 414, 187, 170, 47, 47, 187, 187, 187, 73, 73, 73, 73, 2, 2, 392, 392, 320, 287, 321, 321, 320, 287, 287, 287, 287, 284, 284, 284, 284, 284, 284, 284, 319, 426, 450, 450, 293, 293, 122, 348, 413, 342, 224, 395, 395, 139, 84, 84, 106, 106, 346, 426, 450, 450, 428, 85, 395, 468, 172, 54, 251, 398, 398, 398, 360, 464, 464, 464, 139, 315, 315, 315, 315, 284, 450, 450, 450, 450, 413, 413, 250, 250, 250, 182, 276, 346, 284, 284, 284, 284, 284, 426, 426, 426, 426, 426, 413, 413, 413, 250, 250, 182, 276, 276, 346, 65, 486, 486, 146, 240, 240, 143, 354, 139, 219, 219, 324, 324, 3, 107, 468, 139, 54, 172, 172, 115, 115, 267, 267, 267, 324, 324, 3, 3, 3, 324, 464, 464, 464, 464, 120, 468, 468, 395, 139, 172, 172, 172, 172, 172, 172, 115, 115, 115, 115, 114, 77, 450, 84, 84, 355, 355, 355, 263, 263, 263, 263, 263, 414, 414, 170, 170, 170, 170, 244, 47, 47, 2, 2, 2, 2, 2, 2, 2, 63, 63, 63, 63, 63, 63, 63, 63, 63, 244, 244, 73, 73, 73, 73, 320, 7, 7, 7, 153, 182, 497, 497, 122, 122, 354, 180, 180, 180, 460, 460, 35, 35, 486, 486, 240, 240, 354, 354, 354, 395, 374, 374, 497, 497, 497, 387, 387, 387, 426, 293, 35, 35, 213, 213, 213, 246, 246, 246, 246, 246, 246, 246, 19, 19, 19, 454, 454, 454, 454, 414, 170, 170, 170, 170, 244, 320, 320, 293, 293, 197, 481, 293, 170, 63, 63, 63, 73, 63, 63, 73, 63, 244, 63, 63, 63, 63, 63, 63, 63, 63, 63, 63, 244, 73, 73, 244, 244, 73, 320, 7, 7, 7, 473, 239, 239, 239, 374, 374, 132, 132, 43, 153, 153, 276, 276, 276, 346, 346, 284, 284, 284, 284, 284, 450, 450, 450, 450, 450, 450, 450, 450, 35, 35, 319, 319, 84, 106, 293, 293, 284, 284, 284, 284, 284, 284, 284, 319, 426, 426, 426, 426, 426, 450, 450, 450, 172, 172, 348, 54, 199, 54, 122, 267, 264, 464, 464, 464, 464, 468, 468, 468, 468, 468, 468, 172, 331, 413, 413, 342, 342, 293, 293, 293, 293, 293, 293, 293, 293, 153, 153, 182, 182, 182, 182, 182, 182, 182, 182, 182, 182, 497, 497, 250, 43, 182, 387, 387, 65, 293, 293, 355, 115, 146, 464, 464, 464, 219, 219, 464, 464, 264, 374, 374, 374, 132, 122, 324, 324, 464, 464, 355, 355, 355, 355, 263, 263, 263, 145, 145, 35, 35, 145, 145, 460, 460, 460, 460, 460, 460, 460, 460, 460, 460, 460, 460, 460, 460, 460, 460, 460, 460, 460, 460, 460, 460, 460, 460, 460, 460, 460, 460, 460, 460, 460, 460, 460, 460, 460, 460, 460, 460, 460, 460, 460, 460, 460, 460, 460, 460, 460, 460, 460, 460, 460, 460, 460, 460, 460, 460, 460, 460, 460, 460, 460, 460, 460, 460, 460, 460, 460, 460, 460, 460, 460, 460, 460, 460, 460, 460, 460, 460, 460, 460, 460, 460, 460, 460, 460, 460, 460, 460, 460, 460, 460, 460, 460, 460, 460, 460, 460, 460, 460, 460, 460, 460, 460, 460, 460, 460, 460, 460, 460, 460, 460, 460, 460, 460, 460, 460, 460, 460, 460, 460, 460]

ep25
Train step Loss: [2.2207322120666504, 2.1896798610687256, 2.195844888687134, 2.115839719772339, 2.0022530555725098, 2.1407980918884277, 2.2051806449890137, 2.201036214828491, 2.192004919052124, 2.0747382640838623, 2.1622207164764404, 2.10021710395813, 2.173074245452881, 2.0876829624176025, 2.240878105163574, 2.198225736618042, 2.0825419425964355, 2.2103476524353027, 2.1960437297821045, 2.1894137859344482, 2.202172040939331, 2.166337013244629, 2.099398136138916, 2.151279926300049, 2.0734498500823975, 2.239283323287964, 2.1698291301727295, 2.1336510181427, 2.0999515056610107, 2.1843361854553223, 2.0648062229156494, 2.1196706295013428, 2.1541309356689453, 1.9980944395065308, 2.2131412029266357, 2.126004934310913, 2.083740234375, 2.0966973304748535, 2.0968942642211914, 2.070655345916748, 2.1416866779327393, 2.166700839996338, 2.2697713375091553, 2.063363790512085, 2.1659271717071533, 2.1391448974609375, 2.1050028800964355, 2.148982524871826, 1.9459720849990845, 2.1012723445892334, 2.2731008529663086, 2.324458122253418, 2.0300323963165283, 2.1730990409851074, 2.2345430850982666, 2.231856346130371, 2.2460076808929443, 2.328181028366089, 2.143249273300171, 2.382446050643921, 2.2328712940216064, 2.1328954696655273, 2.2107741832733154]
val step Loss: [2.3807265758514404, 2.379892587661743, 2.34379506111145, 2.3498334884643555, 2.3892104625701904, 2.316558837890625, 2.4400017261505127, 2.378957748413086, 2.468919515609741, 2.4440457820892334, 2.3467934131622314, 2.3222086429595947, 2.339731454849243, 2.4448018074035645, 2.3713290691375732, 2.4485082626342773]
Train step Accs: [0.5966350911918563, 0.5995395241749808, 0.5852562181600239, 0.6024911995667479, 0.6346381969157769, 0.6083369518019974, 0.5928512736236647, 0.5873971797884842, 0.6002051983584131, 0.617968094038623, 0.5961846318036286, 0.6043336301573167, 0.6083968325115793, 0.6148077447504773, 0.5836970074812967, 0.6029988789237668, 0.617749054224464, 0.5912328767123287, 0.591667943023434, 0.5923726576933228, 0.5881117751574867, 0.6041740991794506, 0.6089224433768017, 0.5996287128712872, 0.6173762178032831, 0.5855008301051466, 0.6042507398439602, 0.6082038908158649, 0.6097603334491143, 0.5972675972675973, 0.6205479452054794, 0.6095530797797413, 0.594374833377766, 0.6344057431534167, 0.5970366450588702, 0.6040365906780891, 0.6150020721094074, 0.6090213828624942, 0.6290875116786048, 0.6197478991596639, 0.6043377226955848, 0.6007308547823323, 0.5750167448091091, 0.6252650711905483, 0.5978196817913966, 0.6181689975320249, 0.6135666836995401, 0.6025929355734886, 0.6344880677444188, 0.6092558060688252, 0.583365520793099, 0.5685683271016765, 0.626104797979798, 0.610674810936591, 0.5951503990178023, 0.5913818722139673, 0.5998817966903073, 0.570136949873687, 0.6106805692546147, 0.5736711221635064, 0.5942053831647522, 0.6095287415846712, 0.5906040268456376]
val step Accs: [0.568099580257635, 0.5690708252111761, 0.5715305539691605, 0.5813692480359147, 0.5706048180420298, 0.5896270552065231, 0.5548172757475083, 0.5631745196104238, 0.543227875783642, 0.5539697935430234, 0.569796255506608, 0.5797522556965897, 0.5756137257561372, 0.556367833782224, 0.5611665193788663, 0.5521028663273506]
Preds: [17, 17, 287, 287, 284, 284, 319, 450, 450, 450, 284, 169, 172, 319, 342, 115, 395, 395, 395, 395, 395, 139, 84, 106, 387, 106, 284, 486, 486, 330, 251, 251, 251, 387, 387, 319, 319, 398, 398, 324, 324, 3, 139, 139, 139, 54, 172, 172, 172, 115, 115, 267, 267, 267, 324, 324, 3, 3, 14, 14, 411, 188, 188, 171, 301, 443, 468, 107, 371, 468, 54, 172, 172, 303, 355, 293, 342, 14, 481, 145, 145, 486, 486, 486, 486, 468, 139, 348, 348, 348, 132, 122, 32, 32, 32, 239, 14, 310, 107, 107, 107, 395, 395, 264, 286, 264, 264, 264, 107, 120, 120, 120, 120, 146, 107, 107, 143, 14, 14, 170, 170, 170, 47, 47, 170, 170, 244, 170, 170, 187, 187, 187, 244, 2, 2, 2, 2, 244, 392, 392, 2, 392, 244, 73, 73, 73, 244, 287, 287, 100, 7, 293, 153, 153, 473, 75, 106, 106, 293, 106, 106, 65, 426, 319, 348, 348, 348, 199, 199, 250, 250, 98, 98, 75, 319, 387, 7, 217, 473, 75, 75, 139, 348, 348, 199, 219, 360, 464, 324, 19, 468, 54, 54, 199, 398, 395, 395, 54, 54, 54, 331, 331, 319, 138, 138, 138, 138, 138, 182, 497, 497, 43, 473, 32, 239, 106, 106, 293, 293, 106, 426, 426, 319, 348, 348, 54, 250, 250, 303, 250, 98, 98, 98, 13, 414, 414, 170, 170, 170, 170, 170, 244, 2, 2, 244, 2, 2, 2, 2, 2, 244, 244, 73, 73, 73, 73, 321, 320, 7, 7, 473, 441, 284, 287, 206, 206, 240, 77, 35, 14, 342, 413, 413, 342, 172, 172, 106, 153, 153, 153, 153, 387, 426, 342, 342, 342, 224, 395, 395, 139, 84, 10, 100, 100, 100, 497, 497, 497, 98, 98, 98, 197, 47, 47, 47, 47, 47, 47, 320, 287, 287, 284, 284, 284, 450, 450, 450, 450, 450, 450, 450, 450, 450, 315, 450, 282, 172, 172, 251, 251, 413, 413, 413, 250, 250, 250, 250, 250, 109, 65, 331, 35, 264, 310, 464, 464, 464, 434, 239, 32, 32, 239, 75, 354, 180, 106, 153, 153, 387, 348, 342, 342, 342, 224, 348, 348, 10, 293, 293, 293, 293, 153, 182, 182, 182, 182, 497, 132, 293, 293, 348, 250, 132, 132, 98, 98, 98, 98, 13, 13, 187, 187, 170, 170, 170, 170, 47, 187, 187, 187, 187, 2, 2, 392, 392, 73, 73, 73, 244, 83, 83, 139, 468, 77, 77, 115, 106, 106, 153, 153, 153, 182, 182, 182, 182, 182, 182, 182, 182, 182, 182, 182, 387, 122, 122, 239, 259, 259, 14, 75, 264, 310, 468, 468, 115, 106, 106, 106, 100, 250, 98, 98, 98, 98, 132, 122, 145, 145, 145, 460, 460, 460, 460, 460, 460, 460, 460, 460, 460, 460, 460, 460, 460, 460, 460, 460, 460, 460, 460, 460, 460, 460, 460, 460, 460, 460, 460, 460, 460, 460, 460, 460, 460, 460, 460, 460, 460, 460, 460, 460, 460, 460, 460, 460, 460, 460, 460, 460, 460, 460, 460, 460, 460, 460, 460, 460, 460, 460, 460, 460, 460, 460, 460, 460, 460, 460, 460, 460, 460, 460, 460, 460, 460, 460, 460, 460, 460, 460, 460, 460, 460, 460, 460, 460, 460, 460, 460, 460, 460, 460, 460, 460, 460, 460, 460, 460, 460, 460, 460, 460, 460, 460, 460, 460, 460, 460, 460, 460, 460, 460, 460, 460, 460, 460, 460, 460, 460, 460, 460, 460, 460, 460, 460, 460, 460, 460, 460, 460, 460, 460, 460, 460, 460, 460, 460, 460, 460, 460, 460, 460]

ep26
Train step Loss: [2.213568687438965, 2.109851360321045, 2.2756290435791016, 2.2088897228240967, 2.2789769172668457, 2.613358974456787, 2.263216018676758, 2.4339587688446045, 2.485121965408325, 2.575840950012207, 2.3338305950164795, 2.3420779705047607, 2.1583595275878906, 2.6559817790985107, 2.216326951980591, 2.366719961166382, 2.4032890796661377, 2.3100364208221436, 2.265211343765259, 2.431802749633789, 2.4616572856903076, 2.7698230743408203, 2.565380096435547, 2.939192533493042, 2.7809159755706787, 2.7616944313049316, 2.507774829864502, 2.4422318935394287, 2.593850612640381, 2.7989821434020996, 2.624694347381592, 2.1660995483398438, 2.3525846004486084, 2.608536958694458, 2.8148417472839355, 2.472743511199951, 2.4867355823516846, 2.625284194946289, 2.8339056968688965, 2.738370895385742, 2.3717710971832275, 2.666997194290161, 2.474848508834839, 2.4160096645355225, 2.5524559020996094, 3.0039315223693848, 2.463442325592041, 2.807380437850952, 2.8514139652252197, 2.7610599994659424, 2.952141523361206, 2.343590021133423, 2.4024713039398193, 2.4460060596466064, 2.5085790157318115, 2.52422833442688, 2.5190768241882324, 2.5079071521759033, 2.6305317878723145, 2.317471504211426, 2.7260522842407227, 2.80788516998291, 2.2566726207733154]
val step Loss: [2.397151231765747, 2.367560625076294, 2.4547007083892822, 2.481571912765503, 2.458829879760742, 2.2720377445220947, 2.3399906158447266, 2.297790765762329, 2.4188332557678223, 2.4527463912963867, 2.3680474758148193, 2.449167490005493, 2.4803059101104736, 2.3302154541015625, 2.3584342002868652, 2.4576752185821533]
Train step Accs: [0.598927793600268, 0.6254201038802322, 0.6013911182450509, 0.599780249965664, 0.5887797506611258, 0.5268924302788844, 0.5957888904280372, 0.5615566920294375, 0.5551247253457412, 0.5286195286195287, 0.5835095137420718, 0.5723796033994334, 0.613311736121337, 0.5070905407511298, 0.593402172455411, 0.5691143431476883, 0.568955732122588, 0.5817857673451196, 0.5800514277980783, 0.5665249566997324, 0.5552176917760885, 0.5013931661533949, 0.5406290024192401, 0.4790832527958028, 0.5072908672294705, 0.49424751243781095, 0.5458481521571052, 0.5573721313934303, 0.5387937453462398, 0.49387881605454825, 0.5396607060981201, 0.6106414719045251, 0.5766606322239243, 0.5326895471747357, 0.4931249095382834, 0.5402298850574713, 0.5543968432919955, 0.5499322187076366, 0.48806492679821767, 0.5049900199600799, 0.5804624100444036, 0.5172366992399565, 0.5589145106861643, 0.5727299441669116, 0.534416086620263, 0.46865786437636203, 0.5590146182999458, 0.49, 0.499667994687915, 0.5194356065845899, 0.48727095832657696, 0.580164181604959, 0.580744905130007, 0.5582620915798103, 0.5438690158391173, 0.5508264462809918, 0.5491780440234049, 0.546235404643672, 0.5253351906668988, 0.5917525773195876, 0.508855690743878, 0.4913276568905708, 0.6131543624161074]
val step Accs: [0.5749293119698398, 0.5831221112270761, 0.558371298405467, 0.5561285204284014, 0.5703446502057613, 0.5936332001546591, 0.5791458978849522, 0.5840923669018602, 0.5591743734083903, 0.561358024691358, 0.5782023089609676, 0.5559020739123655, 0.5615318416523236, 0.5774756285274499, 0.5699452785183107, 0.5630163101037916]
Preds: [17, 17, 17, 387, 251, 251, 331, 35, 35, 35, 330, 330, 330, 360, 143, 434, 434, 324, 324, 324, 324, 324, 301, 301, 303, 303, 303, 251, 65, 319, 331, 331, 106, 284, 284, 284, 284, 426, 426, 426, 250, 98, 98, 98, 48, 13, 13, 13, 47, 170, 170, 392, 392, 392, 63, 63, 63, 63, 63, 63, 63, 63, 63, 63, 63, 63, 63, 63, 73, 244, 320, 320, 321, 320, 7, 7, 486, 486, 460, 460, 376, 77, 35, 77, 468, 115, 239, 239, 107, 77, 54, 54, 172, 172, 468, 468, 400, 146, 146, 464, 213, 324, 246, 246, 246, 246, 3, 339, 251, 339, 468, 468, 310, 310, 310, 239, 374, 374, 374, 132, 132, 387, 132, 132, 497, 122, 32, 354, 401, 401, 401, 14, 259, 354, 84, 337, 286, 324, 324, 301, 301, 239, 139, 354, 217, 473, 398, 360, 324, 324, 252, 252, 143, 107, 107, 310, 107, 107, 107, 395, 464, 464, 19, 19, 454, 454, 414, 13, 13, 187, 187, 187, 187, 187, 187, 170, 47, 170, 392, 392, 392, 392, 392, 392, 392, 392, 392, 392, 392, 73, 73, 7, 321, 320, 287, 287, 145, 486, 460, 460, 282, 180, 35, 401, 441, 106, 473, 35, 278, 324, 324, 324, 143, 143, 259, 401, 401, 14, 75, 114, 114, 114, 239, 239, 374, 374, 132, 132, 132, 122, 139, 387, 199, 35, 398, 324, 301, 301, 354, 259, 259, 106, 106, 387, 65, 293, 355, 77, 115, 146, 464, 464, 324, 324, 3, 139, 54, 172, 468, 468, 400, 310, 310, 239, 374, 374, 374, 132, 139, 182, 182, 182, 182, 497, 497, 43, 122, 122, 197, 259, 240, 240, 324, 301, 301, 8, 217, 217, 217, 276, 387, 387, 426, 319, 348, 54, 251, 251, 251, 426, 486, 486, 486, 486, 264, 468, 468, 468, 468, 468, 401, 486, 486, 315, 282, 169, 355, 342, 172, 172, 172, 172, 172, 342, 115, 267, 267, 267, 213, 213, 246, 246, 3, 14, 188, 240, 240, 171, 171, 171, 143, 77, 14, 115, 139, 303, 293, 172, 172, 172, 342, 481, 293, 287, 284, 284, 284, 284, 450, 450, 342, 342, 342, 263, 263, 263, 263, 13, 13, 122, 115, 145, 278, 278, 278, 278, 278, 278, 278, 278, 278, 460, 460, 460, 460, 460, 460, 460, 460, 460, 460, 460, 460, 460, 460, 460, 460, 460, 460, 460, 460, 460, 460, 460, 460, 460, 460, 460, 460, 460, 460, 460, 460, 460, 460, 460, 460, 460, 460, 460, 460, 460, 460, 460, 460, 460, 460, 460, 460, 460, 460, 460, 460, 460, 460, 460, 460, 460, 460, 460, 460, 460, 460, 460, 460, 460, 460, 460, 460, 460, 460, 460, 460, 460, 460, 460, 460, 460, 460, 460, 460, 460, 460, 460, 460, 460, 460, 460, 460, 460, 460, 460, 460, 460, 460, 460, 460, 460, 460, 460, 460, 460, 460, 460, 460, 460, 460, 460, 460, 460, 460, 460, 460, 460, 460, 460, 460, 460, 460, 460, 460, 460, 460, 460, 460, 460, 460, 460, 460, 460, 460, 460, 460, 460, 460, 460, 460, 460, 460, 460, 460, 460, 460, 460, 460, 460, 460, 460, 460, 460, 460, 460, 460, 460, 460, 460, 460, 460, 460, 460, 460, 460, 460, 460, 460, 460, 460, 460, 460, 460, 460, 460, 460, 460, 460, 460, 460, 460, 460, 460, 460, 460, 460, 460, 460, 460, 460, 460, 460, 460, 460, 460, 460, 460, 460, 460, 460, 460, 460, 460, 460, 460, 460, 460, 460, 460, 460, 460, 460, 460, 460, 460, 460, 460, 460, 460, 460, 460, 460, 460]

