ep1
Train step Loss: [6.216513156890869, 6.2004852294921875, 6.186497211456299, 6.170627117156982, 6.1466522216796875, 6.142211437225342, 6.109862804412842, 6.101612567901611, 6.095433235168457, 6.077496528625488, 6.043660640716553, 6.029101371765137, 6.0005903244018555, 5.944744110107422, 5.971874237060547, 5.945178031921387, 5.935489177703857, 5.864763259887695, 5.836973667144775, 5.847183704376221, 5.849235534667969, 5.7754926681518555, 5.758029937744141, 5.742082118988037, 5.6752777099609375, 5.649655818939209, 5.593959808349609, 5.538500785827637, 5.556578636169434, 5.523611545562744, 5.426586627960205, 5.4834465980529785, 5.498520374298096, 5.429383277893066, 5.471696853637695, 5.395076274871826, 5.376858711242676, 5.340104103088379, 5.424478530883789, 5.407089710235596, 5.369969844818115, 5.355331897735596, 5.218931674957275, 5.2497358322143555, 5.380556106567383, 5.278148174285889, 5.259493827819824, 5.270667552947998, 5.229058742523193, 5.366206169128418, 5.15826416015625, 5.323091506958008, 5.191330909729004, 5.124958038330078, 5.190666675567627, 5.223003387451172, 5.065614700317383, 5.113632678985596, 5.191652774810791, 4.986210346221924, 5.203945159912109, 5.12696647644043, 5.064899444580078]
val step Loss: [5.46494197845459, 5.359323978424072, 5.412352085113525, 5.447470664978027, 5.370159149169922, 5.409885406494141, 5.366888046264648, 5.429210662841797, 5.545199394226074, 5.370738506317139, 5.502904415130615, 5.365468502044678, 5.4315924644470215, 5.348987579345703, 5.398769855499268, 5.469615936279297]
Train step Accs: [0.0017266569265506708, 0.0020236612702366126, 0.00991857883049593, 0.051974214343271555, 0.0980804259492784, 0.09804199772985243, 0.10914760914760915, 0.10248062015503875, 0.09011215676163466, 0.11866418036955416, 0.11458660798491041, 0.09421841541755889, 0.08992186465368825, 0.10593729152768512, 0.0794901174448582, 0.09440498874068942, 0.07004447268106734, 0.07618567103935418, 0.06616341030195382, 0.09153167391018042, 0.050759830800563996, 0.06610123855681206, 0.05362035225048924, 0.044868199663488505, 0.03790813503043719, 0.0428341384863124, 0.04070060483870968, 0.05497423082929877, 0.04836839489812821, 0.035898149436482535, 0.08246194573130378, 0.04381049414161997, 0.034393809114359415, 0.07584027578282103, 0.05298390542657741, 0.049791891475258206, 0.06550490119807063, 0.07948321864906614, 0.051525618883131834, 0.0660418802167228, 0.0664935064935065, 0.07013469577333953, 0.11453866371558999, 0.11275641896481456, 0.08347744065398523, 0.10397513919461349, 0.10722503451449608, 0.11026821999458142, 0.11390491893377301, 0.09740670461733081, 0.13859556494192185, 0.09723488301428138, 0.13876251137397635, 0.13296236637867917, 0.12419700214132762, 0.10918076980679946, 0.16002089500261188, 0.1253531598513011, 0.12507462686567164, 0.1497737556561086, 0.10729737525237958, 0.13600833767587284, 0.1341154090044388]
val step Accs: [0.07569364531389848, 0.1032345013477089, 0.07862229327132685, 0.06996317727511836, 0.09545095976860374, 0.084070796460177, 0.09293295366295626, 0.0832141835859308, 0.06854153041203401, 0.09378224974200207, 0.07032930663577693, 0.0929589154793194, 0.08442346594740391, 0.09590613442162989, 0.09618930547019053, 0.07401415571284126]
Preds: [246, 246, 392, 246, 246, 246, 246, 246, 246, 246, 246, 246, 246, 246, 246, 246, 246, 246, 246, 246, 246, 246, 246, 246, 246, 246, 246, 246, 246, 246, 246, 246, 246, 246, 246, 246, 246, 246, 246, 246, 246, 246, 246, 246, 246, 246, 246, 246, 246, 246, 246, 246, 246, 246, 246, 246, 246, 246, 246, 246, 246, 246, 246, 246, 246, 246, 246, 246, 246, 246, 246, 246, 246, 246, 246, 246, 246, 246, 246, 392, 392, 392, 392, 246, 392, 392, 392, 392, 392, 392, 392, 392, 392, 392, 392, 213, 213, 246, 246, 246, 246, 246, 246, 246, 246, 246, 246, 246, 246, 246, 246, 246, 246, 246, 246, 246, 246, 246, 246, 246, 246, 246, 246, 246, 246, 246, 246, 246, 246, 246, 246, 246, 392, 246, 246, 246, 246, 246, 392, 246, 246, 246, 246, 246, 246, 246, 246, 246, 246, 246, 246, 246, 246, 246, 246, 246, 246, 246, 246, 246, 246, 246, 246, 246, 246, 246, 246, 246, 246, 246, 246, 246, 246, 246, 246, 246, 246, 246, 246, 246, 246, 246, 246, 246, 246, 246, 246, 246, 246, 246, 246, 246, 246, 246, 246, 246, 246, 246, 246, 246, 246, 246, 246, 246, 246, 246, 392, 392, 246, 246, 246, 246, 246, 246, 246, 246, 246, 392, 392, 392, 392, 392, 392, 392, 392, 392, 392, 392, 392, 392, 392, 392, 414, 414, 414, 414, 414, 414, 414, 414, 63, 63, 63, 63, 63, 63, 63, 63, 63, 63, 63, 63, 63, 63, 63, 63, 392, 392, 392, 246, 246, 246, 246, 246, 246, 246, 246, 246, 246, 246, 246, 246, 246, 246, 246, 246, 246, 246, 246, 246, 246, 246, 246, 246, 246, 246, 246, 246, 246, 246, 246, 246, 246, 246, 246, 246, 246, 392, 392, 392, 392, 246, 246, 246, 246, 246, 246, 246, 246, 246, 246, 246, 246, 246, 246, 246, 246, 246, 246, 246, 246, 414, 414, 414, 414, 246, 246, 246, 246, 392, 392, 246, 246, 246, 246, 246, 246, 392, 392, 392, 392, 392, 392, 246, 246, 246, 246, 246, 246, 392, 392, 392, 392, 246, 246, 246, 246, 246, 392, 392, 392, 392, 246, 246, 246, 246, 246, 246, 246, 246, 246, 246, 246, 246, 246, 246, 246, 246, 246, 246, 246, 246, 246, 246, 246, 246, 246, 246, 246, 246, 246, 246, 246, 246, 246, 246, 246, 246, 246, 246, 246, 246, 246, 246, 246, 246, 246, 246, 246, 246, 246, 246, 246, 246, 246, 246, 246, 246, 246, 246, 246, 392, 392, 392, 392, 392, 392, 392, 213, 213, 246, 246, 246, 246, 246, 246, 246, 246, 246, 246, 246, 246, 246, 246, 246, 246, 246, 246, 246, 246, 246, 246, 246, 246, 171, 246, 171, 171, 171, 246, 246, 246, 246, 246, 246, 246, 392, 392, 392, 392, 392, 246, 414, 392, 392, 392, 392, 392, 246, 246, 246, 246, 246, 246, 392, 392, 392, 392, 392, 392, 392, 392, 246, 246, 246, 246, 392, 392, 246, 246, 246, 246, 246, 246, 246, 246, 246, 246, 246, 246, 246, 246, 246, 246, 246, 246, 246, 246, 246, 246, 246, 246, 246, 246, 246, 246, 246, 246, 246, 246, 246, 246, 246, 246, 246, 246, 246, 246, 246, 246, 246, 246, 246, 246, 246, 246, 246, 246, 246, 246, 246, 246, 246, 246, 246, 246, 246, 246, 246, 246, 246, 246, 246, 246, 246, 246, 246, 246, 246, 246, 246, 246, 246, 246, 246, 246, 246, 246, 246, 246, 246, 246, 246, 246, 246, 246, 246, 246, 246, 246, 246, 246, 246, 246, 246, 246, 246, 246, 246, 246]

ep2
Train step Loss: [5.0659284591674805, 5.148494720458984, 5.123485088348389, 5.033492088317871, 4.895164489746094, 5.01782751083374, 4.926635265350342, 4.992938041687012, 5.0704755783081055, 4.986658573150635, 4.913030624389648, 4.9530720710754395, 4.9302659034729, 4.864692687988281, 4.956706523895264, 4.893375873565674, 4.969289779663086, 4.864611625671387, 4.851341247558594, 4.817403793334961, 4.979804515838623, 4.852688312530518, 4.842785835266113, 4.8919758796691895, 4.808255672454834, 4.7983479499816895, 4.763871669769287, 4.720250606536865, 4.716408729553223, 4.69992208480835, 4.509316444396973, 4.632991313934326, 4.679356575012207, 4.574194431304932, 4.688090801239014, 4.612716197967529, 4.588391304016113, 4.54179573059082, 4.660173416137695, 4.592624664306641, 4.5882649421691895, 4.608486652374268, 4.409758567810059, 4.447204113006592, 4.622894763946533, 4.483129024505615, 4.4874749183654785, 4.50434684753418, 4.439402103424072, 4.607573509216309, 4.319632053375244, 4.5402512550354, 4.383749008178711, 4.292667388916016, 4.37721061706543, 4.390782833099365, 4.221832752227783, 4.290526390075684, 4.381530284881592, 4.166618824005127, 4.363710880279541, 4.284237861633301, 4.215682029724121]
val step Loss: [4.727917671203613, 4.563582897186279, 4.641436576843262, 4.696746826171875, 4.633090972900391, 4.687828063964844, 4.609341621398926, 4.646162033081055, 4.8330793380737305, 4.594716548919678, 4.802783012390137, 4.621008396148682, 4.670641899108887, 4.601820468902588, 4.636122703552246, 4.774028778076172]
Train step Accs: [0.13640589719750298, 0.1187733499377335, 0.11946706143597335, 0.1351060972334139, 0.1537060389519406, 0.14259364358683316, 0.15518265518265517, 0.15286821705426357, 0.13613510377723348, 0.1568062383454823, 0.1656711725872367, 0.15802997858672377, 0.17361938816050854, 0.18318879252835224, 0.1695789172156975, 0.1645591546856054, 0.15501905972045743, 0.17457114026236126, 0.18220840734162227, 0.18622415382589227, 0.15776280745730847, 0.1752827140549273, 0.17377690802348336, 0.1702187324733595, 0.17529053680132817, 0.18824476650563607, 0.1896421370967742, 0.1985007027955646, 0.19927116117276794, 0.20898845137053013, 0.2240900066181337, 0.2184156902699949, 0.22562338779019778, 0.22364263142775065, 0.20353226036177183, 0.22044088176352705, 0.2338571650847985, 0.24069653138604127, 0.20984455958549222, 0.23165910089324937, 0.22558441558441558, 0.22511224647778294, 0.2520403928620833, 0.24928678168727075, 0.22339254834145575, 0.23682506797876474, 0.24098788157692896, 0.2523706312652398, 0.2515801044242924, 0.2310246679316888, 0.2779831045406547, 0.24171984199331512, 0.26205641492265697, 0.26973202518670375, 0.26538187009279085, 0.254904897409016, 0.2972314121539265, 0.26483271375464684, 0.2658208955223881, 0.2927601809954751, 0.25915777329102974, 0.27670661803022406, 0.2926442612555485]
val step Accs: [0.2100754379235392, 0.238544474393531, 0.21566632756866735, 0.21041557075223566, 0.21601367341572442, 0.20670037926675094, 0.22430753300543618, 0.2177580783528739, 0.19005886200130803, 0.23310113519091846, 0.20254840311103756, 0.22700235163923088, 0.2136210384356035, 0.23134804234153808, 0.22464658881376767, 0.19211324570273003]
Preds: [17, 17, 284, 284, 284, 284, 284, 284, 284, 284, 284, 284, 284, 250, 284, 250, 250, 250, 250, 250, 284, 284, 284, 284, 284, 213, 213, 324, 324, 182, 250, 464, 464, 464, 284, 284, 284, 284, 464, 464, 464, 414, 414, 414, 414, 35, 35, 250, 250, 250, 250, 414, 414, 414, 284, 284, 284, 284, 284, 284, 414, 171, 414, 414, 284, 414, 414, 284, 324, 414, 320, 320, 320, 464, 464, 464, 464, 443, 170, 320, 320, 73, 213, 213, 324, 324, 284, 284, 284, 284, 171, 267, 267, 267, 267, 213, 213, 246, 246, 246, 246, 246, 246, 246, 246, 246, 246, 213, 213, 171, 324, 284, 284, 284, 284, 324, 284, 284, 284, 284, 284, 284, 284, 284, 284, 284, 284, 284, 284, 250, 414, 414, 414, 414, 414, 414, 320, 320, 320, 320, 320, 213, 213, 246, 246, 246, 246, 171, 171, 464, 464, 464, 171, 324, 182, 284, 284, 284, 284, 284, 284, 284, 284, 284, 284, 284, 413, 284, 250, 250, 250, 284, 284, 284, 284, 284, 284, 182, 182, 182, 284, 284, 284, 413, 250, 284, 250, 303, 303, 303, 303, 303, 303, 303, 303, 303, 303, 324, 324, 324, 324, 324, 284, 284, 284, 284, 320, 320, 320, 284, 284, 324, 324, 246, 246, 171, 414, 170, 170, 170, 170, 170, 170, 170, 170, 170, 171, 171, 320, 320, 320, 171, 414, 414, 414, 414, 414, 414, 414, 414, 63, 63, 63, 63, 63, 63, 63, 63, 63, 63, 63, 63, 63, 73, 73, 73, 73, 320, 320, 320, 7, 320, 324, 324, 324, 324, 464, 464, 464, 464, 246, 246, 246, 246, 246, 246, 246, 246, 246, 246, 246, 246, 246, 324, 324, 213, 171, 284, 284, 284, 284, 284, 284, 284, 284, 284, 182, 320, 320, 320, 320, 320, 320, 320, 7, 324, 324, 324, 464, 464, 464, 464, 464, 414, 414, 464, 250, 250, 250, 250, 250, 414, 414, 414, 414, 182, 182, 284, 284, 182, 182, 284, 324, 464, 414, 414, 414, 63, 63, 73, 320, 320, 320, 320, 284, 171, 171, 182, 182, 73, 320, 320, 320, 35, 284, 284, 284, 170, 170, 170, 320, 213, 324, 324, 324, 324, 35, 320, 320, 324, 324, 464, 464, 182, 284, 246, 284, 284, 284, 250, 250, 250, 35, 250, 324, 324, 324, 324, 324, 320, 213, 213, 324, 324, 284, 284, 284, 284, 414, 414, 171, 324, 324, 464, 464, 464, 464, 464, 464, 264, 284, 284, 284, 284, 284, 284, 284, 284, 284, 284, 284, 250, 170, 250, 414, 267, 267, 267, 213, 213, 246, 246, 246, 246, 246, 246, 246, 324, 324, 246, 284, 414, 414, 324, 284, 284, 284, 32, 171, 171, 213, 213, 324, 464, 171, 171, 171, 171, 171, 464, 464, 464, 464, 464, 464, 182, 182, 320, 320, 320, 320, 414, 414, 320, 63, 73, 320, 320, 320, 284, 171, 171, 171, 171, 182, 182, 320, 320, 320, 320, 320, 414, 284, 414, 284, 320, 320, 320, 324, 324, 324, 324, 250, 250, 250, 250, 250, 250, 250, 250, 250, 250, 250, 250, 250, 250, 250, 250, 250, 250, 250, 250, 250, 250, 250, 250, 250, 250, 250, 250, 250, 250, 250, 250, 250, 250, 250, 250, 250, 250, 250, 250, 250, 250, 250, 250, 250, 250, 250, 250, 250, 250, 250, 250, 250, 250, 250, 250, 250, 250, 250, 250, 250, 250, 250, 250, 250, 250, 250, 250, 250, 250, 250, 250, 250, 250, 250, 250, 250, 250, 250, 250, 250, 250, 250, 250, 250, 250, 250, 250, 250, 250, 250, 250, 250, 250, 250, 250, 250, 250]

ep3
Train step Loss: [4.251113414764404, 4.254764080047607, 4.319276332855225, 4.053196430206299, 4.1971306800842285, 4.104789733886719, 4.098343372344971, 4.163624286651611, 4.201626777648926, 4.100777626037598, 4.132846355438232, 4.171980381011963, 3.9402639865875244, 4.075023174285889, 4.07692289352417, 3.973701000213623, 3.9327216148376465, 4.118854999542236, 3.96134877204895, 4.021202564239502, 4.00512170791626, 3.917853355407715, 3.9486582279205322, 3.7826385498046875, 3.8784637451171875, 3.8214797973632812, 3.734814405441284, 3.7226855754852295, 3.826692581176758, 3.8266468048095703, 3.7886226177215576, 3.767740488052368, 3.7774980068206787, 3.685748815536499, 3.7693915367126465, 3.747746706008911, 3.809587240219116, 3.7585625648498535, 3.6797597408294678, 3.6658310890197754, 3.67472767829895, 3.6713435649871826, 3.5958797931671143, 3.5687448978424072, 3.5853562355041504, 3.7016539573669434, 3.551300525665283, 3.5289340019226074, 3.5374579429626465, 3.4775891304016113, 3.4355645179748535, 3.609459638595581, 3.5808932781219482, 3.559091091156006, 3.396287202835083, 3.3840975761413574, 3.4352424144744873, 3.5426197052001953, 3.256160020828247, 3.2724499702453613, 3.432152271270752, 3.2469592094421387, 3.4501309394836426]
val step Loss: [3.824963092803955, 3.837754011154175, 3.8208107948303223, 3.7679684162139893, 3.8812544345855713, 3.6803226470947266, 3.842541456222534, 3.8814637660980225, 3.8768227100372314, 3.856832504272461, 3.79201078414917, 3.7771151065826416, 3.7346746921539307, 3.7214765548706055, 3.6977992057800293, 3.6919782161712646]
Train step Accs: [0.2844530899296723, 0.27609610424867653, 0.2779474648747709, 0.310415035238841, 0.30369551484523055, 0.30875083500334, 0.3201599261879133, 0.30497592295345105, 0.2999717274526435, 0.3246274162608824, 0.3256649892163911, 0.3149015932521087, 0.3438184122594769, 0.32590771011138436, 0.3243003109729009, 0.3369538981414434, 0.3417529330572809, 0.3133682121594804, 0.33265417006248305, 0.32613088761075704, 0.33613555759884406, 0.3480870217554389, 0.3413156782645443, 0.3753988975921091, 0.3630413591421808, 0.36883967560823455, 0.3846793184651614, 0.37750617962098326, 0.3593463653023824, 0.3622720897615708, 0.37132848288870923, 0.3773378839590444, 0.3622191655204035, 0.3850167722698472, 0.36927710843373496, 0.3714605663093905, 0.3675226586102719, 0.3667885881492319, 0.37924065251912803, 0.3907273049017873, 0.37945925647765677, 0.3951992469406966, 0.38873019994806546, 0.39638956310679613, 0.38937688718089486, 0.3839034205231388, 0.3988950276243094, 0.40985643290999446, 0.4002384737678855, 0.42006549568323903, 0.4264967803808741, 0.39180972818311877, 0.40533947689388805, 0.4084793491864831, 0.42569169960474307, 0.4423076923076923, 0.420533070088845, 0.40633289124668437, 0.4582411504424779, 0.446716727911807, 0.41881366087477534, 0.4527436769708623, 0.4101876675603217]
val step Accs: [0.34842348857390804, 0.34701335207308504, 0.3419145213696576, 0.3637440758293839, 0.34898796137055166, 0.3793764375159724, 0.3527482618391709, 0.3403650508677439, 0.3414496833216045, 0.35211795576658755, 0.34909579667644186, 0.3642190330221541, 0.3663122206811527, 0.37225986448784376, 0.36888483743542994, 0.37888574888978604]
Preds: [17, 17, 443, 250, 250, 250, 250, 473, 246, 246, 264, 264, 264, 264, 264, 264, 264, 264, 264, 264, 264, 264, 468, 434, 35, 182, 182, 324, 324, 324, 454, 454, 320, 320, 63, 63, 213, 213, 19, 19, 132, 132, 132, 414, 414, 414, 47, 244, 360, 360, 360, 360, 434, 434, 434, 434, 434, 324, 464, 324, 324, 434, 434, 434, 303, 414, 250, 250, 250, 250, 250, 250, 387, 387, 355, 355, 355, 182, 182, 182, 182, 182, 63, 244, 244, 80, 287, 244, 63, 63, 63, 35, 35, 35, 434, 303, 240, 240, 240, 132, 132, 486, 486, 486, 414, 48, 250, 250, 250, 250, 250, 98, 98, 98, 98, 98, 98, 98, 48, 48, 48, 48, 414, 414, 170, 170, 170, 170, 170, 170, 170, 170, 392, 170, 414, 414, 414, 414, 414, 414, 414, 486, 486, 47, 320, 320, 320, 287, 287, 250, 387, 387, 486, 486, 486, 267, 267, 267, 267, 374, 374, 374, 374, 374, 374, 182, 293, 182, 182, 360, 360, 464, 360, 360, 19, 213, 213, 213, 7, 48, 324, 324, 324, 464, 464, 464, 464, 464, 486, 486, 486, 486, 486, 486, 315, 315, 315, 47, 392, 287, 287, 250, 250, 48, 48, 32, 32, 32, 32, 324, 464, 464, 464, 464, 464, 464, 315, 315, 315, 315, 414, 47, 47, 47, 47, 47, 392, 392, 267, 320, 7, 132, 213, 486, 486, 486, 486, 486, 486, 486, 486, 486, 434, 98, 35, 98, 98, 98, 98, 98, 98, 98, 98, 414, 414, 414, 414, 414, 414, 414, 170, 170, 170, 392, 392, 392, 392, 392, 392, 244, 244, 244, 320, 320, 320, 320, 320, 7, 374, 374, 320, 182, 414, 414, 171, 414, 414, 63, 63, 244, 244, 244, 286, 464, 464, 139, 139, 139, 139, 139, 182, 414, 414, 414, 139, 139, 139, 240, 240, 35, 35, 63, 63, 63, 63, 213, 324, 324, 464, 355, 171, 219, 219, 63, 320, 320, 287, 287, 284, 284, 284, 284, 35, 132, 132, 132, 413, 35, 35, 35, 35, 35, 35, 35, 35, 35, 35, 35, 98, 98, 98, 98, 98, 263, 263, 454, 454, 414, 170, 170, 170, 392, 392, 244, 73, 73, 73, 63, 244, 171, 63, 63, 63, 63, 63, 63, 73, 73, 73, 73, 320, 320, 287, 287, 287, 486, 486, 486, 486, 460, 240, 213, 434, 355, 355, 355, 355, 355, 355, 360, 303, 303, 219, 464, 464, 464, 443, 443, 443, 47, 320, 387, 387, 486, 486, 486, 414, 414, 414, 486, 486, 240, 240, 35, 35, 413, 63, 107, 48, 395, 284, 414, 246, 246, 414, 443, 443, 35, 182, 182, 182, 182, 320, 320, 80, 63, 35, 153, 153, 387, 387, 387, 387, 387, 387, 486, 486, 486, 486, 486, 98, 32, 32, 32, 19, 19, 19, 19, 454, 414, 414, 414, 414, 414, 414, 414, 414, 47, 47, 170, 47, 392, 392, 392, 392, 392, 73, 73, 320, 320, 320, 7, 7, 7, 443, 250, 250, 473, 246, 246, 264, 264, 264, 264, 264, 264, 264, 264, 264, 264, 264, 264, 468, 468, 468, 434, 182, 182, 320, 320, 320, 19, 19, 19, 19, 454, 414, 414, 374, 374, 250, 250, 250, 250, 250, 250, 250, 250, 250, 250, 250, 250, 250, 250, 250, 250, 250, 250, 250, 250, 250, 250, 250, 250, 250, 250, 250, 250, 250, 250, 250, 250, 250, 250, 250, 250, 250, 250, 250, 250, 250, 250, 250, 250, 250, 250, 250, 250, 250, 250, 250, 250, 250, 250, 250, 250, 250, 250, 250, 250, 250, 250, 250, 250, 250, 250, 250, 250, 250, 250]

ep4
Train step Loss: [3.4350883960723877, 3.1901679039001465, 3.2055697441101074, 3.2790021896362305, 3.3007256984710693, 3.2982635498046875, 3.327225923538208, 3.294811964035034, 3.352041244506836, 3.256274461746216, 3.141180992126465, 3.264932155609131, 3.249232530593872, 3.154606342315674, 3.267331123352051, 3.177213668823242, 2.991372585296631, 3.0545742511749268, 3.241811990737915, 3.0999414920806885, 2.987900495529175, 3.0099377632141113, 2.9957358837127686, 3.0917460918426514, 3.0489394664764404, 3.049374580383301, 3.0786211490631104, 2.9578235149383545, 2.876166343688965, 2.9270758628845215, 2.856227159500122, 2.8972764015197754, 2.962874174118042, 2.918243169784546, 2.949235439300537, 2.878699541091919, 2.9511752128601074, 2.77152681350708, 2.7918283939361572, 2.7694249153137207, 2.8966755867004395, 2.809145450592041, 2.800820827484131, 2.891301155090332, 2.70232892036438, 2.71417498588562, 2.6312315464019775, 2.7427117824554443, 2.772418975830078, 2.6653072834014893, 2.903531074523926, 2.7018983364105225, 2.687796115875244, 2.626826524734497, 2.6002931594848633, 2.6486871242523193, 2.76338267326355, 2.5806891918182373, 2.6049768924713135, 2.682079553604126, 2.6062676906585693, 2.5343220233917236, 2.5134286880493164]
val step Loss: [2.977006196975708, 2.8893933296203613, 3.012066602706909, 2.93603515625, 3.03378963470459, 2.972507953643799, 2.932487964630127, 2.914046049118042, 3.0104498863220215, 3.0555341243743896, 3.0276339054107666, 3.011044502258301, 3.0185539722442627, 2.863748073577881, 3.0058488845825195, 3.015512228012085]
Train step Accs: [0.41745966073645013, 0.45649518121351973, 0.4613134804573252, 0.45221569674319273, 0.43725272986232, 0.45116963847538033, 0.45170021992894605, 0.4382233343759775, 0.43860392821817157, 0.45198535623767955, 0.471824942791762, 0.44449256532409415, 0.44101804470778344, 0.45917019027484146, 0.45223577235772355, 0.47071702244116037, 0.4986791899031406, 0.48995931224570155, 0.46224431275090805, 0.47630718954248363, 0.5105638933411045, 0.495520859994881, 0.5044115447883954, 0.4874181818181818, 0.4990598558445628, 0.5007912783541411, 0.4843454790823212, 0.5164869510861072, 0.5263683010262258, 0.5205962059620596, 0.5279473931423203, 0.5294044665012407, 0.51866373902133, 0.5227521929824561, 0.5196221897033391, 0.5327785326086957, 0.5268166089965398, 0.5578050823792237, 0.5469892330187425, 0.5638283285342108, 0.5327300150829563, 0.5520155146142125, 0.5596761556542178, 0.5370192307692307, 0.5776283618581907, 0.5661568682475094, 0.5826662986475297, 0.5687211093990755, 0.5631679912304741, 0.5923089197383118, 0.5499085445518683, 0.575580586844667, 0.5885121107266436, 0.5893473368342086, 0.5977194378149032, 0.5905751657409066, 0.5722379603399433, 0.5946222417068537, 0.5973701731025299, 0.5818279859800485, 0.6024493641073952, 0.6062726801451529, 0.6075538506934199]
val step Accs: [0.5419890279926853, 0.5579372084226453, 0.5329542517446368, 0.5470821374880416, 0.537204552086373, 0.5385013588714895, 0.5531763026409707, 0.5450980392156862, 0.543558101953871, 0.5194131594546533, 0.5262215400358148, 0.5356584485868912, 0.5328981723237598, 0.5554270848388495, 0.5332112332112332, 0.5301837270341208]
Preds: [17, 17, 360, 360, 360, 360, 360, 17, 321, 321, 320, 7, 7, 287, 473, 473, 473, 360, 360, 434, 434, 434, 19, 19, 454, 454, 454, 454, 414, 107, 107, 48, 319, 319, 387, 387, 387, 115, 115, 267, 267, 267, 139, 139, 139, 443, 443, 443, 443, 443, 146, 240, 240, 240, 240, 434, 240, 324, 324, 324, 324, 324, 360, 301, 301, 395, 48, 414, 414, 414, 47, 310, 310, 32, 32, 32, 213, 252, 267, 267, 267, 360, 246, 246, 246, 246, 3, 3, 14, 180, 321, 321, 287, 145, 486, 460, 460, 460, 413, 259, 354, 100, 100, 497, 497, 122, 122, 48, 413, 153, 263, 106, 106, 287, 139, 139, 139, 303, 32, 239, 434, 434, 355, 486, 486, 139, 324, 324, 324, 246, 434, 434, 434, 434, 217, 398, 398, 398, 398, 434, 434, 434, 434, 303, 303, 239, 282, 282, 282, 263, 263, 263, 17, 17, 374, 374, 374, 374, 374, 374, 374, 139, 139, 139, 139, 139, 139, 139, 139, 139, 139, 139, 139, 139, 250, 250, 250, 250, 250, 250, 250, 250, 250, 250, 250, 250, 250, 250, 250, 250, 250, 250, 250, 250, 250, 250, 250, 250, 250, 250, 250, 250, 250, 250, 250, 250, 250, 250, 250, 250, 250, 250, 250, 250, 250, 250, 250, 250, 250, 250, 250, 250, 250, 250, 250, 250, 250, 250, 250, 250, 250, 250, 250, 250, 250, 250, 250, 250, 250, 250, 250, 250, 250, 250, 250, 250, 250, 250, 250, 250, 250, 250, 250, 250, 250, 250, 250, 250, 250, 250, 250, 250, 250, 250, 250, 250, 250, 250, 250, 250, 250, 250, 250, 250, 250, 250, 250, 250, 250, 250, 250, 250, 250, 250, 250, 250, 250, 250, 250, 250, 250, 250, 250, 250, 250, 250, 250, 250, 250, 250, 250, 250, 250, 250, 250, 250, 250, 250, 250, 250, 250, 250, 250, 250, 250, 250, 250, 250, 250, 250, 250, 250, 250, 250, 250, 250, 250, 250, 250, 250, 250, 250, 250, 250, 250, 250, 250, 250, 250, 250, 250, 250, 250, 250, 250, 250, 250, 250, 250, 250, 250, 250, 250, 250, 250, 250, 250, 250, 250, 250, 250, 250, 250, 250, 250, 250, 250, 250, 250, 250, 250, 250, 250, 250, 250, 250, 250, 250, 250, 250, 250, 250, 250, 250, 250, 250, 250, 250, 250, 250, 250, 250, 250, 250, 250, 250, 250, 250, 250, 250, 250, 250, 250, 250, 250, 250, 250, 250, 250, 250, 250, 250, 250, 250, 250, 250, 250, 250, 250, 250, 250, 250, 250, 250, 250, 250, 250, 250, 250, 250, 250, 250, 250, 250, 250, 250, 250, 250, 250, 250, 250, 250, 250, 250, 250, 250, 250, 250, 250, 250, 250, 250, 250, 250, 250, 250, 250, 250, 250, 250, 250, 250, 250, 250, 250, 250, 250, 250, 250, 250, 250, 250, 250, 250, 250, 250, 250, 250, 250, 250, 250, 250, 250, 250, 250, 250, 250, 250, 250, 250, 250, 250, 250, 250, 250, 250, 250, 250, 250, 250, 250, 250, 250, 250, 250, 250, 250, 250, 250, 250, 250, 250, 250, 250, 250, 250, 250, 250, 250, 250, 250, 250, 250, 250, 250, 250, 250, 250, 250, 250, 250, 250, 250, 250, 250, 250, 250, 250, 250, 250, 250, 250, 250, 250, 250, 250, 250, 250, 250, 250, 250, 250, 250, 250, 250, 250, 250, 250, 250, 250, 250, 250, 250, 250, 250, 250, 250, 250, 250, 250, 250, 250, 250, 250, 250, 250, 250, 250, 250, 250, 250, 250, 250, 250, 250, 250, 250, 250, 250, 250, 250, 250, 250, 250, 250, 250, 250, 250, 250, 250]

ep5
Train step Loss: [2.4969570636749268, 2.499955177307129, 2.5544931888580322, 2.3979594707489014, 2.542997121810913, 2.5936570167541504, 2.4240481853485107, 2.400590419769287, 2.3991761207580566, 2.362605571746826, 2.3999955654144287, 2.3124308586120605, 2.495544195175171, 2.3224806785583496, 2.3272528648376465, 2.469619035720825, 2.437628984451294, 2.318211555480957, 2.310023784637451, 2.2119197845458984, 2.3496949672698975, 2.2416982650756836, 2.22735595703125, 2.3474233150482178, 2.3316118717193604, 2.2801625728607178, 2.2364273071289062, 2.2388904094696045, 2.199889659881592, 2.162008285522461, 2.213247299194336, 1.9955775737762451, 2.2203524112701416, 2.2016043663024902, 2.1492834091186523, 2.1010854244232178, 2.1265578269958496, 2.096040725708008, 2.196815013885498, 2.077164888381958, 2.2002971172332764, 1.9955615997314453, 2.03787899017334, 2.1107029914855957, 2.0996148586273193, 2.0209920406341553, 1.9628499746322632, 2.001960515975952, 2.11449933052063, 1.9678723812103271, 2.1472842693328857, 1.9398680925369263, 1.9659830331802368, 2.006218433380127, 1.9742746353149414, 2.041067600250244, 1.931213617324829, 1.9391613006591797, 1.8720954656600952, 1.9546083211898804, 1.8049598932266235, 1.941087245941162, 1.9102182388305664]
val step Loss: [2.146427631378174, 2.2817721366882324, 2.2371249198913574, 2.286393880844116, 2.2000815868377686, 2.3003599643707275, 2.138986110687256, 2.1773529052734375, 2.272216320037842, 2.2286007404327393, 2.1052980422973633, 2.2094290256500244, 2.3063902854919434, 2.195324420928955, 2.199737071990967, 2.1436421871185303]
Train step Accs: [0.6123561477892187, 0.6126645953543424, 0.6009829519275073, 0.6351368394501198, 0.611769627666992, 0.5999716794109318, 0.6317212853961184, 0.6338048090523338, 0.6404510625993928, 0.6444143534190927, 0.6354688618468146, 0.6450553959786622, 0.619746982695943, 0.6483833718244804, 0.6505285136369569, 0.6276749376394906, 0.6315184049079755, 0.655316514471444, 0.6555576595341791, 0.669707223775195, 0.6464952897972218, 0.6608672376873662, 0.6664078273023761, 0.6434977578475336, 0.6487439400617012, 0.6589915966386555, 0.6723480030526584, 0.6697329376854599, 0.6751193808661288, 0.6796008869179601, 0.6672812367040136, 0.7100818833162743, 0.6719464402351404, 0.6760582550700966, 0.6785378098525259, 0.6946750644145434, 0.6911294394883016, 0.6935788479697829, 0.6842915811088296, 0.700218818380744, 0.6799336650082919, 0.702845100105374, 0.6987726787620064, 0.6882018760734575, 0.6912827781715095, 0.7035803497085762, 0.7228803407427127, 0.7101729925122644, 0.6870626767902337, 0.7211258492397282, 0.6782940455102875, 0.720787023130069, 0.7235955056179775, 0.7093136572462759, 0.716280874175611, 0.7050715214564369, 0.724480460070579, 0.7198003816233671, 0.7361346915676288, 0.7141198664925265, 0.7429293537128415, 0.7228934817170112, 0.7248747913188648]
val step Accs: [0.6922840454964648, 0.6615560060821085, 0.6714601769911505, 0.663899788711138, 0.6745617556536866, 0.6658945360403324, 0.6904526865040191, 0.6870463428252372, 0.6693263570961413, 0.678981596789816, 0.7017409896151496, 0.6821518834998195, 0.6592391973408839, 0.6828087167070218, 0.6754951085659747, 0.6908861822763545]
Preds: [17, 17, 287, 287, 284, 284, 319, 319, 413, 293, 43, 43, 43, 153, 153, 153, 153, 153, 138, 47, 182, 182, 182, 182, 182, 293, 293, 497, 98, 98, 197, 197, 197, 197, 197, 197, 287, 287, 287, 111, 111, 111, 111, 77, 10, 10, 479, 479, 398, 398, 324, 301, 301, 286, 132, 132, 250, 250, 70, 138, 138, 138, 138, 138, 284, 426, 426, 426, 426, 426, 426, 426, 450, 450, 413, 413, 250, 250, 250, 276, 138, 138, 138, 138, 138, 182, 182, 98, 98, 98, 14, 14, 287, 287, 287, 111, 111, 145, 251, 251, 251, 251, 241, 460, 428, 428, 428, 428, 146, 146, 146, 252, 271, 186, 217, 54, 54, 139, 139, 139, 48, 139, 139, 206, 109, 290, 290, 290, 464, 464, 464, 464, 139, 401, 401, 32, 32, 239, 354, 441, 324, 324, 252, 246, 10, 10, 10, 250, 250, 331, 331, 284, 284, 387, 180, 293, 282, 240, 240, 337, 244, 77, 342, 387, 172, 172, 115, 267, 267, 267, 213, 213, 246, 246, 246, 246, 246, 246, 8, 32, 32, 354, 354, 354, 324, 324, 143, 143, 129, 401, 401, 246, 68, 115, 115, 273, 273, 486, 376, 376, 376, 460, 460, 460, 460, 143, 35, 401, 35, 35, 68, 342, 115, 267, 267, 267, 464, 464, 464, 180, 180, 284, 284, 77, 77, 85, 85, 85, 146, 240, 240, 401, 129, 259, 259, 75, 106, 106, 106, 239, 426, 35, 35, 35, 35, 68, 68, 115, 115, 273, 284, 486, 376, 376, 460, 460, 263, 263, 263, 13, 170, 170, 170, 170, 170, 170, 170, 170, 2, 2, 2, 2, 2, 2, 2, 2, 2, 2, 2, 2, 63, 401, 401, 73, 73, 73, 73, 287, 172, 172, 115, 115, 7, 7, 153, 153, 153, 153, 153, 387, 387, 387, 387, 387, 348, 348, 348, 81, 259, 324, 324, 464, 464, 180, 315, 319, 319, 319, 319, 413, 348, 413, 413, 48, 250, 250, 250, 473, 250, 41, 324, 324, 324, 19, 301, 301, 129, 129, 259, 354, 106, 106, 284, 319, 319, 240, 240, 240, 129, 259, 401, 143, 68, 68, 68, 68, 68, 68, 68, 115, 371, 371, 213, 213, 213, 213, 246, 246, 246, 246, 246, 246, 246, 19, 454, 414, 414, 414, 414, 414, 414, 414, 414, 47, 47, 47, 47, 47, 47, 47, 47, 47, 47, 80, 80, 73, 73, 73, 73, 320, 287, 287, 287, 460, 460, 240, 35, 35, 77, 342, 342, 115, 267, 63, 75, 187, 187, 139, 219, 139, 68, 115, 115, 115, 106, 106, 153, 153, 182, 182, 182, 182, 375, 98, 98, 197, 197, 197, 197, 80, 80, 80, 47, 320, 7, 7, 7, 7, 398, 360, 213, 360, 246, 246, 246, 246, 3, 197, 197, 197, 188, 324, 324, 324, 464, 464, 338, 338, 338, 338, 338, 213, 213, 286, 286, 286, 324, 139, 139, 8, 8, 8, 8, 100, 100, 100, 100, 100, 98, 98, 48, 48, 48, 48, 414, 414, 170, 170, 170, 47, 47, 47, 47, 2, 47, 47, 47, 47, 2, 47, 2, 2, 73, 73, 73, 73, 73, 73, 441, 287, 287, 287, 111, 240, 240, 35, 35, 35, 77, 68, 342, 172, 115, 267, 267, 213, 213, 213, 246, 246, 246, 246, 301, 259, 43, 450, 450, 276, 276, 346, 346, 146, 428, 428, 428, 428, 146, 240, 240, 35, 35, 75, 75, 75, 371, 371, 187, 187, 187, 321, 7, 7, 473, 473, 197, 197, 197, 197, 321, 197, 473, 473, 278, 301, 301, 251, 251, 251, 374, 374, 132, 132, 132, 132, 132, 132, 374, 374, 374, 293]

ep6
Train step Loss: [1.8685095310211182, 1.8445665836334229, 1.8757587671279907, 1.8518595695495605, 1.7473907470703125, 1.8406304121017456, 1.8056025505065918, 1.926998257637024, 1.7585850954055786, 1.702711820602417, 1.6925053596496582, 1.6499345302581787, 1.68336021900177, 1.6653321981430054, 1.630761981010437, 1.6471275091171265, 1.6882914304733276, 1.768391728401184, 1.5533549785614014, 1.6200110912322998, 1.540022611618042, 1.6991491317749023, 1.6961475610733032, 1.545846939086914, 1.6024799346923828, 1.5223287343978882, 1.5506848096847534, 1.61497962474823, 1.6610345840454102, 1.5890603065490723, 1.5200008153915405, 1.6382073163986206, 1.5055464506149292, 1.4593710899353027, 1.4748541116714478, 1.46055006980896, 1.486824870109558, 1.4943088293075562, 1.6234970092773438, 1.3648027181625366, 1.4289815425872803, 1.541561484336853, 1.4753012657165527, 1.4419329166412354, 1.3927944898605347, 1.4404065608978271, 1.4838004112243652, 1.2684239149093628, 1.350894808769226, 1.3784494400024414, 1.2577561140060425, 1.401837944984436, 1.3629264831542969, 1.3183027505874634, 1.4185791015625, 1.39345383644104, 1.2972086668014526, 1.34052574634552, 1.324514627456665, 1.3392295837402344, 1.3447256088256836, 1.3084126710891724, 1.3058780431747437]
val step Loss: [1.6152008771896362, 1.5995190143585205, 1.688705563545227, 1.5127537250518799, 1.5149871110916138, 1.5662294626235962, 1.5174875259399414, 1.599246621131897, 1.5712782144546509, 1.5602762699127197, 1.5199995040893555, 1.5293653011322021, 1.6061285734176636, 1.5346275568008423, 1.4995129108428955, 1.5450693368911743]
Train step Accs: [0.7317499635727815, 0.7418764945843297, 0.7339858931913056, 0.7360874848116646, 0.7485065710872163, 0.7350023618327822, 0.7553641583559988, 0.7290153037563766, 0.7471280087527352, 0.7667055733878028, 0.7733367715317174, 0.7789537345025703, 0.7721625251846878, 0.7712450592885376, 0.7701969297565514, 0.7711841015732818, 0.7657931034482759, 0.7504687725371412, 0.7918299668375037, 0.7806064073226545, 0.7903473287766773, 0.7591594827586207, 0.7647384445059507, 0.7953186400136683, 0.7875108412836079, 0.7884933774834437, 0.787674779906784, 0.7811494252873563, 0.7669220945083014, 0.778560137950855, 0.7893317350913994, 0.771879724508651, 0.7955515323936376, 0.8028921722728701, 0.805047225501771, 0.8011065812463599, 0.797754491017964, 0.7959125745103605, 0.7788951286404597, 0.8162124388539483, 0.8078120136943666, 0.7877890580936266, 0.8015493867010974, 0.801998750780762, 0.8108733371891267, 0.802617562014914, 0.7957987298485588, 0.8301358912869704, 0.8187769884385012, 0.8156843954639834, 0.8323388153107263, 0.8149538106235565, 0.8151343705799151, 0.8234126984126984, 0.8075733019006925, 0.8164464023494861, 0.825370215143895, 0.8202396804260985, 0.8246192494897158, 0.8165499124343257, 0.8153145555742959, 0.8260813428018077, 0.8309501112170321]
val step Accs: [0.777715877437326, 0.784581171237954, 0.7639988687782805, 0.799249530956848, 0.7921084418198899, 0.7827720381054609, 0.8076009501187649, 0.7795125666412795, 0.7884800881907125, 0.7928798774018625, 0.7934694974469229, 0.7945663228243498, 0.7852233676975945, 0.7926099021469256, 0.7946841869493804, 0.7867833294957403]
Preds: [17, 309, 479, 199, 199, 360, 360, 360, 252, 143, 35, 35, 35, 70, 65, 65, 65, 348, 348, 460, 460, 460, 35, 77, 342, 342, 342, 115, 115, 273, 486, 486, 486, 460, 460, 460, 460, 35, 497, 197, 445, 114, 213, 213, 213, 213, 246, 19, 19, 19, 19, 454, 454, 454, 414, 414, 414, 414, 414, 187, 187, 187, 187, 187, 187, 414, 414, 171, 171, 371, 414, 187, 187, 187, 321, 321, 73, 73, 73, 321, 320, 287, 287, 287, 287, 287, 284, 284, 284, 284, 111, 111, 111, 111, 145, 145, 460, 206, 250, 250, 250, 250, 250, 342, 88, 88, 109, 106, 284, 284, 284, 284, 206, 206, 206, 169, 35, 35, 35, 259, 144, 115, 114, 114, 114, 264, 264, 264, 264, 264, 264, 264, 264, 264, 264, 264, 264, 264, 264, 264, 264, 264, 468, 468, 468, 406, 406, 467, 337, 337, 337, 290, 290, 290, 330, 330, 330, 330, 250, 250, 250, 65, 65, 426, 426, 426, 426, 319, 319, 250, 348, 348, 10, 479, 331, 331, 486, 486, 486, 460, 169, 150, 150, 150, 342, 342, 342, 224, 224, 63, 63, 63, 63, 321, 187, 187, 139, 139, 139, 88, 323, 88, 14, 273, 273, 106, 106, 106, 109, 106, 355, 355, 355, 355, 169, 169, 150, 150, 219, 171, 350, 27, 48, 350, 350, 374, 374, 187, 187, 114, 36, 47, 187, 321, 115, 115, 273, 273, 403, 403, 403, 171, 171, 252, 252, 252, 239, 32, 403, 403, 171, 171, 171, 171, 171, 246, 246, 246, 252, 143, 143, 143, 77, 106, 309, 473, 473, 473, 32, 32, 434, 434, 434, 246, 19, 19, 19, 454, 454, 454, 454, 229, 229, 414, 414, 414, 414, 414, 310, 239, 239, 239, 239, 65, 217, 408, 408, 408, 408, 408, 408, 321, 244, 244, 287, 66, 66, 66, 68, 172, 115, 267, 267, 267, 267, 464, 464, 464, 464, 443, 443, 443, 240, 240, 240, 240, 240, 143, 324, 324, 324, 324, 301, 301, 301, 360, 360, 213, 122, 197, 420, 420, 324, 324, 324, 464, 99, 338, 338, 338, 338, 338, 338, 400, 400, 400, 213, 213, 213, 213, 246, 246, 246, 246, 246, 246, 3, 3, 14, 14, 331, 145, 145, 486, 460, 460, 169, 169, 35, 35, 441, 100, 100, 153, 387, 387, 122, 259, 99, 99, 107, 395, 395, 395, 122, 139, 139, 139, 497, 497, 43, 8, 8, 354, 473, 473, 109, 146, 290, 290, 290, 171, 434, 434, 434, 339, 339, 339, 398, 398, 398, 246, 246, 246, 246, 246, 246, 286, 464, 464, 264, 282, 282, 282, 282, 282, 263, 263, 263, 13, 414, 414, 414, 414, 414, 414, 414, 187, 187, 187, 187, 187, 23, 107, 107, 107, 107, 32, 171, 171, 320, 320, 7, 7, 251, 251, 241, 241, 106, 403, 403, 403, 403, 290, 290, 290, 290, 360, 434, 434, 434, 360, 360, 434, 434, 434, 434, 434, 339, 339, 10, 10, 10, 309, 479, 331, 331, 331, 331, 284, 426, 426, 426, 426, 426, 426, 282, 282, 282, 355, 355, 355, 355, 263, 263, 13, 13, 414, 414, 414, 414, 170, 170, 244, 244, 249, 244, 2, 2, 2, 2, 244, 2, 2, 73, 73, 73, 73, 244, 321, 321, 287, 287, 287, 287, 284, 284, 284, 206, 206, 206, 169, 150, 150, 54, 54, 54, 54, 139, 139, 88, 54, 355, 273, 273, 106, 106, 153, 153, 424, 182, 182, 182, 182, 182, 182, 387, 387, 387, 387, 293, 293, 293, 122, 122, 122, 197, 321, 395, 350, 395, 371, 444, 444, 278, 301, 301, 301, 8, 8]

ep7
Train step Loss: [1.244815468788147, 1.196065068244934, 1.3328557014465332, 1.185164451599121, 1.258046269416809, 1.1741021871566772, 1.174220085144043, 1.2089673280715942, 1.135880470275879, 1.1543028354644775, 1.2602462768554688, 1.3240290880203247, 1.1656063795089722, 1.2167701721191406, 1.1373008489608765, 1.1544718742370605, 1.162079095840454, 1.0763663053512573, 1.0726838111877441, 1.1722849607467651, 1.2616722583770752, 1.0660700798034668, 1.077102780342102, 1.0363564491271973, 1.0023149251937866, 1.0002998113632202, 1.0786795616149902, 1.087294340133667, 0.9983108639717102, 1.0706499814987183, 0.9814836978912354, 1.0384608507156372, 0.9587119817733765, 1.0602384805679321, 0.9858638644218445, 0.9424775242805481, 1.0797524452209473, 0.9329199194908142, 0.9417461156845093, 0.8662428259849548, 1.021788239479065, 0.9892281293869019, 0.9201439619064331, 0.9247016310691833, 0.8510643839836121, 0.8893274068832397, 0.9823254942893982, 0.8974770903587341, 0.9026936292648315, 0.8631860613822937, 0.83526211977005, 0.8758243918418884, 0.8581337928771973, 0.9235272407531738, 0.9534701108932495, 0.8120859861373901, 0.9064095616340637, 0.7907848954200745, 0.8145328164100647, 0.8573258519172668, 0.7100755572319031, 0.8813716769218445, 0.9041967988014221]
val step Loss: [1.0900686979293823, 0.9954071044921875, 1.0448743104934692, 1.0138790607452393, 1.0799068212509155, 1.021438717842102, 1.0571515560150146, 1.0576153993606567, 1.0519239902496338, 1.0673997402191162, 1.0671687126159668, 0.9936221241950989, 0.9959801435470581, 1.0382663011550903, 1.0463807582855225, 1.0832302570343018]
Train step Accs: [0.8337157717607465, 0.8456947996589941, 0.827376538632656, 0.8479965777841152, 0.8301302721527151, 0.8479609929078015, 0.8466525722339676, 0.8438066465256797, 0.8516355140186916, 0.8499572527785694, 0.8317284925019731, 0.8194847295683331, 0.8555825242718447, 0.8393455295027055, 0.8559015206372194, 0.8487117654524686, 0.8527838943063857, 0.865491651205937, 0.8623884116557183, 0.8428089128966915, 0.8344109761867213, 0.8579863739591219, 0.8651326302333013, 0.8709006363191385, 0.8738344988344988, 0.8760818793790356, 0.8638148667601683, 0.8650720232588873, 0.8720170454545455, 0.8653946680606377, 0.8828227094525919, 0.8730016435081428, 0.8806253652834599, 0.8693031461334901, 0.8778009379885356, 0.8859611231101512, 0.85992673992674, 0.8874290833084503, 0.888561872909699, 0.8958740234375, 0.8771739130434782, 0.8734504835853426, 0.887264457439896, 0.8876558224384311, 0.9055517941773866, 0.8900447721885699, 0.8763512512957204, 0.8879194630872483, 0.8927142857142857, 0.8987752692931976, 0.8982229402261712, 0.8953229398663697, 0.8936601859678783, 0.8841749853200235, 0.8830607002838988, 0.9031861069328593, 0.887460271597804, 0.9090205786786322, 0.9064994298745724, 0.8957499230058515, 0.9209721278042148, 0.8965141612200436, 0.8935565382185723]
val step Accs: [0.864791845757092, 0.8720513586145118, 0.8716312980080718, 0.8750902527075812, 0.8646145076243409, 0.8714382174206617, 0.8703326544467074, 0.8637477036129823, 0.8689849865263698, 0.8606445190991664, 0.8674195924380064, 0.8766603415559773, 0.8806087229369313, 0.8692193609275988, 0.8725853908148906, 0.8631830008673027]
Preds: [17, 479, 398, 360, 360, 171, 360, 360, 171, 434, 252, 252, 252, 252, 143, 314, 365, 441, 441, 148, 148, 346, 346, 346, 278, 278, 203, 203, 467, 65, 65, 84, 319, 319, 319, 88, 175, 251, 251, 251, 81, 81, 219, 219, 398, 398, 360, 464, 464, 464, 464, 264, 264, 468, 468, 468, 13, 132, 84, 84, 84, 426, 426, 450, 413, 98, 98, 263, 263, 13, 417, 417, 414, 414, 170, 170, 170, 170, 28, 28, 2, 2, 2, 2, 2, 2, 2, 2, 2, 63, 401, 73, 73, 73, 99, 320, 320, 320, 320, 7, 56, 219, 219, 219, 219, 219, 219, 219, 444, 444, 360, 213, 360, 213, 213, 246, 246, 246, 19, 19, 454, 454, 454, 414, 414, 414, 414, 414, 249, 249, 249, 47, 249, 249, 2, 244, 244, 401, 401, 244, 73, 73, 244, 244, 320, 320, 320, 7, 479, 398, 360, 360, 360, 171, 171, 252, 378, 217, 84, 34, 324, 324, 324, 324, 422, 143, 77, 77, 342, 342, 232, 172, 172, 115, 115, 267, 444, 171, 171, 252, 252, 301, 301, 208, 208, 350, 350, 350, 354, 354, 25, 444, 213, 213, 213, 213, 213, 246, 246, 246, 246, 19, 454, 454, 454, 454, 197, 197, 197, 197, 80, 80, 7, 7, 285, 310, 32, 400, 172, 395, 395, 106, 106, 403, 403, 403, 403, 403, 171, 207, 252, 252, 252, 312, 225, 203, 414, 197, 197, 197, 451, 451, 30, 213, 360, 360, 360, 360, 197, 197, 83, 196, 398, 398, 360, 360, 360, 360, 464, 464, 315, 315, 315, 315, 315, 315, 315, 450, 450, 450, 450, 175, 175, 43, 43, 43, 276, 276, 153, 153, 424, 497, 497, 497, 497, 497, 413, 250, 250, 413, 426, 426, 319, 319, 413, 413, 413, 381, 250, 250, 250, 88, 241, 431, 431, 426, 426, 426, 426, 426, 480, 480, 480, 480, 426, 426, 85, 85, 299, 299, 299, 299, 116, 399, 217, 473, 398, 324, 324, 324, 324, 464, 464, 464, 264, 264, 264, 264, 171, 197, 349, 349, 349, 349, 35, 35, 25, 148, 148, 153, 153, 153, 153, 387, 387, 387, 285, 134, 134, 134, 88, 88, 88, 88, 387, 497, 497, 175, 431, 431, 431, 20, 428, 85, 85, 146, 146, 146, 464, 464, 464, 464, 171, 171, 171, 252, 325, 464, 464, 464, 120, 443, 120, 120, 263, 263, 263, 263, 229, 229, 229, 414, 312, 312, 312, 310, 273, 273, 275, 23, 23, 23, 23, 23, 23, 23, 23, 23, 187, 187, 391, 391, 321, 73, 73, 244, 73, 320, 321, 320, 320, 287, 284, 284, 284, 284, 284, 284, 284, 284, 284, 284, 480, 85, 480, 85, 85, 85, 85, 85, 85, 146, 146, 207, 207, 207, 324, 464, 464, 464, 464, 464, 486, 315, 315, 315, 315, 282, 450, 450, 175, 43, 43, 276, 153, 153, 153, 297, 297, 182, 182, 182, 182, 182, 182, 145, 145, 145, 145, 145, 271, 271, 428, 467, 467, 467, 467, 134, 134, 274, 431, 431, 431, 431, 431, 480, 480, 480, 85, 85, 85, 85, 85, 299, 468, 468, 468, 467, 467, 467, 275, 275, 303, 303, 303, 303, 98, 98, 98, 13, 233, 414, 170, 28, 188, 188, 188, 19, 19, 303, 303, 282, 282, 282, 282, 303, 303, 303, 48, 48, 170, 170, 170, 170, 249, 249, 249, 249, 249, 249, 249, 98, 249, 249, 249, 249, 249, 249, 249, 249, 249, 249, 249, 249, 249, 249, 249, 441, 441, 346, 346, 284, 206, 206, 206, 206, 167, 167, 169, 170, 170, 170, 170, 85, 286, 208, 139, 2, 2, 392]

ep8
Train step Loss: [0.8657426834106445, 0.7676782608032227, 0.7718590497970581, 0.82242351770401, 0.804326593875885, 0.7512919902801514, 0.735589325428009, 0.7530702948570251, 0.7741404175758362, 0.7445371150970459, 0.7029893398284912, 0.7729114294052124, 0.6573125123977661, 0.7233924269676208, 0.6922301650047302, 0.6942461729049683, 0.6920018196105957, 0.7108739614486694, 0.7277281880378723, 0.8090176582336426, 0.7394595146179199, 0.6628920435905457, 0.7474014759063721, 0.6455666422843933, 0.7392053008079529, 0.5934937596321106, 0.5890564918518066, 0.6878286004066467, 0.6332225799560547, 0.6147038340568542, 0.6222849488258362, 0.7013224363327026, 0.6016417741775513, 0.7344877123832703, 0.6042454242706299, 0.6296926736831665, 0.6567035913467407, 0.6067745089530945, 0.5825347304344177, 0.5840912461280823, 0.6165431141853333, 0.6172266602516174, 0.6075024008750916, 0.5738744735717773, 0.5506928563117981, 0.5633987784385681, 0.5821850299835205, 0.5448735356330872, 0.526557981967926, 0.5463994741439819, 0.5599138140678406, 0.6030228137969971, 0.5090243816375732, 0.548999547958374, 0.5291697382926941, 0.522051215171814, 0.538979709148407, 0.5710830688476562, 0.5594481229782104, 0.499790757894516, 0.47985151410102844, 0.47552216053009033, 0.4639347791671753]
val step Loss: [0.5896588563919067, 0.6907241940498352, 0.7128242254257202, 0.6825622916221619, 0.6781842708587646, 0.6801350116729736, 0.6346760392189026, 0.6277355551719666, 0.6734438538551331, 0.7254539132118225, 0.6418789029121399, 0.6690549254417419, 0.6534552574157715, 0.6696568727493286, 0.7094647884368896, 0.6824423670768738]
Train step Accs: [0.8948412698412699, 0.9132011918642311, 0.9107711918419376, 0.9027231229340469, 0.9036887994634474, 0.9134835128958537, 0.9142308220118018, 0.9146963997850618, 0.9083561643835616, 0.9146253080156544, 0.9210392902408111, 0.906464485235435, 0.9301400147383935, 0.9164758184022632, 0.9208869422392554, 0.9213744903902155, 0.921826406559231, 0.9176085663295658, 0.9137642797436611, 0.9045503021685034, 0.9201427003293084, 0.9245308491967058, 0.9140969162995595, 0.9302493154633232, 0.9101863753213367, 0.9350738108255877, 0.9372543705109093, 0.9244783556524447, 0.9318499682136046, 0.9362631363450252, 0.9267910554052129, 0.9181181832980628, 0.9286501377410469, 0.9126269126269126, 0.933166597193275, 0.9298793470546487, 0.9259834368530021, 0.933665760048353, 0.94224, 0.935781180318121, 0.9336458180752893, 0.93026828980026, 0.9301277235161532, 0.9361590790162219, 0.9434547908232119, 0.939517896274653, 0.9324728474736345, 0.9432405983503425, 0.9439780186231109, 0.9410519951632407, 0.9396001701403658, 0.9336874051593324, 0.9485234353833649, 0.9409706374562604, 0.9395365046175291, 0.946972803061364, 0.9440839431174928, 0.9382326420198377, 0.9424228466144634, 0.9466689098250336, 0.9496323019286804, 0.9490857503152585, 0.9563615755171436]
val step Accs: [0.9322888283378746, 0.9148367952522255, 0.9151388888888888, 0.9218436873747495, 0.9189438133251459, 0.9217252396166135, 0.9292196007259528, 0.9275761973875182, 0.9225222677788775, 0.9168605363046406, 0.9274832419256551, 0.9201988126466933, 0.92361026639095, 0.9206937444411503, 0.9154086413326392, 0.9180223959433763]
Preds: [17, 17, 287, 287, 284, 284, 319, 450, 450, 450, 169, 169, 76, 76, 349, 234, 234, 234, 234, 234, 234, 213, 25, 106, 25, 106, 284, 428, 428, 330, 388, 388, 10, 10, 10, 309, 479, 398, 398, 324, 324, 422, 186, 162, 162, 232, 232, 172, 172, 115, 273, 267, 267, 267, 324, 324, 3, 3, 14, 14, 411, 188, 188, 171, 443, 443, 271, 178, 143, 143, 54, 232, 232, 232, 8, 162, 336, 336, 371, 145, 145, 145, 486, 486, 460, 468, 406, 406, 406, 406, 132, 32, 32, 32, 32, 239, 82, 310, 107, 107, 107, 395, 395, 286, 286, 264, 264, 264, 120, 120, 120, 120, 120, 207, 178, 178, 143, 233, 233, 170, 170, 170, 312, 312, 170, 170, 82, 170, 170, 187, 187, 187, 244, 2, 2, 2, 2, 244, 392, 63, 316, 392, 244, 73, 73, 73, 244, 287, 287, 100, 293, 293, 43, 43, 8, 129, 144, 208, 27, 346, 106, 106, 426, 319, 348, 348, 348, 199, 199, 250, 250, 98, 197, 129, 401, 7, 7, 217, 473, 109, 109, 313, 313, 406, 285, 337, 337, 337, 324, 252, 116, 94, 94, 199, 398, 116, 340, 116, 94, 94, 479, 331, 331, 138, 138, 138, 138, 138, 182, 497, 497, 43, 43, 32, 239, 208, 208, 208, 441, 346, 426, 426, 319, 348, 348, 94, 250, 250, 303, 375, 98, 98, 98, 13, 414, 414, 170, 170, 170, 170, 170, 28, 2, 2, 244, 2, 2, 2, 2, 2, 244, 244, 73, 73, 73, 73, 244, 320, 7, 70, 473, 106, 284, 405, 206, 206, 240, 385, 35, 82, 77, 35, 323, 323, 48, 399, 106, 153, 153, 153, 153, 387, 169, 349, 349, 349, 234, 234, 234, 213, 25, 25, 100, 100, 100, 302, 497, 497, 98, 98, 98, 197, 226, 226, 226, 226, 226, 2, 209, 287, 287, 284, 284, 284, 480, 480, 480, 480, 480, 480, 480, 480, 480, 282, 282, 282, 388, 388, 388, 388, 195, 195, 195, 250, 250, 250, 250, 250, 109, 109, 109, 403, 403, 403, 207, 207, 207, 252, 416, 32, 32, 239, 75, 131, 180, 106, 153, 153, 387, 349, 349, 349, 349, 234, 213, 213, 25, 148, 148, 148, 148, 153, 182, 182, 182, 182, 406, 132, 274, 271, 271, 134, 132, 132, 98, 98, 98, 98, 13, 13, 78, 187, 170, 170, 170, 170, 312, 187, 187, 187, 187, 391, 391, 392, 392, 73, 73, 73, 244, 310, 310, 323, 323, 323, 323, 273, 106, 106, 153, 153, 153, 182, 182, 182, 182, 182, 182, 182, 182, 182, 182, 182, 345, 122, 122, 236, 129, 129, 82, 75, 310, 310, 323, 323, 273, 106, 106, 106, 100, 375, 98, 98, 98, 98, 17, 17, 106, 106, 106, 273, 273, 273, 273, 273, 273, 273, 273, 273, 273, 273, 273, 273, 273, 273, 273, 273, 273, 273, 273, 273, 273, 273, 273, 273, 273, 273, 273, 273, 273, 273, 273, 273, 273, 273, 273, 273, 273, 273, 273, 273, 273, 273, 273, 273, 273, 273, 273, 273, 273, 273, 273, 273, 273, 273, 273, 273, 273, 273, 273, 273, 273, 273, 273, 273, 273, 273, 273, 273, 273, 273, 273, 273, 273, 273, 273, 273, 273, 273, 273, 273, 273, 273, 273, 273, 273, 273, 273, 273, 273, 273, 273, 273, 273, 273, 273, 273, 273, 273, 273, 273, 273, 273, 273, 273, 273, 273, 273, 273, 273, 273, 273, 273, 273, 273, 273, 273, 273, 273, 273, 273, 273, 273, 273, 273, 273, 273, 273, 273, 273, 273, 273, 273, 273, 273, 273, 273, 273, 273, 273, 273]

ep9
Train step Loss: [0.438608318567276, 0.4006910026073456, 0.5112254023551941, 0.46052175760269165, 0.43711528182029724, 0.506231427192688, 0.47668442130088806, 0.5272249579429626, 0.481643944978714, 0.40924522280693054, 0.4496784508228302, 0.39721277356147766, 0.43750932812690735, 0.3896200954914093, 0.4268541932106018, 0.41786929965019226, 0.36369380354881287, 0.43163904547691345, 0.4741100072860718, 0.4500163197517395, 0.38275235891342163, 0.44726791977882385, 0.4250054359436035, 0.4172661304473877, 0.4700580835342407, 0.4004894495010376, 0.3623022437095642, 0.39823684096336365, 0.3618508577346802, 0.40190428495407104, 0.3343217372894287, 0.34548643231391907, 0.3917009234428406, 0.3538646101951599, 0.3695022165775299, 0.36770039796829224, 0.3702898621559143, 0.3398571312427521, 0.31539157032966614, 0.3342631459236145, 0.36831143498420715, 0.3598704934120178, 0.35110175609588623, 0.3946830630302429, 0.3484119176864624, 0.414319783449173, 0.3199043273925781, 0.3197915256023407, 0.3680970370769501, 0.34852203726768494, 0.34320732951164246, 0.3480866551399231, 0.30914562940597534, 0.2630433440208435, 0.29260939359664917, 0.3152793049812317, 0.31450098752975464, 0.2766002118587494, 0.30790871381759644, 0.2671321630477905, 0.3420213460922241, 0.27084222435951233, 0.3013896346092224]
val step Loss: [0.3744443953037262, 0.40186864137649536, 0.43239644169807434, 0.4314092695713043, 0.40101557970046997, 0.43873411417007446, 0.4416903853416443, 0.4299990236759186, 0.42411109805107117, 0.45368269085884094, 0.3866173326969147, 0.42791616916656494, 0.36753201484680176, 0.41853460669517517, 0.3780720829963684, 0.39149218797683716]
Train step Accs: [0.955255450699642, 0.9623985187295258, 0.9451875545216633, 0.9523589980021515, 0.9558270676691729, 0.9447371803110141, 0.9504743303571429, 0.942058975685463, 0.9489413188142771, 0.9617174598408648, 0.9530659514811655, 0.9616300608626621, 0.9539594843462247, 0.9636734001018503, 0.9585099939430648, 0.9571710688718835, 0.9631084303548885, 0.9547879809042403, 0.9456104427949834, 0.9505655102300166, 0.9616838921099067, 0.948928926088807, 0.95950864422202, 0.956638708656433, 0.9435665914221218, 0.9563297350343474, 0.9610354950627168, 0.961693850067335, 0.9635426608131322, 0.9574004070950858, 0.9688089366023502, 0.9660899653979239, 0.9597735399284862, 0.9644381223328592, 0.9642857142857143, 0.963530175210902, 0.9613713931120075, 0.9691934040649367, 0.9709697344039531, 0.9666760404949382, 0.9560103864365358, 0.9650902837489252, 0.9641290726817042, 0.9559197513421871, 0.9642108415693321, 0.9539914686166971, 0.9704171514043544, 0.9690949227373068, 0.9638360175695461, 0.9677269919703521, 0.9645776566757494, 0.9670860338035329, 0.9691616766467066, 0.9777404451910962, 0.9722584006251628, 0.969359756097561, 0.9716921119592875, 0.9735993860322333, 0.9720532869968144, 0.9754503427387216, 0.9664610030058535, 0.9771042661834953, 0.9718826405867971]
val step Accs: [0.9612432847275518, 0.9558901215002641, 0.9513375796178344, 0.9531585732703051, 0.9570802919708029, 0.9496770721205597, 0.9486114715805866, 0.9529476889011902, 0.9514828303850156, 0.9505004799122446, 0.9570465590217903, 0.9527363184079602, 0.9576479730604844, 0.9527359872187459, 0.9598915989159892, 0.9560750064217827]
Preds: [17, 287, 111, 111, 319, 319, 348, 216, 8, 43, 345, 276, 100, 497, 497, 497, 122, 42, 42, 271, 406, 380, 380, 499, 499, 284, 481, 426, 426, 481, 481, 16, 293, 293, 293, 348, 348, 250, 250, 250, 65, 65, 65, 426, 426, 426, 426, 206, 206, 169, 169, 77, 77, 342, 342, 342, 115, 267, 267, 444, 324, 464, 464, 464, 180, 315, 315, 319, 319, 319, 282, 330, 388, 299, 116, 250, 250, 250, 10, 479, 479, 331, 180, 486, 486, 486, 460, 169, 150, 150, 342, 342, 224, 494, 494, 422, 99, 99, 338, 338, 338, 400, 400, 400, 213, 213, 324, 246, 246, 422, 186, 99, 338, 338, 338, 338, 395, 395, 400, 400, 374, 374, 374, 374, 374, 374, 139, 302, 497, 497, 497, 122, 129, 259, 74, 74, 183, 420, 213, 213, 213, 252, 143, 143, 259, 192, 192, 420, 420, 213, 324, 324, 301, 301, 173, 465, 280, 280, 420, 213, 213, 213, 213, 246, 246, 19, 19, 19, 454, 454, 414, 414, 414, 414, 170, 312, 187, 126, 126, 126, 148, 408, 408, 408, 408, 391, 391, 391, 289, 289, 209, 66, 66, 66, 68, 172, 172, 115, 115, 267, 267, 267, 267, 213, 246, 246, 246, 246, 246, 246, 246, 246, 246, 301, 301, 8, 259, 354, 106, 106, 284, 284, 376, 206, 460, 169, 169, 150, 77, 342, 342, 172, 172, 224, 196, 485, 309, 479, 331, 84, 84, 153, 153, 497, 497, 497, 43, 43, 276, 276, 346, 346, 346, 284, 486, 376, 376, 376, 460, 460, 460, 263, 263, 263, 414, 414, 414, 414, 414, 170, 170, 244, 47, 47, 73, 244, 244, 244, 321, 321, 320, 7, 7, 479, 398, 290, 290, 290, 290, 434, 434, 378, 378, 250, 406, 406, 467, 337, 337, 337, 360, 434, 434, 422, 99, 99, 99, 338, 338, 338, 400, 400, 400, 30, 464, 464, 464, 464, 240, 240, 416, 8, 259, 100, 100, 100, 100, 497, 497, 122, 122, 239, 445, 445, 445, 464, 171, 171, 171, 171, 171, 252, 416, 183, 192, 464, 464, 443, 443, 240, 203, 8, 8, 183, 183, 420, 213, 213, 213, 246, 246, 246, 246, 246, 19, 19, 19, 454, 229, 414, 414, 414, 126, 187, 408, 408, 391, 391, 73, 244, 321, 320, 320, 7, 276, 276, 346, 346, 346, 346, 387, 293, 293, 167, 35, 35, 164, 192, 192, 351, 180, 139, 139, 139, 139, 293, 122, 122, 394, 269, 9, 168, 168, 494, 434, 178, 216, 216, 144, 114, 145, 443, 443, 240, 240, 94, 199, 199, 34, 212, 37, 288, 216, 216, 64, 431, 350, 278, 99, 99, 99, 436, 60, 60, 60, 298, 64, 413, 413, 169, 186, 99, 99, 338, 338, 338, 338, 400, 400, 400, 400, 213, 213, 324, 324, 422, 186, 99, 99, 338, 338, 338, 115, 273, 273, 273, 115, 275, 275, 116, 94, 199, 331, 331, 486, 443, 120, 85, 299, 299, 251, 219, 219, 246, 41, 41, 246, 246, 246, 19, 19, 19, 19, 454, 454, 414, 414, 414, 414, 170, 170, 244, 321, 2, 73, 73, 244, 320, 321, 320, 7, 7, 374, 374, 132, 217, 217, 473, 473, 337, 41, 41, 41, 19, 19, 19, 17, 17, 106, 470, 470, 470, 470, 470, 470, 470, 470, 470, 470, 470, 470, 470, 470, 470, 470, 470, 470, 470, 470, 470, 470, 470, 470, 470, 470, 470, 470, 470, 470, 470, 470, 470, 470, 470, 470, 470, 470, 470, 470, 470, 470, 470, 470, 470, 470, 470, 470, 470, 470, 470, 470, 470, 470, 470, 470, 470, 470, 470, 470, 470]

ep10
Train step Loss: [0.272416889667511, 0.2741631269454956, 0.2523234188556671, 0.27454817295074463, 0.2768983542919159, 0.31031349301338196, 0.24706831574440002, 0.24959662556648254, 0.25025174021720886, 0.24999308586120605, 0.23737211525440216, 0.2336779683828354, 0.2821567952632904, 0.27110645174980164, 0.23879164457321167, 0.27119097113609314, 0.2340461015701294, 0.250738263130188, 0.2465812712907791, 0.22898289561271667, 0.24525605142116547, 0.27856382727622986, 0.2505967915058136, 0.21192432940006256, 0.23067258298397064, 0.21773523092269897, 0.2403229922056198, 0.224460169672966, 0.1894451379776001, 0.24043966829776764, 0.18580031394958496, 0.2073969691991806, 0.21472890675067902, 0.23576533794403076, 0.24097676575183868, 0.2155395746231079, 0.2057037204504013, 0.19901320338249207, 0.2070445716381073, 0.20779573917388916, 0.20328277349472046, 0.19577638804912567, 0.1798499971628189, 0.19450756907463074, 0.1674850881099701, 0.15602731704711914, 0.19666507840156555, 0.1711335927248001, 0.17536060512065887, 0.22580550611019135, 0.19552849233150482, 0.1463349312543869, 0.1682468056678772, 0.17120882868766785, 0.21953798830509186, 0.1786135882139206, 0.17484955489635468, 0.15855877101421356, 0.16151855885982513, 0.20104514062404633, 0.1673297882080078, 0.1631600707769394, 0.17622898519039154]
val step Loss: [0.23505832254886627, 0.24535368382930756, 0.22357238829135895, 0.21719154715538025, 0.24685120582580566, 0.24211998283863068, 0.27679193019866943, 0.2590755820274353, 0.23504209518432617, 0.22543008625507355, 0.23203255236148834, 0.25443679094314575, 0.2369425892829895, 0.27229630947113037, 0.2630941867828369, 0.25148704648017883]
Train step Accs: [0.9746734628862695, 0.976528288667017, 0.9776097702820588, 0.9753296469587409, 0.9770578204929469, 0.9712191872085276, 0.9771863117870723, 0.9790562036055143, 0.9773679798826488, 0.9765250965250966, 0.9799045829116669, 0.9801864801864801, 0.9742837176799442, 0.9737053070386403, 0.9796985542909874, 0.9739822467095194, 0.9783051834595224, 0.9774559570020902, 0.9766627771295215, 0.9795999470128494, 0.9785772690106296, 0.972693302673182, 0.9783607529272269, 0.9819650067294751, 0.981737765729776, 0.9823520462498099, 0.9800399201596807, 0.980028085504759, 0.9847188264058679, 0.9768333599616552, 0.9852729310068833, 0.9822493609769952, 0.9815108293713682, 0.9794833948339483, 0.9772223342068131, 0.9793833242109105, 0.9813851628798248, 0.9820621262942978, 0.9821295606850335, 0.9817127002144028, 0.9835251046025104, 0.9835862068965517, 0.9843918191603875, 0.982908339076499, 0.9866742273887156, 0.9885636487406398, 0.9826419535157399, 0.9875886524822695, 0.9871048907060859, 0.9771893443930452, 0.9823562100583495, 0.9886451612903225, 0.9884153318077803, 0.9867445838084379, 0.9799350840956034, 0.9852700490998363, 0.9866481223922114, 0.9861042183622829, 0.9863294600136705, 0.9812710100848407, 0.9873812351543944, 0.986321517870275, 0.9833907865872767]
val step Accs: [0.9738095238095238, 0.9717114568599717, 0.9770312948607522, 0.9768981546696718, 0.9750907497809488, 0.9725216933999474, 0.9706280454791554, 0.9721665290718245, 0.9745569620253165, 0.9764796310530361, 0.9766194471186906, 0.9729990356798457, 0.9761333333333333, 0.9700657434606239, 0.971843778383288, 0.9711804914095695]
Preds: [17, 17, 145, 145, 486, 460, 460, 169, 169, 349, 205, 205, 234, 234, 155, 25, 25, 148, 148, 387, 348, 348, 348, 398, 398, 398, 324, 360, 434, 434, 339, 200, 248, 473, 398, 398, 360, 360, 360, 360, 360, 360, 434, 434, 434, 246, 19, 19, 19, 454, 454, 454, 414, 414, 414, 414, 249, 80, 80, 80, 80, 321, 320, 188, 188, 188, 171, 171, 434, 434, 339, 339, 250, 345, 43, 153, 43, 43, 43, 285, 285, 285, 285, 285, 84, 139, 139, 496, 496, 293, 274, 122, 8, 75, 354, 354, 420, 420, 360, 360, 360, 360, 434, 434, 19, 19, 19, 454, 454, 48, 414, 414, 414, 414, 102, 414, 82, 82, 47, 34, 417, 17, 321, 320, 7, 7, 7, 309, 473, 473, 398, 398, 360, 360, 360, 360, 434, 434, 434, 246, 246, 246, 246, 19, 19, 454, 454, 197, 197, 197, 7, 7, 7, 219, 219, 219, 219, 219, 219, 485, 286, 286, 286, 378, 468, 406, 467, 380, 499, 180, 486, 315, 315, 315, 315, 282, 282, 388, 348, 348, 250, 250, 250, 250, 138, 138, 153, 497, 497, 349, 349, 349, 349, 234, 234, 234, 261, 261, 25, 25, 148, 148, 153, 153, 182, 98, 98, 98, 98, 98, 197, 197, 197, 440, 188, 188, 297, 297, 63, 368, 368, 31, 342, 342, 342, 168, 168, 273, 444, 444, 444, 171, 324, 324, 324, 252, 422, 77, 478, 342, 172, 115, 115, 273, 273, 486, 486, 460, 460, 460, 178, 35, 35, 35, 411, 100, 100, 100, 182, 182, 182, 182, 182, 182, 182, 182, 182, 375, 375, 375, 98, 98, 98, 13, 226, 259, 321, 209, 287, 287, 426, 426, 426, 426, 98, 98, 98, 98, 13, 17, 106, 106, 106, 470, 470, 470, 470, 470, 470, 470, 470, 470, 470, 470, 470, 470, 470, 470, 470, 470, 470, 470, 470, 470, 470, 470, 470, 470, 470, 470, 470, 470, 470, 470, 470, 470, 470, 470, 470, 470, 470, 470, 470, 470, 470, 470, 470, 470, 470, 470, 470, 470, 470, 470, 470, 470, 470, 470, 470, 470, 470, 470, 470, 470, 470, 470, 470, 470, 470, 470, 470, 470, 470, 470, 470, 470, 470, 470, 470, 470, 470, 470, 470, 470, 470, 470, 470, 470, 470, 470, 470, 470, 470, 470, 470, 470, 470, 470, 470, 470, 470, 470, 470, 470, 470, 470, 470, 470, 470, 470, 470, 470, 470, 470, 470, 470, 470, 470, 470, 470, 470, 470, 470, 470, 470, 470, 470, 470, 470, 470, 470, 470, 470, 470, 470, 470, 470, 470, 470, 470, 470, 470, 470, 470, 470, 470, 470, 470, 470, 470, 470, 470, 470, 470, 470, 470, 470, 470, 470, 470, 470, 470, 470, 470, 470, 470, 470, 470, 470, 470, 470, 470, 470, 470, 470, 470, 470, 470, 470, 470, 470, 470, 470, 470, 470, 470, 470, 470, 470, 470, 470, 470, 470, 470, 470, 470, 470, 470, 470, 470, 470, 470, 470, 470, 470, 470, 470, 470, 470, 470, 470, 470, 470, 470, 470, 470, 470, 470, 470, 470, 470, 470, 470, 470, 470, 470, 470, 470, 470, 470, 470, 470, 470, 470, 470, 470, 470, 470, 470, 470, 470, 470, 470, 470, 470, 470, 470, 470, 470, 470, 470, 470, 470, 470, 470, 470, 470, 470, 470, 470, 470, 470, 470, 470, 470, 470, 470, 470, 470, 470, 470, 470, 470, 470, 470, 470, 470, 470, 470, 470, 470, 470, 470, 470, 470, 470, 470, 470, 470, 470, 470, 470, 470, 470, 470, 470, 470, 470, 470, 470, 470, 470, 470, 470, 470, 470, 470, 470, 470, 470]

ep11
Train step Loss: [0.12880466878414154, 0.1794666200876236, 0.14785394072532654, 0.14302366971969604, 0.14231641590595245, 0.12894678115844727, 0.12306277453899384, 0.15001782774925232, 0.14950919151306152, 0.14360378682613373, 0.1314043402671814, 0.13468900322914124, 0.1387639045715332, 0.16003106534481049, 0.13071145117282867, 0.13940362632274628, 0.14501377940177917, 0.13355021178722382, 0.12686127424240112, 0.14323818683624268, 0.1429414004087448, 0.1300402581691742, 0.1394195258617401, 0.12099985778331757, 0.09977882355451584, 0.15060238540172577, 0.12145574390888214, 0.12137656658887863, 0.11509621143341064, 0.10977322608232498, 0.0908806174993515, 0.11672002077102661, 0.11551164835691452, 0.11086250841617584, 0.1214095950126648, 0.1019759252667427, 0.12477829307317734, 0.1215401440858841, 0.1068887785077095, 0.11627140641212463, 0.12499134242534637, 0.11489159613847733, 0.1019083559513092, 0.10121051222085953, 0.12029048800468445, 0.1028270274400711, 0.11057829111814499, 0.10537850856781006, 0.08773551881313324, 0.10936940461397171, 0.10961034893989563, 0.10087277740240097, 0.11473062634468079, 0.10029491037130356, 0.09052437543869019, 0.08767683058977127, 0.09663373231887817, 0.07941754907369614, 0.10096248984336853, 0.08110769838094711, 0.09460138529539108, 0.10508514195680618, 0.07050412893295288]
val step Loss: [0.1716994345188141, 0.14162732660770416, 0.12460804730653763, 0.12671470642089844, 0.1374390870332718, 0.14064636826515198, 0.12165495753288269, 0.12730096280574799, 0.1662687063217163, 0.13274794816970825, 0.1613680124282837, 0.14389602839946747, 0.11795587092638016, 0.11730039864778519, 0.13461266458034515, 0.16624601185321808]
Train step Accs: [0.9905697967857617, 0.9852117061021171, 0.9886010362694301, 0.9883158742949234, 0.9880902339918733, 0.9909194097616345, 0.9893079893079894, 0.987906976744186, 0.9873662498388552, 0.9883031022207154, 0.9910405532851304, 0.9901498929336189, 0.9883459144484175, 0.9865243495663776, 0.9895445431108565, 0.988740689416248, 0.988722998729352, 0.9909182643794148, 0.9911190053285968, 0.9895956802317925, 0.9888767037443209, 0.9913839526117394, 0.9874755381604696, 0.9907459338194055, 0.9946043165467626, 0.9867954911433172, 0.9905493951612904, 0.9901608620958926, 0.9930429021036938, 0.9915124530402115, 0.9944407677035076, 0.989429444727458, 0.989853826311264, 0.990807239299052, 0.9900299102691924, 0.9936796670263605, 0.9903531974482651, 0.9897486308102794, 0.9912204951065055, 0.9917996778444867, 0.9903896103896104, 0.9904009908654591, 0.9921150919905934, 0.9933432957478604, 0.9899386888853954, 0.9932668652078208, 0.9909495321368308, 0.9928203738824167, 0.9943665842264359, 0.9933586337760911, 0.9904963041182682, 0.9927073837739289, 0.9898392478010313, 0.9922389808171035, 0.9937187723054961, 0.9944585891867606, 0.9932091241511405, 0.995092936802974, 0.9923880597014926, 0.9944193061840121, 0.9925007210845112, 0.9930519367726246, 0.9952441344324667]
val step Accs: [0.9861910241657077, 0.9894878706199461, 0.9895364045923558, 0.9915833771699105, 0.9885616618459111, 0.9888748419721871, 0.9919751488480456, 0.9894195024306548, 0.9870503597122302, 0.9900670794633643, 0.9857686579513487, 0.9894867893207913, 0.9928523263654754, 0.9905624282617013, 0.9910878918254457, 0.9874620829120323]
Preds: [17, 17, 437, 284, 284, 284, 426, 426, 426, 426, 426, 319, 413, 413, 348, 250, 250, 250, 276, 276, 346, 346, 346, 346, 428, 146, 146, 422, 422, 31, 162, 232, 232, 232, 172, 172, 115, 115, 273, 273, 273, 151, 460, 460, 215, 35, 233, 375, 375, 375, 497, 186, 186, 323, 323, 323, 323, 238, 142, 397, 494, 494, 109, 322, 467, 313, 37, 385, 385, 183, 3, 3, 3, 464, 464, 110, 443, 443, 169, 169, 169, 150, 150, 150, 482, 482, 482, 482, 482, 115, 115, 267, 267, 267, 267, 213, 213, 246, 246, 246, 246, 246, 246, 3, 301, 143, 259, 259, 354, 106, 499, 284, 265, 306, 306, 85, 468, 406, 406, 467, 467, 467, 315, 315, 315, 450, 450, 203, 203, 53, 381, 431, 260, 225, 225, 197, 197, 320, 320, 127, 114, 114, 114, 403, 403, 403, 403, 207, 207, 301, 301, 378, 133, 8, 276, 346, 346, 346, 284, 284, 284, 426, 426, 450, 450, 413, 413, 348, 250, 364, 276, 276, 276, 138, 138, 138, 138, 182, 182, 426, 426, 426, 413, 413, 282, 282, 303, 303, 303, 303, 303, 303, 303, 303, 303, 303, 303, 479, 331, 331, 499, 106, 284, 284, 481, 481, 481, 481, 426, 426, 375, 98, 263, 263, 13, 13, 78, 170, 170, 170, 170, 28, 28, 28, 341, 341, 341, 341, 244, 341, 341, 12, 12, 12, 12, 12, 12, 260, 260, 260, 63, 63, 63, 63, 244, 63, 63, 244, 63, 63, 63, 73, 244, 73, 73, 244, 321, 320, 7, 7, 7, 479, 398, 398, 398, 360, 360, 360, 360, 434, 246, 246, 246, 246, 246, 246, 246, 246, 246, 324, 301, 301, 143, 259, 259, 354, 106, 284, 284, 284, 284, 426, 450, 450, 413, 175, 293, 497, 497, 497, 98, 197, 7, 32, 473, 473, 398, 398, 464, 464, 464, 464, 374, 374, 116, 116, 250, 250, 250, 153, 153, 153, 153, 153, 153, 182, 182, 387, 497, 497, 122, 122, 122, 143, 310, 310, 107, 107, 107, 395, 395, 395, 106, 106, 153, 424, 424, 182, 293, 293, 497, 497, 98, 35, 229, 229, 229, 170, 247, 312, 126, 126, 23, 23, 101, 155, 155, 320, 441, 148, 148, 153, 153, 182, 387, 387, 413, 122, 122, 250, 76, 465, 259, 208, 441, 441, 441, 346, 151, 169, 150, 150, 162, 54, 172, 172, 115, 273, 273, 494, 278, 278, 325, 286, 464, 464, 464, 264, 264, 264, 120, 120, 120, 282, 282, 271, 271, 271, 77, 77, 342, 433, 433, 115, 224, 267, 267, 267, 213, 213, 246, 246, 246, 246, 19, 197, 197, 226, 440, 440, 440, 440, 440, 446, 322, 67, 416, 32, 239, 259, 354, 354, 398, 464, 171, 403, 171, 171, 464, 464, 464, 464, 139, 139, 139, 293, 497, 497, 497, 122, 122, 310, 310, 107, 107, 395, 395, 395, 106, 153, 424, 424, 424, 424, 497, 497, 497, 497, 497, 122, 122, 42, 147, 380, 288, 288, 337, 337, 324, 19, 33, 248, 248, 106, 106, 106, 106, 106, 106, 106, 106, 106, 106, 106, 106, 106, 106, 106, 106, 106, 106, 106, 106, 106, 106, 106, 106, 106, 106, 106, 106, 106, 106, 106, 106, 106, 106, 106, 106, 106, 106, 106, 106, 106, 106, 106, 106, 106, 106, 106, 106, 106, 106, 106, 106, 106, 106, 106, 106, 106, 106, 106, 106, 106, 106, 106, 106, 106, 106, 106, 106, 106, 106, 106, 106, 106, 106, 106, 106, 106, 106, 106, 106, 106, 106, 106, 106, 106, 106, 106, 106, 106, 106, 106, 106, 106, 106, 106, 106, 106]

ep12
Train step Loss: [0.08148812502622604, 0.08339483290910721, 0.09895796328783035, 0.09632634371519089, 0.07713112235069275, 0.07920608669519424, 0.0718967542052269, 0.08089426159858704, 0.08658264577388763, 0.06955983489751816, 0.07975450903177261, 0.07260028272867203, 0.06316949427127838, 0.06815747916698456, 0.08150158077478409, 0.0793125107884407, 0.06311991810798645, 0.07902562618255615, 0.06512783467769623, 0.07138052582740784, 0.08691811561584473, 0.06270298361778259, 0.06546265631914139, 0.05901554599404335, 0.07855817675590515, 0.06555302441120148, 0.0668940395116806, 0.051447853446006775, 0.0725768655538559, 0.06665704399347305, 0.06345333904027939, 0.06735427677631378, 0.07061351835727692, 0.06274446099996567, 0.06796536594629288, 0.059374283999204636, 0.05924307554960251, 0.05499961972236633, 0.05806873366236687, 0.06110771745443344, 0.04841750115156174, 0.052286092191934586, 0.05032176896929741, 0.04527175426483154, 0.04839397966861725, 0.07031655311584473, 0.051094599068164825, 0.04962243139743805, 0.04215719923377037, 0.05790816619992256, 0.051388971507549286, 0.04438455030322075, 0.05834561586380005, 0.05679648742079735, 0.04781956598162651, 0.05855853110551834, 0.05099012702703476, 0.04559923708438873, 0.05228627100586891, 0.04532112926244736, 0.06051216647028923, 0.04352376237511635, 0.06864602118730545]
val step Loss: [0.08001308888196945, 0.062234386801719666, 0.07591963559389114, 0.07719945907592773, 0.09240073710680008, 0.07660520076751709, 0.07777366042137146, 0.079243965446949, 0.08223412930965424, 0.10546328872442245, 0.07591436803340912, 0.07194461673498154, 0.06921335309743881, 0.08390893042087555, 0.049488093703985214, 0.058833736926317215]
Train step Accs: [0.9949124644620679, 0.9948418623591693, 0.9914477703115455, 0.9920125293657008, 0.9947883765003158, 0.9943887775551102, 0.9944640934953098, 0.9943820224719101, 0.9934973141080011, 0.9957208204220156, 0.9958303378864126, 0.9954701655732584, 0.9966586012213389, 0.9950817300737741, 0.9949652006515622, 0.9939657253198165, 0.9950310559006211, 0.9945877683564857, 0.9963325183374083, 0.9954919944038552, 0.9940890581899383, 0.996549137284321, 0.9957740526834765, 0.9966637655932695, 0.9937334633059463, 0.9946974422956956, 0.9952902063997784, 0.9980774512496566, 0.9941967012828344, 0.9955119214586255, 0.9958232282403665, 0.995085324232082, 0.9944979367262724, 0.9951546775997018, 0.9950301204819277, 0.9964805631099024, 0.9960725075528701, 0.9961960497439649, 0.9966796593041721, 0.9961068837373916, 0.9977469019902365, 0.9967053655475369, 0.9964944170345365, 0.9975728155339806, 0.9971177600878397, 0.993963782696177, 0.9973756906077348, 0.9966869133075649, 0.9969528351881293, 0.9958320928847871, 0.9950678175092479, 0.9978540772532188, 0.9948502507114785, 0.9957759699624531, 0.9972332015810277, 0.9964146023468058, 0.9961923565082499, 0.9976790450928382, 0.9968196902654868, 0.9971241412366193, 0.9947573397243858, 0.9965981363703594, 0.9940422996723265]
val step Accs: [0.9929129302863755, 0.9962052002810963, 0.9942514371407148, 0.993812532912059, 0.9928561979097764, 0.9943777153079478, 0.9942279942279942, 0.9944643925792939, 0.9933849401829697, 0.991378233162564, 0.9951124144672532, 0.9942873066740978, 0.9961473262444136, 0.9940215225189318, 0.9969614099058037, 0.9955591441259588]
Preds: [17, 196, 217, 217, 217, 217, 217, 473, 473, 65, 264, 264, 264, 264, 264, 264, 264, 264, 264, 264, 468, 468, 468, 467, 337, 337, 337, 324, 328, 3, 454, 197, 197, 197, 259, 354, 345, 109, 109, 109, 285, 288, 285, 313, 313, 337, 337, 337, 360, 360, 360, 360, 434, 434, 434, 200, 200, 398, 398, 324, 434, 434, 339, 339, 33, 33, 250, 250, 250, 250, 345, 153, 100, 424, 424, 424, 424, 182, 497, 497, 497, 122, 43, 75, 208, 208, 106, 481, 481, 481, 481, 426, 426, 306, 306, 372, 396, 396, 396, 313, 313, 406, 406, 495, 380, 134, 84, 84, 84, 375, 375, 375, 375, 375, 375, 98, 98, 98, 48, 48, 48, 48, 414, 414, 170, 170, 170, 170, 170, 170, 187, 187, 187, 12, 12, 12, 12, 12, 12, 12, 408, 408, 408, 391, 391, 321, 75, 478, 66, 66, 232, 172, 172, 172, 115, 267, 267, 267, 444, 374, 374, 374, 374, 139, 139, 293, 293, 497, 349, 349, 349, 349, 234, 234, 234, 261, 261, 25, 25, 30, 324, 324, 324, 464, 464, 464, 464, 180, 486, 486, 486, 486, 315, 315, 315, 315, 282, 282, 282, 388, 203, 53, 466, 466, 22, 448, 448, 448, 448, 324, 464, 464, 464, 464, 464, 315, 315, 315, 315, 315, 480, 480, 480, 480, 480, 282, 282, 282, 85, 299, 313, 334, 382, 406, 406, 406, 406, 406, 406, 380, 467, 467, 499, 302, 100, 375, 98, 375, 98, 98, 98, 13, 13, 414, 414, 414, 414, 414, 414, 414, 170, 187, 187, 187, 187, 187, 187, 391, 391, 244, 244, 244, 320, 320, 320, 83, 300, 282, 374, 337, 337, 313, 313, 24, 24, 310, 310, 107, 107, 395, 395, 485, 286, 464, 139, 139, 139, 139, 496, 216, 216, 81, 81, 81, 139, 139, 139, 240, 240, 186, 99, 107, 107, 107, 400, 400, 152, 422, 143, 143, 458, 144, 144, 27, 27, 27, 437, 437, 284, 284, 405, 405, 405, 206, 460, 460, 215, 35, 35, 35, 35, 441, 437, 100, 100, 426, 426, 375, 375, 98, 98, 98, 263, 263, 13, 13, 13, 414, 170, 170, 237, 237, 28, 244, 2, 2, 341, 2, 341, 12, 63, 63, 408, 408, 63, 391, 73, 73, 244, 321, 321, 412, 287, 287, 287, 486, 486, 460, 460, 460, 150, 150, 342, 342, 342, 342, 224, 224, 196, 116, 94, 479, 199, 464, 464, 443, 443, 258, 31, 31, 342, 232, 172, 172, 115, 273, 273, 151, 151, 486, 460, 240, 240, 35, 310, 310, 107, 161, 395, 395, 487, 494, 116, 285, 81, 302, 302, 302, 497, 497, 497, 497, 458, 208, 208, 441, 100, 153, 153, 387, 387, 387, 387, 372, 372, 406, 467, 467, 467, 467, 337, 41, 41, 41, 19, 19, 19, 19, 454, 454, 454, 454, 414, 414, 414, 102, 102, 47, 47, 170, 47, 392, 392, 392, 392, 392, 73, 244, 320, 320, 7, 7, 7, 217, 217, 217, 217, 473, 65, 65, 264, 264, 264, 264, 264, 264, 264, 264, 264, 264, 468, 468, 468, 468, 468, 467, 337, 337, 41, 41, 41, 19, 19, 19, 19, 454, 17, 106, 106, 106, 106, 106, 106, 106, 106, 106, 106, 106, 106, 106, 106, 106, 106, 106, 106, 106, 106, 106, 106, 106, 106, 106, 106, 106, 106, 106, 106, 106, 106, 106, 106, 106, 106, 106, 106, 106, 106, 106, 106, 106, 106, 106, 106, 106, 106, 106, 106, 106, 106, 106, 106, 106, 106, 106, 106, 106, 106, 106, 106, 106, 106, 106, 106, 106, 106, 106, 106, 106, 106, 106]

ep13
Train step Loss: [0.05011378601193428, 0.04048458859324455, 0.03629738837480545, 0.04725855588912964, 0.04299608990550041, 0.04043707996606827, 0.04801275581121445, 0.04240279644727707, 0.04772183671593666, 0.04541606083512306, 0.03730229660868645, 0.03639174997806549, 0.04546114429831505, 0.039066966623067856, 0.04824847728013992, 0.041507069021463394, 0.03899107128381729, 0.03495912626385689, 0.04245838150382042, 0.035228099673986435, 0.03455544263124466, 0.03598853200674057, 0.04214636981487274, 0.03454131260514259, 0.04457273334264755, 0.04457323998212814, 0.041661594063043594, 0.034768618643283844, 0.02765527367591858, 0.037076398730278015, 0.035168882459402084, 0.03214729204773903, 0.030899912118911743, 0.03084293007850647, 0.031682319939136505, 0.03083822689950466, 0.03711798042058945, 0.027259590104222298, 0.028331292793154716, 0.028116708621382713, 0.03692644089460373, 0.028721826151013374, 0.05157531052827835, 0.02254604920744896, 0.03274882957339287, 0.025471875444054604, 0.02563139982521534, 0.022851374000310898, 0.034000102430582047, 0.030538195744156837, 0.034764956682920456, 0.03297647088766098, 0.027899030596017838, 0.024551941081881523, 0.02713869698345661, 0.03162207081913948, 0.022864948958158493, 0.0280603040009737, 0.035863786935806274, 0.027097376063466072, 0.021426085382699966, 0.02034960500895977, 0.026589691638946533]
val step Loss: [0.03317391499876976, 0.031920190900564194, 0.047777511179447174, 0.036828119307756424, 0.04868018627166748, 0.06608188897371292, 0.05038284510374069, 0.05579007416963577, 0.06865976005792618, 0.03765903040766716, 0.0441112257540226, 0.0416041724383831, 0.046289898455142975, 0.02971901185810566, 0.042512957006692886, 0.06420177221298218]
Train step Accs: [0.9966901117087298, 0.9971494502511199, 0.9980058495081096, 0.9963961558996263, 0.9969931951258111, 0.9975462129887126, 0.99712400609034, 0.9973412574288395, 0.9964674297018511, 0.996620670233737, 0.9982837528604119, 0.9974014724989173, 0.997710746027471, 0.9972251585623678, 0.9962737127371274, 0.9967159277504105, 0.99750513648371, 0.9985562409765061, 0.9969413114127318, 0.9975490196078431, 0.9982514935159551, 0.9978244177117993, 0.9974577538507552, 0.9984, 0.9960827326856785, 0.9970107262176895, 0.9967611336032388, 0.9978121581497109, 0.9985746864310148, 0.997289972899729, 0.9978080475966807, 0.9982630272952854, 0.9985884567126725, 0.9986293859649122, 0.9981375548756153, 0.9988111413043478, 0.9979815455594002, 0.9988829935772131, 0.9988036687491693, 0.9989030577265872, 0.997737556561086, 0.99861476658817, 0.9949072864977802, 0.9996794871794872, 0.9978606356968215, 0.9987371965763996, 0.9993099641181341, 0.999537750385208, 0.9980816662099206, 0.9984043401946705, 0.9981708910373661, 0.9979140592407175, 0.9991695501730103, 0.9993998499624906, 0.9985415009281358, 0.9976706683390073, 0.9997167138810198, 0.9979541136928248, 0.9973368841544608, 0.9983823132919925, 0.9992149474014759, 0.9989631933644375, 0.9982295662437297]
val step Accs: [0.9981713321142214, 0.9983608624385324, 0.9970276557249935, 0.998086647533142, 0.9970819959147943, 0.994564514041672, 0.9954318344039972, 0.995475113122172, 0.9933891582194799, 0.997628927089508, 0.9966743412637503, 0.9972339146121467, 0.9966057441253263, 0.9975429975429976, 0.9975579975579976, 0.9951881014873141]
Preds: [17, 451, 360, 360, 360, 301, 143, 17, 321, 321, 320, 7, 196, 70, 473, 109, 429, 360, 360, 434, 434, 434, 19, 19, 454, 454, 454, 408, 149, 82, 82, 66, 66, 66, 68, 68, 68, 115, 115, 267, 267, 470, 139, 139, 139, 443, 443, 443, 443, 85, 146, 240, 240, 240, 216, 34, 166, 324, 324, 324, 301, 349, 349, 261, 25, 25, 183, 30, 186, 186, 99, 338, 338, 338, 338, 338, 400, 400, 267, 267, 290, 360, 246, 246, 434, 3, 3, 3, 14, 226, 321, 209, 145, 145, 145, 460, 460, 178, 215, 259, 29, 100, 100, 497, 497, 122, 368, 49, 453, 224, 168, 106, 106, 496, 496, 274, 274, 8, 82, 364, 345, 345, 81, 81, 81, 474, 324, 324, 324, 246, 434, 339, 339, 339, 217, 398, 398, 398, 398, 434, 434, 434, 199, 199, 331, 275, 282, 282, 452, 263, 263, 193, 17, 106, 106, 106, 106, 106, 106, 106, 106, 106, 106, 106, 106, 106, 106, 106, 106, 106, 106, 106, 106, 106, 106, 106, 106, 106, 106, 106, 106, 106, 106, 106, 106, 106, 106, 106, 106, 106, 106, 106, 106, 106, 106, 106, 106, 106, 106, 106, 106, 106, 106, 106, 106, 106, 106, 106, 106, 106, 106, 106, 106, 106, 106, 106, 106, 106, 106, 106, 106, 106, 106, 106, 106, 106, 106, 106, 106, 106, 106, 106, 106, 106, 106, 106, 106, 106, 106, 106, 106, 106, 106, 106, 106, 106, 106, 106, 106, 106, 106, 106, 106, 106, 106, 106, 106, 106, 106, 106, 106, 106, 106, 106, 106, 106, 106, 106, 106, 106, 106, 106, 106, 106, 106, 106, 106, 106, 106, 106, 106, 106, 106, 106, 106, 106, 106, 106, 106, 106, 106, 106, 106, 106, 106, 106, 106, 106, 106, 106, 106, 106, 106, 106, 106, 106, 106, 106, 106, 106, 106, 106, 106, 106, 106, 106, 106, 106, 106, 106, 106, 106, 106, 106, 106, 106, 106, 106, 106, 106, 106, 106, 106, 106, 106, 106, 106, 106, 106, 106, 106, 106, 106, 106, 106, 106, 106, 106, 106, 106, 106, 106, 106, 106, 106, 106, 106, 106, 106, 106, 106, 106, 106, 106, 106, 106, 106, 106, 106, 106, 106, 106, 106, 106, 106, 106, 106, 106, 106, 106, 106, 106, 106, 106, 106, 106, 106, 106, 106, 106, 106, 106, 106, 106, 106, 106, 106, 106, 106, 106, 106, 106, 106, 106, 106, 106, 106, 106, 106, 106, 106, 106, 106, 106, 106, 106, 106, 106, 106, 106, 106, 106, 106, 106, 106, 106, 106, 106, 106, 106, 106, 106, 106, 106, 106, 106, 106, 106, 106, 106, 106, 106, 106, 106, 106, 106, 106, 106, 106, 106, 106, 106, 106, 106, 106, 106, 106, 106, 106, 106, 106, 106, 106, 106, 106, 106, 106, 106, 106, 106, 106, 106, 106, 106, 106, 106, 106, 106, 106, 106, 106, 106, 106, 106, 106, 106, 106, 106, 106, 106, 106, 106, 106, 106, 106, 106, 106, 106, 106, 106, 106, 106, 106, 106, 106, 106, 106, 106, 106, 106, 106, 106, 106, 106, 106, 106, 106, 106, 106, 106, 106, 106, 106, 106, 106, 106, 106, 106, 106, 106, 106, 106, 106, 106, 106, 106, 106, 106, 106, 106, 106, 106, 106, 106, 106, 106, 106, 106, 106, 106, 106, 106, 106, 106, 106, 106, 106, 106, 106, 106, 106, 106, 106, 106, 106, 106, 106, 106, 106, 106, 106, 106, 106, 106, 106, 106, 106, 106, 106, 106, 106, 106, 106, 106, 106, 106, 106, 106, 106, 106, 106, 106, 106, 106, 106, 106, 106, 106, 106, 106]

ep14
Train step Loss: [0.024602465331554413, 0.020781084895133972, 0.025356721132993698, 0.02228601649403572, 0.022217608988285065, 0.025611605495214462, 0.026448210701346397, 0.0175546333193779, 0.027503741905093193, 0.022777283564209938, 0.021616563200950623, 0.017292361706495285, 0.02174377627670765, 0.02387796901166439, 0.02233406901359558, 0.02334178239107132, 0.02136237546801567, 0.0182875394821167, 0.02224862016737461, 0.0175861194729805, 0.03429827466607094, 0.01984037645161152, 0.01535725872963667, 0.02131243422627449, 0.02507684752345085, 0.02920619398355484, 0.02005355805158615, 0.016159024089574814, 0.018200140446424484, 0.02010389044880867, 0.01553996093571186, 0.012412168085575104, 0.020055212080478668, 0.021239209920167923, 0.020623551681637764, 0.01706811785697937, 0.02175208367407322, 0.01853957213461399, 0.01607256941497326, 0.01884404756128788, 0.020829029381275177, 0.013622136786580086, 0.01601090282201767, 0.018304917961359024, 0.016128510236740112, 0.013556252233684063, 0.013320709578692913, 0.013501386158168316, 0.016095319762825966, 0.011813677847385406, 0.023613009601831436, 0.015606631524860859, 0.011625237762928009, 0.026514500379562378, 0.020739562809467316, 0.0240608099848032, 0.018855862319469452, 0.012431980110704899, 0.015100279822945595, 0.01582295633852482, 0.014428040944039822, 0.012927969917654991, 0.012506070546805859]
val step Loss: [0.045916296541690826, 0.022202353924512863, 0.02753262035548687, 0.03868497908115387, 0.02598697878420353, 0.055199407041072845, 0.021194154396653175, 0.0227418914437294, 0.041055478155612946, 0.045552875846624374, 0.016372760757803917, 0.02481716498732567, 0.020806096494197845, 0.030492078512907028, 0.020643923431634903, 0.018541567027568817]
Train step Accs: [0.9987886129618413, 0.999408196478769, 0.9983105513745968, 0.9994955227645352, 0.9990238460465765, 0.9984423676012462, 0.998250079541839, 0.9994342291371995, 0.9979760011565708, 0.9985104942450914, 0.9985683607730852, 0.9997264396115443, 0.9991275265377345, 0.9982678983833718, 0.9984340336682761, 0.9982932913220428, 0.9989775051124744, 0.9989165763813651, 0.9990532096193903, 0.9989701338825953, 0.9963276385118952, 0.9983940042826552, 0.9998446963814257, 0.9988041853512706, 0.998677831643896, 0.9968067226890757, 0.9987280590180616, 0.9995548961424332, 0.9993413469454965, 0.9988913525498891, 0.9992908807261381, 0.9996161719549642, 0.9986936642717178, 0.9989111201851095, 0.9990586758707248, 0.9988548525622674, 0.9984851035179263, 0.9988983317595216, 0.9991444216290212, 0.9987496092528916, 0.9987562189054726, 0.9995483968086708, 0.9987993596584845, 0.9985467036596645, 0.9994330262225372, 0.9993338884263114, 0.9994675895115134, 0.9993545055512523, 0.9994044960547863, 1.0, 0.9985011581959395, 0.9992490237308501, 0.9995786516853933, 0.9976333008492273, 0.9987068408121039, 0.9980494148244473, 0.998562279440596, 0.9995596653456627, 0.9990096208262592, 0.998693948628646, 0.9991575400168492, 0.9995230524642289, 0.9996661101836394]
val step Accs: [0.9955425760836151, 0.9987328940699443, 0.9976493362831859, 0.9960760639903411, 0.9977251438511976, 0.9948221828587, 0.9984487378366944, 0.998324958123953, 0.9960758665794637, 0.9957105299571053, 0.9990836896762371, 0.9977133229028764, 0.9990151421888465, 0.997151402934055, 0.9989262705798139, 0.998740025199496]
Preds: [17, 17, 287, 287, 284, 319, 319, 319, 413, 293, 43, 43, 43, 153, 153, 153, 153, 138, 138, 297, 182, 182, 182, 182, 182, 293, 293, 497, 98, 98, 197, 197, 197, 197, 226, 209, 287, 287, 111, 111, 111, 111, 438, 388, 10, 10, 479, 479, 398, 398, 324, 301, 301, 378, 132, 53, 250, 70, 70, 138, 138, 138, 138, 138, 346, 426, 426, 426, 426, 426, 426, 426, 450, 450, 413, 203, 250, 250, 276, 440, 138, 138, 138, 138, 138, 182, 182, 98, 98, 335, 14, 14, 287, 287, 111, 111, 438, 438, 251, 251, 251, 241, 241, 431, 428, 428, 428, 428, 146, 146, 146, 252, 271, 186, 162, 54, 54, 482, 482, 482, 142, 397, 273, 487, 109, 290, 290, 290, 464, 464, 464, 464, 37, 314, 314, 32, 32, 239, 420, 420, 324, 340, 116, 116, 10, 10, 10, 250, 479, 331, 331, 284, 307, 307, 61, 61, 282, 240, 388, 76, 36, 77, 342, 68, 172, 172, 115, 267, 267, 444, 213, 213, 246, 246, 246, 246, 339, 24, 8, 32, 32, 354, 420, 41, 324, 324, 143, 143, 129, 401, 270, 68, 68, 115, 273, 273, 273, 486, 376, 376, 376, 460, 460, 460, 178, 143, 35, 401, 270, 66, 68, 342, 224, 267, 448, 448, 464, 464, 464, 180, 180, 284, 265, 265, 265, 85, 85, 85, 146, 240, 236, 314, 129, 259, 74, 425, 106, 106, 106, 206, 167, 35, 35, 35, 270, 68, 68, 115, 273, 273, 284, 486, 376, 376, 460, 460, 263, 263, 13, 233, 170, 170, 170, 170, 170, 170, 421, 28, 421, 421, 2, 2, 2, 2, 2, 2, 2, 2, 2, 316, 316, 316, 316, 73, 73, 73, 289, 66, 172, 172, 115, 397, 7, 7, 153, 153, 153, 153, 153, 387, 387, 387, 387, 348, 348, 175, 359, 81, 166, 324, 324, 464, 464, 180, 315, 319, 319, 319, 319, 413, 348, 466, 466, 466, 250, 250, 250, 473, 337, 41, 324, 324, 324, 19, 301, 76, 129, 129, 259, 354, 106, 106, 284, 319, 319, 240, 240, 314, 129, 36, 401, 478, 66, 68, 68, 68, 68, 68, 68, 115, 371, 444, 213, 213, 213, 213, 246, 246, 246, 246, 246, 246, 246, 19, 454, 414, 414, 414, 414, 414, 414, 414, 237, 47, 47, 47, 20, 20, 47, 47, 20, 47, 47, 80, 80, 73, 73, 73, 289, 320, 287, 287, 111, 460, 460, 240, 35, 35, 77, 342, 224, 168, 257, 257, 281, 31, 31, 162, 9, 482, 68, 115, 115, 273, 106, 106, 153, 424, 182, 182, 182, 375, 375, 98, 98, 197, 197, 197, 226, 80, 80, 20, 20, 320, 7, 7, 7, 359, 398, 360, 213, 360, 246, 246, 246, 246, 3, 197, 197, 440, 188, 324, 324, 422, 99, 99, 338, 338, 338, 338, 338, 400, 400, 286, 286, 278, 278, 139, 203, 8, 8, 8, 8, 100, 100, 100, 100, 375, 98, 98, 48, 48, 48, 48, 414, 414, 170, 170, 170, 47, 28, 28, 47, 2, 20, 47, 47, 20, 2, 20, 2, 2, 73, 73, 73, 73, 289, 289, 209, 287, 287, 111, 111, 240, 240, 35, 35, 36, 77, 68, 342, 172, 115, 267, 267, 213, 213, 213, 246, 246, 246, 301, 301, 378, 43, 364, 364, 276, 276, 346, 346, 428, 428, 428, 428, 428, 146, 240, 385, 35, 35, 36, 75, 108, 371, 216, 177, 457, 457, 457, 7, 196, 473, 278, 197, 457, 457, 457, 196, 309, 473, 278, 278, 301, 301, 251, 251, 241, 374, 374, 132, 132, 132, 132, 132, 132, 374, 374, 337, 337]

ep15
Train step Loss: [0.01146465539932251, 0.01431808341294527, 0.010445119813084602, 0.012947100214660168, 0.013706229627132416, 0.00859913695603609, 0.014731630682945251, 0.022207677364349365, 0.01520463079214096, 0.013928581029176712, 0.012960324063897133, 0.015303432941436768, 0.01349655818194151, 0.009147785604000092, 0.011481894180178642, 0.008964858017861843, 0.014967869967222214, 0.014309955760836601, 0.011466041207313538, 0.011230169795453548, 0.009848885238170624, 0.013637477532029152, 0.008999655023217201, 0.011072899214923382, 0.01422220841050148, 0.010704725049436092, 0.010855852626264095, 0.023465368896722794, 0.00907670147716999, 0.010132682509720325, 0.01159028522670269, 0.009943234734237194, 0.008706002496182919, 0.009581318125128746, 0.008395527489483356, 0.009572102688252926, 0.010609753429889679, 0.01711096800863743, 0.014937915839254856, 0.009756399318575859, 0.01155721116811037, 0.007430672645568848, 0.013740042224526405, 0.011348502710461617, 0.008099419064819813, 0.010148011147975922, 0.015258989296853542, 0.00913529098033905, 0.008420762605965137, 0.008751347661018372, 0.006362623069435358, 0.007953695952892303, 0.007461721543222666, 0.00855290051549673, 0.012114354409277439, 0.011491566896438599, 0.009308422915637493, 0.011259911581873894, 0.011026211082935333, 0.011669041588902473, 0.009237676858901978, 0.009790470823645592, 0.006363266613334417]
val step Loss: [0.03320823609828949, 0.022285910323262215, 0.021104244515299797, 0.025820693001151085, 0.03669504448771477, 0.01923907734453678, 0.011189382523298264, 0.016027741134166718, 0.02588789351284504, 0.014068230986595154, 0.021815333515405655, 0.016204914078116417, 0.019301917403936386, 0.021630169823765755, 0.01741032302379608, 0.028132176026701927]
Train step Accs: [0.9995628733789887, 0.9991559994373329, 0.9998560529725061, 0.9993924665856622, 0.9991039426523297, 1.0, 0.9989422786340284, 0.9982995826248261, 0.9986323851203501, 0.998978698570178, 0.9990974729241877, 0.9986392500755972, 0.9989926124916051, 0.9995059288537549, 0.9992246859978291, 0.9998619928236269, 0.9987586206896552, 0.9991345737775854, 0.9990955682845946, 0.9994279176201373, 0.9993025526572744, 0.9987877155172413, 0.9998616108497094, 0.9991457372287715, 0.9989881468632553, 0.9991721854304636, 0.9992232004142931, 0.9973946360153256, 0.9996807151979565, 0.9995689035781004, 0.9991009889121966, 0.9996640349403662, 0.9996120522436311, 0.9993712668972021, 0.9995572609208973, 0.9997087944088526, 0.999251497005988, 0.9974453590689754, 0.9985634060336946, 0.9991847193105055, 0.9992219109866168, 0.9998589960518894, 0.9990961910910264, 0.9990630855715178, 0.9995662232504338, 0.9993912646476945, 0.9985344406448461, 0.9990674127364775, 0.9997214096670846, 0.999361124421019, 0.9997089215543589, 0.9997113163972287, 0.9997171145685997, 0.9995748299319728, 0.9988212759687638, 0.9990210474791973, 0.9991617770326907, 0.9989347536617843, 0.9987439158423614, 0.9989784004670169, 0.9996626749873503, 0.9994835377663008, 1.0]
val step Accs: [0.9967966573816156, 0.9971830985915493, 0.9980203619909502, 0.9969177164299116, 0.9958394846329351, 0.998255735945257, 0.9992499062382798, 0.9983498349834984, 0.9971062422488631, 0.9988211717552753, 0.9977156678312281, 0.9984018596542206, 0.998159057437408, 0.997809259529721, 0.9982081529042856, 0.9970066774119273]
Preds: [17, 309, 479, 199, 199, 360, 360, 360, 252, 143, 35, 35, 196, 70, 65, 65, 46, 46, 46, 460, 460, 178, 35, 77, 342, 342, 342, 115, 273, 273, 486, 486, 486, 460, 460, 178, 178, 35, 183, 192, 445, 451, 213, 213, 213, 213, 246, 19, 19, 19, 19, 454, 454, 454, 414, 414, 414, 414, 442, 102, 187, 187, 187, 187, 12, 12, 12, 341, 341, 12, 260, 260, 260, 391, 391, 391, 73, 73, 289, 321, 320, 287, 287, 287, 287, 287, 284, 284, 284, 111, 111, 111, 111, 438, 438, 438, 313, 313, 250, 250, 250, 134, 378, 378, 88, 88, 109, 106, 284, 284, 284, 284, 206, 206, 206, 169, 167, 35, 35, 259, 127, 127, 114, 114, 114, 264, 264, 264, 264, 264, 264, 264, 264, 264, 264, 264, 264, 264, 264, 264, 264, 264, 468, 468, 468, 406, 406, 467, 337, 288, 288, 290, 290, 290, 330, 330, 388, 67, 250, 250, 70, 65, 65, 426, 426, 426, 426, 319, 319, 299, 348, 348, 10, 479, 331, 331, 486, 486, 486, 460, 169, 150, 150, 150, 342, 342, 342, 224, 224, 257, 257, 257, 257, 31, 31, 31, 162, 482, 482, 482, 323, 18, 272, 273, 273, 106, 106, 106, 109, 106, 355, 355, 355, 169, 169, 169, 150, 150, 39, 39, 433, 238, 142, 397, 397, 397, 397, 494, 494, 236, 36, 36, 164, 108, 115, 115, 273, 470, 403, 403, 403, 171, 171, 252, 252, 34, 34, 470, 403, 403, 171, 171, 171, 171, 171, 246, 246, 358, 252, 143, 143, 196, 196, 196, 309, 473, 473, 429, 429, 429, 434, 434, 434, 246, 19, 19, 19, 454, 454, 454, 454, 229, 229, 414, 414, 126, 126, 126, 292, 292, 292, 292, 292, 349, 408, 408, 408, 408, 408, 408, 408, 391, 244, 289, 66, 66, 66, 66, 68, 172, 115, 267, 267, 267, 267, 464, 464, 464, 464, 443, 443, 443, 240, 240, 240, 240, 325, 34, 324, 324, 324, 324, 301, 301, 422, 349, 349, 261, 25, 25, 420, 420, 324, 324, 99, 99, 99, 338, 338, 338, 338, 338, 338, 400, 400, 400, 213, 213, 213, 213, 246, 246, 246, 246, 246, 246, 3, 3, 14, 440, 440, 145, 145, 486, 460, 460, 169, 215, 35, 35, 441, 100, 100, 153, 387, 387, 122, 99, 99, 99, 107, 395, 395, 395, 134, 139, 139, 496, 497, 497, 43, 8, 8, 354, 473, 473, 109, 288, 290, 290, 290, 171, 434, 434, 434, 339, 339, 339, 398, 398, 398, 246, 246, 246, 246, 246, 246, 286, 464, 464, 264, 282, 282, 282, 282, 282, 263, 263, 263, 13, 414, 414, 414, 414, 414, 312, 312, 187, 187, 187, 23, 23, 23, 23, 23, 23, 23, 149, 149, 149, 320, 320, 7, 7, 251, 251, 241, 241, 470, 403, 403, 403, 403, 290, 290, 290, 290, 360, 434, 434, 434, 360, 360, 434, 434, 434, 434, 434, 339, 339, 10, 10, 309, 309, 479, 331, 331, 331, 331, 284, 426, 426, 426, 426, 426, 426, 282, 282, 282, 355, 355, 355, 452, 263, 263, 13, 13, 414, 414, 414, 414, 170, 170, 244, 249, 249, 244, 2, 2, 2, 2, 244, 2, 2, 73, 73, 73, 73, 244, 321, 321, 287, 287, 287, 287, 284, 284, 284, 206, 206, 206, 169, 150, 150, 54, 54, 54, 54, 482, 482, 482, 238, 272, 273, 273, 106, 106, 153, 153, 424, 182, 182, 182, 182, 182, 182, 387, 387, 387, 387, 293, 293, 293, 122, 122, 36, 36, 108, 108, 108, 449, 371, 444, 444, 278, 301, 301, 301, 8, 364]

ep16
Train step Loss: [0.005752028431743383, 0.0057158032432198524, 0.009365835227072239, 0.0072312187403440475, 0.007089077029377222, 0.011611031368374825, 0.008584711700677872, 0.009721286594867706, 0.00583218177780509, 0.00774204870685935, 0.008005070500075817, 0.009677656926214695, 0.006030132528394461, 0.011990726925432682, 0.007925024256110191, 0.0072690341621637344, 0.008355159312486649, 0.006958101876080036, 0.006726422347128391, 0.005876906681805849, 0.006018404848873615, 0.007912151515483856, 0.005485573783516884, 0.005200520157814026, 0.008987292647361755, 0.011232410557568073, 0.008749392814934254, 0.016564585268497467, 0.008521340787410736, 0.00955978874117136, 0.007402235176414251, 0.008310362696647644, 0.005698830354958773, 0.005152300465852022, 0.0063062142580747604, 0.004970627371221781, 0.006180460099130869, 0.005283981095999479, 0.0048651322722435, 0.006687147077172995, 0.008233116008341312, 0.006688913330435753, 0.006395962089300156, 0.0061620743945240974, 0.0034688818268477917, 0.00705840066075325, 0.006570050958544016, 0.006741996388882399, 0.005376412533223629, 0.0049248747527599335, 0.004185657482594252, 0.0070819975808262825, 0.0037349669728428125, 0.0047376579605042934, 0.005761146079748869, 0.007573616690933704, 0.006083381362259388, 0.0042668855749070644, 0.009397744201123714, 0.004633182659745216, 0.004167144652456045, 0.008106512017548084, 0.003912674728780985]
val step Loss: [0.017400946468114853, 0.01645238883793354, 0.00854368694126606, 0.02297963574528694, 0.03001590445637703, 0.016700083389878273, 0.0244811549782753, 0.010265612043440342, 0.008463888429105282, 0.020322835072875023, 0.016084477305412292, 0.011543714441359043, 0.010060029104351997, 0.022023824974894524, 0.009252776391804218, 0.013117465190589428]
Train step Accs: [0.9998470246290347, 0.9998294970161978, 0.9995550941717336, 0.9995722230144019, 0.9997420353411582, 0.9989657210401891, 0.9992952783650458, 0.9987915407854985, 0.9995619158878505, 0.9995725277856939, 0.9996842936069456, 0.9996587613035318, 0.999730312837109, 0.9987116722494203, 0.9994207096307024, 0.9996192410204341, 0.9996854356715948, 0.999337397296581, 0.999663129526697, 0.999864956110736, 0.9998422961677969, 0.9993943981831945, 0.9996804090763822, 0.9998776309348997, 0.9994172494172494, 0.9990383294408572, 0.9995792426367461, 0.997621250165191, 0.9991477272727273, 0.9992158912702561, 0.9994191955858864, 0.9992529508441655, 0.999853886616014, 0.9998529844163482, 0.9997394476289734, 0.999712023038157, 1.0, 0.9998507017020006, 1.0, 0.999267578125, 0.9993788819875776, 0.9997275575534669, 0.9995126705653021, 0.9998479781088476, 1.0, 0.9990782196470898, 0.9997038353324449, 0.9994630872483221, 0.9997142857142857, 0.9995573262505534, 0.9998384491114701, 0.999304008908686, 1.0, 0.9998532002348797, 0.999594430174395, 0.999589771639546, 0.999855533082924, 1.0, 0.9988597491448119, 0.9998460117031106, 0.9998300475866757, 0.9990662931839402, 1.0]
val step Accs: [0.9975439027385484, 0.998507017020006, 0.9989584689493556, 0.9966787003610108, 0.9964372238848511, 0.9981093855503038, 0.9971486761710794, 0.9987752602571953, 0.9991017579879379, 0.997511509269628, 0.9984041247237908, 0.9989156953103823, 0.9985880138060872, 0.997168666576783, 0.9991045157988998, 0.998915871639202]
Preds: [17, 479, 398, 360, 360, 171, 360, 360, 171, 434, 252, 252, 252, 252, 143, 393, 205, 441, 441, 148, 148, 346, 346, 306, 306, 306, 203, 203, 467, 65, 65, 84, 319, 319, 319, 175, 175, 251, 251, 251, 81, 81, 219, 219, 398, 398, 360, 464, 464, 464, 464, 264, 264, 468, 468, 58, 58, 156, 84, 84, 84, 426, 426, 450, 413, 98, 98, 263, 263, 13, 417, 417, 414, 414, 170, 170, 170, 170, 28, 82, 2, 2, 2, 2, 2, 2, 2, 2, 163, 316, 316, 73, 73, 81, 92, 320, 320, 320, 373, 4, 4, 219, 4, 219, 219, 219, 453, 280, 444, 444, 360, 213, 360, 213, 213, 246, 246, 246, 19, 19, 454, 454, 454, 414, 414, 414, 414, 414, 249, 249, 249, 47, 249, 249, 2, 244, 461, 316, 316, 244, 73, 73, 244, 244, 320, 320, 320, 7, 479, 398, 360, 360, 360, 171, 171, 252, 378, 173, 280, 34, 324, 324, 324, 324, 422, 143, 77, 478, 342, 342, 232, 172, 172, 115, 115, 267, 444, 171, 171, 252, 252, 301, 173, 4, 4, 4, 4, 4, 280, 280, 25, 444, 213, 213, 213, 213, 213, 246, 246, 246, 246, 19, 454, 454, 454, 454, 197, 197, 197, 197, 80, 80, 7, 7, 478, 310, 9, 9, 172, 395, 395, 470, 470, 403, 403, 403, 403, 403, 171, 207, 358, 358, 358, 225, 225, 225, 414, 197, 197, 451, 451, 451, 30, 213, 360, 360, 360, 457, 457, 457, 196, 196, 398, 398, 360, 360, 360, 360, 464, 464, 315, 315, 315, 315, 315, 315, 315, 450, 450, 450, 450, 175, 175, 43, 43, 43, 276, 276, 153, 153, 424, 497, 497, 497, 497, 175, 413, 250, 250, 413, 426, 426, 319, 319, 413, 413, 413, 381, 250, 42, 250, 88, 241, 431, 431, 426, 426, 426, 426, 426, 480, 480, 480, 480, 426, 426, 85, 85, 299, 299, 299, 299, 116, 399, 217, 473, 398, 324, 324, 324, 324, 464, 464, 464, 264, 264, 222, 222, 245, 173, 349, 349, 349, 234, 155, 155, 25, 148, 148, 153, 153, 153, 153, 387, 387, 387, 285, 134, 134, 134, 88, 88, 88, 88, 387, 497, 175, 175, 431, 431, 265, 265, 428, 85, 85, 146, 146, 146, 464, 464, 464, 464, 171, 171, 171, 325, 325, 464, 464, 464, 120, 443, 120, 120, 263, 263, 263, 263, 229, 229, 229, 312, 312, 312, 312, 292, 292, 292, 292, 23, 23, 23, 23, 23, 23, 23, 23, 260, 260, 260, 391, 391, 391, 73, 73, 244, 73, 320, 321, 320, 320, 287, 284, 284, 284, 284, 284, 284, 284, 284, 284, 284, 480, 85, 480, 85, 85, 85, 85, 85, 85, 146, 146, 207, 207, 207, 324, 464, 464, 464, 464, 464, 486, 315, 315, 315, 315, 282, 450, 450, 175, 43, 43, 276, 153, 153, 153, 297, 297, 182, 182, 182, 182, 182, 182, 372, 372, 372, 372, 372, 59, 59, 59, 467, 467, 467, 467, 134, 134, 175, 431, 431, 431, 431, 431, 480, 480, 480, 85, 85, 85, 85, 85, 299, 468, 468, 59, 467, 467, 275, 275, 275, 303, 303, 303, 303, 98, 98, 98, 233, 233, 414, 170, 209, 188, 188, 188, 19, 19, 303, 303, 282, 282, 282, 37, 303, 303, 102, 48, 48, 170, 170, 170, 249, 249, 249, 249, 249, 249, 249, 249, 98, 249, 249, 249, 249, 249, 249, 249, 249, 249, 249, 249, 249, 249, 249, 249, 441, 441, 346, 346, 284, 206, 206, 206, 167, 167, 167, 233, 170, 170, 170, 352, 352, 40, 40, 305, 237, 237, 102]

ep17
Train step Loss: [0.004408089444041252, 0.0033472273498773575, 0.00513808149844408, 0.005197119899094105, 0.006404041312634945, 0.004834165330976248, 0.003744717687368393, 0.004552873317152262, 0.004942252300679684, 0.005552459508180618, 0.0036835900973528624, 0.0059853545390069485, 0.004336654208600521, 0.0039171744138002396, 0.003781398991122842, 0.003569655353203416, 0.003530891379341483, 0.004043792374432087, 0.0037920887116342783, 0.007304788567125797, 0.00506940670311451, 0.003958771470934153, 0.010984227061271667, 0.0027222319040447474, 0.004336872603744268, 0.00412081740796566, 0.007129725068807602, 0.00429623294621706, 0.0037633110769093037, 0.006045475136488676, 0.004886653274297714, 0.005945709068328142, 0.0034075479488819838, 0.0036535607650876045, 0.002394700888544321, 0.007800509687513113, 0.003057000692933798, 0.002608668990433216, 0.0034806944895535707, 0.004089696332812309, 0.0034831371158361435, 0.005807560868561268, 0.006254868116229773, 0.0032304914202541113, 0.004093354567885399, 0.003427310148254037, 0.0032254827674478292, 0.0029622861184179783, 0.004808893892914057, 0.004891172517091036, 0.006454416550695896, 0.006270561832934618, 0.002817523432895541, 0.004602476488798857, 0.0031763347797095776, 0.0031467131339013577, 0.005454663187265396, 0.00398913724347949, 0.0034411463420838118, 0.003058559261262417, 0.006968209519982338, 0.002717243041843176, 0.004766619764268398]
val step Loss: [0.010861332528293133, 0.016886437311768532, 0.006193895358592272, 0.013136866502463818, 0.005231857765465975, 0.01619669795036316, 0.005561233498156071, 0.012261473573744297, 0.005595876835286617, 0.0235788282006979, 0.006754299160093069, 0.011318904347717762, 0.01994415558874607, 0.021256642416119576, 0.00555911660194397, 0.018262092024087906]
Train step Accs: [0.999834656084656, 1.0, 0.9996175908221797, 1.0, 0.9993293091884641, 0.9998367613450865, 0.9998627693152189, 0.9998656636217088, 0.9997260273972602, 0.9995651543701985, 0.9997465145754119, 0.9993615323224262, 0.9997052321296979, 0.9998652835780681, 0.9998631261976457, 0.9998543972044264, 0.9998586372632174, 0.9997025580011898, 0.9998606854276957, 0.9996445076430857, 0.9995883644346871, 0.9995949777237748, 0.9979350220264317, 1.0, 0.9996786632390745, 0.9997266265718973, 0.9990513619731671, 0.9996885705387729, 0.999872854418309, 0.9994540739729767, 0.9998575701467027, 0.9996744261761354, 0.999862258953168, 1.0, 1.0, 0.9990063875088715, 1.0, 1.0, 0.99984, 0.9997026906496209, 1.0, 0.999409053303392, 0.9998497370398197, 0.9998255712541427, 0.9995951417004049, 0.9998539079620161, 1.0, 0.9998601985181043, 0.9993894061975271, 0.9996977025392987, 0.9994328654473273, 0.9995447647951442, 0.9998645353562721, 0.9996957249353415, 0.9998257536156124, 0.999863331966653, 0.999447742648074, 0.9995491433724075, 0.9998464609243052, 0.9998317631224765, 0.999306230054114, 1.0, 1.0]
val step Accs: [0.9990463215258856, 0.9986646884272997, 1.0, 0.998997995991984, 0.999539453484802, 0.9984025559105432, 0.9996110967072854, 0.9989840348330914, 0.9997172345539375, 0.9973062323986776, 0.9995124923826935, 0.9993096783100925, 0.9979321250456149, 0.9983694040913134, 0.9996095783446122, 0.9978871751531798]
Preds: [17, 17, 287, 287, 284, 284, 319, 450, 450, 450, 169, 169, 76, 76, 349, 234, 234, 234, 234, 234, 234, 261, 25, 106, 25, 106, 284, 428, 428, 330, 388, 388, 10, 10, 10, 309, 479, 398, 398, 324, 324, 422, 186, 162, 162, 232, 232, 172, 172, 115, 273, 267, 267, 267, 324, 324, 3, 3, 14, 14, 411, 188, 188, 171, 443, 443, 271, 178, 143, 96, 54, 232, 232, 86, 238, 6, 336, 336, 440, 145, 145, 145, 486, 486, 460, 468, 406, 406, 406, 42, 132, 32, 32, 32, 32, 239, 82, 310, 107, 107, 107, 395, 395, 286, 286, 264, 264, 264, 120, 120, 120, 120, 120, 207, 178, 178, 143, 233, 233, 170, 170, 170, 312, 312, 170, 170, 82, 170, 170, 187, 187, 187, 244, 2, 2, 2, 2, 244, 392, 316, 316, 392, 244, 73, 73, 73, 244, 287, 287, 100, 293, 293, 43, 43, 8, 129, 144, 208, 27, 346, 106, 174, 426, 319, 348, 348, 348, 199, 199, 250, 250, 98, 197, 129, 401, 7, 7, 217, 473, 109, 109, 313, 313, 406, 285, 337, 337, 337, 324, 340, 116, 94, 94, 199, 398, 340, 340, 116, 94, 94, 479, 331, 331, 138, 138, 138, 138, 138, 182, 497, 497, 43, 416, 32, 239, 208, 208, 27, 441, 346, 426, 426, 319, 348, 348, 94, 250, 250, 303, 375, 98, 98, 98, 13, 414, 414, 170, 170, 170, 170, 170, 28, 2, 2, 244, 2, 2, 2, 2, 2, 244, 244, 73, 73, 73, 73, 244, 320, 7, 70, 473, 106, 284, 405, 206, 206, 240, 385, 35, 82, 77, 270, 323, 323, 142, 397, 106, 153, 153, 153, 153, 387, 169, 349, 349, 349, 234, 234, 234, 261, 25, 25, 100, 100, 100, 302, 497, 497, 98, 98, 98, 197, 226, 226, 226, 226, 226, 442, 209, 287, 287, 284, 284, 284, 480, 480, 480, 480, 480, 480, 480, 480, 480, 282, 282, 282, 388, 388, 388, 388, 195, 195, 195, 250, 250, 250, 250, 250, 109, 109, 109, 403, 403, 403, 207, 207, 207, 252, 416, 32, 32, 239, 75, 131, 180, 106, 153, 153, 387, 349, 349, 349, 349, 234, 261, 261, 25, 148, 148, 148, 148, 153, 182, 182, 182, 182, 406, 132, 42, 42, 495, 134, 132, 132, 98, 98, 98, 98, 13, 13, 78, 78, 170, 170, 170, 170, 312, 187, 187, 187, 187, 391, 391, 392, 392, 73, 73, 73, 244, 310, 310, 323, 323, 323, 323, 273, 106, 106, 153, 153, 153, 182, 182, 182, 182, 182, 182, 182, 182, 182, 182, 182, 345, 122, 122, 236, 129, 129, 82, 75, 310, 310, 323, 323, 273, 106, 106, 106, 100, 375, 98, 98, 98, 98, 17, 106, 106, 106, 106, 106, 106, 106, 106, 106, 106, 106, 106, 106, 106, 106, 106, 106, 106, 106, 106, 106, 106, 106, 106, 106, 106, 106, 106, 106, 106, 106, 106, 106, 106, 106, 106, 106, 106, 106, 106, 106, 106, 106, 106, 106, 106, 106, 106, 106, 106, 106, 106, 106, 106, 106, 106, 106, 106, 106, 106, 106, 106, 106, 106, 106, 106, 106, 106, 106, 106, 106, 106, 106, 106, 106, 106, 106, 106, 106, 106, 106, 106, 106, 106, 106, 106, 106, 106, 106, 106, 106, 106, 106, 106, 106, 106, 106, 106, 106, 106, 106, 106, 106, 106, 106, 106, 106, 106, 106, 106, 106, 106, 106, 106, 106, 106, 106, 106, 106, 106, 106, 106, 106, 106, 106, 106, 106, 106, 106, 106, 106, 106, 106, 106, 106, 106, 106, 106, 106, 106, 106, 106, 106, 106, 106]

ep18
Train step Loss: [0.0030797398649156094, 0.001778020872734487, 0.003243389306589961, 0.0025295112282037735, 0.0019414837006479502, 0.004369894042611122, 0.0034393754322081804, 0.00330988853238523, 0.003736398881301284, 0.003455605125054717, 0.0033867519814521074, 0.001734225545078516, 0.006044048350304365, 0.0018683291273191571, 0.0021851868368685246, 0.0051795379258692265, 0.0025988686829805374, 0.0028386819176375866, 0.002808080520480871, 0.0030663975048810244, 0.0026257389690726995, 0.0031914261635392904, 0.0035069058649241924, 0.0018638141918927431, 0.004598533269017935, 0.0017471574246883392, 0.002453549299389124, 0.0020343330688774586, 0.0030815901700407267, 0.002386129694059491, 0.0032699445728212595, 0.0054700132459402084, 0.0037498173769563437, 0.0018613312859088182, 0.007301901932805777, 0.002841307781636715, 0.0021726067643612623, 0.0016178747173398733, 0.0031435585115104914, 0.002678941935300827, 0.005318360403180122, 0.003550188150256872, 0.0021508829668164253, 0.0033876390662044287, 0.002545855240896344, 0.003142935922369361, 0.0023766530212014914, 0.001663723262026906, 0.0019857820589095354, 0.006376010365784168, 0.0016526789404451847, 0.003221518360078335, 0.0015931546222418547, 0.0020203825552016497, 0.0021576830185949802, 0.001885934267193079, 0.002392110414803028, 0.0021308136638253927, 0.003994304686784744, 0.0015257791383191943, 0.0016372211975976825, 0.004940424580127001, 0.0015703410608693957]
val step Loss: [0.0022015580907464027, 0.00611164839938283, 0.007991318590939045, 0.014051493257284164, 0.008689512498676777, 0.005115872249007225, 0.02277633547782898, 0.013273482210934162, 0.010860615409910679, 0.021740658208727837, 0.01819932460784912, 0.004547188524156809, 0.003212396753951907, 0.011932194232940674, 0.0020587218459695578, 0.00508848438039422]
Train step Accs: [0.9998372925479987, 1.0, 0.9998546088979354, 1.0, 1.0, 0.9994859272587071, 0.9997209821428571, 0.9996120020693223, 0.9998790078644888, 0.9998498723915328, 0.9998780933804705, 1.0, 0.9992916843745573, 1.0, 1.0, 0.9997531473710195, 0.9997194557441437, 0.9998595900028082, 0.9998720245712823, 0.9998729190494345, 1.0, 0.9998581359058022, 0.9998483469821049, 1.0, 0.999677523379555, 1.0, 0.9998665599145984, 1.0, 0.9998091238786028, 1.0, 0.9998549252865225, 0.9995847750865052, 0.9997020262216925, 1.0, 0.9987893462469734, 0.999870214146658, 1.0, 1.0, 0.9998455836936381, 0.999859392575928, 0.9990835497174279, 0.9996560619088564, 1.0, 1.0, 1.0, 0.9998476538695917, 1.0, 1.0, 1.0, 0.9989190858554663, 1.0, 0.999745838098869, 1.0, 0.999860002799944, 0.9998697577494139, 0.9998475609756098, 0.9998409669211196, 0.999846508058327, 0.9995655951346655, 1.0, 1.0, 0.999341129962115, 1.0]
val step Accs: [1.0, 0.9994717379820391, 0.9993630573248408, 0.9988540323735855, 0.9991240875912408, 0.9994617868675996, 0.9977939268102777, 0.9980625518959314, 0.9990894901144641, 0.9978061154531743, 0.9985891205518106, 0.9995024875621891, 0.9997409661960885, 0.998535481294102, 1.0, 0.99948625738505]
Preds: [17, 287, 111, 111, 319, 319, 348, 216, 8, 43, 345, 276, 100, 497, 497, 497, 122, 42, 42, 495, 406, 380, 380, 499, 499, 284, 481, 426, 426, 481, 481, 16, 293, 293, 293, 348, 348, 250, 250, 250, 65, 65, 65, 426, 426, 426, 426, 206, 206, 169, 169, 77, 77, 342, 342, 342, 115, 267, 267, 448, 324, 464, 464, 464, 180, 315, 315, 319, 319, 319, 282, 330, 388, 299, 116, 250, 250, 250, 10, 479, 479, 331, 180, 486, 486, 486, 460, 169, 150, 150, 342, 342, 224, 494, 494, 422, 99, 99, 338, 338, 338, 400, 400, 400, 213, 213, 324, 246, 246, 422, 186, 99, 338, 338, 338, 338, 395, 395, 400, 400, 374, 374, 374, 374, 374, 374, 139, 302, 497, 497, 497, 122, 129, 259, 74, 74, 183, 420, 213, 213, 213, 252, 143, 143, 259, 192, 192, 420, 420, 213, 324, 324, 301, 301, 173, 465, 280, 280, 420, 213, 213, 213, 213, 246, 246, 19, 19, 19, 454, 454, 414, 414, 414, 414, 170, 312, 187, 126, 126, 292, 292, 408, 408, 408, 408, 391, 391, 391, 228, 289, 373, 66, 66, 66, 68, 172, 172, 115, 115, 267, 267, 267, 267, 213, 246, 246, 246, 246, 246, 246, 246, 246, 246, 301, 301, 8, 259, 354, 106, 106, 284, 284, 376, 206, 460, 169, 169, 150, 77, 342, 342, 172, 172, 224, 196, 485, 309, 479, 331, 84, 84, 153, 153, 497, 497, 497, 43, 43, 276, 276, 346, 346, 346, 284, 486, 376, 376, 376, 460, 460, 460, 263, 263, 263, 414, 414, 414, 414, 414, 170, 170, 244, 47, 47, 73, 244, 244, 244, 321, 321, 320, 7, 7, 479, 398, 290, 290, 290, 290, 434, 434, 378, 378, 250, 406, 406, 467, 337, 337, 476, 360, 434, 434, 422, 99, 99, 99, 338, 338, 338, 400, 400, 400, 30, 464, 464, 464, 464, 240, 240, 416, 8, 259, 100, 100, 100, 100, 497, 497, 122, 122, 239, 445, 445, 445, 464, 171, 171, 171, 171, 171, 252, 416, 183, 192, 464, 464, 443, 443, 240, 203, 8, 8, 183, 183, 420, 213, 213, 213, 246, 246, 246, 246, 246, 19, 19, 19, 454, 229, 414, 414, 414, 126, 187, 408, 408, 391, 391, 73, 244, 321, 320, 320, 7, 276, 276, 346, 346, 346, 346, 387, 293, 293, 167, 35, 35, 164, 192, 192, 351, 180, 139, 139, 139, 139, 293, 122, 122, 49, 269, 9, 168, 168, 494, 69, 223, 216, 216, 144, 114, 145, 443, 443, 240, 240, 94, 199, 199, 34, 191, 356, 253, 216, 216, 22, 22, 283, 278, 99, 99, 99, 436, 60, 60, 60, 298, 125, 413, 413, 169, 186, 99, 99, 338, 338, 338, 338, 400, 400, 400, 400, 213, 213, 324, 324, 422, 186, 99, 99, 338, 338, 338, 115, 273, 273, 273, 432, 275, 446, 116, 94, 199, 331, 331, 486, 443, 120, 85, 299, 299, 251, 219, 219, 246, 41, 41, 246, 246, 246, 19, 19, 19, 19, 454, 454, 414, 414, 414, 414, 170, 170, 244, 421, 421, 73, 73, 244, 320, 321, 320, 7, 7, 374, 374, 132, 217, 217, 473, 473, 337, 41, 41, 41, 19, 19, 19, 17, 287, 106, 106, 106, 106, 106, 106, 106, 106, 106, 106, 106, 106, 106, 106, 106, 106, 106, 106, 106, 106, 106, 106, 106, 106, 106, 106, 106, 106, 106, 106, 106, 106, 106, 106, 106, 106, 106, 106, 106, 106, 106, 106, 106, 106, 106, 106, 106, 106, 106, 106, 106, 106, 106, 106, 106, 106, 106, 106, 106, 106, 106, 106]

ep19
Train step Loss: [0.0018779243109747767, 0.0036204224452376366, 0.002252333564683795, 0.0016137473285198212, 0.0014022107934579253, 0.0033629275858402252, 0.0028412556275725365, 0.0020466428250074387, 0.004178641363978386, 0.0017168594058603048, 0.0012537757866084576, 0.0025609657168388367, 0.0021399250254034996, 0.0023184928577393293, 0.002576060127466917, 0.0014789405977353454, 0.0014403844252228737, 0.0012497319839894772, 0.002429330488666892, 0.0012285120319575071, 0.0029971785843372345, 0.0014269400853663683, 0.0016039592446759343, 0.001209047855809331, 0.0031478204764425755, 0.002645173342898488, 0.0019472598796710372, 0.001354520209133625, 0.001737426151521504, 0.0024058246053755283, 0.001472951378673315, 0.0016762688755989075, 0.0012148602399975061, 0.004090132657438517, 0.0013697235845029354, 0.001835205010138452, 0.0027056930121034384, 0.0011844276450574398, 0.002405287232249975, 0.001715454738587141, 0.002176716225221753, 0.0018001459538936615, 0.001480426057241857, 0.0012041283771395683, 0.0009712229366414249, 0.0016946704126894474, 0.001686539500951767, 0.0032801504712551832, 0.001017609378322959, 0.0017653339309617877, 0.003906760830432177, 0.0008845428819768131, 0.0017179599963128567, 0.0015559891471639276, 0.003788733622059226, 0.001595554407685995, 0.0011679562740027905, 0.0009796196827664971, 0.0015107591170817614, 0.004461236298084259, 0.001719571533612907, 0.0009487408678978682, 0.0014911344042047858]
val step Loss: [0.0016897338209673762, 0.004973434377461672, 0.013418957591056824, 0.002762853167951107, 0.011389290913939476, 0.002548860153183341, 0.02057594247162342, 0.005911305081099272, 0.007222118321806192, 0.0064316787756979465, 0.002289509167894721, 0.004764073062688112, 0.013471879996359348, 0.011824971064925194, 0.014682677574455738, 0.009445528499782085]
Train step Accs: [1.0, 0.999649675950254, 1.0, 1.0, 1.0, 0.9997335109926716, 0.9998591747641177, 1.0, 0.9996647108130763, 0.9998455598455599, 1.0, 0.9998543123543123, 0.9998602375960867, 0.9998396665063332, 0.9998462011688711, 1.0, 1.0, 1.0, 0.9998703487618307, 1.0, 0.9998364677023712, 1.0, 1.0, 1.0, 0.9997146525895277, 0.9996957249353415, 0.9998825877656452, 1.0, 1.0, 0.999840230068701, 1.0, 0.999857994887816, 1.0, 0.9992619926199262, 1.0, 0.9998175515416895, 0.9998631261976457, 1.0, 0.9998510796723753, 0.9998738806911338, 1.0, 1.0, 0.9998654467168999, 1.0, 1.0, 0.9998638529611981, 0.9998528979111503, 0.9997272231314784, 1.0, 0.9998404849258254, 0.9994442900805779, 1.0, 0.9998569794050344, 0.9998574686431014, 0.9998524638536441, 1.0, 1.0, 1.0, 0.9998632946001367, 1.0, 0.9998515439429929, 1.0, 1.0]
val step Accs: [0.999859943977591, 0.9995756718528995, 0.9989951191501579, 0.9998591350894492, 0.9989986231067718, 0.9998685248488036, 0.9982403898213319, 0.9995282462554547, 0.999493670886076, 0.9995388162951576, 1.0, 1.0, 0.9989333333333333, 0.9988809623723598, 0.9987889797154103, 0.999261038241271]
Preds: [17, 17, 145, 145, 486, 460, 460, 169, 169, 349, 205, 205, 234, 234, 155, 25, 25, 148, 148, 387, 348, 348, 348, 398, 398, 398, 324, 360, 434, 434, 339, 200, 248, 473, 398, 398, 360, 360, 360, 360, 360, 360, 434, 434, 434, 246, 19, 19, 19, 454, 454, 454, 414, 414, 414, 414, 249, 80, 80, 80, 80, 321, 320, 188, 188, 188, 171, 171, 434, 434, 339, 339, 250, 345, 43, 153, 43, 43, 43, 285, 285, 285, 285, 285, 84, 139, 139, 496, 496, 293, 274, 122, 8, 75, 354, 354, 420, 420, 360, 360, 360, 360, 434, 434, 19, 19, 19, 454, 454, 48, 414, 414, 414, 414, 102, 414, 82, 82, 47, 140, 184, 184, 321, 320, 7, 7, 7, 309, 473, 473, 398, 398, 360, 360, 360, 360, 434, 434, 434, 246, 246, 246, 246, 19, 19, 454, 454, 197, 197, 197, 7, 7, 7, 219, 219, 219, 219, 219, 219, 485, 286, 286, 286, 378, 468, 406, 467, 380, 499, 180, 486, 315, 315, 315, 315, 282, 282, 388, 348, 348, 250, 250, 250, 250, 138, 138, 153, 497, 497, 349, 349, 349, 349, 234, 234, 234, 261, 261, 25, 25, 148, 148, 153, 153, 182, 98, 98, 98, 98, 98, 197, 197, 197, 440, 188, 188, 356, 356, 257, 368, 368, 31, 342, 342, 342, 168, 168, 273, 444, 444, 444, 171, 324, 324, 324, 252, 422, 77, 478, 342, 172, 115, 115, 273, 273, 486, 486, 460, 460, 460, 178, 35, 35, 35, 411, 100, 100, 100, 182, 182, 182, 182, 182, 182, 182, 182, 182, 375, 375, 375, 98, 98, 98, 13, 226, 259, 321, 209, 287, 287, 426, 426, 426, 426, 98, 98, 98, 98, 13, 17, 106, 106, 106, 106, 106, 106, 106, 106, 106, 106, 106, 106, 106, 106, 106, 106, 106, 106, 106, 106, 106, 106, 106, 106, 106, 106, 106, 106, 106, 106, 106, 106, 106, 106, 106, 106, 106, 106, 106, 106, 106, 106, 106, 106, 106, 106, 106, 106, 106, 106, 106, 106, 106, 106, 106, 106, 106, 106, 106, 106, 106, 106, 106, 106, 106, 106, 106, 106, 106, 106, 106, 106, 106, 106, 106, 106, 106, 106, 106, 106, 106, 106, 106, 106, 106, 106, 106, 106, 106, 106, 106, 106, 106, 106, 106, 106, 106, 106, 106, 106, 106, 106, 106, 106, 106, 106, 106, 106, 106, 106, 106, 106, 106, 106, 106, 106, 106, 106, 106, 106, 106, 106, 106, 106, 106, 106, 106, 106, 106, 106, 106, 106, 106, 106, 106, 106, 106, 106, 106, 106, 106, 106, 106, 106, 106, 106, 106, 106, 106, 106, 106, 106, 106, 106, 106, 106, 106, 106, 106, 106, 106, 106, 106, 106, 106, 106, 106, 106, 106, 106, 106, 106, 106, 106, 106, 106, 106, 106, 106, 106, 106, 106, 106, 106, 106, 106, 106, 106, 106, 106, 106, 106, 106, 106, 106, 106, 106, 106, 106, 106, 106, 106, 106, 106, 106, 106, 106, 106, 106, 106, 106, 106, 106, 106, 106, 106, 106, 106, 106, 106, 106, 106, 106, 106, 106, 106, 106, 106, 106, 106, 106, 106, 106, 106, 106, 106, 106, 106, 106, 106, 106, 106, 106, 106, 106, 106, 106, 106, 106, 106, 106, 106, 106, 106, 106, 106, 106, 106, 106, 106, 106, 106, 106, 106, 106, 106, 106, 106, 106, 106, 106, 106, 106, 106, 106, 106, 106, 106, 106, 106, 106, 106, 106, 106, 106, 106, 106, 106, 106, 106, 106, 106, 106, 106, 106, 106, 106, 106, 106, 106, 106, 106, 106, 106, 106, 106, 106, 106, 106, 106]

ep20
Train step Loss: [0.0011526294983923435, 0.0026348449755460024, 0.0014817281626164913, 0.003253441769629717, 0.002371613634750247, 0.0013323454186320305, 0.0009323374251835048, 0.0010301102884113789, 0.000862945627886802, 0.0011698481393978, 0.0008336554164998233, 0.0009037599083967507, 0.0010237433016300201, 0.002039086539298296, 0.0009251715964637697, 0.0010012021521106362, 0.0027861453127115965, 0.000984772341325879, 0.000906283559743315, 0.002478086156770587, 0.0014898097142577171, 0.0008217447903007269, 0.0009417750407010317, 0.0020909025333821774, 0.0008929646573960781, 0.004534067586064339, 0.0008073723292909563, 0.0031576126348227262, 0.0008171361987479031, 0.0014163797022774816, 0.0011877974029630423, 0.0011927168816328049, 0.000725806865375489, 0.0009310118621215224, 0.0009352827328257263, 0.0009656150359660387, 0.0013022636994719505, 0.0007708552875556052, 0.0008560153655707836, 0.00086487882072106, 0.003274721559137106, 0.0014811973087489605, 0.0009229482966475189, 0.0011279309401288629, 0.0006319354870356619, 0.0016194037161767483, 0.0016721213469281793, 0.0006745902355760336, 0.0010307523189112544, 0.0007340112351812422, 0.0014808053383603692, 0.0007133802282623947, 0.0009839676786214113, 0.0007445942610502243, 0.0008694863063283265, 0.0006260421359911561, 0.0009557467419654131, 0.00101578573230654, 0.0018102416070178151, 0.0015028724446892738, 0.0010046714451164007, 0.0006718095974065363, 0.003448557574301958]
val step Loss: [0.0020072616171091795, 0.01505289040505886, 0.0052068294025957584, 0.0009062316967174411, 0.013831130228936672, 0.005892613437026739, 0.0008662276668474078, 0.015411422587931156, 0.006413430906832218, 0.011780298314988613, 0.031044574454426765, 0.0007141157402656972, 0.00572931719943881, 0.0014952343190088868, 0.002721252851188183, 0.001191252376884222]
Train step Accs: [1.0, 0.999852224028373, 1.0, 0.999562363238512, 0.9998590159311997, 1.0, 1.0, 1.0, 1.0, 1.0, 1.0, 1.0, 1.0, 0.9998188077550281, 1.0, 1.0, 0.9998431372549019, 1.0, 1.0, 0.9997287767832926, 1.0, 1.0, 1.0, 0.9997374639012864, 1.0, 0.9994473611494888, 1.0, 0.9998605494352252, 1.0, 0.9998622968879096, 1.0, 1.0, 1.0, 1.0, 1.0, 1.0, 1.0, 1.0, 1.0, 1.0, 0.9997100188487749, 1.0, 1.0, 0.9998673915926269, 1.0, 0.9998817267888823, 0.9998662565199946, 1.0, 1.0, 1.0, 1.0, 1.0, 1.0, 1.0, 1.0, 1.0, 1.0, 1.0, 0.9998582565556343, 1.0, 1.0, 1.0, 0.9996924023377423]
val step Accs: [0.9998667377398721, 0.998513674197384, 0.9996938619317313, 1.0, 0.9989473684210526, 0.9996018579960185, 1.0, 0.9987210459002416, 0.9994917407878018, 0.9991868029739777, 0.9974112989188366, 1.0, 0.9995687796463993, 1.0, 0.9998779445868424, 1.0]
Preds: [17, 17, 287, 287, 319, 319, 319, 319, 348, 348, 348, 348, 250, 250, 250, 331, 138, 138, 138, 138, 182, 182, 182, 182, 182, 182, 182, 497, 497, 497, 98, 14, 14, 14, 287, 287, 287, 111, 111, 111, 111, 111, 438, 299, 388, 94, 94, 398, 398, 398, 324, 324, 301, 301, 378, 43, 88, 65, 138, 138, 153, 182, 297, 182, 297, 481, 426, 426, 284, 284, 284, 426, 426, 426, 426, 413, 413, 350, 182, 242, 497, 275, 116, 43, 43, 43, 364, 276, 346, 346, 346, 265, 111, 111, 111, 85, 438, 438, 240, 175, 175, 241, 431, 431, 428, 428, 428, 146, 146, 146, 438, 186, 186, 186, 162, 54, 482, 482, 482, 142, 115, 273, 273, 470, 288, 403, 403, 290, 171, 171, 171, 434, 252, 252, 339, 314, 212, 354, 420, 420, 324, 301, 301, 301, 301, 250, 42, 147, 380, 380, 499, 426, 426, 426, 426, 319, 282, 282, 169, 169, 77, 77, 342, 342, 115, 115, 267, 267, 267, 267, 213, 324, 246, 246, 246, 246, 434, 434, 339, 339, 398, 398, 398, 324, 324, 324, 422, 422, 422, 478, 478, 342, 115, 115, 273, 273, 273, 265, 265, 265, 265, 85, 85, 282, 282, 169, 169, 77, 77, 342, 224, 224, 267, 448, 448, 464, 464, 464, 464, 180, 58, 58, 58, 486, 486, 486, 486, 85, 85, 146, 240, 58, 58, 58, 72, 110, 110, 139, 139, 293, 293, 293, 122, 77, 342, 342, 115, 273, 273, 273, 284, 486, 486, 376, 376, 460, 460, 460, 263, 263, 229, 229, 414, 312, 312, 312, 312, 292, 292, 292, 292, 292, 23, 23, 23, 1, 1, 260, 408, 391, 391, 391, 228, 66, 66, 66, 66, 68, 172, 115, 115, 273, 273, 378, 378, 153, 153, 88, 174, 174, 174, 426, 319, 319, 293, 348, 219, 219, 219, 464, 464, 464, 180, 315, 315, 319, 319, 319, 319, 348, 348, 348, 250, 495, 495, 81, 467, 337, 337, 41, 324, 324, 3, 301, 301, 301, 8, 354, 354, 106, 106, 284, 284, 405, 206, 206, 282, 388, 169, 77, 77, 77, 453, 198, 198, 198, 198, 127, 384, 371, 267, 267, 267, 213, 213, 213, 246, 246, 246, 246, 246, 246, 246, 246, 246, 19, 454, 454, 454, 414, 414, 414, 414, 249, 249, 249, 47, 187, 187, 2, 47, 244, 73, 73, 244, 321, 320, 287, 287, 287, 284, 284, 460, 460, 460, 169, 169, 150, 453, 168, 168, 494, 50, 50, 31, 31, 31, 162, 323, 323, 224, 273, 273, 106, 106, 424, 424, 424, 424, 182, 182, 497, 497, 497, 122, 122, 122, 197, 197, 197, 197, 7, 7, 7, 309, 473, 473, 473, 398, 398, 360, 360, 360, 434, 434, 434, 434, 434, 246, 246, 246, 422, 99, 99, 338, 338, 338, 338, 338, 338, 400, 400, 400, 286, 286, 286, 374, 374, 374, 203, 203, 216, 216, 81, 275, 275, 275, 275, 275, 303, 303, 48, 48, 48, 13, 414, 414, 414, 414, 170, 170, 170, 187, 187, 12, 12, 12, 12, 408, 408, 391, 228, 244, 321, 320, 287, 287, 287, 287, 284, 284, 460, 460, 460, 460, 169, 35, 77, 77, 342, 342, 168, 267, 267, 267, 267, 213, 213, 246, 246, 246, 301, 301, 301, 378, 364, 345, 109, 346, 346, 284, 284, 428, 376, 428, 428, 146, 240, 167, 169, 35, 449, 449, 449, 449, 485, 30, 301, 301, 314, 196, 196, 250, 250, 250, 196, 196, 309, 398, 398, 398, 398, 286, 286, 374, 374, 374, 374, 374, 132, 132, 132, 132, 132, 132, 285, 285, 288, 288, 288]

ep21
Train step Loss: [0.0009096321300603449, 0.0015823050634935498, 0.002009305637329817, 0.000617015699390322, 0.0010490022832527757, 0.000971891509834677, 0.0018567489460110664, 0.0034892335534095764, 0.000877241836860776, 0.000630311609711498, 0.0022738927509635687, 0.0015378715470433235, 0.0006363477441482246, 0.001603554468601942, 0.0005232483381405473, 0.0006043310859240592, 0.001429094118066132, 0.0006360392435453832, 0.0007843436324037611, 0.00081066315760836, 0.0006149649270810187, 0.0005475261714309454, 0.000578227627556771, 0.0007541241939179599, 0.0005297589814290404, 0.0005613067769445479, 0.0009691946906968951, 0.0006244452088139951, 0.0008745617815293372, 0.001162028405815363, 0.0005909105530008674, 0.0007199855172075331, 0.0008348827832378447, 0.000670223031193018, 0.000512379570864141, 0.000489827711135149, 0.0016113900346681476, 0.0004825317591894418, 0.0006001482834108174, 0.0008896837243810296, 0.0007766761118546128, 0.0011028499575331807, 0.0005066066514700651, 0.00046135103912092745, 0.00044600278488360345, 0.0014914924977347255, 0.0007938724011182785, 0.0008089571492746472, 0.0004375817079562694, 0.0006774522480554879, 0.002252081176266074, 0.0005609478102996945, 0.0005005667917430401, 0.0006748905871063471, 0.0006063889595679939, 0.0005189611110836267, 0.0010196637595072389, 0.0004937771009281278, 0.00044817302841693163, 0.001745067653246224, 0.0008327411487698555, 0.0005120699643157423, 0.0004781616444233805]
val step Loss: [0.009798822924494743, 0.00605920422822237, 0.013044578954577446, 0.000484652875456959, 0.0007515434408560395, 0.0160903912037611, 0.008555768989026546, 0.0006660557119175792, 0.006970872171223164, 0.009961417876183987, 0.019521379843354225, 0.0038248735945671797, 0.00369415245950222, 0.00415575597435236, 0.003993876278400421, 0.002899525687098503]
Train step Accs: [1.0, 0.999863350642252, 0.9998368146214099, 1.0, 0.9998639455782313, 1.0, 0.9998574686431014, 0.9994561522773623, 1.0, 1.0, 0.9996582365003418, 0.9998679867986798, 1.0, 0.9998416468725257, 1.0, 1.0, 0.9998651564185544, 1.0, 1.0, 1.0, 1.0, 1.0, 1.0, 1.0, 1.0, 1.0, 1.0, 1.0, 1.0, 0.9998555539505994, 1.0, 1.0, 0.9998679867986798, 1.0, 1.0, 1.0, 0.9998412698412699, 1.0, 1.0, 1.0, 1.0, 1.0, 1.0, 1.0, 1.0, 1.0, 1.0, 1.0, 1.0, 1.0, 0.999757986447241, 1.0, 1.0, 1.0, 1.0, 1.0, 1.0, 1.0, 1.0, 0.9996, 1.0, 1.0, 1.0]
val step Accs: [0.9991863303498779, 0.9994855305466238, 0.9989646693412708, 1.0, 1.0, 0.9983803482251316, 0.9992619926199262, 1.0, 0.9994501718213058, 0.9991952357959119, 0.9983541352352215, 0.9997371879106439, 0.999729510413849, 0.9997412677878396, 0.9997354497354497, 0.9997893850042123]
Preds: [17, 7, 217, 217, 473, 473, 473, 476, 213, 360, 360, 252, 143, 36, 36, 75, 107, 107, 395, 395, 213, 171, 171, 171, 246, 3, 3, 3, 143, 197, 259, 354, 29, 109, 109, 288, 104, 313, 285, 337, 337, 337, 171, 360, 360, 434, 434, 200, 199, 398, 340, 340, 116, 116, 33, 466, 250, 250, 250, 250, 250, 250, 250, 43, 76, 129, 259, 441, 100, 100, 100, 497, 497, 497, 497, 43, 43, 208, 208, 106, 346, 346, 346, 306, 306, 372, 372, 396, 396, 396, 396, 396, 406, 406, 467, 303, 275, 275, 303, 303, 303, 303, 303, 48, 48, 48, 48, 417, 414, 414, 414, 170, 47, 170, 2, 244, 392, 392, 392, 244, 392, 392, 321, 321, 66, 66, 66, 66, 172, 172, 115, 115, 267, 267, 286, 286, 374, 468, 468, 139, 139, 274, 274, 399, 399, 10, 398, 398, 398, 324, 324, 324, 324, 3, 3, 3, 3, 440, 440, 145, 111, 111, 48, 240, 216, 280, 65, 111, 111, 111, 438, 253, 368, 281, 453, 9, 168, 273, 443, 443, 443, 460, 240, 240, 35, 26, 183, 183, 183, 41, 213, 213, 213, 246, 246, 246, 246, 246, 246, 246, 3, 197, 197, 259, 259, 354, 287, 287, 284, 284, 284, 376, 376, 376, 460, 460, 263, 263, 263, 13, 78, 78, 170, 170, 421, 421, 206, 206, 187, 341, 128, 128, 128, 73, 244, 73, 73, 321, 321, 320, 219, 219, 213, 213, 324, 301, 301, 143, 259, 259, 354, 437, 437, 284, 319, 319, 282, 17, 106, 106, 106, 106, 106, 106, 106, 106, 106, 106, 106, 106, 106, 106, 106, 106, 106, 106, 106, 106, 106, 106, 106, 106, 106, 106, 106, 106, 106, 106, 106, 106, 106, 106, 106, 106, 106, 106, 106, 106, 106, 106, 106, 106, 106, 106, 106, 106, 106, 106, 106, 106, 106, 106, 106, 106, 106, 106, 106, 106, 106, 106, 106, 106, 106, 106, 106, 106, 106, 106, 106, 106, 106, 106, 106, 106, 106, 106, 106, 106, 106, 106, 106, 106, 106, 106, 106, 106, 106, 106, 106, 106, 106, 106, 106, 106, 106, 106, 106, 106, 106, 106, 106, 106, 106, 106, 106, 106, 106, 106, 106, 106, 106, 106, 106, 106, 106, 106, 106, 106, 106, 106, 106, 106, 106, 106, 106, 106, 106, 106, 106, 106, 106, 106, 106, 106, 106, 106, 106, 106, 106, 106, 106, 106, 106, 106, 106, 106, 106, 106, 106, 106, 106, 106, 106, 106, 106, 106, 106, 106, 106, 106, 106, 106, 106, 106, 106, 106, 106, 106, 106, 106, 106, 106, 106, 106, 106, 106, 106, 106, 106, 106, 106, 106, 106, 106, 106, 106, 106, 106, 106, 106, 106, 106, 106, 106, 106, 106, 106, 106, 106, 106, 106, 106, 106, 106, 106, 106, 106, 106, 106, 106, 106, 106, 106, 106, 106, 106, 106, 106, 106, 106, 106, 106, 106, 106, 106, 106, 106, 106, 106, 106, 106, 106, 106, 106, 106, 106, 106, 106, 106, 106, 106, 106, 106, 106, 106, 106, 106, 106, 106, 106, 106, 106, 106, 106, 106, 106, 106, 106, 106, 106, 106, 106, 106, 106, 106, 106, 106, 106, 106, 106, 106, 106, 106, 106, 106, 106, 106, 106, 106, 106, 106, 106, 106, 106, 106, 106, 106, 106, 106, 106, 106, 106, 106, 106, 106, 106, 106, 106, 106, 106, 106, 106, 106, 106, 106, 106, 106, 106, 106, 106, 106, 106, 106, 106, 106, 106, 106, 106, 106, 106, 106, 106, 106, 106, 106, 106, 106, 106, 106, 106, 106, 106, 106, 106, 106, 106, 106, 106, 106, 106]

ep22
Train step Loss: [0.0009146218653768301, 0.0004578636144287884, 0.0017717151204124093, 0.0004242111463099718, 0.000412192806834355, 0.0004694998206105083, 0.0004145247512497008, 0.0005447585717774928, 0.0008491947082802653, 0.0014304168289527297, 0.0017201845766976476, 0.0013874128926545382, 0.00045178260188549757, 0.0014549404149875045, 0.0003644857497420162, 0.0005730782286264002, 0.0003967499651480466, 0.0013882918283343315, 0.0019014208810403943, 0.00041906669503077865, 0.0003512686234898865, 0.0010191479232162237, 0.0003487617941573262, 0.0005604088655672967, 0.00038133576163090765, 0.0005244093481451273, 0.00042975801625289023, 0.0008935792720876634, 0.000501951901242137, 0.0004778883303515613, 0.0003956418368034065, 0.00041480144136585295, 0.0012946468777954578, 0.0003789402835536748, 0.000346256245393306, 0.0005665890639647841, 0.000315710756694898, 0.00030230352422222495, 0.001370149664580822, 0.00037704905844293535, 0.0003486359491944313, 0.00032326349173672497, 0.0003522942715790123, 0.00032816777820698917, 0.00028823301545344293, 0.0005102076102048159, 0.0004174063797108829, 0.00034855175181292, 0.00032339495373889804, 0.0003245560801587999, 0.00025670064496807754, 0.0004627324524335563, 0.000278805528068915, 0.0003333329514134675, 0.0014039363013580441, 0.00030141317984089255, 0.0006928454386070371, 0.00028489442775025964, 0.0002862576802726835, 0.002464217133820057, 0.0003290337626822293, 0.0002709776454139501, 0.0006156462477520108]
val step Loss: [0.00506508257240057, 0.001768354675732553, 0.018214423209428787, 0.006821799091994762, 0.02980450913310051, 0.00046804736484773457, 0.00045186569332145154, 0.00037804327439516783, 0.003801485290750861, 0.008008229546248913, 0.01372680813074112, 0.006724485661834478, 0.00037774816155433655, 0.00042280449997633696, 0.01073576882481575, 0.001523410202935338]
Train step Accs: [1.0, 1.0, 0.9998436278342455, 1.0, 1.0, 1.0, 1.0, 1.0, 1.0, 0.9998586172769688, 0.9997207873795896, 0.99985121261717, 1.0, 0.9998268997749697, 1.0, 1.0, 1.0, 0.999854163628409, 0.999741301254689, 1.0, 1.0, 1.0, 1.0, 1.0, 1.0, 1.0, 1.0, 0.9998490338164251, 1.0, 1.0, 1.0, 1.0, 0.9998473515493818, 1.0, 1.0, 1.0, 1.0, 1.0, 0.9998410932782457, 1.0, 1.0, 1.0, 1.0, 1.0, 1.0, 1.0, 1.0, 1.0, 1.0, 1.0, 1.0, 1.0, 1.0, 1.0, 1.0, 1.0, 1.0, 1.0, 1.0, 0.9996050032916393, 1.0, 1.0, 1.0]
val step Accs: [0.9995901079382429, 0.9998637973304276, 0.9981787615578593, 0.9994274262811337, 0.9974367190003204, 1.0, 1.0, 1.0, 0.9997325845701297, 0.9993545888731121, 0.9988504095416008, 0.999389797412741, 1.0, 1.0, 0.9991056598952345, 0.9997954591941092]
Preds: [17, 17, 287, 287, 284, 284, 111, 85, 85, 330, 388, 67, 67, 212, 34, 242, 359, 250, 250, 217, 217, 217, 473, 473, 398, 290, 171, 171, 246, 246, 246, 246, 246, 318, 471, 471, 49, 49, 269, 323, 9, 395, 219, 219, 213, 246, 246, 246, 246, 19, 19, 19, 454, 229, 229, 417, 170, 392, 392, 392, 392, 392, 392, 392, 392, 392, 244, 435, 289, 201, 289, 66, 66, 323, 323, 397, 106, 302, 274, 274, 122, 129, 129, 321, 75, 144, 445, 445, 351, 351, 403, 403, 290, 290, 290, 171, 434, 434, 434, 434, 434, 434, 246, 246, 19, 19, 143, 129, 401, 82, 75, 445, 445, 445, 180, 171, 171, 171, 416, 143, 458, 445, 445, 464, 464, 171, 171, 171, 301, 143, 129, 259, 75, 74, 74, 420, 213, 213, 213, 213, 246, 246, 246, 246, 246, 19, 117, 48, 197, 197, 197, 197, 197, 7, 188, 422, 31, 162, 162, 68, 68, 68, 68, 68, 115, 115, 267, 444, 286, 286, 286, 374, 374, 132, 42, 42, 42, 42, 42, 147, 147, 337, 337, 213, 213, 324, 246, 246, 143, 422, 422, 49, 323, 323, 219, 219, 219, 324, 464, 464, 464, 464, 180, 315, 315, 315, 315, 315, 450, 450, 450, 413, 303, 43, 43, 276, 276, 153, 182, 182, 182, 182, 182, 375, 98, 98, 98, 98, 233, 414, 170, 170, 392, 392, 392, 63, 63, 63, 63, 63, 63, 63, 63, 63, 63, 63, 63, 63, 63, 392, 73, 289, 320, 320, 82, 287, 287, 353, 353, 467, 499, 376, 376, 376, 460, 460, 169, 150, 150, 342, 224, 224, 494, 494, 236, 129, 36, 77, 66, 68, 115, 273, 273, 319, 319, 319, 388, 388, 348, 64, 64, 64, 64, 473, 473, 398, 324, 324, 464, 464, 464, 139, 319, 319, 282, 319, 203, 53, 53, 70, 70, 65, 46, 46, 46, 438, 438, 175, 175, 81, 166, 324, 324, 301, 301, 339, 10, 479, 398, 398, 464, 464, 464, 464, 486, 376, 376, 460, 460, 263, 263, 78, 78, 78, 170, 170, 392, 392, 392, 392, 63, 63, 63, 63, 63, 63, 63, 63, 63, 63, 63, 63, 63, 63, 63, 63, 63, 73, 392, 244, 289, 289, 321, 7, 309, 479, 473, 331, 290, 171, 171, 171, 171, 434, 434, 434, 3, 3, 335, 14, 14, 287, 287, 145, 111, 450, 450, 43, 43, 43, 182, 182, 43, 88, 109, 109, 207, 207, 324, 324, 324, 301, 8, 32, 239, 239, 75, 354, 371, 420, 213, 213, 246, 246, 19, 19, 454, 129, 401, 401, 401, 80, 80, 320, 321, 354, 380, 380, 499, 499, 288, 288, 288, 120, 120, 120, 282, 282, 37, 37, 37, 243, 243, 233, 310, 310, 107, 107, 107, 338, 338, 447, 447, 439, 17, 106, 106, 106, 106, 106, 106, 106, 106, 106, 106, 106, 106, 106, 106, 106, 106, 106, 106, 106, 106, 106, 106, 106, 106, 106, 106, 106, 106, 106, 106, 106, 106, 106, 106, 106, 106, 106, 106, 106, 106, 106, 106, 106, 106, 106, 106, 106, 106, 106, 106, 106, 106, 106, 106, 106, 106, 106, 106, 106, 106, 106, 106, 106, 106, 106, 106, 106, 106, 106, 106, 106, 106, 106, 106, 106, 106, 106, 106, 106, 106, 106, 106, 106, 106, 106, 106, 106, 106, 106, 106, 106, 106, 106, 106, 106, 106, 106, 106, 106, 106, 106, 106, 106, 106, 106, 106, 106, 106, 106, 106, 106, 106, 106, 106, 106, 106, 106, 106, 106, 106, 106, 106, 106, 106, 106, 106, 106, 106, 106, 106, 106, 106, 106, 106, 106]

ep23
Train step Loss: [0.0002717254392337054, 0.0023408187553286552, 0.0012422507861629128, 0.0002362708910368383, 0.00024386600125581026, 0.00030893381335772574, 0.0003266778658144176, 0.0003307842998765409, 0.000247158866841346, 0.0003145907539874315, 0.0003957924200221896, 0.0006914956611581147, 0.00025627072318457067, 0.0003395146341063082, 0.00028833598480559886, 0.00023460775264538825, 0.0003407306794542819, 0.0002602308813948184, 0.000459186703665182, 0.0002214595297118649, 0.00032967873266898096, 0.0003422863665036857, 0.00020788820984307677, 0.001074830535799265, 0.001107690273784101, 0.00024003298312891275, 0.0002452363260090351, 0.00025956067838706076, 0.00023338390747085214, 0.00022694918152410537, 0.0002479062823113054, 0.0006031531374901533, 0.0011578932171687484, 0.00018432400247547776, 0.00019136417540721595, 0.0002020027459366247, 0.0002983649610541761, 0.0005334827001206577, 0.00023525657888967544, 0.002733816858381033, 0.0002646249777171761, 0.0001928437704918906, 0.00022038366296328604, 0.0001874018635135144, 0.0010703090811148286, 0.0020138451363891363, 0.00019392024842090905, 0.00018618062313180417, 0.00036995660047978163, 0.00019092064758297056, 0.0002747180114965886, 0.0004053062293678522, 0.00023013429017737508, 0.00035080750240013003, 0.0001925741962622851, 0.00019626927678473294, 0.0001636861270526424, 0.00017720877076499164, 0.0002305488014826551, 0.0006243764073587954, 0.00015363586135208607, 0.00021604655194096267, 0.0001897593610920012]
val step Loss: [0.0031303311698138714, 0.003326690522953868, 0.00811829511076212, 0.011426065117120743, 0.02033727429807186, 0.0002999314456246793, 0.00027056416729465127, 0.005120866000652313, 0.0011684660566970706, 0.004805047996342182, 0.0058809854090213776, 0.0004544130351860076, 0.004549222998321056, 0.019865168258547783, 0.00503417756408453, 0.013093079440295696]
Train step Accs: [1.0, 0.9996518711923411, 0.9998657537924553, 1.0, 1.0, 1.0, 1.0, 1.0, 1.0, 1.0, 1.0, 0.9998563837426396, 1.0, 1.0, 1.0, 1.0, 1.0, 1.0, 1.0, 1.0, 1.0, 1.0, 1.0, 0.9998751560549314, 0.9998639270649068, 1.0, 1.0, 1.0, 1.0, 1.0, 1.0, 0.9998593134496342, 0.9997190221972464, 1.0, 1.0, 1.0, 1.0, 1.0, 1.0, 0.9995070653959908, 1.0, 1.0, 1.0, 1.0, 1.0, 0.999713672154617, 1.0, 1.0, 1.0, 1.0, 1.0, 1.0, 1.0, 1.0, 1.0, 1.0, 1.0, 1.0, 1.0, 1.0, 1.0, 1.0, 1.0]
val step Accs: [0.9997573698896033, 0.9997534820658203, 0.9993231352375795, 0.9990277777777777, 0.9982324949014276, 1.0, 1.0, 0.9995783555867884, 0.9998578333807222, 0.9995899398578458, 0.999502796768179, 1.0, 0.999297950014041, 0.9983216783216783, 0.9995831017231795, 0.9988866622133156]
Preds: [17, 309, 479, 479, 331, 278, 443, 443, 271, 169, 150, 478, 54, 54, 224, 224, 273, 273, 273, 494, 494, 498, 264, 468, 468, 468, 468, 468, 467, 337, 337, 337, 337, 328, 434, 339, 33, 10, 309, 479, 331, 331, 331, 84, 84, 84, 426, 426, 426, 16, 375, 375, 375, 375, 98, 98, 98, 263, 13, 13, 13, 414, 102, 102, 442, 187, 187, 187, 187, 187, 187, 341, 341, 341, 341, 341, 341, 341, 341, 341, 163, 163, 163, 163, 244, 63, 366, 63, 163, 63, 63, 63, 63, 73, 244, 73, 7, 7, 7, 7, 7, 7, 7, 7, 354, 420, 420, 213, 213, 213, 213, 213, 213, 213, 246, 246, 246, 246, 246, 246, 246, 246, 246, 3, 3, 3, 188, 188, 188, 177, 177, 301, 143, 143, 8, 259, 354, 354, 109, 109, 278, 278, 171, 171, 171, 171, 171, 171, 246, 246, 246, 246, 246, 246, 246, 246, 422, 186, 338, 338, 338, 338, 338, 338, 400, 400, 400, 400, 267, 324, 324, 464, 464, 434, 434, 339, 143, 77, 77, 478, 108, 54, 172, 395, 395, 400, 286, 286, 464, 464, 464, 264, 264, 443, 315, 315, 315, 282, 282, 282, 282, 282, 203, 203, 203, 43, 43, 43, 43, 43, 276, 182, 182, 182, 182, 182, 182, 182, 182, 182, 182, 497, 497, 81, 89, 89, 275, 275, 59, 59, 59, 406, 406, 406, 406, 495, 134, 134, 302, 302, 375, 375, 375, 375, 122, 130, 130, 130, 196, 196, 309, 479, 398, 398, 464, 464, 464, 84, 84, 88, 88, 43, 43, 43, 43, 43, 276, 153, 174, 174, 387, 426, 319, 413, 348, 348, 348, 64, 219, 398, 398, 464, 464, 464, 365, 120, 120, 282, 282, 282, 282, 263, 263, 263, 263, 414, 414, 414, 414, 187, 187, 187, 187, 187, 187, 2, 2, 392, 392, 392, 392, 392, 392, 73, 244, 73, 73, 75, 75, 310, 323, 323, 323, 377, 397, 106, 106, 106, 153, 153, 153, 424, 182, 182, 182, 182, 182, 182, 182, 182, 182, 182, 182, 497, 497, 497, 122, 122, 122, 36, 310, 310, 323, 323, 115, 273, 106, 106, 106, 481, 387, 387, 293, 293, 293, 175, 81, 35, 207, 188, 324, 324, 324, 301, 143, 143, 35, 259, 354, 354, 345, 109, 109, 109, 355, 355, 355, 355, 376, 376, 376, 376, 376, 376, 376, 376, 376, 486, 460, 460, 460, 460, 169, 35, 259, 75, 354, 114, 180, 486, 486, 486, 460, 460, 169, 150, 150, 449, 449, 449, 119, 351, 486, 486, 486, 460, 240, 240, 368, 449, 449, 449, 371, 324, 324, 324, 464, 464, 464, 378, 88, 88, 375, 375, 98, 98, 263, 417, 129, 259, 208, 441, 441, 441, 100, 100, 100, 182, 182, 375, 98, 98, 98, 48, 13, 13, 414, 170, 170, 170, 170, 170, 28, 28, 28, 63, 63, 63, 63, 392, 63, 63, 63, 2, 2, 2, 2, 2, 63, 63, 63, 63, 63, 63, 63, 63, 63, 63, 316, 316, 73, 73, 73, 73, 244, 321, 321, 287, 287, 287, 287, 287, 284, 284, 284, 284, 284, 450, 450, 450, 450, 450, 88, 88, 43, 276, 174, 174, 174, 387, 387, 387, 250, 250, 248, 248, 394, 32, 239, 354, 219, 398, 398, 464, 171, 171, 171, 171, 171, 171, 246, 252, 143, 310, 310, 99, 107, 107, 447, 400, 400, 400, 30, 477, 477, 374, 374, 374, 132, 132, 274, 186, 186, 186, 162, 482, 482, 482, 482, 482, 482, 482, 115, 273, 273, 106, 106, 424, 424, 293, 497, 497, 122, 122, 75, 310, 310, 445, 107, 107]

ep24
Train step Loss: [0.00019012775737792253, 0.00017505811410956085, 0.0004941492807120085, 0.0008671905961818993, 0.0008244160562753677, 0.00015057146083563566, 0.0001969987351913005, 0.00019746538600884378, 0.00029668895876966417, 0.00015954782429616898, 0.00014925957657396793, 0.0001476348115829751, 0.0016415170393884182, 0.00018422662105876952, 0.00013988168211653829, 0.0001539800432510674, 0.0002036530786426738, 0.00016271273489110172, 0.0009305588318966329, 0.00020577180839609355, 0.00024998822482302785, 0.0001454418379580602, 0.0001608986931387335, 0.0001359721936751157, 0.0001334927510470152, 0.00015403986617457122, 0.00016303936718031764, 0.00013848468370269984, 0.0018830621847882867, 0.0001379882887704298, 0.00014640083827544004, 0.00013665357255376875, 0.00013102525554131716, 0.00022246553271543235, 0.00020781408238690346, 0.0001940528309205547, 0.00011839180660899729, 0.00020688904623966664, 0.0001255839306395501, 0.0001934511528816074, 0.00014211189409252256, 0.00013191394100431353, 0.00011582204751903191, 0.00010786046914290637, 0.00014192081289365888, 0.0001487164554418996, 0.00037024187622591853, 0.000955633819103241, 0.00019829589291475713, 0.00010633382044034079, 0.0001408660173183307, 0.0015590552939102054, 0.0008638580911792815, 0.0008128775516524911, 0.00012190814595669508, 0.00021874331287108362, 0.00011236405407544225, 0.0001318745780736208, 0.00017737795133143663, 0.0010656422236934304, 0.00012547968071885407, 0.00010710737842600793, 0.000107920917798765]
val step Loss: [0.014896925538778305, 0.00012194988812552765, 0.01156405545771122, 0.0074979392811656, 0.00010699803533498198, 0.02134094201028347, 0.007658091839402914, 0.004384271334856749, 0.00014156675024423748, 0.0057359300553798676, 0.003885293146595359, 0.007772304583340883, 0.005387785378843546, 0.007366972044110298, 0.0002251106343464926, 0.0061396765522658825]
Train step Accs: [1.0, 1.0, 1.0, 0.9998677948175568, 0.9998798654493032, 1.0, 1.0, 1.0, 1.0, 1.0, 1.0, 1.0, 0.9998466963053809, 1.0, 1.0, 1.0, 1.0, 1.0, 0.9998696558915537, 1.0, 1.0, 1.0, 1.0, 1.0, 1.0, 1.0, 1.0, 1.0, 0.999710773680405, 1.0, 1.0, 1.0, 1.0, 1.0, 1.0, 1.0, 1.0, 1.0, 1.0, 1.0, 1.0, 1.0, 1.0, 1.0, 1.0, 1.0, 1.0, 1.0, 1.0, 1.0, 1.0, 0.9996905461859817, 1.0, 0.9998750780762024, 1.0, 1.0, 1.0, 1.0, 1.0, 0.9998496014438262, 1.0, 1.0, 1.0]
val step Accs: [0.9987688098495212, 1.0, 0.9990355469826399, 0.9993741198560475, 1.0, 0.9982016876469775, 0.9993441762854145, 0.9996442968935262, 1.0, 0.9994494150034412, 0.9993169398907104, 0.9993536711478801, 0.9995894347885589, 0.9993671887359595, 1.0, 0.9993870044953004]
Preds: [17, 287, 100, 387, 387, 98, 98, 35, 129, 129, 129, 401, 414, 458, 144, 27, 437, 426, 426, 426, 426, 426, 426, 426, 167, 263, 263, 414, 414, 414, 414, 414, 414, 414, 225, 225, 225, 7, 7, 7, 473, 109, 286, 286, 286, 286, 264, 264, 468, 468, 468, 406, 406, 467, 337, 337, 337, 171, 171, 171, 171, 3, 3, 3, 3, 3, 3, 197, 197, 197, 196, 196, 479, 398, 398, 360, 360, 116, 33, 33, 465, 309, 479, 331, 374, 374, 132, 153, 182, 182, 182, 182, 98, 98, 43, 8, 197, 440, 100, 100, 100, 497, 497, 43, 8, 129, 259, 144, 27, 27, 106, 106, 284, 426, 426, 426, 206, 206, 285, 285, 382, 382, 406, 406, 406, 467, 467, 134, 134, 100, 375, 375, 98, 98, 98, 48, 263, 263, 263, 13, 414, 414, 237, 237, 170, 47, 47, 47, 47, 80, 80, 80, 80, 289, 320, 320, 7, 309, 479, 331, 324, 324, 422, 143, 143, 458, 465, 144, 27, 351, 180, 486, 315, 319, 319, 282, 388, 348, 466, 64, 212, 76, 465, 354, 420, 448, 324, 464, 464, 464, 180, 355, 376, 460, 460, 263, 263, 13, 229, 229, 229, 82, 312, 312, 312, 292, 292, 292, 292, 292, 23, 23, 23, 23, 23, 260, 149, 391, 391, 391, 391, 244, 73, 73, 73, 244, 209, 287, 287, 111, 111, 460, 460, 178, 35, 35, 77, 232, 232, 68, 232, 172, 115, 267, 267, 267, 267, 324, 246, 246, 246, 19, 454, 197, 197, 197, 197, 197, 197, 7, 196, 473, 331, 443, 443, 443, 330, 330, 143, 76, 76, 36, 259, 310, 107, 395, 395, 106, 106, 88, 88, 88, 405, 405, 405, 405, 206, 206, 206, 206, 240, 35, 35, 36, 77, 342, 342, 172, 115, 115, 267, 267, 444, 213, 324, 246, 3, 301, 197, 197, 197, 197, 197, 414, 82, 209, 287, 100, 100, 182, 182, 182, 182, 182, 182, 182, 182, 182, 387, 387, 206, 206, 122, 122, 314, 239, 401, 401, 259, 75, 384, 371, 93, 171, 171, 171, 171, 385, 314, 314, 32, 239, 354, 473, 470, 264, 264, 290, 264, 264, 264, 264, 264, 468, 468, 94, 199, 41, 41, 41, 19, 19, 454, 454, 454, 414, 414, 414, 414, 170, 170, 170, 312, 126, 126, 292, 408, 408, 408, 408, 408, 149, 73, 244, 73, 244, 209, 83, 287, 284, 284, 460, 240, 240, 240, 35, 35, 77, 77, 342, 342, 224, 224, 267, 444, 324, 324, 324, 301, 3, 335, 14, 14, 14, 226, 411, 411, 100, 424, 424, 424, 43, 43, 43, 32, 32, 239, 208, 208, 100, 100, 100, 497, 497, 98, 98, 98, 48, 13, 414, 414, 414, 170, 170, 244, 80, 244, 209, 287, 100, 481, 481, 375, 98, 178, 129, 129, 401, 82, 144, 208, 441, 441, 346, 346, 405, 206, 206, 452, 263, 17, 106, 106, 106, 106, 106, 106, 106, 106, 106, 106, 106, 106, 106, 106, 106, 106, 106, 106, 106, 106, 106, 106, 106, 106, 106, 106, 106, 106, 106, 106, 106, 106, 106, 106, 106, 106, 106, 106, 106, 106, 106, 106, 106, 106, 106, 106, 106, 106, 106, 106, 106, 106, 106, 106, 106, 106, 106, 106, 106, 106, 106, 106, 106, 106, 106, 106, 106, 106, 106, 106, 106, 106, 106, 106, 106, 106, 106, 106, 106, 106, 106, 106, 106, 106, 106, 106, 106, 106, 106, 106, 106, 106, 106, 106, 106, 106, 106, 106, 106, 106, 106, 106, 106, 106, 106, 106, 106, 106, 106, 106, 106, 106, 106, 106, 106, 106, 106, 106, 106]

ep25
Train step Loss: [0.0002061187260551378, 0.00015034235548228025, 0.00011545311281224713, 0.00012360837718006223, 0.0001026243407977745, 9.967148071154952e-05, 0.0008832262246869504, 0.00045192663674242795, 0.00013907144602853805, 0.00011486107541713864, 8.572789374738932e-05, 9.81037228484638e-05, 0.0008693427662365139, 0.00010518971976125613, 9.555977158015594e-05, 0.0001042028670781292, 9.666474943514913e-05, 0.0001702532754279673, 0.00011042659753002226, 9.068391227629036e-05, 9.082619362743571e-05, 0.00011996830289717764, 0.000138466086355038, 0.0001083204842871055, 0.00010752139496617019, 0.0002021792170125991, 0.00011435110354796052, 9.600913472240791e-05, 0.0003019737487193197, 9.402845171280205e-05, 8.861198148224503e-05, 9.129978570854291e-05, 9.676778427092358e-05, 8.367685222765431e-05, 0.0008287550299428403, 0.00010161326645174995, 0.0001023811855702661, 0.0007727002957835793, 7.693104271311313e-05, 8.409907604800537e-05, 7.815497519914061e-05, 0.0008134895469993353, 0.0004426687373779714, 0.0011389610590413213, 0.0004116396594326943, 7.325956539716572e-05, 9.657668124418706e-05, 9.234844765160233e-05, 7.922408258309588e-05, 0.0001460462372051552, 7.461987115675583e-05, 7.572581671411172e-05, 7.149617886170745e-05, 7.89091718615964e-05, 0.0006056555430404842, 7.52125124563463e-05, 0.00157111044973135, 0.00011617952986853197, 7.173918129410595e-05, 7.284096500370651e-05, 6.522201147163287e-05, 0.000985630787909031, 6.754723290214315e-05]
val step Loss: [0.007884659804403782, 0.015086386352777481, 0.012467147782444954, 9.574399882694706e-05, 8.825677650747821e-05, 0.012524652294814587, 0.00011487895244499668, 0.009538016282022, 0.010582887567579746, 0.013993647880852222, 0.00012556287401821464, 0.0034239108208566904, 0.0001004202276817523, 0.011645784601569176, 0.0050185793079435825, 0.00011919278040295467]
Train step Accs: [1.0, 1.0, 1.0, 1.0, 1.0, 1.0, 0.9998629198080877, 1.0, 1.0, 1.0, 1.0, 1.0, 0.99985121261717, 1.0, 1.0, 1.0, 1.0, 1.0, 1.0, 1.0, 1.0, 1.0, 1.0, 1.0, 1.0, 1.0, 1.0, 1.0, 1.0, 1.0, 1.0, 1.0, 1.0, 1.0, 0.999860061572908, 1.0, 1.0, 0.9998647917793402, 1.0, 1.0, 1.0, 0.999867197875166, 1.0, 0.9997318315902387, 1.0, 1.0, 1.0, 1.0, 1.0, 1.0, 1.0, 1.0, 1.0, 1.0, 1.0, 1.0, 0.9997206703910615, 1.0, 1.0, 1.0, 1.0, 0.9998419971559488, 1.0]
val step Accs: [0.999003984063745, 0.9987421383647799, 0.9989459418762234, 1.0, 1.0, 0.9989943973567016, 1.0, 0.9991306507699951, 0.9990508474576271, 0.9988399071925754, 1.0, 0.9997308572197551, 1.0, 0.9990350151640475, 0.9995799495939512, 1.0]
Preds: [17, 17, 486, 486, 460, 460, 169, 178, 35, 35, 259, 208, 208, 441, 100, 153, 153, 497, 122, 129, 129, 129, 458, 208, 208, 437, 346, 346, 405, 405, 206, 98, 263, 263, 263, 439, 417, 414, 249, 249, 249, 249, 249, 249, 305, 237, 237, 237, 237, 170, 28, 249, 82, 305, 249, 82, 28, 40, 289, 40, 435, 435, 435, 198, 159, 159, 159, 159, 21, 21, 260, 260, 260, 391, 391, 228, 289, 82, 320, 287, 287, 287, 111, 111, 460, 169, 169, 99, 338, 338, 338, 338, 338, 338, 400, 400, 400, 444, 213, 213, 213, 246, 246, 246, 246, 246, 246, 422, 99, 99, 338, 338, 338, 338, 338, 400, 400, 400, 485, 286, 286, 286, 374, 374, 374, 132, 132, 134, 132, 132, 132, 132, 132, 132, 132, 132, 132, 132, 132, 132, 132, 132, 197, 197, 197, 197, 197, 197, 197, 414, 414, 414, 82, 354, 420, 213, 213, 213, 213, 246, 246, 434, 434, 374, 132, 132, 43, 43, 43, 250, 364, 276, 346, 174, 480, 480, 480, 480, 282, 282, 282, 282, 388, 303, 303, 217, 473, 473, 398, 324, 464, 301, 457, 129, 401, 197, 7, 7, 354, 276, 109, 265, 428, 428, 428, 146, 207, 207, 207, 3, 3, 3, 454, 197, 197, 197, 197, 197, 197, 7, 79, 147, 456, 456, 456, 456, 374, 374, 42, 42, 42, 147, 132, 132, 132, 132, 132, 132, 132, 399, 196, 479, 479, 331, 134, 153, 98, 457, 457, 197, 7, 217, 473, 473, 398, 213, 324, 324, 324, 246, 19, 19, 454, 454, 454, 454, 229, 229, 82, 247, 126, 126, 126, 126, 292, 292, 23, 23, 23, 23, 23, 23, 260, 391, 391, 391, 228, 392, 392, 392, 83, 287, 287, 319, 319, 319, 203, 348, 250, 250, 250, 276, 174, 109, 109, 403, 171, 324, 324, 324, 464, 301, 26, 251, 251, 251, 241, 241, 431, 486, 319, 319, 330, 388, 348, 466, 466, 250, 199, 199, 81, 290, 290, 290, 171, 324, 324, 3, 301, 301, 8, 129, 259, 259, 354, 354, 106, 284, 405, 206, 240, 385, 35, 77, 77, 342, 323, 142, 142, 485, 152, 477, 374, 374, 153, 153, 153, 182, 43, 43, 43, 276, 346, 346, 346, 428, 428, 428, 330, 388, 388, 94, 199, 398, 398, 340, 340, 116, 94, 94, 199, 134, 153, 43, 43, 43, 276, 276, 276, 153, 387, 387, 387, 387, 240, 240, 385, 35, 36, 483, 483, 14, 440, 411, 287, 302, 302, 302, 293, 497, 122, 122, 36, 269, 449, 224, 494, 494, 416, 416, 144, 27, 180, 443, 330, 388, 94, 199, 199, 464, 464, 464, 120, 330, 253, 368, 453, 453, 168, 168, 494, 278, 99, 99, 436, 436, 60, 395, 106, 125, 426, 426, 413, 388, 64, 394, 76, 239, 310, 107, 395, 485, 485, 286, 464, 139, 496, 496, 496, 496, 274, 416, 129, 129, 144, 208, 441, 437, 153, 426, 426, 372, 396, 348, 199, 250, 413, 375, 98, 98, 98, 197, 414, 320, 7, 473, 473, 286, 286, 286, 468, 468, 406, 406, 337, 337, 41, 324, 19, 454, 454, 13, 229, 229, 414, 170, 170, 170, 170, 82, 28, 187, 244, 187, 187, 187, 12, 40, 40, 12, 163, 392, 435, 435, 435, 392, 73, 73, 73, 320, 320, 7, 188, 324, 340, 340, 116, 94, 479, 331, 331, 153, 153, 387, 387, 387, 497, 43, 416, 129, 458, 208, 208, 106, 106, 387, 372, 372, 406, 406, 406, 413, 413, 375, 375, 98, 98, 98, 414, 414, 414, 414, 414, 414, 170, 47, 47, 47, 244, 80]

ep26
Train step Loss: [6.806061719544232e-05, 8.266940130852163e-05, 6.177379691507667e-05, 7.491625001421198e-05, 7.92161954450421e-05, 0.0007622088887728751, 6.606856914004311e-05, 6.204095552675426e-05, 7.094753527780995e-05, 5.86324131290894e-05, 6.8355628172867e-05, 0.0010236083762720227, 6.992919952608645e-05, 7.190262112999335e-05, 0.00012673444871325046, 5.451240576803684e-05, 7.092852320056409e-05, 6.410956120816991e-05, 7.719535642536357e-05, 6.757473602192476e-05, 5.880456592421979e-05, 6.350481999106705e-05, 0.0002592641394585371, 6.318827217910439e-05, 8.448031439911574e-05, 6.804751319577917e-05, 0.0009761618566699326, 6.439879507524893e-05, 5.5700144002912566e-05, 4.917851401842199e-05, 5.348400736693293e-05, 5.1459654059726745e-05, 6.015507460688241e-05, 5.940300252404995e-05, 6.394026422640309e-05, 5.068030804977752e-05, 5.404398325481452e-05, 0.00012103738845326006, 5.170322401681915e-05, 5.054721259512007e-05, 4.380665268399753e-05, 5.48622956557665e-05, 0.0007936251349747181, 7.855552394175902e-05, 4.517685010796413e-05, 3.963922063121572e-05, 7.004410144872963e-05, 0.0001369890378555283, 4.447508035809733e-05, 0.0015650378772988915, 0.0004458014736883342, 5.455268546938896e-05, 0.00029415838071145117, 5.246801083558239e-05, 4.802753755939193e-05, 9.96304297586903e-05, 0.0008687145309522748, 6.456531991716474e-05, 0.0001796009310055524, 3.936738721677102e-05, 4.1521147068124264e-05, 4.35299843957182e-05, 0.0028732330538332462]
val step Loss: [0.0014854648616164923, 0.019862091168761253, 0.004796007182449102, 0.006846032105386257, 7.64756987337023e-05, 0.003353655803948641, 0.009195182472467422, 8.395082841161638e-05, 0.0006992192938923836, 5.5472268286393955e-05, 0.014588172547519207, 0.018654976040124893, 0.003367430530488491, 6.605825910810381e-05, 0.01956597901880741, 0.00012683600652962923]
Train step Accs: [1.0, 1.0, 1.0, 1.0, 1.0, 0.9998627881448957, 1.0, 1.0, 1.0, 1.0, 1.0, 0.9997217971901516, 1.0, 1.0, 1.0, 1.0, 1.0, 1.0, 1.0, 1.0, 1.0, 1.0, 1.0, 1.0, 1.0, 1.0, 0.9998289721224559, 1.0, 1.0, 1.0, 1.0, 1.0, 1.0, 1.0, 1.0, 1.0, 1.0, 1.0, 1.0, 1.0, 1.0, 1.0, 0.9998374776531773, 1.0, 1.0, 1.0, 1.0, 1.0, 1.0, 0.9997001049632629, 1.0, 1.0, 1.0, 1.0, 1.0, 1.0, 0.9998473282442748, 1.0, 1.0, 1.0, 1.0, 1.0, 0.9994479712945074]
val step Accs: [0.9998647369132964, 0.9983976693372177, 0.9996012759170654, 0.9993530857808255, 1.0, 0.9997338656021291, 0.9992330111980365, 1.0, 0.9998672331386086, 1.0, 0.9987996799146439, 0.9980141843971632, 0.9997408319295062, 1.0, 0.9983836206896551, 1.0]
Preds: [17, 309, 479, 479, 398, 278, 17, 17, 465, 77, 77, 54, 142, 108, 119, 351, 351, 494, 498, 468, 468, 468, 468, 467, 337, 337, 337, 337, 434, 339, 339, 94, 479, 331, 331, 84, 84, 84, 426, 426, 16, 375, 375, 375, 98, 98, 98, 98, 13, 13, 414, 259, 170, 187, 187, 442, 442, 187, 341, 2, 2, 244, 341, 341, 341, 2, 163, 2, 163, 244, 63, 63, 63, 244, 73, 73, 73, 73, 320, 320, 320, 7, 7, 7, 7, 219, 420, 420, 213, 213, 213, 213, 213, 213, 246, 246, 246, 246, 246, 246, 246, 3, 3, 3, 464, 188, 177, 177, 301, 216, 259, 354, 109, 109, 109, 403, 171, 171, 171, 171, 171, 246, 246, 246, 246, 246, 324, 422, 186, 99, 338, 338, 338, 338, 338, 400, 400, 400, 30, 464, 171, 171, 252, 252, 143, 36, 310, 310, 54, 107, 395, 395, 485, 286, 286, 464, 365, 365, 315, 315, 315, 315, 282, 282, 282, 282, 282, 413, 413, 43, 43, 43, 276, 138, 138, 138, 182, 182, 182, 182, 182, 182, 182, 426, 282, 282, 282, 282, 303, 303, 94, 199, 331, 84, 302, 302, 496, 375, 375, 130, 130, 130, 402, 196, 196, 309, 398, 398, 464, 464, 264, 468, 406, 406, 88, 43, 43, 43, 276, 276, 174, 174, 387, 413, 348, 348, 33, 398, 398, 398, 398, 464, 464, 443, 355, 355, 282, 460, 263, 263, 263, 263, 414, 414, 414, 187, 187, 187, 187, 187, 47, 47, 244, 392, 392, 73, 73, 73, 244, 75, 75, 310, 310, 323, 377, 397, 106, 106, 374, 153, 153, 424, 182, 182, 182, 182, 182, 182, 182, 497, 497, 497, 497, 122, 122, 129, 36, 310, 323, 108, 119, 437, 106, 106, 481, 481, 139, 293, 81, 81, 299, 299, 146, 324, 324, 422, 301, 143, 259, 354, 345, 109, 109, 109, 355, 355, 355, 355, 355, 355, 355, 355, 355, 355, 287, 287, 460, 460, 169, 215, 35, 259, 354, 431, 265, 111, 428, 428, 438, 438, 368, 31, 449, 449, 351, 486, 486, 443, 443, 240, 240, 449, 449, 449, 324, 324, 324, 477, 464, 464, 132, 132, 132, 381, 465, 465, 465, 259, 441, 441, 100, 100, 100, 100, 100, 375, 98, 98, 98, 48, 13, 13, 414, 170, 170, 170, 170, 28, 28, 28, 28, 63, 63, 63, 63, 244, 2, 2, 2, 2, 2, 63, 63, 63, 63, 63, 63, 244, 73, 73, 73, 73, 244, 321, 412, 287, 287, 287, 287, 284, 284, 284, 284, 450, 450, 450, 450, 16, 43, 43, 276, 276, 174, 387, 497, 497, 43, 43, 43, 8, 239, 219, 219, 464, 464, 476, 171, 171, 171, 171, 252, 252, 143, 99, 99, 338, 338, 445, 219, 219, 30, 477, 477, 374, 374, 132, 132, 186, 186, 186, 162, 482, 482, 482, 482, 482, 115, 273, 273, 106, 106, 424, 497, 497, 122, 122, 259, 310, 445, 445, 445, 351, 213, 213, 213, 324, 324, 19, 19, 19, 454, 197, 259, 7, 7, 188, 398, 398, 464, 171, 171, 252, 457, 457, 8, 364, 345, 109, 109, 109, 284, 284, 376, 376, 206, 206, 206, 167, 167, 35, 411, 100, 100, 100, 375, 98, 98, 98, 233, 259, 259, 441, 441, 100, 100, 100, 481, 387, 375, 98, 98, 98, 98, 13, 414, 414, 170, 170, 170, 170, 28, 2, 2, 2, 244, 2, 244, 63, 63, 63, 244, 63, 63, 392, 63, 73, 244, 73, 73, 73, 321, 320, 320, 7, 7, 487, 374, 374, 374, 374, 374, 374, 132, 132, 274, 274, 88, 288, 337, 337]

