ep1
Train step Loss: [6.212463855743408, 6.209354877471924, 6.204500675201416, 6.200225830078125, 6.192940711975098, 6.1933913230896, 6.182642459869385, 6.1789960861206055, 6.178350448608398, 6.169707775115967, 6.1627302169799805, 6.156214237213135, 6.141035079956055, 6.122659683227539, 6.129715442657471, 6.119604587554932, 6.107346057891846, 6.082357883453369, 6.0606794357299805, 6.0637526512146, 6.057875156402588, 6.02103853225708, 6.0077667236328125, 5.997071743011475, 5.9545464515686035, 5.937526226043701, 5.911581993103027, 5.875293254852295, 5.876317977905273, 5.838279724121094, 5.803356170654297, 5.802844047546387, 5.790041446685791, 5.768575191497803, 5.7650885581970215, 5.71026611328125, 5.690458297729492, 5.656107425689697, 5.692678451538086, 5.667631149291992, 5.646275997161865, 5.634928226470947, 5.534994602203369, 5.547714710235596, 5.63968563079834, 5.556421279907227, 5.534151554107666, 5.552806377410889, 5.504337310791016, 5.617956638336182, 5.455409526824951, 5.568097114562988, 5.489795207977295, 5.444234848022461, 5.486908912658691, 5.484127044677734, 5.421110153198242, 5.427667140960693, 5.499057769775391, 5.360956192016602, 5.505200386047363, 5.472927093505859, 5.4035468101501465]
val step Loss: [5.710672378540039, 5.621164798736572, 5.648313522338867, 5.697947978973389, 5.646615505218506, 5.668127059936523, 5.644687652587891, 5.654898166656494, 5.758050918579102, 5.64043664932251, 5.729734420776367, 5.643487930297852, 5.676701545715332, 5.636116027832031, 5.65479040145874, 5.723062992095947]
Train step Accs: [0.0011953778722273874, 0.00015566625155666251, 0.005625462620281273, 0.012758528068761751, 0.031105506515342583, 0.034903518728717366, 0.05657855657855658, 0.038449612403100776, 0.032228954492716254, 0.05000847601288354, 0.05124174787802578, 0.039400428265524624, 0.03138657131505761, 0.05123415610406938, 0.023918647951876253, 0.03221895028581327, 0.026048284625158832, 0.03910191725529768, 0.03374777975133215, 0.035954168312919796, 0.024126586244712516, 0.03257942918686053, 0.027788649706457925, 0.027201346045989904, 0.02919203099059214, 0.029146537842190016, 0.03490423387096774, 0.049508043104794626, 0.03693887692562531, 0.030332544872686797, 0.0628722700198544, 0.03285787060621498, 0.02407566638005159, 0.053145647802355644, 0.04016521862982481, 0.03653460767689225, 0.0432550178932628, 0.05055469737396433, 0.028929188255613126, 0.022111582955044663, 0.03, 0.026629509211952316, 0.054917692626919354, 0.05053661187338677, 0.028140229523659802, 0.03819759160947818, 0.03635526921306949, 0.03413709021945272, 0.03654850233580654, 0.024193548387096774, 0.04461457233368532, 0.022029778182923124, 0.036851683348498636, 0.04334455996485576, 0.03683083511777302, 0.02291448255204433, 0.047187880898485114, 0.0337546468401487, 0.02507462686567164, 0.05188536953242836, 0.023507355062013267, 0.030918881361820392, 0.031071655041217502]
val step Accs: [0.007415931466564378, 0.011725067385444744, 0.0075570411277430605, 0.005523408732246186, 0.019063896923481462, 0.018710493046776234, 0.016308568470100957, 0.0015727766657134686, 0.0010464355788096795, 0.01238390092879257, 0.005626344530862155, 0.02033476276110112, 0.007147673634524612, 0.020533095268460654, 0.011216963736939152, 0.010717896865520727]
Preds: [63, 63, 63, 63, 63, 63, 63, 63, 63, 63, 63, 63, 63, 63, 63, 63, 63, 63, 63, 63, 63, 63, 63, 63, 63, 63, 63, 63, 63, 63, 63, 63, 63, 63, 63, 63, 63, 63, 63, 63, 63, 63, 63, 63, 63, 63, 63, 63, 63, 63, 63, 63, 63, 63, 63, 63, 63, 63, 63, 63, 63, 63, 63, 63, 63, 63, 63, 63, 63, 63, 63, 63, 63, 63, 63, 63, 63, 63, 63, 63, 63, 63, 63, 63, 63, 63, 63, 63, 63, 63, 63, 63, 63, 63, 63, 63, 63, 63, 63, 63, 63, 63, 63, 63, 63, 63, 63, 63, 63, 63, 63, 63, 63, 63, 63, 63, 63, 63, 63, 63, 63, 63, 63, 63, 63, 63, 63, 63, 63, 63, 63, 63, 63, 63, 63, 63, 63, 63, 63, 63, 63, 63, 63, 63, 63, 63, 63, 63, 63, 63, 63, 63, 63, 63, 63, 63, 63, 63, 63, 63, 63, 63, 63, 63, 63, 63, 63, 63, 63, 63, 63, 63, 63, 63, 63, 63, 63, 63, 63, 63, 63, 63, 63, 63, 63, 63, 63, 63, 63, 63, 63, 63, 63, 63, 63, 63, 63, 63, 63, 63, 63, 63, 63, 63, 63, 63, 63, 63, 63, 63, 63, 63, 63, 63, 63, 63, 63, 63, 63, 63, 63, 63, 63, 63, 63, 63, 63, 63, 63, 63, 63, 63, 63, 63, 63, 63, 63, 63, 63, 63, 63, 63, 63, 63, 63, 63, 63, 63, 63, 63, 63, 63, 63, 63, 63, 63, 63, 63, 63, 63, 63, 63, 63, 63, 63, 63, 63, 63, 63, 63, 63, 63, 63, 63, 63, 63, 63, 63, 63, 63, 63, 63, 63, 63, 63, 63, 63, 63, 63, 63, 63, 63, 63, 63, 63, 63, 63, 63, 63, 63, 63, 63, 63, 63, 63, 63, 63, 63, 63, 63, 63, 63, 63, 63, 63, 63, 63, 63, 63, 63, 63, 63, 63, 63, 63, 63, 63, 63, 63, 63, 63, 63, 63, 63, 63, 63, 63, 63, 63, 63, 63, 63, 63, 63, 63, 63, 63, 63, 63, 63, 63, 63, 63, 63, 63, 63, 63, 63, 63, 63, 63, 63, 63, 63, 63, 63, 63, 63, 63, 63, 63, 63, 63, 63, 63, 63, 63, 63, 63, 63, 63, 63, 63, 63, 63, 63, 63, 63, 63, 63, 63, 63, 63, 63, 63, 63, 63, 63, 63, 63, 63, 63, 63, 63, 63, 63, 63, 63, 63, 63, 63, 63, 63, 63, 63, 63, 63, 63, 63, 63, 63, 63, 63, 63, 63, 63, 63, 63, 63, 63, 63, 63, 63, 63, 63, 63, 63, 63, 63, 63, 63, 63, 63, 63, 63, 63, 63, 63, 63, 63, 63, 63, 63, 63, 63, 63, 63, 63, 63, 63, 63, 63, 63, 63, 63, 63, 63, 63, 63, 63, 63, 63, 63, 63, 63, 63, 63, 63, 63, 63, 63, 63, 63, 63, 63, 63, 63, 63, 63, 63, 63, 63, 63, 63, 63, 63, 63, 63, 63, 63, 63, 63, 63, 63, 63, 63, 63, 63, 63, 63, 63, 63, 63, 63, 63, 63, 63, 63, 63, 63, 63, 63, 63, 63, 63, 63, 63, 63, 63, 63, 63, 63, 63, 63, 63, 63, 63, 63, 63, 63, 63, 63, 63, 63, 63, 63, 63, 63, 63, 63, 63, 63, 63, 63, 63, 63, 63, 63, 63, 63, 63, 63, 63, 63, 63, 63, 63, 63, 63, 63, 63, 63, 63, 63, 63, 63, 63, 63, 63, 63, 63, 63, 63, 63, 63, 63, 63, 63, 63, 63, 63, 63, 63, 63, 63, 63, 63, 63, 63, 63]

ep2
Train step Loss: [5.402527809143066, 5.492750644683838, 5.457121849060059, 5.405678749084473, 5.335034370422363, 5.396169662475586, 5.346199035644531, 5.3988261222839355, 5.454321384429932, 5.406397342681885, 5.371514797210693, 5.400417327880859, 5.37843132019043, 5.386005401611328, 5.409739017486572, 5.384876251220703, 5.432600975036621, 5.382608890533447, 5.367581844329834, 5.380876064300537, 5.477563858032227, 5.383950710296631, 5.391498565673828, 5.417082786560059, 5.358262062072754, 5.394529819488525, 5.367009162902832, 5.332948207855225, 5.356348037719727, 5.344227313995361, 5.2061920166015625, 5.32108736038208, 5.368381977081299, 5.289532661437988, 5.3487749099731445, 5.322630405426025, 5.34552526473999, 5.309238910675049, 5.368945598602295, 5.3679375648498535, 5.357027053833008, 5.35371732711792, 5.240808486938477, 5.267639636993408, 5.394015789031982, 5.311013698577881, 5.31987190246582, 5.331480026245117, 5.295313835144043, 5.440451145172119, 5.258963108062744, 5.3992743492126465, 5.316825866699219, 5.254694938659668, 5.3069281578063965, 5.334414005279541, 5.236407279968262, 5.255399227142334, 5.349998474121094, 5.1767897605896, 5.3581929206848145, 5.322547435760498, 5.246279716491699]
val step Loss: [5.624545574188232, 5.517033100128174, 5.54457426071167, 5.6001787185668945, 5.5299882888793945, 5.557925224304199, 5.526800632476807, 5.564188003540039, 5.678091049194336, 5.5346527099609375, 5.647434711456299, 5.529615879058838, 5.579471588134766, 5.510620594024658, 5.553677558898926, 5.630194664001465]
Train step Accs: [0.028423429406295657, 0.022571606475716065, 0.01628423390081421, 0.0351866774106903, 0.06066974919433936, 0.03064699205448354, 0.0495990495990496, 0.035968992248062014, 0.02462292123243522, 0.03559925411086625, 0.0433825840930525, 0.03297644539614561, 0.028473049927161966, 0.05043362241494329, 0.023918647951876253, 0.03221895028581327, 0.026048284625158832, 0.03910191725529768, 0.03374777975133215, 0.035954168312919796, 0.024126586244712516, 0.03257942918686053, 0.027788649706457925, 0.027201346045989904, 0.02919203099059214, 0.029146537842190016, 0.03503024193548387, 0.049508043104794626, 0.03693887692562531, 0.030332544872686797, 0.0628722700198544, 0.03285787060621498, 0.02407566638005159, 0.053145647802355644, 0.04016521862982481, 0.03653460767689225, 0.0432550178932628, 0.05055469737396433, 0.028929188255613126, 0.022111582955044663, 0.03, 0.026629509211952316, 0.0551943560658459, 0.050944165194946336, 0.0282974375098255, 0.03819759160947818, 0.038502837858567264, 0.04632890815497155, 0.04506732618851333, 0.03194180898165718, 0.07167370644139387, 0.042084472804618654, 0.06930542917804064, 0.06325962805681652, 0.053818700927908636, 0.03699266137486895, 0.07069475883684485, 0.05323420074349442, 0.04880597014925373, 0.07873303167420814, 0.04153446783963081, 0.050720861559840194, 0.05707038681039949]
val step Accs: [0.028640838767421045, 0.0362533692722372, 0.0254323499491353, 0.025512887953708575, 0.038390744149355775, 0.039443742098609354, 0.03701786176546725, 0.03002573634543895, 0.01792020928711576, 0.033281733746130034, 0.02548403111037564, 0.05090607276248444, 0.030209035738368174, 0.04501976788674914, 0.03641671788567916, 0.024671385237613752]
Preds: [63, 63, 63, 392, 392, 392, 392, 246, 246, 246, 246, 246, 246, 246, 246, 246, 246, 246, 246, 246, 246, 246, 246, 246, 246, 246, 246, 246, 246, 246, 246, 246, 392, 392, 392, 392, 392, 392, 392, 246, 246, 246, 246, 246, 246, 246, 246, 246, 246, 246, 246, 246, 392, 392, 246, 246, 246, 246, 246, 246, 246, 246, 392, 392, 392, 392, 392, 392, 392, 392, 392, 392, 246, 246, 392, 392, 392, 392, 392, 392, 392, 392, 392, 392, 392, 392, 392, 392, 392, 392, 392, 392, 392, 392, 392, 392, 246, 246, 246, 246, 246, 246, 246, 246, 246, 246, 246, 246, 246, 246, 246, 246, 246, 246, 246, 246, 246, 246, 246, 246, 246, 392, 392, 392, 392, 392, 392, 392, 392, 392, 392, 392, 392, 246, 246, 246, 246, 246, 246, 246, 246, 246, 246, 246, 246, 246, 246, 246, 246, 246, 246, 246, 246, 246, 246, 246, 246, 246, 246, 246, 246, 246, 246, 246, 246, 246, 246, 246, 246, 246, 246, 246, 246, 246, 392, 392, 392, 392, 392, 246, 246, 246, 246, 246, 246, 246, 246, 246, 246, 246, 246, 246, 246, 246, 246, 246, 246, 246, 246, 246, 246, 246, 246, 246, 246, 246, 246, 246, 392, 246, 246, 392, 392, 392, 392, 392, 392, 392, 392, 63, 63, 63, 63, 63, 63, 63, 63, 63, 63, 63, 392, 392, 392, 392, 392, 392, 392, 392, 392, 392, 392, 63, 63, 63, 63, 63, 63, 63, 63, 63, 63, 63, 63, 63, 63, 63, 63, 63, 63, 63, 63, 63, 63, 63, 392, 392, 392, 392, 392, 392, 392, 246, 246, 246, 246, 246, 246, 246, 246, 246, 246, 246, 246, 246, 246, 246, 246, 246, 246, 246, 246, 246, 246, 246, 246, 246, 246, 246, 392, 392, 392, 392, 392, 246, 246, 246, 246, 246, 392, 392, 392, 392, 392, 392, 392, 392, 392, 392, 246, 246, 246, 246, 246, 246, 246, 246, 246, 246, 246, 246, 246, 246, 246, 246, 246, 246, 246, 392, 392, 392, 392, 392, 246, 246, 246, 246, 392, 392, 392, 392, 392, 392, 392, 392, 392, 392, 392, 392, 392, 392, 392, 63, 63, 63, 63, 392, 392, 392, 392, 392, 392, 392, 392, 392, 392, 392, 392, 392, 392, 246, 246, 246, 246, 246, 246, 246, 392, 392, 392, 392, 392, 392, 392, 392, 392, 392, 392, 392, 392, 392, 392, 246, 246, 246, 246, 392, 392, 392, 392, 392, 392, 392, 392, 392, 392, 392, 392, 246, 246, 246, 246, 246, 246, 246, 246, 246, 246, 246, 246, 246, 246, 246, 246, 246, 246, 246, 246, 246, 246, 246, 246, 246, 246, 246, 246, 246, 246, 246, 246, 246, 392, 392, 392, 392, 392, 392, 392, 392, 392, 392, 392, 392, 392, 392, 392, 392, 392, 392, 392, 392, 392, 392, 392, 392, 392, 392, 392, 392, 392, 392, 392, 392, 392, 392, 392, 392, 392, 392, 392, 392, 392, 392, 392, 392, 392, 392, 392, 392, 392, 392, 246, 246, 246, 246, 246, 392, 392, 392, 392, 392, 392, 392, 392, 392, 392, 392, 392, 392, 392, 392, 392, 392, 392, 392, 392, 392, 392, 392, 392, 392, 392, 392, 392, 392, 392, 392, 392, 392, 392, 392, 392, 392, 392, 392, 392, 392, 392, 392, 392, 392, 392, 392, 392, 392, 392, 392, 392, 392, 392, 392, 392, 392, 392, 392, 392, 392, 392, 392, 392, 392, 392, 392, 392, 392, 392, 392, 392, 392, 392, 392, 392, 392, 392, 392, 392, 392, 392, 392, 392, 392, 392, 392, 392, 392, 392, 392, 392, 392, 392, 392]

ep3
Train step Loss: [5.299658298492432, 5.309650421142578, 5.342419624328613, 5.157050132751465, 5.305880546569824, 5.198440074920654, 5.211407661437988, 5.295891761779785, 5.329281806945801, 5.2462921142578125, 5.299956321716309, 5.317887783050537, 5.156703472137451, 5.262543201446533, 5.277039051055908, 5.2132887840271, 5.184597015380859, 5.365591049194336, 5.178752899169922, 5.269859313964844, 5.29630184173584, 5.210925579071045, 5.259559631347656, 5.14776611328125, 5.233099937438965, 5.1526312828063965, 5.0691237449646, 5.117292404174805, 5.188082695007324, 5.198704242706299, 5.217897891998291, 5.167601108551025, 5.210975646972656, 5.110860347747803, 5.185488224029541, 5.1646199226379395, 5.227112293243408, 5.2169108390808105, 5.154465675354004, 5.17902135848999, 5.163217067718506, 5.185007572174072, 5.157434940338135, 5.072309970855713, 5.102843761444092, 5.277259826660156, 5.118079662322998, 5.1176252365112305, 5.145114421844482, 5.0749664306640625, 5.083845138549805, 5.214703559875488, 5.198514461517334, 5.219216823577881, 5.075241565704346, 5.040285587310791, 5.114498138427734, 5.241959571838379, 4.937897682189941, 5.0268402099609375, 5.147363185882568, 5.038118362426758, 5.183282375335693]
val step Loss: [5.490842819213867, 5.460992813110352, 5.47975492477417, 5.455996513366699, 5.512910842895508, 5.3474345207214355, 5.49207878112793, 5.489022254943848, 5.522754192352295, 5.4714813232421875, 5.463479518890381, 5.419297695159912, 5.39121150970459, 5.4077959060668945, 5.384821891784668, 5.384853839874268]
Train step Accs: [0.04204698488702678, 0.045608795982082256, 0.050244349419670126, 0.07126076742364917, 0.03663929248262792, 0.07134268537074148, 0.0593572197447332, 0.04561262707330123, 0.04028837998303647, 0.058137819093994396, 0.05506829618979152, 0.04248672289909403, 0.07362599377808503, 0.05627079415593809, 0.05656745150303569, 0.07035964277093894, 0.07439613526570048, 0.03283420530398701, 0.06968215158924206, 0.051142546245919476, 0.05346118481544726, 0.053713428357089275, 0.048457529229468936, 0.06774006382361474, 0.055006266536694055, 0.07033686837180286, 0.08976312508657709, 0.07497940126338917, 0.06078191814294441, 0.060168302945301545, 0.056588520614389654, 0.05870307167235495, 0.0577716643741403, 0.07628276804571997, 0.06340361445783133, 0.07198848184290514, 0.0554380664652568, 0.06115581565471836, 0.06351956113757759, 0.0628207396920899, 0.057829515583927904, 0.05820520866018199, 0.05479096338613347, 0.08040048543689321, 0.06807576173483393, 0.0482897384305835, 0.07403314917127071, 0.06460519050248481, 0.05710121886592475, 0.0841024114319738, 0.0738457322920948, 0.05793991416309013, 0.06261010977097167, 0.056320400500625784, 0.077733860342556, 0.09436114732724903, 0.07065294034691863, 0.054045092838196286, 0.11186393805309734, 0.07812749640517655, 0.07100059916117435, 0.0693684366218015, 0.06404527852249031]
val step Accs: [0.031819496673416256, 0.04905130007027407, 0.03874031492126968, 0.04160084254870985, 0.03452837676941394, 0.06414515716841299, 0.031746031746031744, 0.0466786355475763, 0.04095707248416608, 0.04998125702861427, 0.03751221896383187, 0.04625888254145186, 0.05994760363692402, 0.054204862495017936, 0.043299908842297175, 0.05450141299959629]
Preds: [17, 392, 171, 171, 213, 213, 213, 213, 213, 213, 213, 213, 213, 213, 213, 414, 414, 414, 414, 414, 414, 414, 171, 171, 171, 246, 246, 246, 246, 246, 246, 246, 246, 246, 246, 213, 213, 213, 213, 414, 414, 414, 213, 213, 213, 213, 246, 246, 246, 246, 246, 213, 213, 213, 213, 213, 246, 246, 246, 246, 246, 246, 246, 213, 213, 213, 213, 246, 246, 246, 246, 246, 246, 246, 246, 213, 213, 414, 414, 414, 414, 414, 171, 213, 213, 213, 246, 213, 213, 213, 213, 213, 213, 213, 213, 213, 213, 213, 213, 414, 414, 213, 213, 213, 213, 213, 213, 414, 414, 414, 414, 414, 414, 414, 414, 392, 392, 392, 392, 392, 392, 392, 392, 392, 392, 392, 63, 63, 63, 63, 63, 63, 63, 63, 63, 63, 63, 392, 392, 392, 392, 392, 392, 392, 392, 392, 392, 392, 392, 171, 171, 171, 171, 171, 171, 213, 213, 246, 246, 246, 246, 246, 246, 213, 213, 213, 213, 213, 213, 414, 414, 414, 414, 414, 414, 414, 414, 414, 414, 392, 414, 171, 246, 246, 246, 246, 246, 246, 246, 246, 246, 246, 246, 213, 213, 213, 213, 414, 414, 414, 171, 171, 171, 414, 414, 414, 414, 392, 392, 392, 414, 414, 414, 414, 414, 414, 414, 414, 414, 414, 414, 414, 414, 414, 414, 414, 414, 414, 414, 171, 171, 171, 171, 213, 246, 246, 246, 246, 246, 246, 246, 246, 246, 213, 213, 213, 414, 414, 414, 414, 414, 392, 392, 392, 392, 392, 392, 392, 392, 392, 63, 63, 63, 63, 63, 63, 63, 63, 63, 63, 63, 392, 392, 392, 320, 320, 171, 213, 213, 213, 213, 213, 213, 213, 213, 213, 213, 213, 213, 213, 213, 213, 213, 213, 213, 213, 213, 213, 213, 213, 246, 246, 246, 246, 246, 213, 213, 213, 213, 213, 213, 213, 213, 213, 213, 213, 213, 213, 213, 213, 246, 213, 213, 213, 414, 414, 414, 414, 414, 414, 414, 414, 414, 414, 414, 171, 171, 246, 246, 246, 246, 246, 246, 246, 246, 246, 246, 246, 246, 246, 213, 213, 414, 414, 392, 392, 392, 392, 392, 392, 392, 392, 392, 392, 392, 392, 392, 392, 392, 392, 392, 63, 63, 63, 63, 63, 63, 63, 63, 63, 63, 392, 392, 392, 320, 320, 171, 171, 213, 213, 213, 213, 213, 171, 171, 171, 171, 171, 414, 171, 171, 414, 414, 414, 414, 414, 414, 414, 414, 414, 414, 414, 414, 414, 171, 171, 246, 246, 246, 246, 246, 246, 246, 246, 246, 246, 246, 213, 213, 213, 213, 213, 213, 213, 213, 213, 213, 414, 414, 414, 414, 414, 414, 171, 171, 171, 171, 171, 414, 171, 213, 246, 246, 246, 246, 246, 246, 246, 213, 213, 414, 213, 246, 246, 246, 246, 246, 246, 246, 213, 414, 414, 392, 392, 392, 392, 392, 392, 392, 392, 63, 63, 63, 63, 63, 63, 63, 63, 63, 63, 392, 392, 320, 171, 213, 213, 213, 213, 213, 246, 246, 246, 213, 213, 213, 213, 414, 414, 414, 414, 414, 414, 171, 171, 213, 213, 213, 246, 246, 246, 246, 246, 246, 246, 246, 246, 213, 213, 213, 414, 414, 414, 414, 414, 414, 414, 414, 414, 414, 414, 414, 414, 414, 414, 414, 414, 414, 414, 414, 414, 414, 414, 414, 414, 414, 414, 414, 414, 414, 414, 414, 414, 414, 414, 414, 414, 414, 414, 414, 414, 414, 414, 414, 414, 414, 414, 414, 414, 414, 414, 414, 414, 414, 414, 414, 414, 414, 414, 414, 414, 414, 414, 414, 414, 414, 414, 414, 414, 414, 414]

ep4
Train step Loss: [5.158191204071045, 4.977543830871582, 5.027405738830566, 5.0135273933410645, 5.092466354370117, 5.088466644287109, 5.08020544052124, 5.120179653167725, 5.173511981964111, 5.139583110809326, 4.973161220550537, 5.104872226715088, 5.147829532623291, 5.079428672790527, 5.162578582763672, 5.078128814697266, 4.891959190368652, 4.988173007965088, 5.11878776550293, 5.067367076873779, 4.960960865020752, 4.913711071014404, 4.971941947937012, 5.05354642868042, 5.08894157409668, 5.055063724517822, 5.094343185424805, 4.97074556350708, 4.95050048828125, 4.961038112640381, 4.91106653213501, 5.0141682624816895, 5.025771617889404, 4.972507476806641, 5.009087085723877, 5.011752128601074, 5.061683177947998, 4.934942245483398, 4.857938766479492, 4.942288875579834, 4.99052619934082, 4.947010517120361, 4.997853755950928, 5.048535346984863, 4.812149524688721, 4.916668891906738, 4.87523889541626, 4.928411960601807, 4.983352184295654, 4.937273025512695, 5.114789962768555, 4.89201021194458, 4.9441423416137695, 4.816783428192139, 4.930017948150635, 4.9072265625, 5.0491719245910645, 4.8690290451049805, 4.872145175933838, 4.898095607757568, 4.95527458190918, 4.860218048095703, 4.81267786026001]
val step Loss: [5.266282558441162, 5.184971332550049, 5.2531585693359375, 5.238217353820801, 5.338892459869385, 5.2780232429504395, 5.295497417449951, 5.165695667266846, 5.332812786102295, 5.312952518463135, 5.282511234283447, 5.303448677062988, 5.304584503173828, 5.179895401000977, 5.2633490562438965, 5.275331974029541]
Train step Accs: [0.06688732588608468, 0.09067463010723496, 0.07537888859345919, 0.09837159636946076, 0.07643614495964551, 0.07786684115818747, 0.07646760277448825, 0.0713168595558336, 0.06344496255475483, 0.06336243311743171, 0.09839816933638444, 0.075790385448246, 0.06854295717748451, 0.06989957716701903, 0.05945121951219512, 0.08114395183360701, 0.11065453478133255, 0.0924005775036094, 0.087937296883961, 0.0769607843137255, 0.0894652484336296, 0.10378807269004352, 0.09211903693734111, 0.07883636363636363, 0.05797555625195863, 0.07965535431686302, 0.06531713900134953, 0.08907641819034225, 0.07140820980615735, 0.091869918699187, 0.09394081728511038, 0.0674937965260546, 0.0763801756587202, 0.09265350877192982, 0.0858055075162964, 0.07761548913043478, 0.0722318339100346, 0.08852275900586429, 0.10328326465505783, 0.09132044426162073, 0.0832579185520362, 0.09544258207507965, 0.08278924001044659, 0.07724358974358975, 0.121179706601467, 0.08783499368598288, 0.10046922439966878, 0.08906009244992295, 0.08139216223622911, 0.08983564704005106, 0.06362686177162268, 0.10221109720483938, 0.09397923875432526, 0.11732933233308328, 0.08446035534341023, 0.0908439347787135, 0.0706798866855524, 0.09542598275610112, 0.09320905459387484, 0.10083580479913723, 0.07991835452975349, 0.0842405391394505, 0.10829153142519918]
val step Accs: [0.05331270220846814, 0.06102635228848821, 0.0598345825794779, 0.05986059860598606, 0.04085205719288007, 0.04555454898408179, 0.044825124910778016, 0.06666666666666667, 0.046422800058763036, 0.04608772969768821, 0.05935021744691737, 0.05147324113048707, 0.04412532637075718, 0.05838994074288192, 0.05274725274725275, 0.05599300087489064]
Preds: [17, 17, 17, 284, 284, 246, 246, 246, 246, 464, 464, 246, 246, 246, 246, 246, 246, 246, 246, 246, 246, 246, 246, 246, 414, 414, 414, 414, 414, 414, 414, 414, 414, 414, 284, 171, 171, 171, 246, 246, 246, 246, 246, 246, 246, 246, 246, 246, 414, 414, 414, 414, 414, 414, 246, 246, 246, 246, 246, 246, 246, 246, 246, 246, 246, 246, 414, 414, 414, 414, 246, 246, 246, 246, 246, 414, 246, 246, 246, 246, 246, 246, 246, 246, 246, 246, 246, 246, 246, 246, 246, 414, 414, 246, 246, 246, 246, 246, 246, 414, 414, 414, 414, 414, 246, 246, 246, 246, 246, 414, 414, 414, 414, 414, 414, 246, 246, 246, 246, 246, 246, 246, 246, 246, 246, 246, 246, 246, 246, 246, 246, 246, 246, 246, 246, 246, 246, 246, 246, 246, 246, 246, 246, 246, 246, 246, 246, 246, 414, 414, 414, 414, 414, 414, 414, 414, 414, 414, 414, 414, 414, 414, 414, 414, 414, 414, 414, 414, 414, 414, 414, 414, 414, 414, 414, 414, 414, 414, 414, 414, 414, 414, 414, 414, 414, 414, 414, 414, 414, 414, 414, 414, 414, 414, 414, 414, 414, 414, 414, 414, 414, 414, 414, 414, 414, 414, 414, 414, 414, 414, 414, 414, 414, 414, 414, 414, 414, 414, 414, 414, 414, 414, 414, 414, 414, 414, 414, 414, 414, 414, 414, 414, 414, 414, 414, 414, 414, 414, 414, 414, 414, 414, 414, 414, 414, 414, 414, 414, 414, 414, 414, 414, 414, 414, 414, 414, 414, 414, 414, 414, 414, 414, 414, 414, 414, 414, 414, 414, 414, 414, 414, 414, 414, 414, 414, 414, 414, 414, 414, 414, 414, 414, 414, 414, 414, 414, 414, 414, 414, 414, 414, 414, 414, 414, 414, 414, 414, 414, 414, 414, 414, 414, 414, 414, 414, 414, 414, 414, 414, 414, 414, 414, 414, 414, 414, 414, 414, 414, 414, 414, 414, 414, 414, 414, 414, 414, 414, 414, 414, 414, 414, 414, 414, 414, 414, 414, 414, 414, 414, 414, 414, 414, 414, 414, 414, 414, 414, 414, 414, 414, 414, 414, 414, 414, 414, 414, 414, 414, 414, 414, 414, 414, 414, 414, 414, 414, 414, 414, 414, 414, 414, 414, 414, 414, 414, 414, 414, 414, 414, 414, 414, 414, 414, 414, 414, 414, 414, 414, 414, 414, 414, 414, 414, 414, 414, 414, 414, 414, 414, 414, 414, 414, 414, 414, 414, 414, 414, 414, 414, 414, 414, 414, 414, 414, 414, 414, 414, 414, 414, 414, 414, 414, 414, 414, 414, 414, 414, 414, 414, 414, 414, 414, 414, 414, 414, 414, 414, 414, 414, 414, 414, 414, 414, 414, 414, 414, 414, 414, 414, 414, 414, 414, 414, 414, 414, 414, 414, 414, 414, 414, 414, 414, 414, 414, 414, 414, 414, 414, 414, 414, 414, 414, 414, 414, 414, 414, 414, 414, 414, 414, 414, 414, 414, 414, 414, 414, 414, 414, 414, 414, 414, 414, 414, 414, 414, 414, 414, 414, 414, 414, 414, 414, 414, 414, 414, 414, 414, 414, 414, 414, 414, 414, 414, 414, 414, 414, 414, 414, 414, 414, 414, 414, 414, 414, 414, 414, 414, 414, 414, 414, 414, 414, 414, 414, 414, 414, 414, 414, 414, 414, 414, 414, 414, 414, 414, 414, 414, 414, 414, 414, 414, 414, 414, 414, 414, 414, 414, 414, 414, 414, 414, 414, 414, 414, 414, 414, 414, 414, 414, 414, 414, 414, 414, 414, 414, 414, 414, 414, 414, 414, 414, 414, 414, 414, 414, 414, 414, 414, 414, 414, 414, 414, 414, 414, 414, 414, 414, 414, 414, 414]

ep5
Train step Loss: [4.841890335083008, 4.886579513549805, 4.851703643798828, 4.768845081329346, 4.833383083343506, 4.942136287689209, 4.802333831787109, 4.800900936126709, 4.890972137451172, 4.748608112335205, 4.837465763092041, 4.727969646453857, 4.920555114746094, 4.792644023895264, 4.825314044952393, 4.915977478027344, 4.8921732902526855, 4.814182758331299, 4.841973304748535, 4.71141242980957, 4.908730506896973, 4.795090675354004, 4.787499904632568, 4.875090599060059, 4.8326311111450195, 4.779286861419678, 4.832618236541748, 4.767860412597656, 4.76559591293335, 4.689752101898193, 4.8066630363464355, 4.660355091094971, 4.857612133026123, 4.837383270263672, 4.721251010894775, 4.747286319732666, 4.788753032684326, 4.768306255340576, 4.849682331085205, 4.700444221496582, 4.831238269805908, 4.7093963623046875, 4.705208778381348, 4.733375549316406, 4.816985607147217, 4.659714698791504, 4.741378307342529, 4.763027191162109, 4.780270576477051, 4.668641567230225, 4.872678756713867, 4.689968109130859, 4.760782718658447, 4.7547125816345215, 4.708443641662598, 4.771690845489502, 4.64354133605957, 4.738465785980225, 4.691047191619873, 4.690563678741455, 4.653432846069336, 4.688749313354492, 4.710671901702881]
val step Loss: [4.986095905303955, 5.088660717010498, 5.080943584442139, 5.112971305847168, 5.051150798797607, 5.162368297576904, 4.965878963470459, 5.051294803619385, 5.120972156524658, 5.099124908447266, 4.9943528175354, 5.086402416229248, 5.07493257522583, 5.095138072967529, 5.109070301055908, 4.99540376663208]
Train step Accs: [0.09418534221683827, 0.08729101938156532, 0.11273229918599294, 0.1112372304199773, 0.10486682471064007, 0.08666100254885302, 0.09767737830098631, 0.09872701555869873, 0.07980338296949545, 0.1031821259309411, 0.10021474588403723, 0.10436328819586924, 0.0881198196888178, 0.09844110854503464, 0.09461046587498369, 0.08428515163450177, 0.09330265848670756, 0.09611515245318063, 0.08274947926529067, 0.10946005590701781, 0.0791952738304327, 0.09194325481798715, 0.0934927783817363, 0.09626307922272048, 0.10239459380049949, 0.1119327731092437, 0.08776392775375223, 0.10949554896142433, 0.10324386629342994, 0.12749445676274945, 0.09445468727840023, 0.1073439099283521, 0.08066623122142391, 0.0933714441268545, 0.12362723564480703, 0.11880904666475808, 0.09543847837064467, 0.0994649039974819, 0.0905201916495551, 0.11613004063769929, 0.09466556108347153, 0.10447087159415927, 0.11259338313767342, 0.11243228960232528, 0.103756201275691, 0.11773522064945878, 0.10488486623186477, 0.10276271624064033, 0.10897722197409558, 0.1261727596247169, 0.10246627605940864, 0.12676479423250225, 0.08932584269662922, 0.10566615620214395, 0.12129833182464761, 0.10455136540962288, 0.12847993726310286, 0.10670776456773814, 0.11799660441426146, 0.11609345523146132, 0.10976050066193284, 0.11271860095389508, 0.11853088480801335]
val step Accs: [0.08438364586535506, 0.0691839837810441, 0.07259402654867257, 0.07289465741020223, 0.06730897899103438, 0.059953672162419945, 0.08419122831758567, 0.07174762702400893, 0.06239372138652714, 0.0693233706932337, 0.07223579718998167, 0.06378625586713202, 0.07571094423242644, 0.06167212647770973, 0.05774278215223097, 0.07769844603107938]
Preds: [17, 17, 17, 17, 284, 284, 284, 284, 284, 35, 35, 35, 284, 284, 284, 284, 414, 414, 182, 284, 182, 414, 414, 414, 182, 284, 284, 284, 284, 284, 414, 414, 414, 414, 414, 320, 320, 320, 284, 284, 284, 284, 284, 284, 284, 284, 284, 284, 284, 171, 171, 213, 246, 246, 213, 171, 171, 171, 464, 132, 132, 284, 284, 284, 284, 284, 284, 171, 171, 171, 171, 171, 171, 171, 171, 171, 171, 213, 171, 464, 132, 132, 132, 284, 284, 414, 414, 414, 414, 414, 414, 414, 414, 414, 414, 182, 284, 284, 284, 284, 284, 284, 284, 35, 35, 284, 284, 284, 284, 284, 284, 171, 171, 171, 171, 171, 171, 171, 464, 132, 132, 132, 132, 132, 132, 132, 171, 171, 171, 132, 132, 132, 132, 132, 171, 171, 213, 246, 246, 324, 246, 246, 213, 213, 324, 171, 464, 171, 464, 132, 132, 132, 132, 284, 284, 284, 284, 284, 284, 35, 171, 132, 132, 132, 132, 132, 171, 246, 246, 246, 246, 246, 246, 246, 246, 246, 246, 246, 246, 246, 246, 246, 324, 213, 246, 246, 246, 246, 246, 246, 324, 464, 374, 464, 171, 171, 171, 171, 464, 132, 132, 284, 284, 284, 284, 284, 132, 171, 132, 132, 132, 132, 132, 171, 171, 171, 171, 171, 132, 132, 132, 132, 132, 414, 414, 414, 284, 284, 284, 171, 171, 171, 171, 171, 171, 171, 132, 132, 132, 284, 132, 171, 171, 171, 171, 132, 132, 132, 171, 171, 171, 132, 132, 284, 284, 284, 414, 414, 414, 414, 414, 414, 414, 392, 392, 392, 392, 392, 392, 392, 392, 392, 392, 392, 392, 392, 392, 392, 392, 392, 392, 392, 392, 392, 392, 320, 320, 320, 320, 320, 7, 171, 171, 171, 171, 171, 284, 284, 284, 284, 284, 284, 284, 284, 284, 284, 284, 284, 171, 171, 246, 246, 246, 246, 171, 171, 171, 464, 464, 171, 171, 171, 132, 132, 132, 171, 171, 171, 324, 246, 246, 246, 246, 246, 246, 246, 246, 324, 171, 464, 464, 132, 132, 284, 284, 284, 132, 171, 171, 171, 171, 132, 171, 171, 132, 132, 132, 132, 132, 132, 171, 171, 246, 246, 246, 246, 246, 246, 246, 246, 246, 246, 246, 246, 246, 414, 414, 414, 414, 414, 414, 392, 392, 392, 392, 392, 392, 392, 392, 392, 392, 392, 392, 392, 392, 392, 320, 320, 320, 320, 320, 320, 287, 284, 284, 284, 284, 171, 171, 171, 171, 171, 171, 132, 132, 132, 132, 132, 132, 284, 284, 132, 171, 171, 171, 171, 132, 132, 414, 414, 414, 414, 414, 414, 414, 414, 414, 414, 414, 392, 392, 392, 320, 320, 320, 7, 284, 171, 171, 171, 246, 246, 246, 246, 246, 246, 246, 246, 324, 464, 374, 171, 246, 246, 246, 246, 246, 324, 171, 171, 171, 171, 213, 213, 213, 171, 171, 171, 464, 171, 171, 171, 171, 171, 171, 132, 132, 132, 414, 414, 414, 414, 414, 414, 414, 392, 392, 392, 392, 392, 392, 392, 392, 392, 392, 392, 392, 392, 392, 392, 392, 392, 392, 320, 320, 320, 320, 320, 320, 287, 287, 284, 284, 284, 284, 284, 171, 171, 171, 35, 132, 132, 171, 213, 246, 246, 246, 246, 246, 246, 246, 246, 246, 246, 246, 324, 464, 374, 414, 414, 414, 414, 414, 414, 414, 414, 182, 284, 284, 284, 171, 171, 171, 171, 171, 171, 171, 171, 213, 213, 213, 213, 213, 171, 464, 464, 464, 171, 171, 171, 171, 171, 171, 171, 171, 171, 171, 171, 132, 132, 132, 132, 132, 132, 132, 132, 132, 132, 132, 171]

ep6
Train step Loss: [4.668037414550781, 4.720054626464844, 4.756433010101318, 4.592539310455322, 4.66779088973999, 4.653231143951416, 4.719132900238037, 4.674256324768066, 4.57510232925415, 4.675017833709717, 4.610296726226807, 4.60426664352417, 4.6590166091918945, 4.594028472900391, 4.529524326324463, 4.5396647453308105, 4.692306995391846, 4.630097389221191, 4.41301965713501, 4.601002216339111, 4.528131484985352, 4.662994861602783, 4.6628336906433105, 4.544057369232178, 4.630539417266846, 4.544314861297607, 4.609059810638428, 4.5853590965271, 4.531827926635742, 4.613428115844727, 4.547781467437744, 4.767157077789307, 4.573485374450684, 4.554195880889893, 4.5430097579956055, 4.523486137390137, 4.5468854904174805, 4.508330821990967, 4.722186088562012, 4.4894304275512695, 4.542610168457031, 4.545576572418213, 4.597670078277588, 4.50916862487793, 4.548586368560791, 4.483797073364258, 4.568456172943115, 4.3193840980529785, 4.398114204406738, 4.453423500061035, 4.385565757751465, 4.520925521850586, 4.558096885681152, 4.5404181480407715, 4.616537094116211, 4.6134114265441895, 4.554280757904053, 4.382777214050293, 4.495971202850342, 4.4867658615112305, 4.451234817504883, 4.548315525054932, 4.56179666519165]
val step Loss: [4.897521018981934, 4.930094242095947, 4.987532615661621, 4.856913089752197, 4.788665771484375, 4.825638294219971, 4.81560754776001, 4.855368614196777, 4.8917436599731445, 4.871997356414795, 4.799206733703613, 4.859676837921143, 4.910432815551758, 4.84459114074707, 4.848133563995361, 4.838305950164795]
Train step Accs: [0.11642139006265481, 0.10142073428048952, 0.10047502519072982, 0.13061968408262453, 0.11469534050179211, 0.12533459297748387, 0.10954971290420067, 0.135105889627454, 0.13785557986870897, 0.10577764808870732, 0.13112429087158328, 0.12186271545207136, 0.10107454667562123, 0.12022397891963109, 0.12885718716080014, 0.1385592050786641, 0.1143448275862069, 0.12649646617625848, 0.16671691287307808, 0.1271453089244851, 0.13558376342586134, 0.12203663793103449, 0.1213672848048713, 0.13121476166068682, 0.11910956923966465, 0.11851545253863134, 0.111729673744174, 0.12720306513409962, 0.14335887611749681, 0.1235809742779135, 0.13275397063230446, 0.10750881908281539, 0.12647096857623175, 0.13234831813895, 0.12559031877213694, 0.13948747815958065, 0.14011976047904193, 0.14604030655691172, 0.1107483348569936, 0.13603540647565804, 0.1419234360410831, 0.13663282571912014, 0.134151065203357, 0.14881324172392255, 0.1341816078658184, 0.14366154314411808, 0.13613418010096076, 0.1606714628297362, 0.16381111575428334, 0.14055262737581856, 0.15077863484208995, 0.1397228637413395, 0.12715700141442715, 0.12981859410430838, 0.1166936790923825, 0.12367433512807963, 0.12922604079351774, 0.1640479360852197, 0.13926833097817554, 0.15499124343257442, 0.15769944341372913, 0.13195610071013558, 0.1271051795360661]
val step Accs: [0.10292479108635097, 0.09621942179392143, 0.0943156108597285, 0.09675690163495042, 0.12159441685679774, 0.09995974775258286, 0.1078884860607576, 0.11398832190911398, 0.09411602590602178, 0.10031828362607569, 0.1139478634775598, 0.09981112886822606, 0.0979381443298969, 0.09288739593982766, 0.09451993429893982, 0.11397651393046282]
Preds: [17, 17, 17, 284, 35, 171, 213, 246, 246, 246, 246, 324, 464, 464, 132, 132, 284, 284, 284, 284, 284, 284, 284, 284, 35, 35, 35, 171, 171, 171, 464, 464, 132, 132, 284, 284, 284, 35, 35, 132, 35, 35, 213, 246, 246, 246, 246, 246, 246, 246, 464, 414, 414, 414, 414, 392, 392, 392, 392, 392, 392, 392, 392, 392, 392, 73, 73, 73, 320, 320, 320, 320, 320, 73, 73, 392, 392, 73, 73, 320, 320, 320, 287, 287, 284, 284, 284, 284, 284, 284, 284, 284, 284, 284, 284, 35, 35, 171, 171, 171, 324, 464, 464, 464, 132, 132, 132, 132, 284, 182, 182, 182, 182, 284, 284, 284, 35, 171, 171, 464, 464, 464, 132, 132, 132, 132, 132, 132, 132, 284, 284, 284, 284, 284, 284, 284, 284, 284, 284, 284, 284, 284, 35, 35, 35, 171, 171, 464, 324, 324, 464, 464, 464, 464, 464, 464, 464, 464, 464, 464, 464, 132, 132, 132, 132, 464, 464, 464, 132, 132, 132, 132, 132, 132, 132, 132, 132, 284, 284, 284, 284, 284, 284, 284, 284, 284, 35, 35, 35, 132, 132, 284, 284, 284, 284, 284, 284, 284, 284, 284, 35, 35, 35, 35, 132, 132, 284, 182, 182, 182, 182, 284, 284, 284, 284, 284, 284, 284, 284, 35, 35, 35, 35, 35, 132, 284, 182, 182, 182, 182, 284, 284, 284, 35, 171, 324, 324, 324, 324, 246, 246, 246, 246, 246, 246, 246, 246, 246, 246, 246, 246, 246, 246, 246, 246, 246, 246, 246, 246, 246, 246, 464, 464, 464, 374, 132, 464, 464, 132, 132, 464, 324, 324, 246, 246, 246, 324, 48, 414, 414, 414, 170, 392, 392, 392, 392, 392, 392, 73, 73, 320, 320, 320, 320, 287, 287, 287, 287, 73, 73, 73, 392, 73, 73, 320, 320, 287, 7, 171, 171, 171, 213, 246, 246, 246, 246, 246, 246, 324, 464, 374, 132, 132, 132, 132, 132, 464, 171, 213, 246, 246, 246, 246, 246, 324, 464, 374, 414, 182, 284, 284, 35, 324, 213, 246, 246, 246, 324, 324, 464, 464, 464, 464, 324, 213, 246, 246, 246, 246, 246, 246, 246, 246, 246, 246, 246, 246, 246, 464, 374, 414, 98, 284, 284, 284, 284, 284, 284, 35, 35, 35, 132, 284, 182, 182, 182, 284, 35, 171, 171, 171, 464, 464, 464, 132, 132, 132, 132, 132, 132, 284, 35, 171, 171, 171, 464, 464, 464, 464, 464, 464, 213, 246, 246, 246, 246, 324, 464, 464, 324, 324, 246, 246, 246, 246, 246, 246, 246, 246, 246, 464, 464, 355, 284, 284, 284, 182, 414, 414, 414, 414, 170, 392, 392, 392, 392, 392, 392, 392, 392, 392, 392, 392, 73, 73, 73, 73, 73, 73, 73, 320, 320, 320, 7, 7, 171, 171, 171, 35, 171, 171, 213, 246, 246, 246, 246, 246, 246, 246, 246, 246, 246, 246, 246, 246, 246, 246, 246, 246, 246, 464, 464, 374, 355, 355, 284, 132, 132, 132, 284, 132, 35, 35, 171, 464, 464, 132, 132, 284, 284, 284, 284, 182, 414, 414, 414, 414, 170, 392, 392, 392, 392, 392, 392, 392, 73, 73, 73, 73, 73, 73, 73, 73, 73, 73, 73, 73, 73, 320, 320, 320, 320, 287, 287, 287, 284, 284, 284, 284, 284, 284, 284, 284, 284, 284, 35, 35, 35, 35, 35, 132, 35, 35, 132, 132, 132, 284, 182, 182, 182, 414, 414, 182, 182, 182, 182, 182, 284, 284, 284, 284, 284, 284, 35, 171, 171, 171, 464, 464, 464, 464, 464, 464, 324, 324, 324, 324, 464, 464, 464]

ep7
Train step Loss: [4.446216583251953, 4.422736644744873, 4.543431758880615, 4.416165828704834, 4.437141418457031, 4.373456954956055, 4.412663459777832, 4.472233295440674, 4.4137959480285645, 4.4620866775512695, 4.5376129150390625, 4.579391956329346, 4.456415176391602, 4.508091449737549, 4.435022830963135, 4.340879917144775, 4.527710437774658, 4.345181941986084, 4.393916606903076, 4.517725944519043, 4.517235279083252, 4.290656089782715, 4.450138092041016, 4.376797676086426, 4.142125129699707, 4.344619274139404, 4.478725910186768, 4.450026988983154, 4.351128101348877, 4.369878768920898, 4.3870439529418945, 4.41757869720459, 4.327235698699951, 4.413153648376465, 4.31533145904541, 4.364204406738281, 4.555424690246582, 4.340652942657471, 4.337558269500732, 4.303936004638672, 4.503478050231934, 4.313445091247559, 4.283924102783203, 4.330221652984619, 4.3345818519592285, 4.323188304901123, 4.368380546569824, 4.240704536437988, 4.380610942840576, 4.3167853355407715, 4.303219795227051, 4.290275573730469, 4.360426902770996, 4.3052287101745605, 4.348227024078369, 4.2139892578125, 4.18134880065918, 4.284807205200195, 4.334101676940918, 4.291371822357178, 4.283511638641357, 4.3183674812316895, 4.404170989990234]
val step Loss: [4.740443706512451, 4.643144130706787, 4.738215923309326, 4.649881362915039, 4.68503999710083, 4.619536399841309, 4.761086463928223, 4.682313919067383, 4.671725749969482, 4.700793266296387, 4.7197442054748535, 4.671063423156738, 4.678241729736328, 4.675203323364258, 4.654070854187012, 4.768481731414795]
Train step Accs: [0.1486920605782469, 0.15106564364876385, 0.1491917544119828, 0.15856266932839014, 0.1518122017283632, 0.16105200945626477, 0.13911205073995772, 0.14078549848942598, 0.15449766355140188, 0.13736107153035051, 0.13417521704814522, 0.12779389182733322, 0.1448220064724919, 0.13952589538778665, 0.15771180304127444, 0.16613783475060287, 0.13620635419943378, 0.15544659422210444, 0.1502442310931447, 0.13166779203241052, 0.15029175208957576, 0.17077971233913702, 0.13902205177372962, 0.16409691629955947, 0.20236013986013987, 0.16362137656271467, 0.13927068723702665, 0.15382582265098454, 0.15255681818181818, 0.15433873497124934, 0.1521707564977494, 0.15194979829672792, 0.1570718877849211, 0.16553954719200234, 0.16883793642522146, 0.15910727141828654, 0.130989010989011, 0.15631531800537474, 0.171371237458194, 0.1605224609375, 0.1268633540372671, 0.17123007764609727, 0.16130604288499026, 0.1710246275463667, 0.16960054163845634, 0.15920463523834608, 0.16451947282689175, 0.17436241610738254, 0.15771428571428572, 0.16246126604692343, 0.15735056542810985, 0.1677338530066815, 0.1455621301775148, 0.17982971227246036, 0.16831147762606463, 0.18159442089429784, 0.20167581623808148, 0.1703543246170509, 0.14523945267958951, 0.18078226054819835, 0.15686607749830048, 0.16946778711484595, 0.15887555274794693]
val step Accs: [0.10868230381923125, 0.11854284861152582, 0.11508918109621143, 0.11812274368231047, 0.12441214194100043, 0.12977717758271437, 0.10128988458927358, 0.12645437844458052, 0.13152829462337995, 0.11372402637800175, 0.1185858089860054, 0.11019246408240715, 0.10856604957640414, 0.11891600377511123, 0.12907765127286683, 0.10754553339115351]
Preds: [17, 17, 284, 171, 213, 246, 246, 246, 246, 246, 246, 246, 246, 464, 464, 464, 374, 132, 284, 284, 182, 182, 284, 284, 284, 284, 35, 35, 35, 35, 132, 132, 132, 355, 284, 284, 284, 35, 35, 464, 464, 464, 324, 324, 324, 324, 324, 324, 324, 464, 464, 464, 374, 132, 132, 132, 132, 132, 132, 132, 132, 132, 132, 132, 132, 355, 98, 414, 414, 414, 414, 414, 170, 170, 392, 392, 392, 392, 392, 73, 73, 73, 73, 73, 73, 73, 73, 73, 73, 73, 73, 73, 73, 73, 320, 320, 320, 287, 287, 7, 35, 171, 171, 171, 171, 171, 464, 464, 464, 464, 324, 213, 246, 246, 246, 246, 246, 246, 246, 246, 454, 414, 414, 414, 414, 170, 392, 392, 392, 392, 73, 73, 73, 73, 73, 73, 73, 73, 73, 73, 73, 73, 73, 320, 320, 320, 287, 7, 7, 171, 171, 213, 213, 213, 213, 246, 324, 464, 464, 464, 171, 213, 246, 246, 246, 324, 464, 374, 374, 374, 132, 132, 132, 464, 324, 324, 324, 246, 246, 246, 246, 246, 464, 464, 464, 464, 464, 464, 464, 374, 374, 464, 213, 246, 246, 246, 246, 246, 246, 246, 246, 246, 464, 414, 414, 414, 414, 414, 414, 170, 392, 392, 320, 320, 7, 171, 171, 464, 464, 464, 464, 374, 374, 464, 324, 324, 324, 324, 246, 246, 324, 464, 374, 355, 355, 355, 414, 414, 414, 414, 182, 35, 35, 213, 213, 213, 246, 246, 324, 464, 464, 464, 464, 464, 324, 324, 246, 246, 246, 324, 464, 374, 374, 355, 355, 284, 284, 284, 284, 284, 284, 284, 284, 284, 284, 284, 182, 182, 182, 182, 182, 182, 284, 284, 284, 284, 35, 171, 171, 324, 464, 464, 374, 132, 132, 464, 464, 464, 464, 464, 464, 464, 132, 132, 132, 132, 132, 132, 132, 132, 355, 355, 284, 182, 284, 35, 35, 132, 35, 35, 35, 35, 35, 35, 464, 464, 464, 324, 213, 246, 246, 246, 324, 464, 464, 374, 132, 132, 132, 132, 355, 284, 182, 182, 182, 284, 284, 284, 284, 284, 182, 182, 182, 182, 284, 284, 240, 35, 284, 284, 284, 284, 240, 240, 284, 284, 284, 284, 35, 35, 35, 355, 284, 284, 284, 284, 240, 35, 35, 250, 464, 464, 324, 213, 213, 324, 324, 464, 464, 464, 464, 374, 132, 132, 355, 414, 414, 414, 414, 414, 414, 170, 392, 392, 392, 73, 320, 320, 320, 287, 287, 287, 287, 73, 73, 73, 73, 73, 73, 73, 73, 73, 73, 73, 73, 73, 73, 320, 320, 320, 287, 287, 287, 284, 284, 284, 284, 284, 284, 284, 284, 284, 284, 284, 284, 284, 284, 284, 284, 284, 284, 284, 35, 35, 171, 171, 213, 324, 324, 464, 464, 464, 374, 132, 355, 284, 284, 182, 284, 284, 284, 284, 284, 182, 182, 182, 182, 182, 182, 182, 182, 182, 182, 182, 182, 284, 284, 284, 284, 284, 284, 284, 284, 35, 35, 35, 35, 132, 355, 355, 35, 35, 35, 35, 35, 132, 355, 284, 284, 284, 240, 240, 240, 35, 35, 35, 132, 132, 132, 132, 132, 132, 35, 464, 464, 464, 355, 48, 414, 414, 414, 414, 414, 414, 170, 7, 7, 171, 171, 464, 464, 132, 355, 355, 355, 35, 464, 132, 414, 414, 414, 414, 170, 392, 392, 392, 73, 73, 73, 73, 73, 73, 73, 73, 73, 73, 73, 73, 73, 73, 73, 73, 73, 73, 73, 73, 73, 73, 73, 320, 320, 320, 287, 287, 287, 287, 7, 35, 35, 284, 414, 392, 392, 73, 73, 73, 320, 320, 287, 287]

ep8
Train step Loss: [4.259212970733643, 4.161487579345703, 4.273470401763916, 4.3715434074401855, 4.338964462280273, 4.272636413574219, 4.181693077087402, 4.337047576904297, 4.358261585235596, 4.2470316886901855, 4.1449103355407715, 4.183168411254883, 4.215023517608643, 4.102849960327148, 4.238253593444824, 4.154633522033691, 4.300773620605469, 4.2564802169799805, 4.267213344573975, 4.3328375816345215, 4.246372222900391, 4.212946891784668, 4.335794925689697, 4.2677788734436035, 4.290402412414551, 4.175558567047119, 4.173933982849121, 4.379884243011475, 4.1588215827941895, 4.241535663604736, 4.173486709594727, 4.242330074310303, 4.024196147918701, 4.430988311767578, 4.154374599456787, 4.238500595092773, 4.1887054443359375, 4.19257116317749, 4.235971927642822, 4.12686014175415, 4.238922119140625, 4.184311866760254, 4.2055816650390625, 4.158397197723389, 4.209619045257568, 4.170995712280273, 4.213761806488037, 4.172378063201904, 4.104277610778809, 4.141844749450684, 4.19504451751709, 4.249220371246338, 4.111972332000732, 4.265293121337891, 4.086580276489258, 4.185121059417725, 4.1252875328063965, 4.186372756958008, 4.314270496368408, 4.157637119293213, 4.100278377532959, 4.102365493774414, 4.1297926902771]
val step Loss: [4.412228107452393, 4.524080753326416, 4.601020336151123, 4.590680122375488, 4.518369674682617, 4.586558818817139, 4.511728763580322, 4.458078861236572, 4.544441223144531, 4.663583755493164, 4.510339736938477, 4.484770774841309, 4.462203502655029, 4.572044372558594, 4.63199520111084, 4.5051445960998535]
Train step Accs: [0.1775793650793651, 0.18888457054022542, 0.16953473550031867, 0.15457264284589958, 0.16257545271629778, 0.1741756447926869, 0.18210511870454232, 0.1546211714132187, 0.15232876712328766, 0.17190897231482824, 0.19024081115335867, 0.187390263367917, 0.17597641857037583, 0.19453051326956755, 0.17560908842047632, 0.1905940594059406, 0.17119027424370936, 0.1811421772754313, 0.17093898021733073, 0.16690366157127623, 0.187019758507135, 0.16929931146213043, 0.15886563876651982, 0.1635682374981986, 0.16098971722365038, 0.17564242755604156, 0.1722455617292316, 0.1463718467767051, 0.19364272091544818, 0.16787225330967653, 0.1683520865973508, 0.17792609474198273, 0.20179063360881544, 0.15057915057915058, 0.18868973183270807, 0.17430801987224984, 0.1915113871635611, 0.17255968570565125, 0.17536, 0.18819681878995095, 0.17767687124652118, 0.17432927549934996, 0.17746055597295265, 0.1815803244374673, 0.18326585695006747, 0.1883126369612856, 0.16039666299386116, 0.17307423458688662, 0.19218439932834683, 0.20299274486094318, 0.18828867148731038, 0.182701062215478, 0.1812516933080466, 0.17495816217860946, 0.20595922634605332, 0.18463851305179718, 0.18776749965483916, 0.182897505259994, 0.15599570090588055, 0.18270524899057874, 0.19703066463160815, 0.2005044136191677, 0.1864550864267498]
val step Accs: [0.14291553133514986, 0.13160237388724036, 0.13527777777777777, 0.12399799599198397, 0.14322996622658887, 0.12445541678768515, 0.13183821623023076, 0.13802612481857765, 0.1321928460342146, 0.11632178278437615, 0.1332114564290067, 0.15062819273781583, 0.15046831285731663, 0.13400533649570115, 0.11374284226965123, 0.138178744982041]
Preds: [17, 17, 17, 284, 284, 284, 284, 284, 284, 284, 284, 284, 35, 35, 35, 284, 284, 284, 284, 284, 284, 284, 284, 284, 284, 284, 284, 284, 284, 284, 35, 35, 35, 35, 35, 132, 132, 250, 171, 324, 213, 324, 464, 464, 132, 355, 284, 284, 240, 35, 250, 324, 324, 324, 246, 246, 246, 464, 454, 454, 414, 240, 250, 324, 324, 464, 464, 374, 464, 132, 132, 355, 284, 284, 240, 35, 35, 35, 132, 132, 132, 132, 486, 284, 284, 240, 35, 35, 250, 35, 132, 250, 464, 464, 464, 464, 374, 374, 374, 374, 464, 374, 374, 464, 464, 374, 374, 132, 132, 132, 132, 132, 132, 35, 132, 132, 35, 132, 132, 48, 414, 414, 414, 414, 414, 170, 170, 392, 392, 392, 392, 392, 73, 73, 73, 73, 73, 73, 392, 392, 392, 392, 392, 73, 73, 73, 73, 320, 320, 320, 287, 287, 287, 287, 287, 7, 35, 284, 284, 284, 284, 284, 284, 284, 240, 35, 35, 35, 35, 250, 171, 132, 48, 98, 284, 35, 35, 250, 250, 464, 464, 464, 464, 464, 464, 464, 171, 171, 324, 464, 464, 464, 464, 464, 464, 374, 132, 132, 132, 132, 132, 132, 132, 132, 355, 355, 284, 284, 182, 182, 284, 284, 284, 35, 250, 35, 132, 240, 284, 284, 240, 35, 240, 240, 35, 35, 35, 250, 250, 132, 48, 414, 414, 414, 414, 414, 170, 170, 392, 392, 392, 392, 73, 73, 73, 73, 73, 73, 73, 73, 73, 73, 73, 73, 73, 73, 73, 320, 320, 7, 7, 287, 284, 284, 284, 284, 284, 35, 35, 35, 284, 284, 35, 35, 35, 132, 284, 284, 182, 182, 182, 284, 284, 284, 284, 284, 284, 284, 284, 284, 284, 387, 284, 284, 284, 284, 284, 284, 284, 182, 182, 414, 414, 414, 414, 170, 73, 73, 320, 320, 287, 284, 284, 284, 284, 284, 284, 284, 284, 284, 284, 284, 284, 284, 284, 284, 35, 35, 35, 171, 250, 464, 464, 464, 464, 464, 464, 464, 464, 374, 374, 464, 464, 171, 171, 171, 171, 171, 464, 464, 464, 464, 464, 464, 464, 374, 454, 48, 284, 284, 182, 182, 182, 182, 284, 284, 284, 284, 284, 284, 284, 182, 182, 182, 182, 182, 182, 387, 35, 35, 35, 35, 132, 132, 284, 98, 98, 414, 414, 414, 414, 170, 392, 392, 392, 392, 392, 392, 392, 392, 392, 392, 73, 392, 392, 392, 73, 73, 73, 320, 7, 7, 7, 171, 171, 171, 132, 284, 284, 284, 284, 284, 284, 284, 284, 284, 284, 284, 284, 284, 284, 284, 284, 7, 35, 171, 250, 250, 132, 35, 250, 464, 464, 464, 464, 132, 355, 98, 182, 182, 182, 98, 414, 414, 414, 320, 287, 284, 35, 35, 35, 35, 35, 35, 35, 132, 132, 132, 132, 132, 132, 132, 132, 132, 132, 132, 132, 132, 132, 132, 132, 132, 132, 132, 132, 132, 132, 132, 132, 132, 132, 132, 132, 132, 132, 132, 132, 132, 132, 132, 132, 132, 132, 132, 132, 132, 132, 132, 132, 132, 132, 132, 132, 132, 132, 132, 132, 132, 132, 132, 132, 132, 132, 132, 132, 132, 132, 132, 132, 132, 132, 132, 132, 132, 132, 132, 132, 132, 132, 132, 132, 132, 132, 132, 132, 132, 132, 132, 132, 132, 132, 132, 132, 132, 132, 132, 132, 132, 132, 132, 132, 132, 132, 132, 132, 132, 132, 132, 132, 132, 132, 132, 132, 132, 132, 132, 132, 132, 132, 132, 132, 132, 132, 132, 132, 132, 132, 132, 132, 132, 132, 132, 132, 132, 132, 132, 132, 132, 132, 132]

ep9
Train step Loss: [3.9909987449645996, 4.048811912536621, 4.23508882522583, 4.159383773803711, 4.05336332321167, 4.214824676513672, 4.147446155548096, 4.176331996917725, 4.083928108215332, 4.041553974151611, 4.056102752685547, 4.032718658447266, 4.074610710144043, 4.114609241485596, 4.187486171722412, 4.0508131980896, 3.9913713932037354, 4.125751495361328, 4.139810562133789, 4.115348815917969, 3.9990346431732178, 4.114170074462891, 4.118310451507568, 4.084007263183594, 4.225295543670654, 3.9565892219543457, 3.8930814266204834, 4.161342144012451, 3.9871933460235596, 4.143503189086914, 4.038788318634033, 4.035836696624756, 4.157500743865967, 3.9883127212524414, 4.125283241271973, 4.024784564971924, 4.118893146514893, 4.047719478607178, 4.030694961547852, 4.0379767417907715, 4.078035354614258, 4.118875980377197, 4.0824737548828125, 4.195752143859863, 4.066198348999023, 4.142522811889648, 3.936018466949463, 3.9880712032318115, 4.03092098236084, 4.063710689544678, 4.0925140380859375, 4.102565765380859, 3.927129030227661, 3.9753952026367188, 3.9645440578460693, 4.056198596954346, 4.0789475440979, 3.9790165424346924, 4.132176399230957, 4.028337478637695, 4.106360912322998, 4.0487589836120605, 4.082839012145996]
val step Loss: [4.4027533531188965, 4.3960347175598145, 4.413582801818848, 4.4969377517700195, 4.350304126739502, 4.471169948577881, 4.457518577575684, 4.423855781555176, 4.452647686004639, 4.416543006896973, 4.369924068450928, 4.4445905685424805, 4.288955211639404, 4.44445276260376, 4.319719314575195, 4.372936725616455]
Train step Accs: [0.2162382037097299, 0.19327731092436976, 0.1807211398662402, 0.17258337175349622, 0.19736842105263158, 0.1736280683716746, 0.19098772321428573, 0.185980341438179, 0.19237749546279492, 0.20537456838312565, 0.20114592222357675, 0.1925112463614713, 0.1963450913727157, 0.18723476489560345, 0.1844336765596608, 0.18933596642804246, 0.20886519848506102, 0.18688570626228587, 0.19119529050422318, 0.19430677341466515, 0.20720947819510965, 0.18938856575400767, 0.2059447983014862, 0.19085298306694098, 0.18107062237987745, 0.2191691200523389, 0.22764878569522284, 0.17851264402214576, 0.22160717694216453, 0.1913346903169526, 0.19773683446975193, 0.20913494809688582, 0.17759237187127533, 0.19743954480796586, 0.1864406779661017, 0.20155743024010384, 0.19934843313682904, 0.20209638246197112, 0.20815318097591107, 0.20036557930258717, 0.17702764625019093, 0.17179707652622528, 0.19830827067669174, 0.1798530658378073, 0.1982629529799341, 0.20871419865935406, 0.21206581352833637, 0.21057149865096886, 0.20263543191800878, 0.19749845583693637, 0.2046802372175028, 0.20320243995425086, 0.230688622754491, 0.19249615007699847, 0.21164365720239645, 0.1975609756097561, 0.18352417302798982, 0.21243284727551803, 0.1841876629018245, 0.20022317870237527, 0.20677108052523335, 0.2062263218580135, 0.20201711491442542]
val step Accs: [0.14313123561013047, 0.12955625990491285, 0.15974522292993631, 0.12562670104569545, 0.15313868613138687, 0.1430301399354144, 0.1366467687516221, 0.1390810960420703, 0.14177939646201873, 0.15535444947209653, 0.13873647907195485, 0.1366915422885572, 0.16060095842507446, 0.12701371322060978, 0.16151761517615176, 0.15335217056254816]
Preds: [17, 17, 17, 284, 284, 284, 284, 35, 35, 35, 35, 284, 284, 284, 284, 284, 35, 35, 35, 35, 250, 374, 132, 132, 132, 284, 284, 284, 240, 284, 284, 284, 284, 284, 284, 387, 35, 35, 35, 171, 132, 355, 284, 240, 35, 35, 35, 132, 486, 284, 240, 240, 240, 35, 35, 35, 35, 324, 324, 324, 324, 324, 464, 464, 464, 454, 454, 486, 284, 284, 284, 387, 35, 35, 250, 250, 464, 464, 374, 374, 132, 132, 132, 132, 486, 284, 284, 240, 35, 35, 35, 35, 35, 35, 132, 132, 35, 250, 250, 250, 250, 464, 171, 171, 213, 213, 246, 246, 246, 246, 464, 464, 464, 374, 374, 374, 464, 374, 464, 464, 464, 374, 374, 374, 374, 374, 132, 355, 355, 355, 355, 35, 35, 250, 374, 374, 132, 250, 324, 213, 246, 246, 246, 464, 464, 374, 374, 374, 464, 213, 246, 246, 246, 464, 464, 374, 374, 374, 464, 213, 246, 246, 246, 246, 246, 246, 246, 464, 454, 414, 414, 414, 414, 170, 392, 392, 392, 73, 73, 73, 320, 73, 73, 73, 73, 47, 47, 73, 73, 320, 320, 7, 7, 7, 35, 35, 35, 35, 171, 171, 213, 213, 213, 213, 246, 246, 246, 246, 246, 246, 246, 246, 246, 246, 246, 464, 464, 464, 454, 454, 454, 98, 182, 284, 284, 240, 240, 35, 35, 35, 35, 132, 132, 35, 35, 250, 374, 374, 374, 374, 374, 355, 355, 355, 182, 284, 284, 284, 284, 182, 284, 284, 284, 284, 284, 182, 182, 182, 284, 284, 387, 284, 98, 98, 414, 414, 170, 170, 392, 392, 392, 392, 73, 73, 73, 73, 73, 73, 73, 73, 320, 7, 7, 7, 171, 171, 171, 171, 171, 171, 171, 171, 464, 464, 464, 464, 374, 464, 464, 464, 171, 171, 324, 464, 464, 464, 464, 464, 464, 464, 464, 171, 171, 171, 171, 464, 464, 464, 464, 374, 374, 464, 464, 374, 355, 355, 486, 182, 284, 35, 250, 250, 250, 464, 464, 464, 171, 324, 213, 213, 213, 171, 464, 464, 374, 374, 464, 374, 132, 132, 132, 250, 250, 464, 374, 250, 324, 213, 246, 246, 246, 246, 246, 246, 246, 246, 464, 454, 414, 414, 414, 414, 414, 170, 47, 47, 47, 47, 47, 73, 73, 320, 320, 7, 287, 284, 284, 284, 284, 284, 284, 284, 284, 387, 35, 35, 35, 35, 35, 35, 132, 132, 355, 355, 355, 284, 35, 35, 35, 132, 132, 35, 35, 35, 132, 132, 35, 250, 374, 374, 132, 132, 355, 355, 132, 35, 250, 250, 250, 250, 374, 374, 250, 464, 464, 464, 374, 374, 250, 250, 464, 464, 374, 374, 374, 374, 374, 250, 464, 374, 374, 250, 250, 250, 374, 374, 250, 464, 171, 171, 171, 213, 213, 246, 246, 246, 464, 464, 464, 464, 464, 464, 464, 464, 464, 374, 374, 374, 374, 374, 374, 250, 374, 132, 355, 355, 355, 355, 35, 35, 35, 171, 324, 213, 213, 213, 246, 246, 246, 246, 246, 464, 464, 454, 414, 414, 414, 414, 170, 392, 392, 392, 73, 73, 73, 73, 73, 320, 320, 320, 7, 7, 35, 35, 132, 35, 35, 35, 250, 250, 171, 324, 324, 171, 171, 171, 454, 454, 355, 132, 132, 132, 132, 132, 132, 132, 132, 132, 374, 374, 374, 374, 374, 374, 374, 374, 374, 374, 374, 374, 374, 374, 374, 374, 374, 374, 374, 374, 374, 374, 374, 374, 374, 374, 374, 374, 374, 374, 374, 374, 374, 374, 374, 374, 374, 374, 374, 374, 374, 374, 374, 374, 374, 374, 374, 374, 374, 374, 374, 374]

ep10
Train step Loss: [3.95977520942688, 4.114129543304443, 3.9697864055633545, 3.9673802852630615, 4.043909549713135, 3.90492582321167, 3.9273505210876465, 3.9286324977874756, 3.9426586627960205, 4.027654647827148, 3.9594547748565674, 4.028827667236328, 4.062344551086426, 3.973158836364746, 3.955817699432373, 4.039390563964844, 4.018614768981934, 3.96743106842041, 3.989088773727417, 3.9135801792144775, 3.953345775604248, 4.045344352722168, 4.031738758087158, 3.8665943145751953, 3.968376398086548, 3.9292595386505127, 3.9808695316314697, 3.9538772106170654, 3.8241724967956543, 3.9491052627563477, 3.8839950561523438, 3.9163029193878174, 4.066915035247803, 4.044475555419922, 4.0545196533203125, 4.042921543121338, 3.851475954055786, 3.8664119243621826, 3.971905469894409, 3.956773281097412, 4.017035961151123, 3.993180751800537, 3.8720905780792236, 3.928758144378662, 3.8774635791778564, 3.842055559158325, 3.833150863647461, 3.900036573410034, 3.9508895874023438, 4.041007995605469, 3.8454294204711914, 3.825554370880127, 3.9746153354644775, 3.893669605255127, 4.0050950050354, 3.7956411838531494, 3.872673273086548, 3.881406307220459, 3.8850297927856445, 3.993380308151245, 3.8830769062042236, 3.931504487991333, 4.037402153015137]
val step Loss: [4.264458179473877, 4.206084728240967, 4.207663059234619, 4.250239849090576, 4.230898380279541, 4.265843391418457, 4.342115879058838, 4.2649245262146, 4.233973979949951, 4.322193622589111, 4.289572715759277, 4.323298931121826, 4.347867488861084, 4.326916694641113, 4.404128551483154, 4.288527965545654]
Train step Accs: [0.22491239248168207, 0.17936591346995973, 0.21503343995347485, 0.2113994045087197, 0.20275926212990233, 0.23144570286475682, 0.23841712434868328, 0.22852598091198303, 0.22397317686504611, 0.21081081081081082, 0.21309816394390632, 0.22188228438228438, 0.19958071278825995, 0.2167708834375501, 0.2096278068286681, 0.20508111417202327, 0.20078625509609785, 0.223499552105106, 0.22248152469856086, 0.23036163730295403, 0.23417825020441538, 0.21601034780109227, 0.20334963687564844, 0.22193808882907134, 0.1998858610358111, 0.21223185759926974, 0.23259363625689797, 0.2226556405055391, 0.23838630806845965, 0.22096181498641956, 0.22602849367696495, 0.21598977563192276, 0.20602218700475436, 0.19099630996309963, 0.21709332795807296, 0.18573253056011677, 0.21872433616205858, 0.2216712848184337, 0.22457185405807892, 0.21288939336612436, 0.19338389121338911, 0.212, 0.2251076426264801, 0.22618883528600964, 0.2218599376240431, 0.2268209666439755, 0.24198293615769345, 0.21890343698854337, 0.22346280861770718, 0.18886584782261923, 0.23909419283134203, 0.2326451612903226, 0.20609267734553777, 0.22120866590649943, 0.20832103865447035, 0.25450081833060556, 0.24200278164116829, 0.23424317617866006, 0.23062200956937798, 0.20489835120858013, 0.2235748218527316, 0.21209001323724078, 0.20401128172986524]
val step Accs: [0.16134453781512606, 0.16265912305516267, 0.16250358886017802, 0.159459078743485, 0.16147202403304545, 0.1663160662634762, 0.14753654574986463, 0.1674725793135983, 0.1689873417721519, 0.1463489623366641, 0.16338880484114976, 0.15801074528171924, 0.14613333333333334, 0.15918310253182263, 0.1344232515894641, 0.16441899131719934]
Preds: [17, 17, 17, 287, 284, 284, 284, 240, 240, 240, 240, 35, 240, 240, 240, 35, 35, 240, 284, 284, 240, 35, 35, 35, 250, 250, 324, 324, 324, 324, 464, 464, 374, 374, 464, 464, 171, 324, 324, 324, 171, 171, 324, 324, 324, 246, 246, 246, 464, 454, 454, 414, 414, 414, 414, 170, 170, 47, 47, 47, 47, 73, 320, 7, 7, 171, 171, 213, 171, 171, 464, 464, 464, 464, 454, 454, 284, 182, 284, 35, 250, 250, 464, 464, 374, 355, 355, 355, 355, 355, 240, 35, 250, 250, 250, 374, 250, 464, 171, 171, 171, 171, 324, 324, 324, 324, 464, 454, 454, 414, 414, 414, 170, 170, 170, 392, 47, 47, 47, 320, 320, 320, 287, 287, 7, 7, 171, 35, 35, 35, 250, 171, 171, 171, 171, 171, 324, 324, 324, 246, 246, 246, 246, 246, 246, 454, 454, 414, 414, 414, 320, 7, 171, 171, 171, 171, 171, 171, 171, 464, 464, 464, 464, 464, 374, 374, 374, 132, 132, 132, 355, 355, 182, 182, 284, 284, 387, 35, 35, 35, 250, 250, 250, 250, 355, 355, 182, 182, 284, 284, 284, 284, 284, 284, 284, 387, 387, 387, 240, 35, 240, 284, 284, 182, 182, 182, 98, 98, 98, 98, 414, 414, 414, 244, 7, 7, 35, 35, 132, 35, 35, 250, 374, 374, 374, 250, 250, 250, 250, 464, 464, 324, 213, 213, 213, 324, 464, 374, 374, 132, 132, 250, 464, 464, 374, 355, 355, 355, 355, 355, 240, 35, 35, 35, 355, 355, 182, 182, 182, 182, 182, 182, 182, 182, 182, 182, 182, 182, 284, 284, 182, 98, 98, 414, 414, 182, 182, 284, 284, 284, 387, 240, 240, 240, 284, 98, 414, 414, 414, 414, 320, 320, 35, 35, 35, 35, 35, 35, 35, 374, 374, 374, 374, 374, 374, 374, 374, 374, 374, 374, 374, 374, 374, 374, 374, 374, 374, 374, 374, 374, 374, 374, 374, 374, 374, 374, 374, 374, 374, 374, 374, 374, 374, 374, 374, 374, 374, 374, 374, 374, 374, 374, 374, 374, 374, 374, 374, 374, 374, 374, 374, 374, 374, 374, 374, 374, 374, 374, 374, 374, 374, 374, 374, 374, 374, 374, 374, 374, 374, 374, 374, 374, 374, 374, 374, 374, 374, 374, 374, 374, 374, 374, 374, 374, 374, 374, 374, 374, 374, 374, 374, 374, 374, 374, 374, 374, 374, 374, 374, 374, 374, 374, 374, 374, 374, 374, 374, 374, 374, 374, 374, 374, 374, 374, 374, 374, 374, 374, 374, 374, 374, 374, 374, 374, 374, 374, 374, 374, 374, 374, 374, 374, 374, 374, 374, 374, 374, 374, 374, 374, 374, 374, 374, 374, 374, 374, 374, 374, 374, 374, 374, 374, 374, 374, 374, 374, 374, 374, 374, 374, 374, 374, 374, 374, 374, 374, 374, 374, 374, 374, 374, 374, 374, 374, 374, 374, 374, 374, 374, 374, 374, 374, 374, 374, 374, 374, 374, 374, 374, 374, 374, 374, 374, 374, 374, 374, 374, 374, 374, 374, 374, 374, 374, 374, 374, 374, 374, 374, 374, 374, 374, 374, 374, 374, 374, 374, 374, 374, 374, 374, 374, 374, 374, 374, 374, 374, 374, 374, 374, 374, 374, 374, 374, 374, 374, 374, 374, 374, 374, 374, 374, 374, 374, 374, 374, 374, 374, 374, 374, 374, 374, 374, 374, 374, 374, 374, 374, 374, 374, 374, 374, 374, 374, 374, 374, 374, 374, 374, 374, 374, 374, 374, 374, 374, 374, 374, 374, 374, 374, 374, 374, 374, 374, 374, 374, 374, 374, 374, 374, 374, 374, 374, 374, 374, 374, 374, 374, 374, 374, 374]

ep11
Train step Loss: [3.8227362632751465, 3.877913475036621, 3.9515159130096436, 3.907212495803833, 3.9314916133880615, 3.8534274101257324, 3.7961151599884033, 3.9188926219940186, 3.822474718093872, 3.8751916885375977, 3.786231279373169, 3.901730537414551, 3.834761381149292, 3.992611885070801, 3.918154716491699, 3.914670467376709, 3.8170251846313477, 3.809885263442993, 3.921053171157837, 3.8879153728485107, 3.867842674255371, 3.7899653911590576, 3.812098264694214, 3.811652183532715, 3.7998392581939697, 3.9055655002593994, 3.791337490081787, 3.8747458457946777, 3.849156141281128, 3.929219961166382, 3.890575408935547, 3.805372714996338, 3.852247714996338, 3.9168689250946045, 3.878375768661499, 3.9595513343811035, 3.6225411891937256, 3.7198851108551025, 3.9287734031677246, 3.865415096282959, 3.771381378173828, 3.867934226989746, 3.791043281555176, 3.7628700733184814, 3.851210594177246, 3.6354870796203613, 3.8038578033447266, 3.842559337615967, 3.7123773097991943, 3.887751817703247, 3.714371919631958, 3.8304331302642822, 3.840641498565674, 3.700561761856079, 3.763798236846924, 3.71921443939209, 3.798548460006714, 3.815119504928589, 3.8111371994018555, 3.6439414024353027, 3.953092098236084, 3.717360496520996, 3.9494705200195312]
val step Loss: [4.138347625732422, 4.184082508087158, 4.254734516143799, 4.1084089279174805, 4.181042671203613, 4.13850736618042, 4.121733665466309, 4.320966720581055, 4.1967973709106445, 4.152085781097412, 4.19100284576416, 4.1202850341796875, 4.258584976196289, 4.101085186004639, 4.106975078582764, 4.149392604827881]
Train step Accs: [0.24153567110036275, 0.23245160336929216, 0.208419886442321, 0.22115244347191831, 0.22698435076836318, 0.23405746320953047, 0.24252303330970942, 0.22919488337095562, 0.2361870897155361, 0.21868663235064734, 0.22876526458616012, 0.23605889724310777, 0.2394228075091062, 0.20184816089871355, 0.21106758080313417, 0.22388059701492538, 0.24094117647058824, 0.23332366589327147, 0.22401674891580678, 0.22335231895850285, 0.22270093596790966, 0.253029697696098, 0.23129770992366414, 0.2432396954581255, 0.23402889245585876, 0.22064106106659298, 0.2445833939217682, 0.22646771719425463, 0.24205061648280338, 0.22541999449187552, 0.21225849433710858, 0.2334731664979025, 0.23826815642458102, 0.22583466977693542, 0.22783389450056116, 0.22386272944932162, 0.2799829278702518, 0.2589899524061343, 0.2176565008025682, 0.23013048635824437, 0.25663331883427576, 0.21927311114462375, 0.24778046811945117, 0.24386686115899747, 0.23136645962732919, 0.2810171496156121, 0.2458205162498328, 0.23596745276513584, 0.2589030413309072, 0.23252706133903514, 0.2412831241283124, 0.25011600928074246, 0.2288396429670668, 0.2543406229290921, 0.23789967732472866, 0.2560094575068961, 0.2422809868518245, 0.22548161120840632, 0.23968816442239546, 0.2788386896444651, 0.20470262793914246, 0.257977591830946, 0.20762842202399262]
val step Accs: [0.1820362473347548, 0.17077883472057076, 0.14664013470075005, 0.19968887003252722, 0.17394736842105263, 0.16695421366954213, 0.16988987375772227, 0.15134290180474633, 0.1639135959339263, 0.17286245353159851, 0.1618699558398051, 0.1769530164025577, 0.15696420871065114, 0.16598924872164678, 0.17783473697058463, 0.16611909650924025]
Preds: [17, 17, 17, 287, 284, 284, 284, 284, 35, 35, 35, 35, 35, 250, 250, 374, 355, 284, 284, 284, 284, 182, 182, 182, 182, 182, 182, 284, 284, 284, 182, 98, 98, 98, 284, 284, 284, 284, 284, 387, 387, 387, 240, 35, 35, 35, 35, 250, 250, 250, 324, 324, 171, 464, 464, 454, 355, 355, 355, 355, 284, 182, 182, 182, 182, 284, 387, 240, 284, 284, 284, 387, 240, 240, 240, 35, 35, 240, 284, 284, 284, 240, 35, 355, 284, 284, 387, 284, 284, 284, 284, 284, 387, 387, 387, 387, 240, 240, 240, 240, 240, 35, 35, 35, 355, 355, 355, 355, 240, 240, 35, 35, 250, 250, 374, 35, 132, 132, 132, 35, 250, 250, 250, 374, 374, 250, 324, 464, 324, 324, 324, 171, 171, 171, 464, 464, 464, 464, 464, 464, 324, 171, 464, 464, 464, 464, 464, 374, 374, 374, 132, 355, 355, 355, 355, 355, 355, 355, 240, 240, 240, 35, 35, 35, 35, 250, 324, 324, 324, 324, 213, 246, 246, 246, 246, 246, 246, 246, 464, 464, 464, 464, 464, 324, 246, 246, 464, 464, 374, 374, 374, 374, 464, 464, 464, 374, 374, 355, 355, 355, 355, 355, 240, 355, 355, 240, 240, 240, 35, 35, 35, 35, 324, 324, 464, 464, 464, 464, 464, 374, 374, 132, 132, 355, 355, 355, 284, 240, 240, 240, 240, 35, 35, 35, 132, 132, 132, 355, 355, 355, 355, 355, 35, 35, 35, 35, 35, 35, 35, 374, 355, 355, 182, 182, 182, 284, 387, 387, 182, 98, 98, 414, 414, 414, 170, 47, 47, 73, 244, 320, 287, 287, 284, 284, 47, 244, 244, 73, 47, 47, 73, 73, 320, 320, 7, 7, 7, 35, 240, 35, 250, 250, 35, 374, 374, 355, 98, 355, 284, 284, 284, 240, 387, 387, 387, 240, 250, 171, 171, 171, 464, 464, 374, 355, 355, 284, 284, 284, 284, 240, 35, 35, 250, 250, 250, 250, 374, 250, 464, 171, 213, 213, 171, 464, 464, 464, 464, 464, 464, 454, 454, 48, 182, 284, 240, 240, 240, 35, 35, 132, 132, 132, 132, 35, 35, 35, 374, 35, 250, 250, 324, 324, 324, 213, 246, 246, 246, 246, 246, 246, 246, 246, 246, 246, 246, 246, 454, 454, 414, 414, 414, 170, 170, 47, 47, 47, 47, 47, 47, 47, 47, 73, 73, 73, 73, 73, 320, 320, 287, 287, 287, 284, 287, 287, 287, 287, 240, 35, 35, 35, 35, 35, 132, 132, 35, 35, 35, 132, 250, 250, 374, 374, 374, 355, 48, 182, 182, 182, 182, 182, 182, 182, 284, 284, 122, 250, 250, 284, 98, 414, 414, 7, 7, 250, 250, 374, 374, 374, 250, 464, 171, 171, 171, 324, 324, 324, 324, 324, 246, 246, 246, 246, 464, 464, 464, 464, 464, 464, 464, 464, 464, 464, 464, 464, 464, 464, 374, 374, 374, 374, 374, 250, 464, 464, 464, 374, 374, 374, 374, 250, 250, 48, 48, 414, 414, 414, 170, 170, 170, 392, 392, 392, 392, 392, 73, 73, 73, 321, 73, 73, 73, 320, 321, 73, 320, 287, 287, 287, 287, 284, 284, 284, 287, 387, 387, 240, 35, 35, 35, 35, 35, 35, 171, 324, 324, 324, 213, 213, 246, 246, 246, 246, 464, 464, 464, 374, 374, 374, 355, 355, 182, 182, 284, 182, 284, 284, 387, 240, 35, 35, 35, 132, 132, 355, 240, 35, 250, 171, 171, 464, 464, 374, 464, 464, 464, 374, 374, 374, 250, 464, 464, 464, 464, 464, 374, 374, 374, 374, 374, 132, 132, 132, 132, 132, 132, 35, 250, 250, 374, 374]

ep12
Train step Loss: [3.7671961784362793, 3.793607711791992, 3.703817844390869, 3.7224695682525635, 3.733431577682495, 3.81365966796875, 3.693638801574707, 3.75626540184021, 3.726456880569458, 3.782484292984009, 3.6839983463287354, 3.6878154277801514, 3.792095422744751, 3.7219278812408447, 3.773063898086548, 3.732745885848999, 3.7215099334716797, 3.6810526847839355, 3.7158000469207764, 3.758495569229126, 3.7014107704162598, 3.708195924758911, 3.8299295902252197, 3.73032546043396, 3.6960785388946533, 3.682617664337158, 3.671435832977295, 3.7193362712860107, 3.6979947090148926, 3.758417844772339, 3.728726625442505, 3.69081449508667, 3.591695547103882, 3.718400716781616, 3.802203893661499, 3.696855306625366, 3.654873847961426, 3.777527332305908, 3.636690378189087, 3.818711042404175, 3.669083595275879, 3.8111207485198975, 3.7224931716918945, 3.7488820552825928, 3.6957130432128906, 3.8892598152160645, 3.8084704875946045, 3.551705837249756, 3.568357467651367, 3.648548126220703, 3.5645217895507812, 3.881957769393921, 3.7791385650634766, 3.7831013202667236, 3.7852089405059814, 3.785679817199707, 3.633230209350586, 3.6057167053222656, 3.713202953338623, 3.691314220428467, 3.6251320838928223, 3.677974224090576, 3.781618595123291]
val step Loss: [4.104885578155518, 3.991377592086792, 4.147434234619141, 4.039096832275391, 4.021615982055664, 4.086952209472656, 4.0420050621032715, 4.05280876159668, 4.02331018447876, 4.069113731384277, 4.103514194488525, 3.9343063831329346, 4.000740051269531, 4.08621883392334, 4.164608955383301, 4.056459903717041]
Train step Accs: [0.25296002228722664, 0.23476359661109591, 0.25799608355091386, 0.2522602375465343, 0.2587755102040816, 0.249382357215521, 0.24857468643101482, 0.2547926580557444, 0.2610130578275219, 0.2370564281559046, 0.26025290498974707, 0.2568976897689769, 0.23965296543877115, 0.2604908946951702, 0.2353421303224051, 0.25842865743527993, 0.24501078748651564, 0.25992217898832687, 0.2557351809083911, 0.24412377268670038, 0.26479750778816197, 0.24320718098010674, 0.23789271505007545, 0.24900345469040658, 0.2597603946441156, 0.26332911621182, 0.26887142221563104, 0.24813090703907462, 0.24484773915718241, 0.25018055756175067, 0.2517656041229242, 0.26680469289164943, 0.2737953795379538, 0.2504282821990344, 0.25105026799942054, 0.25832452431289643, 0.2588888888888889, 0.23821204687925865, 0.27377130155593976, 0.24226558781532603, 0.2582258064516129, 0.23509369676320271, 0.262696335078534, 0.23870967741935484, 0.2464748201438849, 0.22494398805078417, 0.24525316455696203, 0.287887404037532, 0.2753561856397235, 0.2573014018691589, 0.28860116166505323, 0.23186144484318927, 0.24612612612612614, 0.24376770538243625, 0.23899959876955998, 0.2293632958801498, 0.2697910940076965, 0.26411865373645177, 0.2648693718732629, 0.26893333333333336, 0.28055438891222173, 0.26062620255378693, 0.26702448842670246]
val step Accs: [0.18538106861947382, 0.20077170418006432, 0.18053578361589231, 0.20034028073160356, 0.19389293792410153, 0.18652989607234444, 0.1855350553505535, 0.17910848549946295, 0.20618556701030927, 0.1731852567197811, 0.17939925936085585, 0.21300919842312746, 0.20313767919935083, 0.17658473479948253, 0.1832010582010582, 0.201558550968829]
Preds: [17, 7, 464, 464, 250, 35, 35, 250, 213, 324, 171, 171, 464, 464, 374, 464, 464, 464, 464, 374, 213, 213, 246, 246, 246, 246, 464, 464, 464, 454, 374, 374, 250, 374, 374, 374, 374, 374, 250, 250, 464, 464, 171, 171, 171, 171, 171, 464, 464, 464, 374, 355, 374, 35, 374, 132, 250, 250, 250, 250, 250, 250, 250, 486, 374, 250, 250, 355, 486, 182, 182, 284, 284, 387, 387, 284, 284, 284, 387, 284, 284, 284, 284, 387, 240, 240, 240, 240, 240, 240, 387, 387, 35, 35, 35, 35, 35, 374, 250, 250, 250, 303, 303, 48, 48, 414, 414, 414, 414, 170, 170, 392, 392, 392, 73, 73, 392, 392, 392, 73, 392, 392, 73, 73, 320, 7, 7, 7, 287, 287, 35, 250, 171, 171, 171, 464, 374, 374, 374, 355, 355, 355, 240, 35, 35, 35, 250, 250, 250, 324, 324, 324, 246, 464, 464, 464, 464, 374, 355, 355, 355, 355, 240, 240, 35, 250, 132, 355, 355, 355, 240, 35, 250, 35, 374, 132, 250, 250, 132, 355, 355, 355, 240, 240, 35, 35, 35, 374, 374, 171, 213, 213, 246, 246, 246, 246, 246, 246, 246, 246, 246, 454, 454, 355, 35, 35, 132, 355, 486, 182, 284, 182, 182, 182, 284, 387, 98, 98, 98, 414, 414, 170, 170, 392, 47, 73, 320, 320, 47, 321, 287, 287, 287, 284, 284, 80, 47, 244, 287, 320, 7, 171, 213, 213, 213, 171, 464, 464, 464, 374, 374, 355, 355, 355, 355, 355, 387, 284, 240, 35, 35, 35, 35, 35, 132, 132, 132, 132, 132, 132, 132, 132, 132, 132, 132, 132, 132, 132, 132, 132, 132, 132, 132, 132, 132, 132, 132, 132, 132, 132, 132, 132, 132, 132, 132, 132, 132, 132, 132, 132, 132, 132, 132, 132, 132, 132, 132, 132, 132, 132, 132, 132, 132, 132, 132, 132, 132, 132, 132, 132, 132, 132, 132, 132, 132, 132, 132, 132, 132, 132, 132, 132, 132, 132, 132, 132, 132, 132, 132, 132, 132, 132, 132, 132, 132, 132, 132, 132, 132, 132, 132, 132, 132, 132, 132, 132, 132, 132, 132, 132, 132, 132, 132, 132, 132, 132, 132, 132, 132, 132, 132, 132, 132, 132, 132, 132, 132, 132, 132, 132, 132, 132, 132, 132, 132, 132, 132, 132, 132, 132, 132, 132, 132, 132, 132, 132, 132, 132, 132, 132, 132, 132, 132, 132, 132, 132, 132, 132, 132, 132, 132, 132, 132, 132, 132, 132, 132, 132, 132, 132, 132, 132, 132, 132, 132, 132, 132, 132, 132, 132, 132, 132, 132, 132, 132, 132, 132, 132, 132, 132, 132, 132, 132, 132, 132, 132, 132, 132, 132, 132, 132, 132, 132, 132, 132, 132, 132, 132, 132, 132, 132, 132, 132, 132, 132, 132, 132, 132, 132, 132, 132, 132, 132, 132, 132, 132, 132, 132, 132, 132, 132, 132, 132, 132, 132, 132, 132, 132, 132, 132, 132, 132, 132, 132, 132, 132, 132, 132, 132, 132, 132, 132, 132, 132, 132, 132, 132, 132, 132, 132, 132, 132, 132, 132, 132, 132, 132, 132, 132, 132, 132, 132, 132, 132, 132, 132, 132, 132, 132, 132, 132, 132, 132, 132, 132, 132, 132, 132, 132, 132, 132, 132, 132, 132, 132, 132, 132, 132, 132, 132, 132, 132, 132, 132, 132, 132, 132, 132, 132, 132, 132, 132, 132, 132, 132, 132, 132, 132, 132, 132, 132, 132, 132, 132, 132, 132, 132, 132, 132, 132, 132, 132, 132, 132, 132, 132, 132, 132, 132, 132, 132, 132, 132, 132, 132, 132, 132, 132, 132, 132]

ep13
Train step Loss: [3.5957469940185547, 3.756350517272949, 3.741129159927368, 3.6788413524627686, 3.59755539894104, 3.765481948852539, 3.774548053741455, 3.6978535652160645, 3.5519556999206543, 3.6159493923187256, 3.6928372383117676, 3.7106359004974365, 3.696728229522705, 3.5935025215148926, 3.482218027114868, 3.694659471511841, 3.6202027797698975, 3.7055556774139404, 3.625140428543091, 3.6234214305877686, 3.5356321334838867, 3.7460083961486816, 3.4335522651672363, 3.572608470916748, 3.645855188369751, 3.562896728515625, 3.787553548812866, 3.6572413444519043, 3.5356853008270264, 3.5559585094451904, 3.696955680847168, 3.580630302429199, 3.6835319995880127, 3.6870739459991455, 3.6382017135620117, 3.625847101211548, 3.620617151260376, 3.5467090606689453, 3.784327268600464, 3.6276209354400635, 3.6385793685913086, 3.6618094444274902, 3.6427581310272217, 3.6471595764160156, 3.5113420486450195, 3.646946430206299, 3.6383676528930664, 3.598154306411743, 3.565312147140503, 3.574969530105591, 3.5746569633483887, 3.5833044052124023, 3.560392141342163, 3.4533329010009766, 3.5820271968841553, 3.614964723587036, 3.6678695678710938, 3.546379327774048, 3.583209991455078, 3.4500231742858887, 3.484741449356079, 3.6337952613830566, 3.6182289123535156]
val step Loss: [3.8630740642547607, 3.941551685333252, 4.04721736907959, 4.0345845222473145, 4.093906402587891, 3.843714475631714, 3.9594814777374268, 3.8412232398986816, 4.000793933868408, 3.9910686016082764, 3.998901605606079, 3.89912748336792, 3.9620816707611084, 3.9673104286193848, 3.98463773727417, 3.875178098678589]
Train step Accs: [0.27971375233354073, 0.2471761772040487, 0.25347928068803754, 0.25688524590163936, 0.2792137440024764, 0.24676833696441539, 0.2415808088574504, 0.2535773252614199, 0.2963841138114997, 0.28262406333945994, 0.2556191539857602, 0.25368248772504093, 0.25780836421386977, 0.28873117535052795, 0.30057018734727126, 0.28288522694420354, 0.2649329540837058, 0.2627971416071168, 0.2588280946837408, 0.26492624678061344, 0.2828990228013029, 0.24759366207611433, 0.3097074661621307, 0.27522535620820004, 0.2761834319526627, 0.28617780661907855, 0.2383641080421181, 0.2702294685990338, 0.27035121154369723, 0.28501228501228504, 0.2562282533054976, 0.2832313681868743, 0.2607235536559304, 0.25740043057050593, 0.26827586206896553, 0.2730572734606077, 0.2631432157300237, 0.29935559461042766, 0.23708882885746066, 0.2703558504221954, 0.27568683500079405, 0.26107765941022076, 0.2697618225750777, 0.25774211711711714, 0.28120350471152256, 0.2596836668818593, 0.2597539015606242, 0.27498083312036803, 0.2761714855433699, 0.2766562411145863, 0.2847377024817952, 0.27531152647975077, 0.27334127930075486, 0.2972412899883435, 0.2641897233201581, 0.27030539311241064, 0.2549736688121709, 0.2774104259572505, 0.27261064785118666, 0.3055957867017775, 0.291839378238342, 0.2557342472976536, 0.2777777777777778]
val step Accs: [0.222434758846837, 0.20307818033233452, 0.19487251330905014, 0.1903807615230461, 0.1837552066645306, 0.22583368509919796, 0.2072972972972973, 0.212710587590741, 0.19989303382805187, 0.20201368271589001, 0.20548929443885616, 0.21662191847693435, 0.2031292149986512, 0.2061030515257629, 0.19803245176951578, 0.1988136633258335]
Preds: [17, 17, 287, 287, 284, 284, 284, 387, 387, 240, 35, 35, 240, 35, 35, 35, 35, 250, 250, 250, 250, 250, 35, 35, 250, 464, 324, 324, 213, 246, 246, 246, 246, 464, 374, 374, 374, 132, 132, 250, 374, 374, 267, 324, 213, 246, 246, 246, 246, 246, 19, 19, 454, 454, 414, 414, 414, 392, 392, 392, 392, 392, 392, 392, 392, 392, 73, 320, 320, 321, 287, 287, 287, 7, 35, 443, 284, 284, 387, 387, 35, 35, 35, 486, 250, 132, 250, 250, 250, 250, 250, 171, 464, 464, 464, 171, 171, 171, 171, 171, 171, 171, 246, 246, 246, 19, 464, 374, 374, 454, 303, 464, 464, 464, 374, 171, 324, 171, 464, 464, 464, 464, 464, 464, 464, 324, 324, 171, 171, 464, 464, 464, 464, 374, 374, 250, 213, 213, 246, 246, 246, 246, 246, 246, 246, 246, 454, 454, 414, 414, 414, 414, 414, 7, 7, 32, 250, 132, 132, 132, 132, 132, 132, 132, 35, 250, 324, 324, 464, 464, 464, 374, 374, 132, 132, 132, 132, 132, 132, 35, 35, 250, 250, 213, 213, 246, 246, 246, 19, 464, 464, 374, 250, 464, 464, 171, 464, 324, 464, 464, 464, 464, 374, 454, 486, 486, 284, 284, 355, 387, 387, 35, 35, 355, 284, 182, 182, 182, 182, 182, 182, 182, 182, 182, 98, 98, 98, 98, 98, 414, 170, 170, 392, 392, 392, 63, 63, 63, 63, 63, 63, 63, 63, 63, 63, 63, 63, 63, 63, 63, 73, 320, 320, 320, 287, 287, 287, 287, 35, 35, 240, 284, 284, 182, 284, 387, 240, 35, 35, 35, 35, 35, 132, 132, 35, 250, 250, 374, 374, 132, 250, 250, 303, 355, 355, 355, 35, 35, 374, 374, 374, 374, 374, 374, 35, 250, 324, 324, 464, 464, 464, 454, 355, 355, 355, 355, 240, 35, 35, 132, 132, 355, 355, 355, 240, 240, 240, 240, 132, 35, 250, 324, 324, 324, 464, 464, 374, 374, 464, 464, 464, 464, 464, 464, 454, 454, 98, 355, 240, 98, 98, 414, 414, 414, 170, 170, 392, 392, 392, 392, 63, 63, 63, 63, 63, 63, 63, 63, 63, 63, 63, 63, 63, 63, 63, 63, 63, 73, 63, 73, 320, 320, 321, 7, 7, 320, 7, 35, 250, 171, 171, 171, 171, 171, 171, 171, 464, 464, 454, 454, 414, 355, 240, 240, 240, 240, 240, 284, 284, 284, 182, 182, 182, 387, 35, 35, 250, 171, 324, 324, 324, 171, 464, 464, 464, 464, 464, 464, 464, 464, 213, 213, 246, 246, 246, 19, 454, 454, 374, 374, 374, 48, 48, 240, 182, 35, 35, 35, 132, 355, 240, 35, 35, 132, 132, 132, 355, 355, 35, 35, 250, 132, 132, 355, 35, 250, 250, 250, 250, 250, 250, 374, 374, 486, 48, 355, 35, 35, 132, 132, 132, 132, 132, 132, 132, 132, 132, 132, 132, 132, 132, 132, 132, 132, 132, 132, 132, 132, 132, 132, 132, 132, 132, 132, 132, 132, 132, 132, 132, 132, 132, 132, 132, 132, 132, 132, 132, 132, 132, 132, 132, 132, 132, 132, 132, 132, 132, 132, 132, 132, 132, 132, 132, 132, 132, 132, 132, 132, 132, 132, 132, 132, 132, 132, 132, 132, 132, 132, 132, 132, 132, 132, 132, 132, 132, 132, 132, 132, 132, 132, 132, 132, 132, 132, 132, 132, 132, 132, 132, 132, 132, 132, 132, 132, 132, 132, 132, 132, 132, 132, 132, 132, 132, 132, 132, 132, 132, 132, 132, 132, 132, 132, 132, 132, 132, 132, 132, 132, 132, 132, 132, 132, 132, 132, 132, 132, 132, 132, 132, 132]

ep14
Train step Loss: [3.65341854095459, 3.461698293685913, 3.658323287963867, 3.511749744415283, 3.5523321628570557, 3.701921224594116, 3.602135181427002, 3.645747423171997, 3.607128381729126, 3.713768482208252, 3.641575574874878, 3.503056287765503, 3.6346781253814697, 3.559432029724121, 3.6322181224823, 3.5498082637786865, 3.667797327041626, 3.3648242950439453, 3.637648582458496, 3.5189366340637207, 3.5400280952453613, 3.6209802627563477, 3.4740281105041504, 3.5098073482513428, 3.515004873275757, 3.5760626792907715, 3.4549901485443115, 3.4828732013702393, 3.5073161125183105, 3.5044825077056885, 3.4312241077423096, 3.529909133911133, 3.523388385772705, 3.4379689693450928, 3.5507147312164307, 3.597369909286499, 3.5817456245422363, 3.4641058444976807, 3.5876362323760986, 3.551853656768799, 3.5089735984802246, 3.4079039096832275, 3.486443281173706, 3.4718880653381348, 3.4829018115997314, 3.636561393737793, 3.452648401260376, 3.5341827869415283, 3.414780616760254, 3.4907593727111816, 3.55733323097229, 3.6002185344696045, 3.440147638320923, 3.5576908588409424, 3.4799509048461914, 3.4258131980895996, 3.3718388080596924, 3.4907093048095703, 3.441937208175659, 3.593722105026245, 3.4103355407714844, 3.551410436630249, 3.3980207443237305]
val step Loss: [3.8902976512908936, 3.8826074600219727, 3.730120897293091, 3.8744616508483887, 3.936580181121826, 3.8659720420837402, 3.8441014289855957, 3.8684170246124268, 3.8451783657073975, 3.9138996601104736, 3.927733898162842, 3.8835995197296143, 3.9133665561676025, 3.9224722385406494, 3.805947780609131, 3.961376428604126]
Train step Accs: [0.2638570022958347, 0.3007832898172324, 0.2675526916364613, 0.2867636671846306, 0.2857142857142857, 0.25563793636082793, 0.2819325907710111, 0.270254110612855, 0.27005388760585064, 0.2432927845359107, 0.27493023938904393, 0.2755995978744794, 0.26665664009625506, 0.2777488275143304, 0.2708307767824273, 0.29387688277668633, 0.2703857268501068, 0.3059777102330294, 0.25315568022440393, 0.29417879417879417, 0.27024543903399395, 0.26548672566371684, 0.29049325823519373, 0.29612983770287143, 0.31079058375289154, 0.2823138665928591, 0.29456706281833617, 0.2931986531986532, 0.28135338345864663, 0.29476709013914093, 0.3151846785225718, 0.2895329206527856, 0.30050576004495644, 0.30536862569164047, 0.27387140902872775, 0.2653494448073155, 0.2692134155512107, 0.29516972867745467, 0.2725003899547652, 0.2849162011173184, 0.2862706913339825, 0.2995929923907273, 0.2738062379243721, 0.30441781434448223, 0.29977360500732453, 0.27172512526843234, 0.28660393025186826, 0.26695108944080453, 0.3115887569517511, 0.2896974766485432, 0.2742326909350464, 0.26543389633080955, 0.3030264334056953, 0.2922110979127779, 0.2986713665943601, 0.30377927863198734, 0.3019000703729768, 0.2867861609003752, 0.2944841012329656, 0.2808788598574822, 0.30621872766261615, 0.284325279905716, 0.30217669654289375]
val step Accs: [0.2108455659347325, 0.20954024405275484, 0.2532827940977393, 0.19902777777777778, 0.20231135282121007, 0.21991125901275652, 0.21004016064257028, 0.21166549543218552, 0.2168040943986352, 0.2051667577911427, 0.21541330018645122, 0.21259613989261356, 0.2083684358326313, 0.2109090909090909, 0.2273485269594219, 0.19884212870184814]
Preds: [17, 17, 35, 35, 132, 35, 132, 443, 35, 132, 132, 35, 35, 35, 35, 35, 35, 35, 35, 374, 132, 374, 132, 132, 132, 132, 132, 132, 132, 250, 250, 250, 464, 374, 267, 250, 374, 264, 374, 374, 374, 132, 132, 132, 132, 132, 132, 443, 240, 355, 284, 284, 284, 284, 98, 98, 98, 98, 414, 414, 414, 414, 47, 47, 47, 47, 47, 47, 47, 73, 73, 73, 320, 320, 287, 287, 287, 287, 287, 287, 284, 284, 284, 284, 182, 170, 414, 392, 73, 392, 63, 63, 63, 73, 73, 73, 320, 7, 7, 7, 7, 32, 464, 464, 354, 250, 250, 213, 213, 213, 213, 246, 246, 246, 246, 246, 246, 246, 246, 246, 246, 246, 246, 19, 464, 464, 464, 464, 464, 464, 354, 464, 464, 464, 464, 464, 374, 374, 374, 374, 303, 250, 171, 171, 171, 171, 171, 171, 246, 246, 246, 246, 246, 246, 246, 246, 464, 464, 354, 354, 303, 303, 303, 374, 464, 464, 464, 464, 171, 213, 213, 464, 464, 171, 171, 464, 464, 374, 374, 374, 303, 303, 374, 374, 374, 250, 464, 464, 464, 464, 464, 264, 264, 355, 486, 486, 284, 355, 355, 355, 355, 355, 240, 35, 35, 486, 182, 182, 182, 182, 182, 182, 182, 182, 182, 182, 182, 182, 182, 182, 182, 182, 182, 122, 240, 240, 35, 35, 132, 132, 355, 35, 35, 35, 303, 303, 355, 486, 355, 355, 355, 355, 355, 355, 122, 35, 240, 132, 132, 132, 35, 374, 250, 250, 464, 464, 464, 374, 132, 132, 355, 486, 486, 284, 284, 182, 182, 182, 284, 387, 387, 387, 387, 122, 35, 35, 35, 35, 267, 267, 464, 464, 464, 464, 374, 132, 132, 355, 355, 355, 355, 98, 98, 98, 414, 414, 414, 170, 170, 47, 47, 47, 47, 47, 47, 73, 73, 392, 392, 392, 392, 392, 392, 73, 73, 73, 73, 320, 7, 7, 7, 7, 7, 374, 443, 284, 284, 284, 284, 284, 284, 284, 182, 182, 182, 182, 182, 182, 182, 182, 182, 182, 182, 182, 284, 284, 122, 122, 250, 35, 250, 250, 250, 250, 250, 374, 106, 486, 284, 284, 387, 387, 387, 387, 387, 240, 35, 35, 250, 171, 324, 324, 324, 171, 464, 464, 354, 374, 374, 374, 374, 374, 374, 374, 355, 355, 355, 355, 182, 182, 182, 182, 182, 182, 182, 182, 182, 182, 387, 387, 387, 387, 240, 35, 35, 250, 35, 35, 132, 486, 486, 284, 387, 240, 240, 240, 240, 132, 132, 132, 35, 250, 355, 486, 284, 387, 240, 240, 35, 35, 132, 132, 250, 324, 324, 324, 464, 464, 464, 374, 132, 132, 355, 355, 98, 98, 98, 414, 320, 35, 355, 182, 182, 182, 182, 182, 182, 182, 182, 182, 98, 98, 98, 414, 414, 414, 170, 392, 392, 392, 392, 392, 73, 73, 73, 392, 63, 63, 63, 63, 63, 63, 63, 73, 73, 73, 73, 73, 392, 63, 63, 63, 63, 63, 63, 63, 63, 63, 73, 73, 73, 73, 73, 73, 73, 73, 321, 320, 287, 287, 287, 287, 284, 284, 284, 284, 284, 287, 287, 287, 387, 387, 387, 240, 284, 284, 284, 387, 387, 387, 387, 387, 122, 122, 240, 240, 35, 171, 250, 250, 171, 464, 464, 464, 171, 171, 171, 171, 171, 171, 213, 171, 464, 464, 464, 464, 464, 464, 374, 464, 464, 464, 464, 464, 374, 374, 374, 374, 132, 132, 132, 250, 250, 250, 132, 132, 132, 132, 132, 132, 132, 132, 250, 250, 303, 486, 486, 486, 182, 355, 355, 355, 122, 250, 250, 250, 464, 250, 250, 250]

ep15
Train step Loss: [3.563655138015747, 3.4437222480773926, 3.5131452083587646, 3.4909446239471436, 3.4222354888916016, 3.453806161880493, 3.3573834896087646, 3.5024492740631104, 3.4438483715057373, 3.3923768997192383, 3.4471757411956787, 3.446955919265747, 3.4983909130096436, 3.4706456661224365, 3.258000612258911, 3.4374637603759766, 3.4646873474121094, 3.5084874629974365, 3.4546799659729004, 3.5190718173980713, 3.438365936279297, 3.505825996398926, 3.5447704792022705, 3.3951618671417236, 3.3616976737976074, 3.4476308822631836, 3.4686880111694336, 3.5065410137176514, 3.5377085208892822, 3.527893304824829, 3.456662654876709, 3.456721305847168, 3.435124397277832, 3.4524550437927246, 3.4975662231445312, 3.4541335105895996, 3.524250030517578, 3.4957590103149414, 3.383737325668335, 3.4208664894104004, 3.445460081100464, 3.409562349319458, 3.4382734298706055, 3.392350196838379, 3.5491554737091064, 3.417931079864502, 3.469813585281372, 3.430727958679199, 3.5673067569732666, 3.35282826423645, 3.4117724895477295, 3.5855040550231934, 3.496696710586548, 3.447329044342041, 3.4054529666900635, 3.4346275329589844, 3.3779067993164062, 3.3957176208496094, 3.4906554222106934, 3.4005913734436035, 3.4387972354888916, 3.345046281814575, 3.3566339015960693]
val step Loss: [3.788012981414795, 3.7603158950805664, 3.7773807048797607, 3.8195981979370117, 3.67706298828125, 3.8803703784942627, 3.778388261795044, 3.8202435970306396, 3.8271286487579346, 3.7869644165039062, 3.840698003768921, 3.728085517883301, 3.7936995029449463, 3.7750844955444336, 3.822427272796631, 3.8601574897766113]
Train step Accs: [0.2857142857142857, 0.2993932999208652, 0.28767908309455587, 0.28595980962453726, 0.2988947621335896, 0.3003924866834875, 0.31384229503056904, 0.2947019867549669, 0.3065446868402533, 0.3119328186374103, 0.29216291721805615, 0.2883425852498017, 0.28345853135060556, 0.2926404412832051, 0.3352120236178207, 0.30510814542107684, 0.3102270787092368, 0.2895246610043213, 0.2914494264859228, 0.281596794081381, 0.3079139454475605, 0.2899876825620271, 0.28141269171239625, 0.31010502412716434, 0.32081621085447076, 0.30027912443073307, 0.2915489642184557, 0.3034036654859079, 0.26623282718727403, 0.28867550678250264, 0.2975472456775231, 0.30707573244886677, 0.30515848353014297, 0.2987939307482817, 0.2926423721768048, 0.2899147309614819, 0.27832939322301026, 0.28688741721854305, 0.3122430741733691, 0.3040641565855648, 0.2989520132377275, 0.3122535877621826, 0.2977575451020064, 0.29294862358310025, 0.28472414749098973, 0.30806428673019487, 0.2918253363797918, 0.3137906895344767, 0.29327548806941434, 0.30893226855959777, 0.3091737724198765, 0.27340244468513075, 0.2725629258795717, 0.2875702685821362, 0.30284692614495945, 0.29918222496528313, 0.30153044610875934, 0.30703745743473326, 0.2932814604219662, 0.30952022860580536, 0.2930893198579623, 0.3170243204577968, 0.3155216284987277]
val step Accs: [0.24815321477428182, 0.23308774279973207, 0.23050427114907687, 0.21827570020341105, 0.2488341968911917, 0.21925577534928758, 0.23714585519412382, 0.2351197533791795, 0.2274749721913237, 0.24101858224363387, 0.21953551912568306, 0.24482936918304032, 0.22622143150403723, 0.22417339028634709, 0.2288544577089154, 0.22762566407846344]
Preds: [17, 17, 284, 284, 387, 284, 17, 35, 35, 35, 35, 35, 48, 240, 240, 240, 443, 240, 240, 240, 240, 240, 240, 240, 35, 98, 98, 414, 414, 414, 414, 414, 414, 414, 47, 47, 73, 320, 7, 7, 7, 35, 250, 250, 464, 464, 264, 264, 264, 374, 374, 35, 303, 264, 250, 250, 464, 324, 324, 171, 171, 464, 464, 464, 464, 464, 464, 454, 454, 414, 240, 35, 35, 250, 464, 171, 171, 464, 374, 132, 132, 374, 374, 132, 374, 374, 132, 486, 98, 98, 182, 182, 98, 98, 182, 7, 98, 182, 182, 182, 182, 182, 387, 284, 122, 413, 35, 132, 132, 240, 486, 182, 284, 387, 240, 240, 240, 240, 413, 413, 35, 35, 35, 35, 35, 132, 132, 486, 486, 284, 355, 355, 98, 98, 98, 414, 414, 414, 414, 414, 170, 170, 47, 244, 392, 47, 47, 47, 47, 47, 73, 73, 73, 320, 320, 320, 7, 7, 473, 132, 171, 213, 464, 464, 464, 354, 374, 132, 132, 35, 374, 486, 486, 355, 355, 387, 413, 35, 132, 35, 250, 250, 374, 303, 250, 250, 324, 464, 464, 464, 264, 355, 486, 355, 355, 98, 98, 414, 414, 414, 414, 47, 47, 47, 47, 244, 321, 321, 287, 287, 284, 284, 80, 80, 47, 47, 47, 47, 47, 73, 73, 73, 73, 73, 73, 244, 320, 320, 287, 287, 287, 287, 287, 240, 35, 35, 35, 443, 443, 240, 240, 240, 35, 267, 324, 324, 171, 324, 246, 246, 246, 19, 454, 454, 414, 414, 414, 414, 47, 7, 7, 7, 132, 443, 443, 240, 240, 240, 413, 250, 250, 303, 303, 250, 250, 303, 303, 486, 486, 355, 240, 240, 355, 355, 355, 355, 387, 387, 387, 387, 240, 35, 35, 35, 35, 132, 132, 132, 250, 250, 267, 324, 267, 213, 213, 246, 19, 464, 454, 454, 414, 414, 414, 414, 414, 244, 287, 284, 284, 284, 182, 182, 182, 182, 182, 182, 182, 182, 182, 387, 387, 387, 122, 122, 250, 250, 35, 374, 35, 250, 250, 464, 374, 171, 171, 171, 171, 374, 464, 464, 464, 464, 354, 354, 354, 374, 264, 250, 374, 132, 132, 132, 132, 132, 132, 35, 250, 267, 324, 324, 171, 171, 454, 454, 414, 414, 414, 414, 414, 170, 170, 392, 47, 47, 47, 47, 47, 47, 47, 73, 73, 73, 73, 73, 73, 244, 320, 320, 287, 287, 284, 287, 287, 287, 240, 35, 35, 35, 35, 35, 132, 35, 35, 267, 267, 324, 324, 324, 464, 464, 454, 454, 414, 414, 414, 414, 2, 284, 284, 284, 182, 284, 284, 284, 122, 171, 250, 355, 284, 284, 182, 182, 387, 387, 98, 98, 98, 414, 414, 414, 414, 170, 170, 392, 73, 47, 73, 320, 320, 287, 287, 287, 287, 284, 287, 7, 35, 35, 284, 387, 284, 284, 284, 284, 284, 387, 387, 387, 284, 98, 98, 387, 35, 35, 35, 35, 132, 132, 132, 132, 132, 132, 132, 132, 132, 132, 132, 132, 132, 132, 132, 132, 132, 132, 132, 132, 132, 132, 132, 132, 132, 132, 132, 132, 132, 132, 132, 132, 132, 132, 132, 132, 132, 132, 132, 132, 132, 132, 132, 132, 132, 132, 132, 132, 132, 132, 132, 132, 132, 132, 132, 132, 132, 132, 132, 132, 132, 132, 132, 132, 132, 132, 132, 132, 132, 132, 132, 132, 132, 132, 132, 132, 132, 132, 132, 132, 132, 132, 132, 132, 132, 132, 132, 132, 132, 132, 132, 132, 132, 132, 132, 132, 132, 132, 132, 132, 132, 132, 132, 132, 132, 132, 132, 132, 132, 132, 132, 132, 132, 132]

ep16
Train step Loss: [3.442819118499756, 3.577310562133789, 3.433598756790161, 3.3450253009796143, 3.3239781856536865, 3.399275779724121, 3.4123034477233887, 3.439523935317993, 3.468128204345703, 3.333937406539917, 3.3535380363464355, 3.357354164123535, 3.4065253734588623, 3.3859667778015137, 3.4610345363616943, 3.401949167251587, 3.304508686065674, 3.520941734313965, 3.461604595184326, 3.343714475631714, 3.3139986991882324, 3.3726627826690674, 3.3573946952819824, 3.4362473487854004, 3.390306234359741, 3.477315902709961, 3.4135851860046387, 3.4416098594665527, 3.369656562805176, 3.461524248123169, 3.338406801223755, 3.3533740043640137, 3.315394163131714, 3.224383592605591, 3.385056495666504, 3.445676565170288, 3.3888943195343018, 3.307173490524292, 3.3397839069366455, 3.4813616275787354, 3.285539388656616, 3.322803020477295, 3.278473377227783, 3.48561429977417, 3.3489596843719482, 3.2906782627105713, 3.4534878730773926, 3.465829610824585, 3.338226318359375, 3.5046684741973877, 3.260237693786621, 3.380722761154175, 3.319789409637451, 3.149690866470337, 3.3243753910064697, 3.38476300239563, 3.35585880279541, 3.438438653945923, 3.3440122604370117, 3.2635817527770996, 3.2995638847351074, 3.198890447616577, 3.4790990352630615]
val step Loss: [3.7406976222991943, 3.6801035404205322, 3.8031318187713623, 3.7404446601867676, 3.705432891845703, 3.659200668334961, 3.7728424072265625, 3.703580856323242, 3.7088534832000732, 3.6507813930511475, 3.674436092376709, 3.748002529144287, 3.703430414199829, 3.7715935707092285, 3.6999170780181885, 3.7211530208587646]
Train step Accs: [0.3098130203357445, 0.2802378344547019, 0.2947455817815206, 0.30164025576869613, 0.32438356164383564, 0.3034545731243342, 0.30966415352981497, 0.2937853107344633, 0.2999863331966653, 0.31896112714309965, 0.31860368472087547, 0.31722446624350836, 0.3148341020681446, 0.31408560311284045, 0.2946957458266021, 0.3072765072765073, 0.3334233261339093, 0.28836424957841483, 0.3013509364445809, 0.3077150458173219, 0.3164933135215453, 0.3043155865341836, 0.3184888138455044, 0.3054393305439331, 0.3140995072325544, 0.28875338753387536, 0.30434118006725774, 0.2980012894906512, 0.30750877192982456, 0.28299340131973605, 0.31361760660247595, 0.3160377358490566, 0.3201428571428571, 0.33559898045879355, 0.31738035264483627, 0.29538330008549446, 0.31386522075910145, 0.31760411032990804, 0.3221884498480243, 0.3004338394793926, 0.32901296111665007, 0.31527224435590967, 0.32742668966598715, 0.2855993563958166, 0.3325825825825826, 0.3268299246501615, 0.2948645598194131, 0.29408960915157295, 0.31851760650086186, 0.285659114315139, 0.33289102670426274, 0.31098524762908325, 0.3344671201814059, 0.36247991430101767, 0.30958156458459674, 0.3110676355505869, 0.3175977653631285, 0.2998387096774194, 0.32110246871829556, 0.3327910072474486, 0.3283832644628099, 0.3476062569126244, 0.29811079090618]
val step Accs: [0.23256972111553784, 0.24056603773584906, 0.2124680018069568, 0.2318527918781726, 0.23556231003039513, 0.24077000430972562, 0.23292349726775957, 0.235096870342772, 0.23213559322033897, 0.2593451920598092, 0.24629080118694363, 0.23186650518099852, 0.24048604620109493, 0.22566859663633856, 0.234948193783254, 0.2271179651512117]
Preds: [17, 17, 17, 17, 287, 387, 240, 240, 35, 35, 35, 486, 284, 284, 284, 284, 284, 284, 122, 413, 35, 35, 35, 486, 284, 355, 284, 284, 387, 387, 387, 98, 98, 98, 98, 414, 414, 170, 47, 47, 47, 73, 73, 73, 2, 321, 321, 321, 321, 392, 73, 73, 73, 73, 73, 73, 2, 321, 287, 287, 287, 287, 287, 35, 35, 35, 35, 35, 35, 35, 486, 98, 98, 98, 414, 287, 287, 284, 287, 387, 387, 387, 387, 387, 387, 240, 240, 35, 35, 35, 35, 35, 35, 35, 250, 464, 464, 464, 213, 213, 213, 246, 246, 246, 246, 246, 246, 464, 464, 464, 303, 303, 303, 303, 303, 464, 464, 464, 464, 464, 464, 464, 374, 374, 374, 132, 132, 355, 132, 132, 132, 132, 132, 132, 132, 132, 132, 132, 132, 132, 132, 132, 98, 98, 98, 414, 414, 414, 47, 170, 170, 170, 47, 320, 7, 213, 213, 213, 213, 213, 213, 171, 171, 180, 264, 132, 486, 486, 486, 122, 132, 486, 284, 387, 387, 387, 387, 387, 387, 387, 387, 387, 413, 413, 250, 303, 303, 303, 250, 324, 464, 464, 354, 303, 374, 48, 250, 464, 303, 486, 374, 355, 355, 355, 355, 240, 122, 267, 171, 464, 464, 464, 454, 414, 414, 414, 414, 414, 47, 7, 7, 35, 132, 132, 132, 132, 374, 374, 374, 374, 374, 35, 132, 132, 132, 132, 132, 132, 132, 35, 35, 374, 132, 132, 355, 486, 98, 240, 35, 98, 413, 250, 303, 303, 250, 213, 213, 324, 324, 246, 19, 19, 454, 454, 414, 414, 414, 47, 47, 47, 47, 47, 47, 47, 2, 321, 2, 2, 73, 73, 73, 73, 73, 73, 73, 73, 320, 392, 392, 392, 244, 320, 287, 287, 287, 287, 287, 35, 35, 250, 250, 284, 284, 35, 35, 250, 171, 324, 324, 324, 464, 464, 464, 464, 464, 464, 374, 374, 374, 486, 355, 355, 240, 35, 35, 132, 132, 250, 250, 250, 250, 250, 464, 464, 171, 213, 324, 464, 464, 464, 464, 464, 464, 354, 374, 374, 106, 486, 355, 355, 240, 35, 35, 132, 132, 132, 250, 35, 303, 250, 250, 374, 374, 374, 486, 486, 486, 182, 182, 182, 182, 182, 182, 182, 284, 387, 387, 387, 387, 413, 413, 35, 250, 250, 464, 132, 355, 35, 303, 303, 250, 355, 486, 486, 182, 182, 182, 182, 182, 182, 387, 387, 387, 387, 240, 240, 35, 35, 35, 132, 132, 98, 284, 182, 387, 387, 387, 387, 387, 387, 122, 122, 35, 374, 132, 35, 132, 132, 35, 303, 132, 132, 132, 132, 132, 35, 35, 250, 250, 250, 464, 464, 132, 132, 374, 250, 374, 374, 303, 303, 374, 250, 250, 250, 303, 374, 374, 303, 486, 374, 132, 132, 35, 250, 374, 303, 250, 250, 464, 250, 303, 250, 250, 464, 464, 355, 132, 132, 132, 240, 240, 35, 250, 250, 132, 355, 486, 355, 182, 387, 240, 240, 240, 240, 413, 250, 250, 355, 98, 98, 98, 414, 414, 320, 7, 35, 35, 250, 464, 464, 374, 374, 303, 303, 250, 464, 171, 324, 171, 454, 454, 414, 414, 414, 170, 170, 392, 392, 392, 73, 244, 73, 73, 73, 73, 73, 73, 320, 320, 321, 321, 392, 287, 320, 287, 392, 73, 73, 73, 320, 320, 7, 7, 213, 264, 443, 35, 473, 374, 132, 132, 486, 486, 355, 387, 387, 387, 284, 413, 413, 35, 355, 486, 284, 182, 387, 240, 240, 35, 35, 35, 250, 250, 132, 355, 98, 98, 98, 414, 414, 414, 414, 170, 170, 392, 47, 47, 47, 73, 73]

ep17
Train step Loss: [3.2408623695373535, 3.2353813648223877, 3.3014605045318604, 3.3465001583099365, 3.437899112701416, 3.4286513328552246, 3.30413818359375, 3.3635804653167725, 3.478698968887329, 3.270941972732544, 3.268663167953491, 3.4047329425811768, 3.451234817504883, 3.275710344314575, 3.3108673095703125, 3.230224847793579, 3.3921468257904053, 3.247549295425415, 3.353606939315796, 3.363086223602295, 3.331383228302002, 3.3137335777282715, 3.3550755977630615, 3.3495631217956543, 3.2501447200775146, 3.3399059772491455, 3.5312507152557373, 3.225972890853882, 3.358231544494629, 3.2236440181732178, 3.2717981338500977, 3.3301455974578857, 3.369786500930786, 3.4034905433654785, 3.254456043243408, 3.289783477783203, 3.2055160999298096, 3.2880172729492188, 3.3161447048187256, 3.323233127593994, 3.243506908416748, 3.245408535003662, 3.2332065105438232, 3.1400535106658936, 3.290071964263916, 3.2713730335235596, 3.382662296295166, 3.2906718254089355, 3.1642627716064453, 3.3994362354278564, 3.264101028442383, 3.3108179569244385, 3.1602344512939453, 3.3062264919281006, 3.325066089630127, 3.302147150039673, 3.1691038608551025, 3.3655025959014893, 3.3253047466278076, 3.291053056716919, 3.16599178314209, 3.2889366149902344, 3.1918249130249023]
val step Loss: [3.642932653427124, 3.6361095905303955, 3.6993987560272217, 3.664423704147339, 3.635054349899292, 3.655503273010254, 3.665130853652954, 3.5906169414520264, 3.6407763957977295, 3.617103338241577, 3.5994577407836914, 3.652061939239502, 3.698058605194092, 3.5946109294891357, 3.66298508644104, 3.723402738571167]
Train step Accs: [0.331643736422882, 0.3485549856124109, 0.3203279989419389, 0.31930398572278407, 0.2981281595846427, 0.2933589462129528, 0.3177979355645918, 0.30406130268199233, 0.2899764844209289, 0.3221555323590814, 0.33014219343939183, 0.2992071219919321, 0.3010055141096335, 0.3299258037922506, 0.3167151162790698, 0.3281853281853282, 0.314404432132964, 0.33789711551242857, 0.32427921092564493, 0.3249251142992275, 0.29754287176862043, 0.3146444736457877, 0.3186731822893529, 0.3131087338336261, 0.34354080615296967, 0.2992170818505338, 0.29297075423293995, 0.3345158906134516, 0.3099290780141844, 0.3302967563837129, 0.33133035215204026, 0.3259099984641376, 0.3170731707317073, 0.30835734870317005, 0.3347763347763348, 0.3180842500670781, 0.34509011808576756, 0.32956405296830826, 0.3317103816554107, 0.32305103757711723, 0.3399825276645312, 0.3266360505166475, 0.3253697383390216, 0.3501444707118466, 0.3208842509954689, 0.32269700332963375, 0.3196144430844553, 0.32623348611485575, 0.3352730528200537, 0.29599640125955917, 0.3298459750072653, 0.32980094515251324, 0.35180220434912124, 0.3190165876777251, 0.31989092996555685, 0.334047395903066, 0.3421374045801527, 0.2975567190226876, 0.31953135401411265, 0.31444796619123083, 0.3517478152309613, 0.32988204456094367, 0.32928512282638694]
val step Accs: [0.23373461382388747, 0.25273124544792425, 0.22594364699627859, 0.24725061456850822, 0.26520615049666624, 0.24577511643379907, 0.23730633532750423, 0.2465022356844079, 0.24800849707912906, 0.25626395435375837, 0.2631368364897306, 0.2401418439716312, 0.23325126344434366, 0.25113303119168223, 0.25148168103448276, 0.23836717428087986]
Preds: [17, 35, 35, 35, 250, 250, 486, 284, 35, 35, 35, 35, 35, 35, 250, 35, 35, 374, 374, 374, 374, 374, 374, 132, 250, 250, 464, 464, 171, 354, 354, 473, 374, 374, 132, 132, 132, 132, 443, 443, 355, 355, 355, 355, 98, 98, 98, 98, 414, 414, 414, 320, 414, 414, 170, 47, 73, 47, 244, 321, 321, 73, 321, 287, 287, 284, 284, 284, 2, 73, 392, 63, 63, 73, 73, 73, 73, 73, 320, 320, 320, 7, 7, 7, 32, 171, 464, 464, 213, 213, 213, 246, 246, 246, 246, 246, 246, 246, 246, 246, 246, 464, 464, 464, 464, 464, 464, 354, 464, 464, 354, 354, 374, 374, 374, 464, 171, 171, 171, 171, 171, 246, 246, 246, 246, 246, 246, 464, 464, 464, 354, 303, 303, 303, 303, 464, 464, 464, 464, 464, 171, 171, 171, 171, 464, 354, 464, 464, 354, 464, 354, 374, 303, 464, 464, 464, 374, 374, 486, 486, 486, 355, 355, 355, 355, 355, 355, 122, 413, 486, 486, 486, 182, 355, 355, 355, 182, 182, 182, 182, 182, 182, 182, 387, 387, 387, 387, 387, 122, 413, 35, 250, 132, 132, 355, 355, 240, 355, 355, 240, 240, 240, 35, 468, 374, 35, 250, 250, 464, 464, 132, 374, 303, 303, 132, 486, 486, 486, 355, 355, 355, 387, 387, 122, 35, 35, 132, 250, 250, 250, 250, 464, 464, 355, 355, 355, 355, 355, 98, 98, 98, 414, 414, 414, 170, 170, 170, 47, 47, 47, 47, 47, 73, 392, 392, 73, 73, 73, 244, 7, 7, 7, 7, 7, 374, 443, 284, 284, 35, 284, 284, 182, 182, 182, 182, 182, 182, 182, 182, 182, 182, 284, 355, 122, 122, 35, 35, 250, 250, 303, 303, 355, 486, 486, 355, 387, 284, 387, 413, 413, 35, 35, 132, 267, 324, 464, 464, 464, 354, 374, 374, 374, 374, 374, 355, 355, 355, 355, 355, 355, 355, 355, 355, 355, 355, 355, 355, 387, 240, 240, 35, 35, 35, 35, 355, 355, 355, 355, 240, 240, 413, 35, 132, 132, 35, 486, 486, 387, 240, 240, 240, 240, 240, 240, 267, 324, 324, 374, 464, 464, 132, 132, 132, 35, 132, 132, 132, 35, 355, 486, 486, 486, 182, 182, 182, 387, 98, 98, 98, 414, 414, 414, 414, 170, 170, 392, 392, 73, 73, 73, 73, 392, 63, 63, 63, 73, 244, 321, 321, 73, 73, 392, 63, 63, 63, 63, 63, 73, 73, 73, 73, 73, 244, 321, 320, 287, 287, 287, 287, 284, 284, 284, 284, 287, 287, 387, 387, 387, 284, 284, 284, 284, 387, 387, 387, 387, 284, 284, 284, 122, 122, 171, 171, 464, 464, 464, 171, 171, 171, 171, 171, 171, 464, 464, 464, 354, 303, 464, 171, 171, 464, 354, 374, 374, 374, 132, 132, 250, 250, 250, 132, 132, 132, 132, 132, 132, 250, 303, 303, 486, 486, 486, 355, 355, 122, 250, 35, 250, 250, 250, 250, 303, 324, 213, 213, 324, 324, 19, 19, 19, 454, 454, 259, 171, 171, 464, 464, 464, 464, 171, 171, 171, 464, 354, 464, 180, 374, 374, 374, 374, 486, 486, 284, 284, 450, 240, 387, 35, 35, 35, 486, 182, 182, 182, 182, 98, 98, 98, 98, 320, 35, 284, 182, 182, 182, 182, 182, 387, 387, 98, 98, 98, 98, 414, 414, 170, 170, 392, 392, 392, 73, 73, 73, 2, 73, 73, 73, 392, 63, 63, 73, 392, 63, 63, 63, 73, 73, 73, 73, 73, 244, 320, 320, 7, 7, 473, 479, 374, 374, 374, 374, 374, 132, 132, 132, 132, 132, 35, 250, 464]

ep18
Train step Loss: [3.31917405128479, 3.181727409362793, 3.23765230178833, 3.2922399044036865, 3.257262945175171, 3.298898220062256, 3.170025110244751, 3.2187728881835938, 3.2217016220092773, 3.1501963138580322, 3.1826133728027344, 3.3383872509002686, 3.3605620861053467, 3.266528606414795, 3.2375645637512207, 3.3636419773101807, 3.322859048843384, 3.292351722717285, 3.3236260414123535, 3.2085070610046387, 3.317349433898926, 3.083524465560913, 3.165303945541382, 3.3583576679229736, 3.2113935947418213, 3.1931259632110596, 3.2291998863220215, 3.2361292839050293, 3.288923740386963, 3.1697258949279785, 3.3478305339813232, 3.211528778076172, 3.1697895526885986, 3.246877908706665, 3.2328217029571533, 3.2604541778564453, 3.223372220993042, 3.3905529975891113, 3.2131643295288086, 3.08573317527771, 3.2556841373443604, 3.2931883335113525, 3.2767691612243652, 3.279320240020752, 3.1544041633605957, 3.2138664722442627, 3.278588056564331, 3.122478485107422, 3.19687557220459, 3.120722532272339, 3.11514949798584, 3.185589551925659, 3.2455883026123047, 3.1872527599334717, 3.29990291595459, 3.192688226699829, 3.2287237644195557, 3.2028794288635254, 3.230869770050049, 3.1951372623443604, 3.232083559036255, 3.2874724864959717, 3.311830759048462]
val step Loss: [3.5678513050079346, 3.437190294265747, 3.4886903762817383, 3.6138017177581787, 3.6047449111938477, 3.607332229614258, 3.5677294731140137, 3.5566978454589844, 3.5897812843322754, 3.6211700439453125, 3.585043430328369, 3.5901618003845215, 3.585672616958618, 3.5687904357910156, 3.6082794666290283, 3.650186061859131]
Train step Accs: [0.3097458401901627, 0.3486868153622806, 0.33872316699191524, 0.32433230042791794, 0.33329028925619836, 0.32396231969384753, 0.3454035275253875, 0.341323889948243, 0.3295206055508831, 0.35197322549156324, 0.34032943676939426, 0.3175720547217426, 0.320054710206873, 0.32190102890739836, 0.322878499193903, 0.30197168188434564, 0.32112550245645377, 0.31537916371367825, 0.31737565008667823, 0.3451386568660207, 0.3163166397415186, 0.3629617680271012, 0.3498477719346803, 0.31417624521072796, 0.3408809700569166, 0.33850320039389464, 0.3462394303515799, 0.3396289486879492, 0.3357249626307922, 0.33516785910842045, 0.3057744893035226, 0.3412151067323481, 0.3469475494411006, 0.3435824660990224, 0.33527206927749775, 0.33574394000267843, 0.3365705614567527, 0.305393029763419, 0.3440295328695158, 0.360497038000289, 0.32924107142857145, 0.3188010899182561, 0.3194314067319297, 0.33358175585035027, 0.35525835866261396, 0.3426374252349758, 0.3333841231144294, 0.35713097021134965, 0.3477440882054258, 0.35193864507882405, 0.3590175438596491, 0.341130321080924, 0.33956608621181844, 0.32953439888811675, 0.3374729241877256, 0.34817316548971444, 0.32829108748977925, 0.3286290322580645, 0.3379180994060644, 0.35790393013100436, 0.3325078421660888, 0.33011320754716983, 0.32417878298330643]
val step Accs: [0.26864988558352404, 0.28174765210289915, 0.283539603960396, 0.24877274039849842, 0.265585870568077, 0.2570013925421631, 0.26542003907340217, 0.27575720715241453, 0.2628370139547487, 0.2485283560660445, 0.2601067887109077, 0.2649023638232271, 0.2653742457311593, 0.25547858051746075, 0.25124342759698737, 0.23901960784313725]
Preds: [17, 17, 17, 17, 284, 284, 387, 387, 240, 35, 387, 387, 387, 387, 387, 240, 35, 35, 35, 35, 35, 374, 35, 35, 35, 250, 267, 267, 171, 171, 171, 171, 171, 339, 354, 464, 250, 464, 464, 324, 171, 434, 434, 19, 19, 434, 171, 171, 171, 19, 19, 19, 19, 454, 454, 414, 414, 414, 414, 170, 47, 47, 47, 47, 47, 47, 47, 320, 321, 7, 7, 7, 7, 171, 171, 171, 171, 339, 354, 374, 374, 374, 486, 355, 355, 355, 122, 250, 250, 250, 250, 250, 374, 374, 374, 355, 355, 355, 355, 240, 122, 250, 35, 132, 132, 132, 35, 267, 464, 464, 171, 171, 171, 171, 171, 19, 19, 19, 454, 454, 414, 414, 414, 414, 414, 170, 47, 170, 47, 47, 320, 320, 47, 321, 321, 321, 7, 7, 7, 473, 473, 473, 473, 250, 464, 171, 171, 171, 171, 171, 171, 171, 171, 171, 19, 19, 19, 19, 19, 19, 454, 454, 414, 414, 414, 47, 7, 321, 7, 171, 171, 171, 171, 464, 464, 464, 464, 464, 464, 374, 374, 374, 374, 132, 132, 132, 486, 486, 486, 284, 284, 284, 284, 284, 387, 387, 240, 35, 35, 250, 250, 250, 355, 355, 355, 240, 35, 355, 413, 250, 250, 355, 355, 355, 355, 293, 293, 240, 240, 240, 132, 132, 486, 486, 182, 182, 182, 98, 98, 98, 98, 98, 320, 35, 132, 132, 132, 132, 267, 171, 132, 35, 35, 374, 374, 374, 374, 374, 303, 303, 303, 374, 267, 324, 171, 171, 171, 171, 19, 464, 464, 354, 374, 374, 374, 303, 303, 303, 303, 486, 486, 486, 240, 240, 240, 240, 35, 35, 35, 486, 486, 284, 182, 182, 182, 182, 182, 182, 182, 182, 182, 182, 182, 182, 182, 182, 387, 98, 98, 98, 98, 414, 414, 244, 7, 287, 287, 387, 387, 387, 387, 387, 98, 98, 98, 98, 414, 414, 80, 320, 320, 287, 240, 132, 132, 132, 132, 132, 132, 132, 132, 132, 132, 132, 132, 132, 132, 132, 132, 132, 132, 132, 132, 132, 132, 132, 132, 132, 132, 132, 132, 132, 132, 132, 132, 132, 132, 132, 132, 132, 132, 132, 132, 132, 132, 132, 132, 132, 132, 132, 132, 132, 132, 132, 132, 132, 132, 132, 132, 132, 132, 132, 132, 132, 132, 132, 132, 132, 132, 132, 132, 132, 132, 132, 132, 132, 132, 132, 132, 132, 132, 132, 132, 132, 132, 132, 132, 132, 132, 132, 132, 132, 132, 132, 132, 132, 132, 132, 132, 132, 132, 132, 132, 132, 132, 132, 132, 132, 132, 132, 132, 132, 132, 132, 132, 132, 132, 132, 132, 132, 132, 132, 132, 132, 132, 132, 132, 132, 132, 132, 132, 132, 132, 132, 132, 132, 132, 132, 132, 132, 132, 132, 132, 132, 132, 132, 132, 132, 132, 132, 132, 132, 132, 132, 132, 132, 132, 132, 132, 132, 132, 132, 132, 132, 132, 132, 132, 132, 132, 132, 132, 132, 132, 132, 132, 132, 132, 132, 132, 132, 132, 132, 132, 132, 132, 132, 132, 132, 132, 132, 132, 132, 132, 132, 132, 132, 132, 132, 132, 132, 132, 132, 132, 132, 132, 132, 132, 132, 132, 132, 132, 132, 132, 132, 132, 132, 132, 132, 132, 132, 132, 132, 132, 132, 132, 132, 132, 132, 132, 132, 132, 132, 132, 132, 132, 132, 132, 132, 132, 132, 132, 132, 132, 132, 132, 132, 132, 132, 132, 132, 132, 132, 132, 132, 132, 132, 132, 132, 132, 132, 132, 132, 132, 132, 132, 132, 132, 132, 132, 132, 132, 132, 132, 132, 132, 132, 132, 132, 132, 132]

ep19
Train step Loss: [3.1762046813964844, 3.039606809616089, 3.1487157344818115, 3.32027268409729, 3.2256884574890137, 3.2860028743743896, 3.171243190765381, 3.2299506664276123, 3.0774614810943604, 3.0707364082336426, 3.213167190551758, 3.1729297637939453, 3.1502609252929688, 3.3280646800994873, 3.2968039512634277, 3.093701124191284, 3.18152117729187, 3.2543277740478516, 3.236959934234619, 3.237391471862793, 3.073922872543335, 3.207364082336426, 3.1968798637390137, 3.2275304794311523, 3.3127236366271973, 3.155197858810425, 3.16465425491333, 3.208920478820801, 3.3237974643707275, 3.1902389526367188, 3.115562915802002, 3.0311801433563232, 3.1199798583984375, 3.0403456687927246, 3.1562259197235107, 3.145378351211548, 3.1242592334747314, 3.1804099082946777, 3.0887374877929688, 3.2019479274749756, 3.251837730407715, 3.1128182411193848, 3.227478504180908, 3.135483741760254, 3.1088144779205322, 3.1665151119232178, 3.2008135318756104, 3.2322239875793457, 3.1518971920013428, 3.095435619354248, 3.064997911453247, 3.2452712059020996, 3.1435744762420654, 3.1453030109405518, 3.112321615219116, 3.2432329654693604, 3.125227689743042, 3.105234384536743, 3.1414401531219482, 3.227350950241089, 3.045370578765869, 3.1481175422668457, 3.1169652938842773]
val step Loss: [3.5334529876708984, 3.474409580230713, 3.490009307861328, 3.5378692150115967, 3.5527265071868896, 3.51526141166687, 3.5537261962890625, 3.6176767349243164, 3.527160882949829, 3.488813638687134, 3.499711751937866, 3.4550182819366455, 3.488786458969116, 3.5389811992645264, 3.425347089767456, 3.32716965675354]
Train step Accs: [0.33630257009345793, 0.37171689245230854, 0.3651561204752694, 0.32203684393465415, 0.33405514652807855, 0.3224331439656367, 0.3430034129692833, 0.3393986121819584, 0.3596136962247586, 0.3604122055674518, 0.3296137339055794, 0.33959234095120444, 0.35747498943215444, 0.31637417485107067, 0.3197633469502747, 0.3556096818389405, 0.3484586075510911, 0.31519154557463674, 0.32710280373831774, 0.338100102145046, 0.3626039667306462, 0.3382121498268807, 0.3442050970873786, 0.3318218623481781, 0.3260011280315849, 0.352505619463176, 0.3487977805178792, 0.33106884057971014, 0.31501182033096925, 0.3291388720436628, 0.3614737452857557, 0.35800827423167847, 0.3539918484775833, 0.3685737976782753, 0.34612393051594503, 0.3436826218197499, 0.3487405868605557, 0.33432432432432435, 0.35691782620110263, 0.3469057768631486, 0.3265940902021773, 0.36934116112198306, 0.3375753516409913, 0.34448348559381586, 0.3594744121715076, 0.3474424376120226, 0.34467051320983905, 0.334771221691573, 0.3617892581508899, 0.36153071500503525, 0.3675186537545642, 0.34047350620067646, 0.3578199052132701, 0.35069885641677256, 0.3581803671189146, 0.33630686886708294, 0.3573148279280555, 0.3566947003070351, 0.3429442750207929, 0.3414832925835371, 0.37764687151727433, 0.3561764189070462, 0.3537612547197212]
val step Accs: [0.2759016770043648, 0.28912090745037383, 0.2735615440640932, 0.28408786498794536, 0.27457022380797924, 0.2762624898730759, 0.2559142595739119, 0.24884929472902748, 0.2819119286510591, 0.28104759222754155, 0.27454730935985716, 0.2872818614489688, 0.2779883750315896, 0.26879271070615035, 0.28518619934282585, 0.3016520060072946]
Preds: [17, 17, 287, 284, 284, 387, 387, 387, 387, 413, 35, 35, 250, 355, 355, 355, 387, 387, 387, 240, 240, 35, 284, 240, 240, 284, 284, 284, 387, 387, 35, 35, 35, 250, 264, 267, 324, 213, 324, 324, 324, 464, 354, 264, 264, 443, 443, 132, 132, 413, 267, 324, 171, 171, 246, 246, 19, 464, 464, 454, 454, 75, 32, 264, 443, 240, 468, 468, 35, 374, 132, 132, 443, 132, 132, 35, 468, 374, 132, 132, 486, 486, 284, 284, 240, 35, 35, 468, 468, 35, 303, 303, 132, 303, 374, 303, 250, 250, 250, 250, 395, 395, 303, 250, 264, 132, 132, 132, 132, 132, 132, 267, 267, 219, 464, 454, 48, 414, 414, 414, 170, 170, 170, 170, 170, 392, 47, 244, 2, 2, 2, 2, 2, 2, 392, 244, 392, 63, 63, 73, 73, 73, 244, 321, 320, 320, 287, 287, 284, 287, 287, 287, 387, 284, 240, 35, 240, 355, 284, 284, 284, 387, 387, 293, 35, 35, 35, 35, 35, 35, 250, 250, 250, 32, 374, 32, 395, 395, 395, 374, 374, 374, 374, 132, 250, 250, 464, 464, 171, 374, 171, 171, 324, 464, 464, 464, 139, 264, 303, 303, 374, 132, 132, 132, 355, 355, 182, 182, 182, 182, 355, 355, 355, 98, 240, 182, 355, 355, 284, 284, 387, 240, 293, 293, 35, 35, 35, 35, 35, 355, 374, 486, 182, 98, 48, 414, 414, 170, 170, 170, 170, 392, 73, 244, 392, 392, 392, 392, 392, 392, 73, 73, 73, 244, 320, 7, 7, 7, 287, 473, 473, 486, 284, 284, 284, 387, 387, 240, 35, 240, 35, 413, 250, 374, 250, 132, 486, 486, 182, 182, 387, 387, 387, 387, 387, 293, 293, 293, 387, 240, 240, 355, 182, 355, 182, 35, 240, 240, 355, 98, 98, 98, 98, 98, 244, 244, 287, 287, 287, 287, 284, 284, 284, 284, 284, 284, 387, 387, 387, 387, 387, 387, 387, 387, 387, 387, 387, 413, 413, 35, 35, 303, 303, 250, 250, 250, 250, 35, 35, 35, 250, 250, 464, 464, 32, 464, 171, 171, 171, 464, 354, 107, 374, 303, 374, 374, 486, 486, 355, 355, 355, 355, 355, 240, 240, 240, 355, 355, 355, 355, 182, 182, 182, 182, 182, 387, 413, 182, 182, 182, 182, 355, 387, 387, 387, 98, 98, 98, 98, 98, 414, 414, 170, 170, 170, 170, 244, 47, 47, 47, 47, 244, 244, 392, 73, 244, 7, 320, 320, 320, 479, 443, 443, 240, 284, 182, 182, 182, 182, 182, 182, 182, 182, 182, 182, 182, 182, 182, 182, 182, 182, 387, 348, 240, 122, 250, 250, 35, 250, 464, 464, 464, 395, 395, 132, 132, 132, 132, 132, 132, 443, 98, 98, 355, 182, 240, 35, 468, 132, 132, 132, 132, 132, 132, 132, 132, 132, 132, 132, 132, 132, 132, 132, 132, 132, 132, 132, 132, 132, 132, 132, 132, 132, 132, 132, 132, 132, 132, 132, 132, 132, 132, 132, 132, 132, 132, 132, 132, 132, 132, 132, 132, 132, 132, 132, 132, 132, 132, 132, 132, 132, 132, 132, 132, 132, 132, 132, 132, 132, 132, 132, 132, 132, 132, 132, 132, 132, 132, 132, 132, 132, 132, 132, 132, 132, 132, 132, 132, 132, 132, 132, 132, 132, 132, 132, 132, 132, 132, 132, 132, 132, 132, 132, 132, 132, 132, 132, 132, 132, 132, 132, 132, 132, 132, 132, 132, 132, 132, 132, 132, 132, 132, 132, 132, 132, 132, 132, 132, 132, 132, 132, 132, 132, 132, 132, 132, 132, 132, 132, 132, 132, 132, 132, 132, 132, 132, 132, 132, 132, 132]

ep20
Train step Loss: [3.06298828125, 3.053337335586548, 3.2089295387268066, 3.1160857677459717, 3.0720973014831543, 3.23728346824646, 3.1507222652435303, 3.153701066970825, 3.216677188873291, 3.1470999717712402, 3.202758312225342, 3.0399985313415527, 3.191092014312744, 3.0068798065185547, 3.0525012016296387, 3.181894302368164, 3.0333917140960693, 3.167541027069092, 3.0735671520233154, 3.0393712520599365, 3.1493723392486572, 3.147059202194214, 3.049160957336426, 3.0362436771392822, 3.1164612770080566, 3.035161018371582, 3.189514636993408, 3.112382411956787, 3.0820651054382324, 3.130603313446045, 3.0837111473083496, 3.0225391387939453, 3.150193214416504, 3.0482141971588135, 2.9923255443573, 3.146975040435791, 3.033082962036133, 3.0590641498565674, 3.1257290840148926, 3.153193712234497, 3.100532054901123, 3.0843253135681152, 3.1171042919158936, 3.1239089965820312, 3.141286611557007, 3.1643831729888916, 3.088087797164917, 3.1515841484069824, 3.200463056564331, 3.1957104206085205, 3.087796688079834, 3.080261707305908, 3.1001315116882324, 3.0111465454101562, 3.1486406326293945, 3.0951876640319824, 2.9844136238098145, 3.0315587520599365, 3.0068297386169434, 3.0616390705108643, 3.1182520389556885, 3.053675889968872, 3.110018014907837]
val step Loss: [3.3628101348876953, 3.4740614891052246, 3.4893085956573486, 3.4271552562713623, 3.483053207397461, 3.385327100753784, 3.5451130867004395, 3.4016969203948975, 3.4314332008361816, 3.4039976596832275, 3.3419244289398193, 3.439443349838257, 3.390151023864746, 3.5152626037597656, 3.4989867210388184, 3.422044038772583]
Train step Accs: [0.3640120807502782, 0.370364599563727, 0.3434829889700171, 0.3603855287051264, 0.3646734854445319, 0.32993021452571725, 0.3541511402593531, 0.3534911778012366, 0.3402570233114166, 0.34744525547445254, 0.34807295251204406, 0.3705562526139691, 0.34052728387492337, 0.38654519971969165, 0.37776924061979766, 0.34487284659557016, 0.3626173462239036, 0.35103069850215035, 0.35521910030572135, 0.368954336665766, 0.3567333023399969, 0.3510281464197171, 0.3695971773007939, 0.3712451861360719, 0.3584002253203774, 0.37483011687958684, 0.3416340235030778, 0.3559245283018868, 0.36452599388379203, 0.3479694092827004, 0.3528548363422868, 0.3726369753284204, 0.3485607904911929, 0.3721942592844511, 0.3862060721969878, 0.36068866571018654, 0.3677585683955111, 0.37347294938917974, 0.35343984349527224, 0.34831309041835357, 0.3619504396482814, 0.3510623128475688, 0.3475025046514956, 0.3539736713798147, 0.3517324738114424, 0.34580723995723234, 0.35494172121986267, 0.35880125144080355, 0.3420479302832244, 0.34953777494421423, 0.35659455687369157, 0.36101250192931006, 0.36238902340597257, 0.37357280307889673, 0.35174763033175355, 0.35416962636738175, 0.37294437294437294, 0.3669753086419753, 0.3781626302259505, 0.35310382966957005, 0.35967002749770854, 0.37522245037645446, 0.3503709810387469]
val step Accs: [0.3046153846153846, 0.28950159066808057, 0.27062888735314444, 0.28674631842178383, 0.27660681759042416, 0.2796471329552615, 0.26722644275623086, 0.2993469278955085, 0.29218003520241387, 0.2895610005104645, 0.29757730315588143, 0.29954785229841746, 0.29316448801742917, 0.2673134328358209, 0.261507766851931, 0.2853378054623862]
Preds: [17, 17, 17, 287, 284, 284, 284, 387, 387, 387, 284, 284, 284, 284, 284, 284, 182, 182, 387, 182, 182, 182, 182, 182, 182, 182, 98, 98, 98, 98, 98, 98, 414, 80, 80, 287, 287, 287, 287, 287, 387, 387, 240, 35, 35, 35, 35, 35, 250, 250, 250, 32, 354, 106, 486, 250, 355, 355, 355, 284, 387, 387, 35, 240, 240, 267, 324, 250, 250, 250, 303, 303, 395, 395, 395, 395, 395, 395, 395, 250, 250, 250, 374, 374, 259, 250, 395, 106, 106, 486, 182, 355, 122, 122, 250, 106, 98, 250, 250, 354, 264, 264, 132, 35, 374, 267, 267, 303, 324, 464, 464, 374, 486, 486, 355, 387, 240, 240, 240, 267, 240, 486, 486, 284, 284, 182, 182, 182, 182, 182, 182, 182, 98, 98, 98, 98, 387, 387, 387, 387, 387, 387, 387, 387, 413, 413, 413, 250, 250, 303, 303, 303, 303, 303, 303, 303, 374, 374, 132, 132, 106, 355, 355, 293, 293, 284, 387, 387, 387, 98, 98, 98, 414, 414, 170, 170, 170, 392, 392, 392, 392, 392, 392, 392, 392, 392, 392, 63, 63, 63, 63, 63, 63, 63, 63, 63, 63, 63, 63, 392, 392, 392, 73, 244, 320, 287, 321, 7, 7, 7, 171, 324, 324, 464, 464, 464, 264, 486, 486, 240, 240, 240, 443, 355, 387, 293, 293, 293, 240, 240, 240, 413, 324, 324, 324, 464, 464, 464, 139, 355, 355, 450, 240, 413, 35, 35, 374, 35, 250, 250, 132, 132, 35, 35, 250, 355, 443, 443, 122, 250, 303, 303, 464, 374, 132, 303, 303, 303, 355, 355, 355, 240, 240, 35, 35, 35, 35, 303, 250, 464, 464, 464, 464, 374, 374, 374, 374, 374, 324, 213, 213, 354, 264, 132, 132, 355, 355, 355, 98, 98, 98, 414, 320, 98, 320, 182, 122, 284, 284, 182, 387, 387, 387, 387, 387, 387, 387, 98, 98, 98, 98, 414, 244, 182, 287, 240, 240, 240, 132, 132, 132, 132, 132, 132, 132, 132, 132, 132, 132, 132, 132, 132, 132, 132, 132, 132, 132, 132, 132, 132, 132, 132, 132, 132, 132, 132, 132, 132, 132, 132, 132, 132, 132, 132, 132, 132, 132, 132, 132, 132, 132, 132, 132, 132, 132, 132, 132, 132, 132, 132, 132, 132, 132, 132, 132, 132, 132, 132, 132, 132, 132, 132, 132, 132, 132, 132, 132, 132, 132, 132, 132, 132, 132, 132, 132, 132, 132, 132, 132, 132, 132, 132, 132, 132, 132, 132, 132, 132, 132, 132, 132, 132, 132, 132, 132, 132, 132, 132, 132, 132, 132, 132, 132, 132, 132, 132, 132, 132, 132, 132, 132, 132, 132, 132, 132, 132, 132, 132, 132, 132, 132, 132, 132, 132, 132, 132, 132, 132, 132, 132, 132, 132, 132, 132, 132, 132, 132, 132, 132, 132, 132, 132, 132, 132, 132, 132, 132, 132, 132, 132, 132, 132, 132, 132, 132, 132, 132, 132, 132, 132, 132, 132, 132, 132, 132, 132, 132, 132, 132, 132, 132, 132, 132, 132, 132, 132, 132, 132, 132, 132, 132, 132, 132, 132, 132, 132, 132, 132, 132, 132, 132, 132, 132, 132, 132, 132, 132, 132, 132, 132, 132, 132, 132, 132, 132, 132, 132, 132, 132, 132, 132, 132, 132, 132, 132, 132, 132, 132, 132, 132, 132, 132, 132, 132, 132, 132, 132, 132, 132, 132, 132, 132, 132, 132, 132, 132, 132, 132, 132, 132, 132, 132, 132, 132, 132, 132, 132, 132, 132, 132, 132, 132, 132, 132, 132, 132, 132, 132, 132, 132, 132, 132, 132, 132, 132, 132, 132, 132, 132, 132]

ep21
Train step Loss: [3.0611412525177, 3.014291524887085, 2.9994804859161377, 3.045156240463257, 3.006171703338623, 3.0196638107299805, 2.986069917678833, 3.1425628662109375, 2.9943625926971436, 3.1236605644226074, 3.1200408935546875, 3.010864734649658, 3.0761852264404297, 3.038526773452759, 3.118396043777466, 3.1247904300689697, 3.063152313232422, 3.0755910873413086, 3.089527130126953, 2.948991060256958, 3.065735101699829, 3.1636428833007812, 3.0169856548309326, 3.1549980640411377, 3.2110402584075928, 2.8841350078582764, 3.0797982215881348, 3.013958215713501, 2.9687373638153076, 2.977593421936035, 3.0735628604888916, 3.065490961074829, 3.03489351272583, 3.00492000579834, 3.041938066482544, 3.006277084350586, 3.1063404083251953, 2.9451022148132324, 3.1351375579833984, 3.077561140060425, 2.9730799198150635, 3.024939775466919, 2.9390642642974854, 3.039149761199951, 3.0596771240234375, 3.0087599754333496, 3.0865871906280518, 3.1457674503326416, 2.9428963661193848, 3.0275514125823975, 2.971635341644287, 3.0079331398010254, 3.0032639503479004, 3.000807285308838, 2.981048822402954, 3.0086240768432617, 3.0067622661590576, 3.121992349624634, 2.988708734512329, 2.952716827392578, 2.964462995529175, 2.9963738918304443, 3.0001792907714844]
val step Loss: [3.4269466400146484, 3.394219398498535, 3.356994390487671, 3.570486307144165, 3.422440528869629, 3.350290298461914, 3.369652509689331, 3.3157825469970703, 3.3402976989746094, 3.347886323928833, 3.2970054149627686, 3.402208089828491, 3.280609369277954, 3.291930913925171, 3.3185489177703857, 3.459475517272949]
Train step Accs: [0.37786933490288405, 0.38013170800056045, 0.3814139110604333, 0.3589357429718876, 0.38084795321637427, 0.36854806274299506, 0.38168365210107497, 0.3610069630423139, 0.3785073763378652, 0.3487187172186423, 0.36804783092324805, 0.3761603659356922, 0.3708401527550464, 0.36354721210423085, 0.344500279173646, 0.3612232226016765, 0.36164554982011576, 0.36449828812220175, 0.3802967722196726, 0.3793784566763234, 0.35994419469849637, 0.34631343759974464, 0.3790849673202614, 0.3567151411462789, 0.33431595872973335, 0.40755111177436204, 0.3664929990231195, 0.3612352702153596, 0.3811881188118812, 0.3768906907843443, 0.3619777158774373, 0.3693841118714668, 0.36877938077484196, 0.38079217005658356, 0.3556719022687609, 0.3826026443980515, 0.36666145914700826, 0.38735395189003435, 0.3495774647887324, 0.35076252723311546, 0.3881969997169544, 0.3747412008281574, 0.3923298829119294, 0.3680321493388644, 0.35911885245901637, 0.3762030966662017, 0.37544095414076933, 0.36309218402599625, 0.39201780002781256, 0.376164471570832, 0.3792126453921861, 0.37425367700597056, 0.3774617067833698, 0.36507424144609424, 0.3726834962790019, 0.3739244567595158, 0.36317567567567566, 0.3544705136334813, 0.37273123275736897, 0.3778612513205775, 0.3845070422535211, 0.37936865839909806, 0.3810728744939271]
val step Accs: [0.2941869599371563, 0.2963214334193023, 0.3023401326492304, 0.25907683647621726, 0.2874883161970891, 0.3007784854918613, 0.29807948786343025, 0.3025043063468928, 0.3063109954456734, 0.30648522741203876, 0.3053267435475014, 0.2816160021055402, 0.3169882100750268, 0.3145311381531854, 0.2929177545691906, 0.2854507724233341]
Preds: [17, 7, 324, 324, 464, 464, 464, 454, 14, 240, 240, 240, 240, 443, 387, 240, 240, 240, 240, 240, 240, 486, 98, 98, 98, 287, 287, 240, 240, 284, 284, 387, 387, 240, 240, 122, 267, 32, 171, 171, 454, 414, 414, 414, 414, 414, 414, 170, 392, 73, 47, 47, 47, 73, 73, 244, 2, 2, 2, 73, 73, 73, 73, 73, 320, 73, 73, 244, 321, 287, 287, 287, 287, 284, 284, 284, 284, 284, 287, 284, 387, 387, 450, 450, 450, 293, 293, 98, 387, 387, 355, 355, 293, 293, 293, 293, 240, 240, 240, 284, 284, 387, 240, 293, 387, 387, 387, 35, 240, 240, 35, 413, 35, 303, 250, 250, 250, 464, 464, 464, 464, 264, 264, 355, 355, 355, 355, 293, 293, 450, 450, 450, 413, 413, 284, 284, 284, 182, 182, 387, 387, 387, 284, 284, 284, 284, 284, 355, 355, 387, 387, 293, 450, 293, 293, 284, 284, 284, 182, 182, 182, 284, 284, 387, 387, 387, 240, 413, 413, 250, 250, 250, 250, 464, 464, 324, 324, 464, 303, 354, 264, 443, 443, 264, 132, 413, 303, 267, 267, 171, 171, 213, 464, 464, 464, 454, 464, 464, 464, 264, 264, 264, 468, 468, 468, 35, 132, 443, 443, 443, 443, 240, 132, 413, 303, 303, 303, 303, 303, 264, 132, 132, 132, 355, 355, 355, 182, 98, 98, 98, 48, 170, 414, 414, 170, 170, 170, 170, 170, 244, 244, 2, 2, 2, 2, 2, 392, 63, 73, 392, 63, 63, 63, 63, 63, 63, 63, 63, 63, 73, 63, 244, 73, 320, 321, 321, 321, 321, 284, 284, 153, 182, 182, 153, 387, 387, 122, 122, 250, 374, 35, 250, 473, 264, 443, 443, 486, 284, 387, 240, 240, 413, 250, 250, 250, 250, 106, 486, 284, 387, 240, 468, 374, 35, 35, 132, 132, 35, 35, 374, 324, 213, 213, 213, 213, 246, 246, 246, 246, 246, 246, 19, 19, 19, 454, 454, 454, 414, 414, 170, 170, 170, 170, 170, 244, 244, 2, 2, 2, 2, 80, 2, 392, 244, 392, 63, 63, 63, 63, 63, 63, 63, 63, 63, 63, 73, 63, 63, 63, 73, 73, 392, 63, 73, 63, 73, 73, 244, 73, 244, 7, 7, 7, 7, 7, 7, 7, 32, 374, 374, 374, 374, 374, 374, 374, 374, 106, 486, 355, 355, 355, 355, 284, 284, 284, 284, 284, 387, 387, 387, 387, 387, 387, 387, 387, 387, 98, 240, 98, 98, 98, 98, 7, 287, 287, 240, 240, 284, 284, 284, 284, 284, 284, 284, 387, 450, 450, 450, 450, 240, 240, 450, 450, 293, 413, 413, 35, 35, 35, 250, 374, 250, 250, 464, 32, 32, 464, 464, 464, 464, 374, 264, 264, 132, 132, 468, 35, 443, 35, 303, 374, 355, 132, 374, 374, 374, 486, 486, 355, 355, 182, 182, 182, 182, 182, 182, 182, 182, 182, 387, 387, 132, 240, 182, 355, 355, 355, 355, 413, 348, 240, 240, 355, 284, 450, 387, 387, 387, 240, 240, 240, 122, 122, 464, 324, 324, 464, 464, 464, 374, 303, 303, 303, 374, 324, 464, 464, 464, 139, 355, 355, 355, 98, 98, 98, 145, 240, 77, 132, 132, 132, 132, 132, 132, 132, 132, 132, 132, 132, 132, 132, 132, 132, 132, 132, 132, 132, 132, 132, 132, 132, 132, 132, 132, 132, 132, 132, 132, 132, 132, 132, 132, 132, 132, 132, 132, 132, 132, 132, 132, 132, 132, 132, 132, 132, 132, 132, 132, 132, 132, 132, 132, 132, 132, 132, 132, 132, 132, 132, 132, 132, 132, 132, 132, 132, 132, 132, 132, 132, 132]

ep22
Train step Loss: [3.0366594791412354, 3.0399858951568604, 3.0328640937805176, 2.868321418762207, 3.0937507152557373, 3.1480538845062256, 2.9471585750579834, 2.9353508949279785, 2.9883182048797607, 3.0161235332489014, 2.913132667541504, 3.080948829650879, 2.9817850589752197, 2.993591070175171, 2.9790055751800537, 3.0815963745117188, 2.9781997203826904, 2.869530200958252, 2.9904561042785645, 2.962289810180664, 2.8796651363372803, 3.0574371814727783, 2.9303336143493652, 2.9577486515045166, 3.042914628982544, 2.8867292404174805, 2.9474375247955322, 2.9865081310272217, 3.0578649044036865, 3.0107839107513428, 2.9167158603668213, 2.996472120285034, 2.8663783073425293, 3.0492947101593018, 2.931205987930298, 2.9296607971191406, 2.9744040966033936, 2.8996422290802, 3.0041959285736084, 2.9118800163269043, 3.0894670486450195, 3.019240379333496, 2.943666934967041, 2.982442855834961, 3.024484634399414, 2.965100049972534, 3.0127060413360596, 2.9397647380828857, 2.8974788188934326, 2.8577651977539062, 2.9550981521606445, 2.980344533920288, 2.822190046310425, 2.9541070461273193, 2.938311815261841, 2.9756433963775635, 2.8662712574005127, 3.0447492599487305, 2.9735324382781982, 3.015401601791382, 2.900639057159424, 3.032388210296631, 3.0815062522888184]
val step Loss: [3.301070213317871, 3.3089663982391357, 3.3290698528289795, 3.295348882675171, 3.3599965572357178, 3.3081281185150146, 3.338336229324341, 3.352494478225708, 3.2937521934509277, 3.302591323852539, 3.273890256881714, 3.370694875717163, 3.2046546936035156, 3.3165371417999268, 3.1826717853546143, 3.266558885574341]
Train step Accs: [0.3667005850928517, 0.36110265001522995, 0.3625761993108932, 0.3915350935385432, 0.3570154985598683, 0.34958649207443143, 0.38352453792224345, 0.3912795668281562, 0.37953929539295395, 0.3785170216073372, 0.39997287399972875, 0.3758267195767196, 0.3798915433093947, 0.37364744555540336, 0.3772104773301423, 0.3589233827802416, 0.37545839210155146, 0.4079801187353307, 0.3743031245948399, 0.38237210817855977, 0.39397724118789895, 0.3659269147338562, 0.39361862997126873, 0.393646408839779, 0.3611150021011346, 0.39710144927536234, 0.38597173603007906, 0.38033261026753434, 0.36771300448430494, 0.3750566893424036, 0.38596779493920474, 0.3760856977417487, 0.40575916230366493, 0.3707090150786012, 0.3799001059482367, 0.38680905996948717, 0.384513078173489, 0.3968924628594794, 0.3810896949461223, 0.3927737112599284, 0.3509539646420445, 0.380519664915519, 0.3814993954050786, 0.37488357652902826, 0.3684846045481988, 0.39128050452426655, 0.37494550210725186, 0.39613243480808674, 0.3894845058011455, 0.402671490190622, 0.3886844526218951, 0.3782698782698783, 0.41288375754395173, 0.3840139009556907, 0.3930904340252577, 0.38422527692513014, 0.40654205607476634, 0.37279424361829705, 0.38282062713627585, 0.3800446760982874, 0.39653117966370977, 0.3835455764075067, 0.3498502586441601]
val step Accs: [0.31673562562419744, 0.3139564660691421, 0.30435420026389093, 0.3033419023136247, 0.2948699929725931, 0.299141503848431, 0.29302587176602923, 0.2969958169603245, 0.3097142857142857, 0.29758190327613104, 0.31828805141688576, 0.29224185532854774, 0.3199435318275154, 0.3149062191510365, 0.32164433937483583, 0.3309723116548616]
Preds: [17, 17, 17, 320, 35, 35, 473, 250, 324, 324, 171, 252, 339, 464, 464, 354, 354, 473, 250, 213, 213, 213, 324, 19, 19, 19, 454, 454, 414, 414, 414, 170, 170, 170, 170, 392, 244, 244, 321, 321, 321, 321, 321, 2, 2, 2, 321, 321, 392, 392, 63, 63, 63, 63, 63, 63, 63, 63, 63, 63, 63, 63, 63, 63, 63, 63, 63, 63, 63, 63, 63, 63, 63, 63, 63, 63, 63, 63, 63, 63, 244, 320, 287, 287, 287, 287, 287, 284, 284, 284, 284, 287, 287, 240, 240, 240, 122, 122, 240, 98, 414, 414, 414, 414, 414, 392, 392, 244, 73, 73, 244, 73, 73, 73, 73, 320, 320, 320, 287, 287, 287, 443, 240, 240, 35, 35, 35, 35, 35, 32, 374, 374, 35, 139, 35, 267, 171, 171, 171, 171, 171, 213, 252, 19, 464, 464, 454, 454, 145, 188, 464, 464, 264, 374, 473, 374, 374, 132, 486, 486, 355, 293, 293, 240, 122, 122, 35, 468, 443, 486, 486, 240, 240, 468, 468, 443, 443, 240, 240, 240, 468, 35, 468, 132, 132, 35, 35, 35, 374, 267, 303, 324, 324, 324, 464, 464, 464, 464, 354, 264, 374, 464, 303, 106, 98, 145, 240, 240, 240, 240, 240, 132, 486, 240, 284, 284, 240, 240, 240, 240, 240, 387, 182, 98, 48, 414, 170, 414, 170, 392, 392, 392, 392, 392, 392, 392, 392, 392, 392, 73, 320, 320, 320, 320, 320, 320, 443, 188, 250, 32, 32, 464, 354, 464, 464, 180, 132, 355, 355, 355, 293, 240, 413, 35, 35, 250, 374, 132, 132, 132, 132, 132, 374, 35, 250, 32, 324, 324, 324, 213, 246, 246, 246, 246, 246, 464, 464, 454, 454, 355, 355, 240, 284, 284, 284, 240, 240, 240, 240, 240, 240, 443, 355, 35, 348, 374, 35, 35, 35, 250, 267, 324, 324, 324, 19, 252, 464, 464, 464, 354, 354, 395, 395, 106, 486, 355, 284, 450, 284, 240, 240, 240, 132, 132, 132, 132, 132, 132, 132, 132, 132, 132, 132, 132, 132, 132, 132, 132, 132, 132, 132, 132, 132, 132, 132, 132, 132, 132, 132, 132, 132, 132, 132, 132, 132, 132, 132, 132, 132, 132, 132, 132, 132, 132, 132, 132, 132, 132, 132, 132, 132, 132, 132, 132, 132, 132, 132, 132, 132, 132, 132, 132, 132, 132, 132, 132, 132, 132, 132, 132, 132, 132, 132, 132, 132, 132, 132, 132, 132, 132, 132, 132, 132, 132, 132, 132, 132, 132, 132, 132, 132, 132, 132, 132, 132, 132, 132, 132, 132, 132, 132, 132, 132, 132, 132, 132, 132, 132, 132, 132, 132, 132, 132, 132, 132, 132, 132, 132, 132, 132, 132, 132, 132, 132, 132, 132, 132, 132, 132, 132, 132, 132, 132, 132, 132, 132, 132, 132, 132, 132, 132, 132, 132, 132, 132, 132, 132, 132, 132, 132, 132, 132, 132, 132, 132, 132, 132, 132, 132, 132, 132, 132, 132, 132, 132, 132, 132, 132, 132, 132, 132, 132, 132, 132, 132, 132, 132, 132, 132, 132, 132, 132, 132, 132, 132, 132, 132, 132, 132, 132, 132, 132, 132, 132, 132, 132, 132, 132, 132, 132, 132, 132, 132, 132, 132, 132, 132, 132, 132, 132, 132, 132, 132, 132, 132, 132, 132, 132, 132, 132, 132, 132, 132, 132, 132, 132, 132, 132, 132, 132, 132, 132, 132, 132, 132, 132, 132, 132, 132, 132, 132, 132, 132, 132, 132, 132, 132, 132, 132, 132, 132, 132, 132, 132, 132, 132, 132, 132, 132, 132, 132, 132, 132, 132, 132, 132, 132, 132, 132, 132]

ep23
Train step Loss: [2.978564977645874, 2.954143762588501, 3.0293591022491455, 3.030339479446411, 2.881993055343628, 2.926041603088379, 2.994009494781494, 2.913577079772949, 2.9284303188323975, 3.001490831375122, 2.858672857284546, 2.940476894378662, 2.9173221588134766, 2.906186103820801, 2.8458707332611084, 2.9232916831970215, 2.9863808155059814, 2.9500350952148438, 2.967189311981201, 2.893085479736328, 2.975553035736084, 2.937297821044922, 2.8471412658691406, 2.914794683456421, 2.8571274280548096, 2.9706578254699707, 2.8961384296417236, 2.864213705062866, 2.935608148574829, 2.992152690887451, 2.918874979019165, 3.00834059715271, 2.9692134857177734, 2.9127025604248047, 2.972705364227295, 2.913759708404541, 2.8731775283813477, 2.8742318153381348, 2.8813765048980713, 2.8766252994537354, 2.8506197929382324, 2.87722110748291, 2.8438124656677246, 2.8302907943725586, 2.8572161197662354, 2.863184928894043, 2.8578076362609863, 2.7912771701812744, 2.811380386352539, 2.956434965133667, 2.912034749984741, 2.871729612350464, 2.790606737136841, 2.889167547225952, 2.956169366836548, 2.8298213481903076, 2.8104403018951416, 2.9320425987243652, 2.800017833709717, 2.9213905334472656, 2.938896656036377, 2.8260936737060547, 2.78106689453125]
val step Loss: [3.2920289039611816, 3.278890371322632, 3.214557647705078, 3.2257723808288574, 3.2521796226501465, 3.267910957336426, 3.1875133514404297, 3.246548652648926, 3.2555582523345947, 3.159719467163086, 3.3324313163757324, 3.1762402057647705, 3.177396535873413, 3.270725965499878, 3.2123188972473145, 3.1837048530578613]
Train step Accs: [0.37663960024984383, 0.3927058111380145, 0.36655177581297765, 0.3727247655819084, 0.395794053662074, 0.3843115124153499, 0.37830420338003756, 0.39317889317889315, 0.3882926829268293, 0.37342675489814453, 0.40938465861196965, 0.3918898003405046, 0.3775614754098361, 0.3913355329221059, 0.41460727215488746, 0.38804869052010327, 0.3783359497645212, 0.3899986411197173, 0.3811444793067384, 0.3979092901702917, 0.3856981071024106, 0.3789746917585983, 0.3852177496908916, 0.38693325823711633, 0.40178438661710036, 0.3890784982935154, 0.3951187335092348, 0.4123696614769319, 0.39003367003367, 0.3842370588958564, 0.3929666075173415, 0.37018181818181817, 0.3769422001243008, 0.38918023737234336, 0.3800183879865155, 0.3936187530522546, 0.41051265412070087, 0.4005727804756568, 0.39677015174718083, 0.39512261953692285, 0.4090331686661962, 0.4148681055155875, 0.4068561872909699, 0.4091039221299742, 0.4114006514657981, 0.40527162479891105, 0.4101910828025478, 0.41112552708400907, 0.41407018694653985, 0.3943768996960486, 0.40731891348088534, 0.39728074107276257, 0.42379958246346555, 0.3915958873491283, 0.3904228358009871, 0.4074677730034079, 0.412483039348711, 0.3902981753449043, 0.41993622625814503, 0.38605329444518094, 0.38898884490824037, 0.4033342296316214, 0.4063092979127135]
val step Accs: [0.30833694552810287, 0.3223684210526316, 0.32677864263280076, 0.3178553104155977, 0.3166363872307293, 0.3121661721068249, 0.31865014185456175, 0.32639083030472466, 0.3118112680428372, 0.3490005402485143, 0.3049803407601573, 0.3300663015278178, 0.3278454757583614, 0.3169657422512235, 0.3324776922136658, 0.33576803895528995]
Preds: [17, 17, 287, 35, 35, 331, 32, 171, 360, 360, 464, 374, 473, 473, 473, 180, 250, 473, 473, 473, 35, 35, 180, 264, 264, 267, 267, 267, 464, 267, 434, 434, 434, 434, 434, 434, 434, 434, 454, 454, 454, 414, 414, 47, 47, 47, 170, 47, 170, 47, 392, 392, 392, 63, 63, 63, 63, 63, 63, 63, 63, 63, 73, 244, 320, 320, 321, 7, 7, 473, 473, 479, 7, 324, 473, 464, 464, 354, 374, 374, 374, 374, 486, 443, 443, 443, 240, 240, 240, 413, 250, 374, 250, 374, 374, 354, 267, 464, 374, 464, 464, 464, 464, 374, 264, 106, 106, 182, 182, 182, 182, 182, 182, 182, 182, 182, 122, 122, 35, 259, 106, 374, 486, 182, 122, 32, 250, 395, 395, 132, 395, 374, 303, 264, 250, 303, 303, 374, 464, 395, 395, 374, 395, 106, 106, 443, 293, 293, 35, 240, 132, 35, 374, 106, 122, 32, 374, 35, 395, 395, 32, 32, 32, 32, 434, 434, 434, 434, 464, 464, 434, 454, 454, 454, 414, 414, 414, 170, 392, 392, 392, 392, 392, 392, 63, 63, 63, 63, 63, 63, 63, 63, 392, 244, 320, 320, 287, 287, 287, 287, 284, 284, 284, 287, 287, 240, 240, 240, 240, 182, 182, 182, 387, 387, 387, 35, 240, 122, 219, 32, 32, 213, 246, 19, 19, 339, 464, 303, 354, 354, 395, 395, 395, 395, 464, 464, 464, 464, 464, 464, 464, 464, 464, 354, 354, 303, 303, 303, 395, 395, 395, 395, 464, 464, 464, 464, 464, 464, 354, 354, 374, 374, 374, 35, 374, 374, 132, 106, 106, 284, 284, 284, 450, 450, 293, 355, 355, 98, 35, 413, 35, 250, 132, 32, 464, 395, 464, 464, 107, 354, 395, 132, 132, 132, 132, 374, 355, 355, 355, 355, 293, 293, 355, 355, 98, 98, 98, 98, 122, 387, 182, 387, 182, 497, 387, 387, 98, 98, 98, 98, 170, 170, 170, 170, 392, 63, 63, 63, 63, 63, 63, 63, 63, 63, 63, 63, 63, 63, 63, 63, 63, 63, 63, 63, 63, 63, 63, 63, 63, 63, 63, 73, 244, 320, 287, 321, 287, 287, 287, 284, 284, 284, 287, 287, 287, 413, 35, 35, 250, 250, 374, 374, 35, 374, 35, 250, 324, 324, 324, 324, 246, 246, 246, 246, 246, 246, 246, 246, 3, 464, 303, 354, 354, 354, 354, 354, 464, 464, 171, 464, 354, 374, 374, 374, 374, 132, 132, 132, 355, 355, 355, 355, 355, 122, 413, 303, 374, 374, 374, 239, 395, 303, 303, 213, 213, 324, 339, 464, 354, 454, 374, 374, 132, 374, 250, 303, 303, 303, 267, 171, 324, 324, 19, 19, 19, 464, 464, 354, 464, 464, 107, 107, 180, 443, 171, 171, 354, 464, 354, 374, 250, 32, 464, 464, 139, 443, 240, 250, 32, 303, 374, 464, 354, 303, 303, 213, 213, 213, 246, 339, 454, 303, 355, 48, 48, 48, 414, 170, 244, 392, 392, 392, 392, 392, 392, 392, 244, 320, 320, 320, 320, 7, 213, 213, 213, 213, 246, 246, 246, 19, 454, 454, 414, 414, 47, 7, 7, 32, 32, 106, 464, 107, 354, 395, 395, 180, 132, 132, 132, 132, 132, 240, 240, 250, 35, 32, 32, 354, 303, 395, 473, 374, 324, 324, 324, 464, 354, 464, 464, 464, 107, 107, 107, 354, 464, 213, 171, 19, 454, 454, 14, 145, 374, 374, 374, 374, 374, 374, 374, 374, 132, 132, 132, 132, 132, 132, 132, 132, 132, 132, 132, 132, 132, 132, 132, 132, 132, 132, 132, 132, 132, 132, 132, 132, 132, 132, 132, 132, 132, 132]

ep24
Train step Loss: [2.8446831703186035, 2.876408100128174, 2.836329221725464, 2.838404655456543, 2.861151695251465, 2.8896000385284424, 2.8638455867767334, 2.743520975112915, 2.8908848762512207, 2.901766538619995, 2.754734754562378, 2.9434685707092285, 2.8034017086029053, 2.878265857696533, 2.8677468299865723, 2.791788101196289, 2.884963035583496, 2.8758955001831055, 2.9087717533111572, 2.7454261779785156, 2.8066656589508057, 2.8637139797210693, 2.8096702098846436, 2.8254001140594482, 2.896162271499634, 2.871570110321045, 2.85074782371521, 2.831796169281006, 2.8601186275482178, 2.769516944885254, 2.928285837173462, 2.9741313457489014, 2.9156949520111084, 2.8451013565063477, 2.787968158721924, 2.8786067962646484, 2.7968740463256836, 2.793050765991211, 2.890368700027466, 2.9362311363220215, 2.869492769241333, 2.8047876358032227, 2.7531158924102783, 2.8502871990203857, 2.734467029571533, 2.8365283012390137, 2.881711959838867, 2.7856154441833496, 2.7658400535583496, 2.8459646701812744, 2.973987340927124, 2.8279001712799072, 2.789926767349243, 2.843370199203491, 2.7966010570526123, 2.7627742290496826, 2.873870372772217, 2.7425601482391357, 2.784532308578491, 2.8329641819000244, 2.8327651023864746, 2.7857956886291504, 2.8541908264160156]
val step Loss: [3.153947591781616, 3.1385364532470703, 3.2510855197906494, 3.1475653648376465, 3.06721568107605, 3.119807004928589, 3.158867359161377, 3.2601358890533447, 3.208876848220825, 3.102203130722046, 3.147610902786255, 3.195972442626953, 3.2132253646850586, 3.1490447521209717, 3.2129180431365967, 3.1113035678863525]
Train step Accs: [0.40049175585768004, 0.4061883816168664, 0.4139830508474576, 0.41165023352361185, 0.407676512399305, 0.4078194532739987, 0.41119221411192214, 0.42641509433962266, 0.39870840937807106, 0.39516503951650395, 0.41317699609156894, 0.3898891966759003, 0.41418764302059496, 0.3980976360330116, 0.40199530516431925, 0.4219409282700422, 0.40946144594414, 0.39618671926364235, 0.38669602138701054, 0.4235403151065802, 0.413635771085908, 0.40295182400445556, 0.415728672985782, 0.42070653005046643, 0.39310114980836525, 0.4069875776397516, 0.4161652078774617, 0.40273972602739727, 0.4009320717412795, 0.4135058753532649, 0.3875979843225084, 0.37850277514552594, 0.399479843953186, 0.403289763548245, 0.4179503500954806, 0.3997090909090909, 0.4103327021909656, 0.4098784587535557, 0.39604112321620377, 0.38594115474578355, 0.39682777195870117, 0.415276950565813, 0.4238148089424449, 0.4150968783638321, 0.4322096275577801, 0.41328006612481055, 0.39777716794731066, 0.4245888801879405, 0.42146468765291145, 0.4080084671017816, 0.3832231665092855, 0.41280044717719394, 0.4191561441330459, 0.40677172725854266, 0.427349166543738, 0.42532889981205724, 0.40324118207816967, 0.4358297078931013, 0.42611000662690524, 0.4199908298945438, 0.4183448275862069, 0.4281644281644282, 0.40232268768145996]
val step Accs: [0.34540787221905306, 0.34732775273663874, 0.32604835404999316, 0.33643018018018017, 0.34355451980865936, 0.33479332055844513, 0.3231389682406318, 0.3230769230769231, 0.33585580627407813, 0.35092348284960423, 0.34079895219384415, 0.3264124293785311, 0.33482531393758547, 0.3478624147054728, 0.3193710180290091, 0.336208710288239]
Preds: [17, 17, 7, 324, 464, 464, 443, 443, 132, 98, 450, 450, 240, 293, 387, 387, 240, 240, 240, 98, 98, 98, 98, 2, 287, 287, 240, 284, 284, 387, 387, 240, 35, 267, 267, 267, 267, 454, 414, 414, 414, 414, 414, 392, 47, 47, 47, 47, 47, 244, 2, 2, 2, 47, 73, 73, 73, 320, 320, 321, 321, 320, 287, 287, 287, 287, 284, 284, 284, 284, 284, 284, 460, 450, 450, 450, 293, 293, 293, 122, 355, 355, 355, 293, 293, 293, 450, 348, 348, 182, 284, 284, 387, 293, 293, 387, 387, 35, 413, 413, 35, 374, 250, 250, 250, 239, 464, 464, 464, 139, 106, 486, 284, 284, 450, 450, 450, 450, 450, 413, 413, 413, 250, 284, 284, 284, 284, 284, 284, 284, 284, 450, 450, 450, 450, 426, 426, 413, 413, 413, 284, 284, 284, 182, 182, 284, 387, 387, 387, 240, 240, 240, 413, 413, 35, 250, 464, 324, 324, 464, 464, 354, 264, 443, 443, 264, 303, 303, 267, 267, 171, 171, 324, 464, 464, 464, 464, 464, 464, 464, 264, 264, 374, 374, 35, 264, 443, 443, 443, 443, 132, 132, 413, 303, 303, 303, 303, 355, 132, 132, 132, 355, 355, 355, 98, 98, 98, 263, 263, 414, 414, 170, 170, 170, 170, 244, 80, 80, 2, 2, 2, 2, 2, 2, 2, 392, 63, 63, 63, 63, 63, 63, 63, 63, 244, 244, 73, 73, 73, 73, 320, 7, 7, 287, 153, 153, 497, 355, 122, 122, 250, 374, 374, 132, 132, 240, 443, 443, 486, 240, 240, 240, 413, 250, 250, 250, 106, 486, 443, 240, 240, 468, 468, 468, 35, 132, 35, 35, 324, 213, 213, 213, 246, 246, 246, 246, 246, 246, 19, 19, 19, 454, 454, 414, 414, 414, 170, 170, 170, 170, 244, 244, 287, 287, 287, 284, 287, 387, 170, 63, 63, 63, 73, 392, 63, 73, 392, 244, 392, 63, 63, 63, 63, 63, 63, 63, 63, 63, 244, 73, 73, 244, 73, 73, 320, 7, 7, 7, 7, 7, 250, 250, 374, 374, 374, 374, 106, 106, 486, 43, 182, 182, 284, 284, 284, 284, 284, 284, 284, 387, 450, 450, 450, 293, 387, 387, 35, 35, 35, 35, 35, 374, 355, 355, 319, 284, 284, 284, 284, 284, 284, 450, 450, 450, 450, 450, 426, 426, 450, 450, 293, 413, 413, 468, 35, 250, 132, 250, 464, 264, 219, 219, 464, 464, 374, 374, 264, 132, 132, 132, 355, 355, 355, 355, 355, 355, 348, 348, 348, 348, 486, 486, 355, 355, 182, 182, 182, 182, 182, 182, 182, 182, 182, 182, 182, 182, 355, 355, 182, 182, 182, 387, 348, 355, 387, 387, 387, 355, 240, 240, 240, 240, 267, 267, 464, 464, 464, 374, 374, 374, 132, 239, 324, 324, 464, 464, 139, 355, 355, 355, 98, 263, 98, 145, 348, 342, 374, 374, 132, 132, 132, 132, 132, 132, 132, 132, 132, 132, 132, 132, 132, 132, 132, 132, 132, 132, 132, 132, 132, 132, 132, 132, 132, 132, 132, 132, 132, 132, 132, 132, 132, 132, 132, 132, 132, 132, 132, 132, 132, 132, 132, 132, 132, 132, 132, 132, 132, 132, 132, 132, 132, 132, 132, 132, 132, 132, 132, 132, 132, 132, 132, 132, 132, 132, 132, 132, 132, 132, 132, 132, 132, 132, 132, 132, 132, 132, 132, 132, 132, 132, 132, 132, 132, 132, 132, 132, 132, 132, 132, 132, 132, 132, 132, 132, 132, 132, 132, 132, 132, 132, 132, 132, 132, 132, 132, 132, 132, 132, 132, 132, 132, 132, 132, 132, 132, 132, 132, 132, 132, 132]

ep25
Train step Loss: [2.847458600997925, 2.8289742469787598, 2.8203516006469727, 2.7380905151367188, 2.614785671234131, 2.783964157104492, 2.8099253177642822, 2.8095479011535645, 2.8213601112365723, 2.6913366317749023, 2.8076767921447754, 2.731361150741577, 2.8185064792633057, 2.73085880279541, 2.8629424571990967, 2.835658073425293, 2.7186756134033203, 2.8532958030700684, 2.858881950378418, 2.835977554321289, 2.8609180450439453, 2.7885632514953613, 2.737680196762085, 2.7854831218719482, 2.7243432998657227, 2.8754897117614746, 2.824573516845703, 2.7856369018554688, 2.7469263076782227, 2.850170850753784, 2.6935489177703857, 2.77644419670105, 2.809232711791992, 2.647845983505249, 2.7942988872528076, 2.788607120513916, 2.7401187419891357, 2.7346630096435547, 2.7594475746154785, 2.714310646057129, 2.8031771183013916, 2.74212908744812, 2.947016477584839, 2.719172239303589, 2.8342525959014893, 2.712712287902832, 2.68920636177063, 2.765275001525879, 2.554727077484131, 2.7469139099121094, 2.7757344245910645, 2.7108404636383057, 2.718809127807617, 2.8201375007629395, 2.8196334838867188, 2.69248628616333, 2.8226828575134277, 2.783195972442627, 2.7198238372802734, 2.7467000484466553, 2.7847235202789307, 2.7323694229125977, 2.8412187099456787]
val step Loss: [3.0912365913391113, 3.0924642086029053, 3.065777540206909, 3.0638768672943115, 3.105229377746582, 3.0334134101867676, 3.136147975921631, 3.070664882659912, 3.1673178672790527, 3.1681134700775146, 3.0378987789154053, 3.028876543045044, 3.0625147819519043, 3.1598711013793945, 3.072489023208618, 3.1715638637542725]
Train step Accs: [0.4190583910646119, 0.41074443591711435, 0.40635301168714416, 0.42946114270241, 0.45344009489916964, 0.4219134462295557, 0.4144070117775952, 0.4255287896592244, 0.4252735978112175, 0.44164567590260284, 0.416889007470651, 0.42950430394775896, 0.422680412371134, 0.43100627215707665, 0.39557356608478805, 0.40625, 0.42859394703657, 0.39273972602739726, 0.39960177668862, 0.4085510688836104, 0.397997092553707, 0.4156261148769176, 0.42745367192862044, 0.42326732673267325, 0.4269318030161484, 0.40412285556170446, 0.4116222760290557, 0.4294978133011612, 0.4244529350468913, 0.408969408969409, 0.4378082191780822, 0.421180688948649, 0.4145561183684351, 0.44934857750598245, 0.4286281254134145, 0.41454915057354436, 0.4282359441911866, 0.43109099422506636, 0.4274369355341015, 0.4374249699879952, 0.4150271107668474, 0.4253257070225612, 0.387642330877428, 0.4392608300514995, 0.41146140247495583, 0.43201316253378774, 0.4319110884006132, 0.4214843233231909, 0.46820631254811396, 0.42397016443464997, 0.42680571649285437, 0.43492944156314073, 0.4322916666666667, 0.42262943571844097, 0.4208103130755064, 0.43003962357602776, 0.4109042553191489, 0.41696582901209944, 0.4279272932224884, 0.4339446689462232, 0.42996742671009774, 0.43992749870533404, 0.41431767337807607]
val step Accs: [0.3528730641192647, 0.3477582846003899, 0.3580810965162764, 0.3731138545953361, 0.3601998974884675, 0.3661275230584147, 0.3394856650670604, 0.3622005790997631, 0.33853331389415364, 0.3267285575723985, 0.35779185022026433, 0.37146352653310905, 0.35060355350603556, 0.3324355521354367, 0.35437444767074866, 0.333511920707206]
Preds: [17, 17, 287, 287, 284, 284, 284, 450, 450, 450, 240, 240, 413, 413, 355, 355, 319, 319, 293, 293, 293, 450, 348, 284, 240, 182, 284, 387, 387, 387, 413, 413, 468, 468, 77, 35, 35, 250, 250, 324, 324, 339, 464, 264, 443, 443, 443, 264, 264, 413, 303, 267, 267, 267, 324, 324, 464, 464, 454, 14, 14, 188, 188, 171, 443, 443, 348, 240, 250, 486, 35, 443, 443, 240, 35, 374, 468, 468, 355, 240, 240, 240, 486, 486, 460, 240, 35, 35, 35, 374, 132, 32, 32, 32, 32, 464, 106, 239, 107, 107, 107, 395, 395, 464, 464, 264, 264, 132, 132, 132, 132, 264, 264, 267, 264, 132, 250, 106, 98, 48, 170, 170, 47, 47, 170, 170, 47, 170, 392, 47, 47, 47, 244, 244, 2, 2, 2, 2, 392, 73, 73, 392, 244, 73, 73, 73, 244, 320, 287, 321, 287, 287, 284, 153, 122, 413, 132, 284, 426, 284, 284, 387, 450, 293, 348, 348, 35, 250, 250, 250, 250, 14, 197, 35, 259, 32, 32, 473, 473, 473, 395, 395, 395, 473, 250, 250, 464, 464, 324, 264, 354, 473, 473, 250, 398, 264, 264, 35, 35, 473, 374, 132, 132, 355, 355, 355, 355, 355, 182, 355, 355, 182, 413, 122, 239, 355, 355, 450, 43, 284, 450, 450, 293, 348, 348, 35, 250, 250, 250, 355, 98, 98, 98, 414, 414, 414, 170, 170, 170, 170, 170, 244, 2, 2, 80, 2, 2, 2, 2, 2, 2, 2, 73, 73, 73, 73, 244, 320, 7, 320, 473, 284, 284, 287, 287, 293, 240, 35, 35, 284, 240, 240, 250, 250, 395, 355, 106, 182, 182, 182, 182, 387, 387, 355, 355, 355, 293, 293, 293, 450, 348, 348, 182, 182, 182, 497, 355, 355, 98, 98, 98, 98, 98, 197, 80, 80, 80, 80, 287, 287, 287, 284, 284, 284, 284, 284, 284, 293, 387, 387, 387, 387, 387, 387, 387, 387, 413, 413, 303, 303, 303, 303, 303, 250, 250, 250, 250, 250, 35, 35, 259, 32, 32, 32, 360, 360, 434, 434, 339, 32, 32, 464, 464, 107, 180, 106, 106, 153, 387, 355, 355, 355, 355, 293, 450, 426, 348, 355, 355, 355, 355, 182, 182, 182, 182, 182, 413, 132, 374, 374, 35, 486, 132, 132, 98, 98, 98, 98, 414, 414, 414, 414, 170, 170, 170, 170, 47, 47, 47, 47, 47, 73, 73, 392, 392, 73, 73, 73, 244, 7, 7, 7, 7, 75, 107, 354, 106, 106, 153, 182, 182, 182, 182, 182, 182, 182, 182, 182, 182, 182, 182, 182, 387, 122, 122, 250, 395, 395, 106, 75, 239, 239, 107, 107, 395, 106, 106, 153, 182, 497, 98, 98, 98, 98, 98, 320, 320, 342, 342, 342, 77, 77, 77, 77, 77, 77, 77, 77, 77, 77, 77, 77, 77, 77, 77, 77, 77, 77, 77, 77, 77, 77, 77, 77, 77, 77, 77, 77, 77, 77, 77, 77, 77, 77, 77, 77, 77, 77, 77, 77, 77, 77, 77, 77, 77, 77, 77, 77, 77, 77, 77, 77, 77, 77, 77, 77, 77, 77, 77, 77, 77, 77, 77, 77, 77, 77, 77, 77, 77, 77, 77, 77, 77, 77, 77, 77, 77, 77, 77, 77, 77, 77, 77, 77, 77, 77, 77, 77, 77, 77, 77, 77, 77, 77, 77, 77, 77, 77, 77, 77, 77, 77, 77, 77, 77, 77, 77, 77, 77, 77, 77, 77, 77, 77, 77, 77, 77, 77, 77, 77, 77, 77, 77, 77, 77, 77, 77, 77, 77, 77, 77, 77, 77, 77, 77, 77, 77, 77, 77, 77]

ep26
Train step Loss: [2.7085399627685547, 2.6392059326171875, 2.6430444717407227, 2.6967267990112305, 2.914048671722412, 2.6453943252563477, 2.738478183746338, 2.709451198577881, 2.698157548904419, 2.734097719192505, 2.61958909034729, 2.657909393310547, 2.697985887527466, 2.714271306991577, 2.7547175884246826, 2.7130234241485596, 2.7069923877716064, 2.5912342071533203, 2.737708806991577, 2.685873508453369, 2.6080267429351807, 2.768331527709961, 2.6845407485961914, 2.7218990325927734, 2.732922315597534, 2.6530425548553467, 2.7412261962890625, 2.7468607425689697, 2.7514774799346924, 2.7528085708618164, 2.6747708320617676, 2.8042001724243164, 2.708106517791748, 2.637193441390991, 2.734555244445801, 2.7670366764068604, 2.6703877449035645, 2.7318596839904785, 2.812084674835205, 2.7099828720092773, 2.7238967418670654, 2.6820125579833984, 2.6855101585388184, 2.6650006771087646, 2.754142999649048, 2.6909797191619873, 2.6276535987854004, 2.80745530128479, 2.751857042312622, 2.6349220275878906, 2.6759064197540283, 2.7121384143829346, 2.7629222869873047, 2.715188503265381, 2.7537922859191895, 2.644881010055542, 2.6575005054473877, 2.702096462249756, 2.6487693786621094, 2.6972317695617676, 2.6938045024871826, 2.6505353450775146, 2.748685359954834]
val step Loss: [3.0297913551330566, 3.0841567516326904, 3.0677201747894287, 2.997892379760742, 3.078151226043701, 2.9759156703948975, 2.971141815185547, 2.9348084926605225, 3.035266399383545, 3.045518398284912, 2.9947359561920166, 3.123004913330078, 3.0855705738067627, 3.015422821044922, 3.0659217834472656, 2.928835391998291]
Train step Accs: [0.4392695593901826, 0.4440879926672777, 0.46192259675405745, 0.4404614750721055, 0.3894975443898753, 0.4595902105862265, 0.4312231611026458, 0.4355744043906698, 0.4404808065141528, 0.42653198653198654, 0.45216701902748413, 0.4413597733711048, 0.43484022971580033, 0.4329125759700795, 0.42845648384068663, 0.44046352134326594, 0.44906356413166854, 0.46590402614767495, 0.44512112599810527, 0.4418201857975122, 0.455286800276434, 0.42982842058952925, 0.4546748256724064, 0.4380781444152975, 0.4299309286262471, 0.4399875621890547, 0.43281274161125716, 0.42117894105294734, 0.43037974683544306, 0.4235239423523942, 0.45468439553721535, 0.4196916956737941, 0.43782203035788886, 0.458306146417852, 0.4401505282964249, 0.42171136653895275, 0.4432074408117249, 0.42822714264196415, 0.4154996817313813, 0.4367265469061876, 0.43607410809983155, 0.4534473398479913, 0.4402418447694038, 0.44872171613282397, 0.41809744779582364, 0.44148186129983336, 0.45438548998375744, 0.418, 0.43293492695883135, 0.4493014248167105, 0.4498135235933193, 0.425531914893617, 0.42557976106816586, 0.44208923761564584, 0.4178679480334579, 0.4524793388429752, 0.44413485650599055, 0.443967252717756, 0.4492425561553195, 0.4464710547184774, 0.4360080086246727, 0.4528539892778303, 0.436241610738255]
val step Accs: [0.3609802073515551, 0.34769643655881916, 0.35506833712984054, 0.3711490149411609, 0.3645833333333333, 0.3700219100399536, 0.3732992051731106, 0.38422065426555485, 0.36228387615601126, 0.3602469135802469, 0.36943375481033536, 0.3474193045376579, 0.3591508892713712, 0.35531041559774246, 0.3579346148449558, 0.3891124761703029]
Preds: [17, 17, 17, 7, 188, 473, 264, 443, 443, 35, 443, 443, 330, 267, 35, 267, 267, 324, 324, 324, 324, 324, 19, 252, 464, 464, 303, 354, 374, 374, 132, 132, 106, 284, 284, 284, 284, 450, 450, 450, 319, 98, 98, 98, 414, 414, 414, 47, 80, 170, 170, 392, 392, 392, 63, 63, 63, 63, 63, 63, 63, 63, 63, 63, 63, 63, 63, 63, 73, 244, 320, 287, 321, 320, 320, 320, 284, 284, 287, 287, 240, 240, 35, 35, 443, 35, 342, 342, 115, 250, 250, 250, 473, 395, 395, 395, 32, 239, 464, 32, 213, 324, 246, 246, 246, 246, 3, 464, 303, 354, 354, 354, 32, 464, 464, 464, 374, 374, 374, 132, 132, 374, 132, 132, 355, 32, 239, 354, 374, 374, 374, 98, 259, 259, 374, 250, 303, 324, 324, 301, 252, 464, 354, 354, 250, 473, 398, 398, 324, 324, 19, 252, 464, 354, 354, 464, 107, 107, 107, 354, 171, 171, 19, 19, 454, 454, 414, 197, 153, 182, 182, 182, 182, 182, 182, 170, 182, 170, 392, 392, 392, 392, 392, 392, 392, 392, 392, 392, 392, 73, 73, 320, 321, 287, 287, 287, 287, 284, 287, 287, 35, 240, 35, 35, 35, 35, 35, 35, 473, 324, 324, 324, 464, 464, 354, 374, 374, 106, 250, 250, 250, 250, 250, 107, 374, 374, 132, 132, 132, 239, 374, 374, 374, 473, 398, 324, 301, 252, 354, 395, 395, 374, 473, 374, 65, 443, 443, 387, 240, 240, 240, 240, 324, 324, 339, 250, 250, 395, 395, 395, 32, 464, 464, 464, 374, 374, 374, 132, 132, 106, 182, 182, 182, 355, 355, 182, 122, 122, 98, 35, 32, 464, 324, 301, 252, 464, 250, 180, 180, 486, 355, 319, 355, 293, 348, 35, 250, 250, 374, 374, 486, 486, 486, 460, 240, 468, 468, 468, 132, 132, 443, 486, 460, 35, 35, 77, 77, 342, 132, 132, 132, 240, 240, 342, 115, 267, 267, 219, 213, 213, 246, 246, 464, 454, 464, 464, 464, 171, 171, 171, 339, 374, 454, 473, 374, 473, 331, 331, 240, 132, 342, 486, 460, 460, 460, 284, 284, 284, 450, 450, 450, 355, 355, 98, 98, 182, 263, 98, 182, 320, 145, 145, 342, 342, 77, 77, 77, 77, 77, 77, 77, 77, 77, 77, 77, 77, 77, 77, 77, 77, 77, 77, 77, 77, 77, 77, 77, 77, 77, 77, 77, 77, 77, 77, 77, 77, 77, 77, 77, 77, 77, 77, 77, 77, 77, 77, 77, 77, 77, 77, 77, 77, 77, 77, 77, 77, 77, 77, 77, 77, 77, 77, 77, 77, 77, 77, 77, 77, 77, 77, 77, 77, 77, 77, 77, 77, 77, 77, 77, 77, 77, 77, 77, 77, 77, 77, 77, 77, 77, 77, 77, 77, 77, 77, 77, 77, 77, 77, 77, 77, 77, 77, 77, 77, 77, 77, 77, 77, 77, 77, 77, 77, 77, 77, 77, 77, 77, 77, 77, 77, 77, 77, 77, 77, 77, 77, 77, 77, 77, 77, 77, 77, 77, 77, 77, 77, 77, 77, 77, 77, 77, 77, 77, 77, 77, 77, 77, 77, 77, 77, 77, 77, 77, 77, 77, 77, 77, 77, 77, 77, 77, 77, 77, 77, 77, 77, 77, 77, 77, 77, 77, 77, 77, 77, 77, 77, 77, 77, 77, 77, 77, 77, 77, 77, 77, 77, 77, 77, 77, 77, 77, 77, 77, 77, 77, 77, 77, 77, 77, 77, 77, 77, 77, 77, 77, 77, 77, 77, 77, 77, 77, 77, 77, 77, 77, 77, 77, 77, 77, 77, 77, 77, 77, 77, 77, 77, 77, 77, 77, 77]

