ep1
Train step Loss: [6.214895248413086, 6.211611270904541, 6.205873489379883, 6.20132303237915, 6.191786289215088, 6.190997123718262, 6.180044174194336, 6.17363977432251, 6.170412540435791, 6.164592742919922, 6.153709888458252, 6.140774250030518, 6.121936798095703, 6.101766109466553, 6.1034650802612305, 6.089131832122803, 6.078390598297119, 6.041709899902344, 6.015804290771484, 6.016712665557861, 6.009171009063721, 5.96701192855835, 5.95047664642334, 5.93515157699585, 5.891661643981934, 5.875931739807129, 5.842926979064941, 5.8122878074646, 5.808133602142334, 5.77949333190918, 5.720525741577148, 5.727962017059326, 5.734208583831787, 5.684013366699219, 5.687489986419678, 5.649299144744873, 5.635034561157227, 5.5942158699035645, 5.640449523925781, 5.611061096191406, 5.578063011169434, 5.591461658477783, 5.48111629486084, 5.500890254974365, 5.584193706512451, 5.518432140350342, 5.506062984466553, 5.517494201660156, 5.47990608215332, 5.580885887145996, 5.441372394561768, 5.5548095703125, 5.485015869140625, 5.431092262268066, 5.477503299713135, 5.47528600692749, 5.415728569030762, 5.419836044311523, 5.4949421882629395, 5.372500896453857, 5.498135089874268, 5.466550350189209, 5.405582904815674]
val step Loss: [5.707827568054199, 5.618778228759766, 5.634108066558838, 5.687984466552734, 5.643803596496582, 5.668430328369141, 5.636795520782471, 5.645783424377441, 5.752196311950684, 5.63544225692749, 5.729773044586182, 5.648209571838379, 5.665022373199463, 5.635850429534912, 5.653651237487793, 5.724422454833984]
Train step Accs: [0.00478151148890955, 0.00311332503113325, 0.008734270910436713, 0.0083266183185603, 0.01961608518985568, 0.02383654937570942, 0.04291654291654292, 0.02945736434108527, 0.02462292123243522, 0.03559925411086625, 0.0433825840930525, 0.03297644539614561, 0.028473049927161966, 0.05043362241494329, 0.023918647951876253, 0.03221895028581327, 0.026048284625158832, 0.03910191725529768, 0.03374777975133215, 0.035954168312919796, 0.024126586244712516, 0.03257942918686053, 0.027788649706457925, 0.027201346045989904, 0.02919203099059214, 0.029146537842190016, 0.03490423387096774, 0.049508043104794626, 0.03693887692562531, 0.030332544872686797, 0.0628722700198544, 0.03285787060621498, 0.02407566638005159, 0.053145647802355644, 0.04016521862982481, 0.03653460767689225, 0.0432550178932628, 0.05055469737396433, 0.028929188255613126, 0.022111582955044663, 0.03, 0.026629509211952316, 0.054917692626919354, 0.05053661187338677, 0.028140229523659802, 0.03819759160947818, 0.03635526921306949, 0.03413709021945272, 0.03654850233580654, 0.024193548387096774, 0.04461457233368532, 0.022029778182923124, 0.036851683348498636, 0.04334455996485576, 0.03683083511777302, 0.02291448255204433, 0.047187880898485114, 0.0337546468401487, 0.02507462686567164, 0.05188536953242836, 0.023507355062013267, 0.030918881361820392, 0.031071655041217502]
val step Accs: [0.007415931466564378, 0.011725067385444744, 0.0075570411277430605, 0.005523408732246186, 0.019063896923481462, 0.018710493046776234, 0.016308568470100957, 0.0015727766657134686, 0.0010464355788096795, 0.01238390092879257, 0.005626344530862155, 0.02033476276110112, 0.007147673634524612, 0.020533095268460654, 0.011216963736939152, 0.010717896865520727]
Preds: [63, 63, 63, 63, 63, 63, 63, 63, 63, 63, 63, 63, 63, 63, 63, 63, 63, 63, 63, 63, 63, 63, 63, 63, 63, 63, 63, 63, 63, 63, 63, 63, 63, 63, 63, 63, 63, 63, 63, 63, 63, 63, 63, 63, 63, 63, 63, 63, 63, 63, 63, 63, 63, 63, 63, 63, 63, 63, 63, 63, 63, 63, 63, 63, 63, 63, 63, 63, 63, 63, 63, 63, 63, 63, 63, 63, 63, 63, 63, 63, 63, 63, 63, 63, 63, 63, 63, 63, 63, 63, 63, 63, 63, 63, 63, 63, 63, 63, 63, 63, 63, 63, 63, 63, 63, 63, 63, 63, 63, 63, 63, 63, 63, 63, 63, 63, 63, 63, 63, 63, 63, 63, 63, 63, 63, 63, 63, 63, 63, 63, 63, 63, 63, 63, 63, 63, 63, 63, 63, 63, 63, 63, 63, 63, 63, 63, 63, 63, 63, 63, 63, 63, 63, 63, 63, 63, 63, 63, 63, 63, 63, 63, 63, 63, 63, 63, 63, 63, 63, 63, 63, 63, 63, 63, 63, 63, 63, 63, 63, 63, 63, 63, 63, 63, 63, 63, 63, 63, 63, 63, 63, 63, 63, 63, 63, 63, 63, 63, 63, 63, 63, 63, 63, 63, 63, 63, 63, 63, 63, 63, 63, 63, 63, 63, 63, 63, 63, 63, 63, 63, 63, 63, 63, 63, 63, 63, 63, 63, 63, 63, 63, 63, 63, 63, 63, 63, 63, 63, 63, 63, 63, 63, 63, 63, 63, 63, 63, 63, 63, 63, 63, 63, 63, 63, 63, 63, 63, 63, 63, 63, 63, 63, 63, 63, 63, 63, 63, 63, 63, 63, 63, 63, 63, 63, 63, 63, 63, 63, 63, 63, 63, 63, 63, 63, 63, 63, 63, 63, 63, 63, 63, 63, 63, 63, 63, 63, 63, 63, 63, 63, 63, 63, 63, 63, 63, 63, 63, 63, 63, 63, 63, 63, 63, 63, 63, 63, 63, 63, 63, 63, 63, 63, 63, 63, 63, 63, 63, 63, 63, 63, 63, 63, 63, 63, 63, 63, 63, 63, 63, 63, 63, 63, 63, 63, 63, 63, 63, 63, 63, 63, 63, 63, 63, 63, 63, 63, 63, 63, 63, 63, 63, 63, 63, 63, 63, 63, 63, 63, 63, 63, 63, 63, 63, 63, 63, 63, 63, 63, 63, 63, 63, 63, 63, 63, 63, 63, 63, 63, 63, 63, 63, 63, 63, 63, 63, 63, 63, 63, 63, 63, 63, 63, 63, 63, 63, 63, 63, 63, 63, 63, 63, 63, 63, 63, 63, 63, 63, 63, 63, 63, 63, 63, 63, 63, 63, 63, 63, 63, 63, 63, 63, 63, 63, 63, 63, 63, 63, 63, 63, 63, 63, 63, 63, 63, 63, 63, 63, 63, 63, 63, 63, 63, 63, 63, 63, 63, 63, 63, 63, 63, 63, 63, 63, 63, 63, 63, 63, 63, 63, 63, 63, 63, 63, 63, 63, 63, 63, 63, 63, 63, 63, 63, 63, 63, 63, 63, 63, 63, 63, 63, 63, 63, 63, 63, 63, 63, 63, 63, 63, 63, 63, 63, 63, 63, 63, 63, 63, 63, 63, 63, 63, 63, 63, 63, 63, 63, 63, 63, 63, 63, 63, 63, 63, 63, 63, 63, 63, 63, 63, 63, 63, 63, 63, 63, 63, 63, 63, 63, 63, 63, 63, 63, 63, 63, 63, 63, 63, 63, 63, 63, 63, 63, 63, 63, 63, 63, 63, 63, 63, 63, 63, 63, 63, 63, 63, 63, 63, 63, 63, 63, 63, 63, 63, 63, 63, 63, 63, 63, 63, 63, 63, 63, 63, 63, 63, 63, 63, 63, 63, 63, 63, 63, 63, 63, 63, 63, 63, 63, 63, 63]

ep2
Train step Loss: [5.400498390197754, 5.490994930267334, 5.452751636505127, 5.4024577140808105, 5.349828243255615, 5.396244049072266, 5.351634979248047, 5.406689643859863, 5.457396984100342, 5.420103549957275, 5.391032695770264, 5.408346652984619, 5.3920207023620605, 5.415234565734863, 5.4200029373168945, 5.396309852600098, 5.4419026374816895, 5.404359817504883, 5.38922643661499, 5.404347896575928, 5.4883527755737305, 5.409607410430908, 5.411365509033203, 5.436208724975586, 5.381448268890381, 5.429744243621826, 5.402756214141846, 5.381332874298096, 5.398175239562988, 5.384222030639648, 5.279536724090576, 5.368210315704346, 5.405852794647217, 5.364282608032227, 5.4030375480651855, 5.377355098724365, 5.4139299392700195, 5.38728141784668, 5.418691635131836, 5.41409969329834, 5.414278507232666, 5.4058918952941895, 5.33865213394165, 5.36395788192749, 5.457594394683838, 5.394180774688721, 5.397923469543457, 5.411978244781494, 5.381542682647705, 5.502791404724121, 5.368612766265869, 5.461842060089111, 5.414488792419434, 5.367307662963867, 5.408140182495117, 5.409655570983887, 5.365103244781494, 5.358654975891113, 5.439666748046875, 5.320723533630371, 5.448129177093506, 5.428951263427734, 5.3593950271606445]
val step Loss: [5.671724319458008, 5.575037956237793, 5.5895915031433105, 5.640682697296143, 5.598794937133789, 5.626280307769775, 5.593163967132568, 5.598791122436523, 5.712461471557617, 5.593630790710449, 5.689168930053711, 5.604474067687988, 5.621480941772461, 5.587628364562988, 5.611841678619385, 5.682128429412842]
Train step Accs: [0.028423429406295657, 0.022571606475716065, 0.01628423390081421, 0.0351866774106903, 0.06066974919433936, 0.03064699205448354, 0.04351054351054351, 0.02930232558139535, 0.02462292123243522, 0.03559925411086625, 0.0433825840930525, 0.03297644539614561, 0.028473049927161966, 0.05043362241494329, 0.023918647951876253, 0.03221895028581327, 0.026048284625158832, 0.03910191725529768, 0.03374777975133215, 0.035954168312919796, 0.024126586244712516, 0.03257942918686053, 0.027788649706457925, 0.027201346045989904, 0.02919203099059214, 0.029146537842190016, 0.03490423387096774, 0.049508043104794626, 0.03693887692562531, 0.030332544872686797, 0.0628722700198544, 0.03285787060621498, 0.02407566638005159, 0.053145647802355644, 0.04016521862982481, 0.03653460767689225, 0.0432550178932628, 0.05055469737396433, 0.028929188255613126, 0.022111582955044663, 0.03, 0.026629509211952316, 0.054917692626919354, 0.05053661187338677, 0.028140229523659802, 0.03819759160947818, 0.03635526921306949, 0.03413709021945272, 0.03654850233580654, 0.024193548387096774, 0.04461457233368532, 0.022029778182923124, 0.036851683348498636, 0.04334455996485576, 0.03683083511777302, 0.02291448255204433, 0.047187880898485114, 0.0337546468401487, 0.02507462686567164, 0.05188536953242836, 0.023507355062013267, 0.030918881361820392, 0.031071655041217502]
val step Accs: [0.007415931466564378, 0.011725067385444744, 0.0075570411277430605, 0.005523408732246186, 0.019063896923481462, 0.018710493046776234, 0.016308568470100957, 0.0015727766657134686, 0.0010464355788096795, 0.01238390092879257, 0.005626344530862155, 0.02033476276110112, 0.007147673634524612, 0.020533095268460654, 0.011216963736939152, 0.010717896865520727]
Preds: [63, 63, 63, 63, 63, 63, 63, 63, 63, 63, 63, 63, 63, 63, 63, 63, 63, 63, 63, 63, 63, 63, 63, 63, 63, 63, 63, 63, 63, 63, 63, 63, 63, 63, 63, 63, 63, 63, 63, 63, 63, 63, 63, 63, 63, 63, 63, 63, 63, 63, 63, 63, 63, 63, 63, 63, 63, 63, 63, 63, 63, 63, 63, 63, 63, 63, 63, 63, 63, 63, 63, 63, 63, 63, 63, 63, 63, 63, 63, 63, 63, 63, 63, 63, 63, 63, 63, 63, 63, 63, 63, 63, 63, 63, 63, 63, 63, 63, 63, 63, 63, 63, 63, 63, 63, 63, 63, 63, 63, 63, 63, 63, 63, 63, 63, 63, 63, 63, 63, 63, 63, 63, 63, 63, 63, 63, 63, 63, 63, 63, 63, 63, 63, 63, 63, 63, 63, 63, 63, 63, 63, 63, 63, 63, 63, 63, 63, 63, 63, 63, 63, 63, 63, 63, 63, 63, 63, 63, 63, 63, 63, 63, 63, 63, 63, 63, 63, 63, 63, 63, 63, 63, 63, 63, 63, 63, 63, 63, 63, 63, 63, 63, 63, 63, 63, 63, 63, 63, 63, 63, 63, 63, 63, 63, 63, 63, 63, 63, 63, 63, 63, 63, 63, 63, 63, 63, 63, 63, 63, 63, 63, 63, 63, 63, 63, 63, 63, 63, 63, 63, 63, 63, 63, 63, 63, 63, 63, 63, 63, 63, 63, 63, 63, 63, 63, 63, 63, 63, 63, 63, 63, 63, 63, 63, 63, 63, 63, 63, 63, 63, 63, 63, 63, 63, 63, 63, 63, 63, 63, 63, 63, 63, 63, 63, 63, 63, 63, 63, 63, 63, 63, 63, 63, 63, 63, 63, 63, 63, 63, 63, 63, 63, 63, 63, 63, 63, 63, 63, 63, 63, 63, 63, 63, 63, 63, 63, 63, 63, 63, 63, 63, 63, 63, 63, 63, 63, 63, 63, 63, 63, 63, 63, 63, 63, 63, 63, 63, 63, 63, 63, 63, 63, 63, 63, 63, 63, 63, 63, 63, 63, 63, 63, 63, 63, 63, 63, 63, 63, 63, 63, 63, 63, 63, 63, 63, 63, 63, 63, 63, 63, 63, 63, 63, 63, 63, 63, 63, 63, 63, 63, 63, 63, 63, 63, 63, 63, 63, 63, 63, 63, 63, 63, 63, 63, 63, 63, 63, 63, 63, 63, 63, 63, 63, 63, 63, 63, 63, 63, 63, 63, 63, 63, 63, 63, 63, 63, 63, 63, 63, 63, 63, 63, 63, 63, 63, 63, 63, 63, 63, 63, 63, 63, 63, 63, 63, 63, 63, 63, 63, 63, 63, 63, 63, 63, 63, 63, 63, 63, 63, 63, 63, 63, 63, 63, 63, 63, 63, 63, 63, 63, 63, 63, 63, 63, 63, 63, 63, 63, 63, 63, 63, 63, 63, 63, 63, 63, 63, 63, 63, 63, 63, 63, 63, 63, 63, 63, 63, 63, 63, 63, 63, 63, 63, 63, 63, 63, 63, 63, 63, 63, 63, 63, 63, 63, 63, 63, 63, 63, 63, 63, 63, 63, 63, 63, 63, 63, 63, 63, 63, 63, 63, 63, 63, 63, 63, 63, 63, 63, 63, 63, 63, 63, 63, 63, 63, 63, 63, 63, 63, 63, 63, 63, 63, 63, 63, 63, 63, 63, 63, 63, 63, 63, 63, 63, 63, 63, 63, 63, 63, 63, 63, 63, 63, 63, 63, 63, 63, 63, 63, 63, 63, 63, 63, 63, 63, 63, 63, 63, 63, 63, 63, 63, 63, 63, 63, 63, 63, 63, 63, 63, 63, 63, 63, 63, 63, 63, 63, 63, 63, 63, 63, 63, 63, 63, 63, 63, 63, 63, 63, 63, 63, 63, 63, 63, 63, 63, 63, 63, 63, 63]

ep3
Train step Loss: [5.398616790771484, 5.406808853149414, 5.449751377105713, 5.334391117095947, 5.402637481689453, 5.366208076477051, 5.357503414154053, 5.3975701332092285, 5.426802158355713, 5.386172771453857, 5.423930644989014, 5.4308857917785645, 5.331454277038574, 5.388473033905029, 5.420848369598389, 5.378677845001221, 5.34832763671875, 5.455261707305908, 5.377812385559082, 5.41416072845459, 5.426570892333984, 5.374029636383057, 5.397080421447754, 5.332742691040039, 5.390294075012207, 5.353546142578125, 5.329196453094482, 5.323598861694336, 5.378438472747803, 5.396751403808594, 5.377882957458496, 5.375558853149414, 5.397996425628662, 5.3453593254089355, 5.386328220367432, 5.386582374572754, 5.425586700439453, 5.419885158538818, 5.383811950683594, 5.3826799392700195, 5.38353967666626, 5.408003807067871, 5.364963054656982, 5.324658393859863, 5.35032844543457, 5.458334445953369, 5.36761474609375, 5.364745616912842, 5.365208625793457, 5.357112407684326, 5.347959518432617, 5.426100254058838, 5.424274444580078, 5.42899751663208, 5.358842372894287, 5.3673529624938965, 5.384681224822998, 5.448212623596191, 5.307194232940674, 5.325006484985352, 5.416669845581055, 5.319120407104492, 5.439927101135254]
val step Loss: [5.644083023071289, 5.638946056365967, 5.649134159088135, 5.622319221496582, 5.671617031097412, 5.563282012939453, 5.6503825187683105, 5.661334991455078, 5.678265571594238, 5.648974895477295, 5.629036903381348, 5.602001190185547, 5.595239162445068, 5.591146469116211, 5.5625834465026855, 5.585324287414551]
Train step Accs: [0.02409097710609008, 0.02511198588299172, 0.029780085522296884, 0.055755677368833204, 0.02100442198357549, 0.05557782231128924, 0.042903275411348606, 0.022873194221508828, 0.01894260672886627, 0.03570901578869706, 0.027318475916606758, 0.02358637925648235, 0.048162230671736375, 0.030666859539997107, 0.03257811343106767, 0.03982621288921072, 0.03754313319530711, 0.013710986830236334, 0.05324640043466449, 0.032488729986009636, 0.024825955602259295, 0.03600900225056264, 0.026341738272996195, 0.04134029590948651, 0.029522350647542123, 0.04787897691827823, 0.0662141570854689, 0.04641581982971711, 0.04398289554062309, 0.04446002805049088, 0.028294260307194827, 0.04245733788395904, 0.03561057618829283, 0.053422785439184994, 0.04216867469879518, 0.050071988481842904, 0.033685800604229606, 0.03438185808339429, 0.045185505991049514, 0.03716156432489825, 0.041682313180623355, 0.0387511766551616, 0.03116073747078681, 0.05203276699029126, 0.047488333790831734, 0.017169684775318578, 0.04558011049723757, 0.03851463279955825, 0.030074191838897722, 0.055075915451027094, 0.0393204548568297, 0.03129470672389127, 0.03306681122103266, 0.02690863579474343, 0.04281949934123847, 0.06274445893089961, 0.03751233958538993, 0.020225464190981434, 0.07162610619469026, 0.04281834158811312, 0.033553025763930495, 0.036976778583049846, 0.02710753649091451]
val step Accs: [0.006508533410471507, 0.016303583977512297, 0.009872531867033242, 0.00842548709847288, 0.009128191559730122, 0.026833631484794274, 0.010363373999737637, 0.017055655296229804, 0.00928923293455313, 0.014119705110583532, 0.011241446725317693, 0.018810087780409643, 0.02758514408999846, 0.01820114255347416, 0.014433302947432392, 0.023415421881308032]
Preds: [17, 17, 17, 63, 63, 63, 63, 63, 63, 63, 63, 63, 63, 63, 63, 63, 63, 63, 63, 63, 63, 63, 63, 63, 63, 63, 63, 63, 63, 63, 63, 63, 63, 63, 63, 63, 63, 63, 63, 63, 63, 63, 63, 63, 63, 63, 63, 63, 63, 63, 63, 63, 63, 63, 63, 63, 63, 63, 63, 63, 63, 63, 63, 63, 63, 63, 63, 63, 63, 63, 63, 63, 63, 63, 63, 63, 63, 63, 63, 63, 63, 63, 63, 63, 63, 63, 63, 63, 63, 63, 63, 63, 63, 63, 63, 63, 63, 63, 63, 63, 63, 63, 63, 63, 63, 63, 63, 63, 63, 63, 63, 63, 63, 63, 63, 63, 63, 63, 63, 63, 63, 63, 63, 63, 63, 63, 63, 63, 63, 63, 63, 63, 63, 63, 63, 63, 63, 63, 63, 63, 63, 63, 63, 63, 63, 63, 63, 63, 63, 63, 63, 63, 63, 63, 63, 63, 63, 63, 63, 63, 63, 63, 63, 63, 63, 63, 63, 63, 63, 63, 63, 63, 63, 63, 63, 63, 63, 63, 63, 63, 63, 63, 63, 63, 63, 63, 63, 63, 63, 63, 63, 63, 63, 63, 63, 63, 63, 63, 63, 63, 63, 63, 63, 63, 63, 63, 63, 63, 63, 63, 63, 63, 63, 63, 63, 63, 63, 63, 63, 63, 63, 63, 63, 63, 63, 63, 63, 63, 63, 63, 63, 63, 63, 63, 63, 63, 63, 63, 63, 63, 63, 63, 63, 63, 63, 63, 63, 63, 63, 63, 63, 63, 63, 63, 63, 63, 63, 63, 63, 63, 63, 63, 63, 63, 63, 63, 63, 63, 63, 63, 63, 63, 63, 63, 63, 63, 63, 63, 63, 63, 63, 63, 63, 63, 63, 63, 63, 63, 63, 63, 63, 63, 63, 63, 63, 63, 63, 63, 63, 63, 63, 63, 63, 63, 63, 63, 63, 63, 63, 63, 63, 63, 63, 63, 63, 63, 63, 63, 63, 63, 63, 63, 63, 63, 63, 63, 63, 63, 63, 63, 63, 63, 63, 63, 63, 63, 63, 63, 63, 63, 63, 63, 63, 63, 63, 63, 63, 63, 63, 63, 63, 63, 63, 63, 63, 63, 63, 63, 63, 63, 63, 63, 63, 63, 63, 63, 63, 63, 63, 63, 63, 63, 63, 63, 63, 63, 63, 63, 63, 63, 63, 63, 63, 63, 63, 63, 63, 63, 63, 63, 63, 63, 63, 63, 63, 63, 63, 63, 63, 63, 63, 63, 63, 63, 63, 63, 63, 63, 63, 63, 63, 63, 63, 63, 63, 63, 63, 63, 63, 63, 63, 63, 63, 63, 63, 63, 63, 63, 63, 63, 63, 63, 63, 63, 63, 63, 63, 63, 63, 63, 63, 63, 63, 63, 63, 63, 63, 63, 63, 63, 63, 63, 63, 63, 63, 63, 63, 63, 63, 63, 63, 63, 63, 63, 63, 63, 63, 63, 63, 63, 63, 63, 63, 63, 63, 63, 63, 63, 63, 63, 63, 63, 63, 63, 63, 63, 63, 63, 63, 63, 63, 63, 63, 63, 63, 63, 63, 63, 63, 63, 63, 63, 63, 63, 63, 63, 63, 63, 63, 63, 63, 63, 63, 63, 63, 63, 63, 63, 63, 63, 63, 63, 63, 63, 63, 63, 63, 63, 63, 63, 63, 63, 63, 63, 63, 63, 63, 63, 63, 63, 63, 63, 63, 63, 63, 63, 63, 63, 63, 63, 63, 63, 63, 63, 63, 63, 63, 63, 63, 63, 63, 63, 63, 63, 63, 63, 63, 63, 63, 63, 63, 63, 63, 63, 63, 63, 63, 63, 63, 63, 63, 63, 63, 63, 63, 63, 63, 63, 63, 63, 63, 63, 63, 63, 63, 63, 63, 63, 63, 63]

ep4
Train step Loss: [5.4263763427734375, 5.304751873016357, 5.333151817321777, 5.350776195526123, 5.381213665008545, 5.390653133392334, 5.402646541595459, 5.3964104652404785, 5.450570106506348, 5.41038179397583, 5.327503204345703, 5.402377128601074, 5.433065414428711, 5.3816094398498535, 5.438330173492432, 5.397312641143799, 5.307779788970947, 5.354413986206055, 5.443530559539795, 5.371921062469482, 5.329876899719238, 5.326815128326416, 5.350952625274658, 5.392096519470215, 5.414684295654297, 5.393636703491211, 5.4141364097595215, 5.344876289367676, 5.325128555297852, 5.343675136566162, 5.3098225593566895, 5.382483959197998, 5.390779495239258, 5.360591411590576, 5.387990474700928, 5.3644890785217285, 5.417652130126953, 5.33565616607666, 5.3235063552856445, 5.349016189575195, 5.397769927978516, 5.3548383712768555, 5.39454984664917, 5.422229290008545, 5.309397220611572, 5.339036464691162, 5.310419082641602, 5.35318660736084, 5.403055191040039, 5.363465309143066, 5.493405342102051, 5.369974136352539, 5.398706436157227, 5.335447311401367, 5.358423233032227, 5.36711311340332, 5.441379547119141, 5.343834400177002, 5.366278648376465, 5.412162780761719, 5.388988018035889, 5.34517765045166, 5.346515655517578]
val step Loss: [5.614057540893555, 5.5665059089660645, 5.613918781280518, 5.5850911140441895, 5.648035526275635, 5.62894344329834, 5.6078290939331055, 5.562804698944092, 5.660195827484131, 5.636021614074707, 5.623745918273926, 5.638296127319336, 5.628084182739258, 5.541093826293945, 5.619856834411621, 5.636418342590332]
Train step Accs: [0.03475382705833678, 0.05130989547984254, 0.037490029247540545, 0.05605979711692472, 0.033866118056654536, 0.04793063962048094, 0.0526137709355439, 0.029871754770096966, 0.03052140737600678, 0.023514502956913545, 0.05820938215102975, 0.03710119820990328, 0.026528413681659035, 0.03144820295983087, 0.022865853658536585, 0.033524904214559385, 0.06105077781039037, 0.042000262501640635, 0.032880902313133245, 0.03071895424836601, 0.039924231385691386, 0.06373176350140773, 0.049349484073575596, 0.04, 0.022563459730492008, 0.039212238438544045, 0.027125506072874495, 0.042819190498515396, 0.04119156214367161, 0.0443089430894309, 0.048849224988257396, 0.02977667493796526, 0.03089711417816813, 0.04756030701754386, 0.03964347479047493, 0.024966032608695652, 0.030709342560553632, 0.03434794750069813, 0.061943373654127346, 0.03345673933909228, 0.04057315233785822, 0.04432746917855659, 0.030295116218333768, 0.020512820512820513, 0.06127750611246944, 0.03928721762312334, 0.036157880209770905, 0.03266563944530046, 0.025212386955330228, 0.032551460028721876, 0.021557355631042593, 0.0589625921290502, 0.03737024221453287, 0.06616654163540885, 0.027313709891275524, 0.04318222540763304, 0.023087818696883852, 0.03653368405670028, 0.051098535286284955, 0.05001348072256673, 0.025592714711885695, 0.04341627786417833, 0.04485098849218058]
val step Accs: [0.015473343648895766, 0.021056613289622998, 0.018997156888084777, 0.01940686073527402, 0.008462211847096586, 0.009965057590267891, 0.006995003568879372, 0.031825037707390647, 0.005876303804906714, 0.015263781861292234, 0.014709644410335124, 0.008659049909801564, 0.011488250652741514, 0.014452955629426218, 0.015384615384615385, 0.022965879265091863]
Preds: [17, 17, 17, 17, 17, 63, 63, 63, 63, 63, 63, 63, 63, 63, 63, 63, 63, 63, 63, 63, 63, 63, 63, 63, 63, 63, 63, 63, 63, 63, 63, 63, 63, 63, 63, 63, 63, 63, 63, 63, 63, 63, 63, 63, 63, 63, 63, 63, 63, 63, 63, 63, 63, 63, 63, 63, 63, 63, 63, 63, 63, 63, 63, 63, 63, 63, 63, 63, 63, 63, 63, 63, 63, 63, 63, 63, 63, 63, 63, 63, 63, 63, 63, 63, 63, 63, 63, 63, 63, 63, 63, 63, 63, 63, 63, 63, 63, 63, 63, 63, 63, 63, 63, 63, 63, 63, 63, 63, 63, 63, 63, 63, 63, 63, 63, 63, 63, 63, 63, 63, 63, 63, 63, 63, 63, 63, 63, 63, 63, 63, 63, 63, 63, 63, 63, 63, 63, 63, 63, 63, 63, 63, 63, 63, 63, 63, 63, 63, 63, 63, 63, 63, 63, 63, 63, 63, 63, 63, 63, 63, 63, 63, 63, 63, 63, 63, 63, 63, 63, 63, 63, 63, 63, 63, 63, 63, 63, 63, 63, 63, 63, 63, 63, 63, 63, 63, 63, 63, 63, 63, 63, 63, 63, 63, 63, 63, 63, 63, 63, 63, 63, 63, 63, 63, 63, 63, 63, 63, 63, 63, 63, 63, 63, 63, 63, 63, 63, 63, 63, 63, 63, 63, 63, 63, 63, 63, 63, 63, 63, 63, 63, 63, 63, 63, 63, 63, 63, 63, 63, 63, 63, 63, 63, 63, 63, 63, 63, 63, 63, 63, 63, 63, 63, 63, 63, 63, 63, 63, 63, 63, 63, 63, 63, 63, 63, 63, 63, 63, 63, 63, 63, 63, 63, 63, 63, 63, 63, 63, 63, 63, 63, 63, 63, 63, 63, 63, 63, 63, 63, 63, 63, 63, 63, 63, 63, 63, 63, 63, 63, 63, 63, 63, 63, 63, 63, 63, 63, 63, 63, 63, 63, 63, 63, 63, 63, 63, 63, 63, 63, 63, 63, 63, 63, 63, 63, 63, 63, 63, 63, 63, 63, 63, 63, 63, 63, 63, 63, 63, 63, 63, 63, 63, 63, 63, 63, 63, 63, 63, 63, 63, 63, 63, 63, 63, 63, 63, 63, 63, 63, 63, 63, 63, 63, 63, 63, 63, 63, 63, 63, 63, 63, 63, 63, 63, 63, 63, 63, 63, 63, 63, 63, 63, 63, 63, 63, 63, 63, 63, 63, 63, 63, 63, 63, 63, 63, 63, 63, 63, 63, 63, 63, 63, 63, 63, 63, 63, 63, 63, 63, 63, 63, 63, 63, 63, 63, 63, 63, 63, 63, 63, 63, 63, 63, 63, 63, 63, 63, 63, 63, 63, 63, 63, 63, 63, 63, 63, 63, 63, 63, 63, 63, 63, 63, 63, 63, 63, 63, 63, 63, 63, 63, 63, 63, 63, 63, 63, 63, 63, 63, 63, 63, 63, 63, 63, 63, 63, 63, 63, 63, 63, 63, 63, 63, 63, 63, 63, 63, 63, 63, 63, 63, 63, 63, 63, 63, 63, 63, 63, 63, 63, 63, 63, 63, 63, 63, 63, 63, 63, 63, 63, 63, 63, 63, 63, 63, 63, 63, 63, 63, 63, 63, 63, 63, 63, 63, 63, 63, 63, 63, 63, 63, 63, 63, 63, 63, 63, 63, 63, 63, 63, 63, 63, 63, 63, 63, 63, 63, 63, 63, 63, 63, 63, 63, 63, 63, 63, 63, 63, 63, 63, 63, 63, 63, 63, 63, 63, 63, 63, 63, 63, 63, 63, 63, 63, 63, 63, 63, 63, 63, 63, 63, 63, 63, 63, 63, 63, 63, 63, 63, 63, 63, 63, 63, 63, 63, 63, 63, 63, 63, 63, 63, 63, 63, 63, 63, 63, 63, 63, 63, 63]

ep5
Train step Loss: [5.350650310516357, 5.365009784698486, 5.364138603210449, 5.30206823348999, 5.35621452331543, 5.423633098602295, 5.3343000411987305, 5.338233947753906, 5.373315811157227, 5.322215557098389, 5.3417229652404785, 5.300199508666992, 5.420632362365723, 5.330020427703857, 5.352209091186523, 5.423064708709717, 5.4169769287109375, 5.338236331939697, 5.370294570922852, 5.299914836883545, 5.420767307281494, 5.339259624481201, 5.342492580413818, 5.400522708892822, 5.398109436035156, 5.3600850105285645, 5.380337238311768, 5.370690822601318, 5.357297897338867, 5.323835372924805, 5.374018669128418, 5.271579265594482, 5.412020206451416, 5.388148307800293, 5.3466339111328125, 5.351889610290527, 5.3740129470825195, 5.354869842529297, 5.415951251983643, 5.341279983520508, 5.434881210327148, 5.34242582321167, 5.3501105308532715, 5.379556655883789, 5.395920276641846, 5.331186771392822, 5.34995698928833, 5.366428375244141, 5.4167375564575195, 5.345037937164307, 5.464162826538086, 5.34412956237793, 5.398070812225342, 5.400195121765137, 5.3858323097229, 5.426509857177734, 5.355778694152832, 5.397097110748291, 5.355968475341797, 5.387279987335205, 5.339134216308594, 5.379889965057373, 5.371780872344971]
val step Loss: [5.558221340179443, 5.635130405426025, 5.620386123657227, 5.635642051696777, 5.602710723876953, 5.678241729736328, 5.5515522956848145, 5.597404479980469, 5.652637004852295, 5.6307830810546875, 5.563424587249756, 5.623636245727539, 5.643745422363281, 5.622358798980713, 5.6264872550964355, 5.565608024597168]
Train step Accs: [0.04466989703210176, 0.02663115845539281, 0.04561511288588543, 0.04716862151595409, 0.05536187421559057, 0.03540073633531578, 0.0539293668469615, 0.037057991513437055, 0.02313141535347694, 0.05389302640487475, 0.03775948460987831, 0.053891396525783064, 0.03431728951577723, 0.0447459584295612, 0.033276784549132195, 0.02940790337403177, 0.028757668711656442, 0.043027395140071194, 0.035788676387047906, 0.048109460055907015, 0.020916493693118314, 0.03185224839400428, 0.033856188849200185, 0.03587443946188341, 0.041574849419714996, 0.05260504201680672, 0.03370643602136861, 0.04154302670623145, 0.03507327515231352, 0.06430155210643015, 0.037866969224223515, 0.04414022517911975, 0.020574787720444153, 0.033346944331019465, 0.051615939755255726, 0.03406813627254509, 0.028446389496717725, 0.03352219074598678, 0.026180698151950718, 0.052672710221944356, 0.0316473189607518, 0.02830046665663104, 0.039087513340448236, 0.050997489760866696, 0.030333097094259392, 0.05445462114904247, 0.029016371622520964, 0.04040795249160857, 0.03870775643888641, 0.04513102555807182, 0.02956806104373893, 0.04115349954941424, 0.02345505617977528, 0.03772796881525825, 0.041510409931462565, 0.031209362808842653, 0.06077636910207816, 0.036254219873770734, 0.03183361629881155, 0.05035553620664635, 0.03141172222890841, 0.05898251192368839, 0.035058430717863104]
val step Accs: [0.02843529050107593, 0.016725798276735936, 0.012168141592920354, 0.018110473890733475, 0.015254917703733441, 0.013353317890720806, 0.02665350444225074, 0.010050251256281407, 0.008633093525179856, 0.011761450117614501, 0.014660965180207697, 0.015404982549043206, 0.0184660839591284, 0.009400370317618574, 0.006084466714387974, 0.014699706005879883]
Preds: [17, 17, 17, 17, 17, 17, 17, 63, 63, 63, 63, 63, 63, 63, 63, 63, 63, 63, 63, 63, 63, 63, 63, 63, 63, 63, 63, 63, 63, 63, 63, 63, 63, 63, 63, 63, 63, 63, 63, 63, 63, 63, 63, 63, 63, 63, 63, 63, 63, 63, 63, 63, 63, 63, 63, 63, 63, 63, 63, 63, 63, 63, 63, 63, 63, 63, 63, 63, 63, 63, 63, 63, 63, 63, 63, 63, 63, 63, 63, 63, 63, 63, 63, 63, 63, 63, 63, 63, 63, 63, 63, 63, 63, 63, 63, 63, 63, 63, 63, 63, 63, 63, 63, 63, 63, 63, 63, 63, 63, 63, 63, 63, 63, 63, 63, 63, 63, 63, 63, 63, 63, 63, 63, 63, 63, 63, 63, 63, 63, 63, 63, 63, 63, 63, 63, 63, 63, 63, 63, 63, 63, 63, 63, 63, 63, 63, 63, 63, 63, 63, 63, 63, 63, 63, 63, 63, 63, 63, 63, 63, 63, 63, 63, 63, 63, 63, 63, 63, 63, 63, 63, 63, 63, 63, 63, 63, 63, 63, 63, 63, 63, 63, 63, 63, 63, 63, 63, 63, 63, 63, 63, 63, 63, 63, 63, 63, 63, 63, 63, 63, 63, 63, 63, 63, 63, 63, 63, 63, 63, 63, 63, 63, 63, 63, 63, 63, 63, 63, 63, 63, 63, 63, 63, 63, 63, 63, 63, 63, 63, 63, 63, 63, 63, 63, 63, 63, 63, 63, 63, 63, 63, 63, 63, 63, 63, 63, 63, 63, 63, 63, 63, 63, 63, 63, 63, 63, 63, 63, 63, 63, 63, 63, 63, 63, 63, 63, 63, 63, 63, 63, 63, 63, 63, 63, 63, 63, 63, 63, 63, 63, 63, 63, 63, 63, 63, 63, 63, 63, 63, 63, 63, 63, 63, 63, 63, 63, 63, 63, 63, 63, 63, 63, 63, 63, 63, 63, 63, 63, 63, 63, 63, 63, 63, 63, 63, 63, 63, 63, 63, 63, 63, 63, 63, 63, 63, 63, 63, 63, 63, 63, 63, 63, 63, 63, 63, 63, 63, 63, 63, 63, 63, 63, 63, 63, 63, 63, 63, 63, 63, 63, 63, 63, 63, 63, 63, 63, 63, 63, 63, 63, 63, 63, 63, 63, 63, 63, 63, 63, 63, 63, 63, 63, 63, 63, 63, 63, 63, 63, 63, 63, 63, 63, 63, 63, 63, 63, 63, 63, 63, 63, 63, 63, 63, 63, 63, 63, 63, 63, 63, 63, 63, 63, 63, 63, 63, 63, 63, 63, 63, 63, 63, 63, 63, 63, 63, 63, 63, 63, 63, 63, 63, 63, 63, 63, 63, 63, 63, 63, 63, 63, 63, 63, 63, 63, 63, 63, 63, 63, 63, 63, 63, 63, 63, 63, 63, 63, 63, 63, 63, 63, 63, 63, 63, 63, 63, 63, 63, 63, 63, 63, 63, 63, 63, 63, 63, 63, 63, 63, 63, 63, 63, 63, 63, 63, 63, 63, 63, 63, 63, 63, 63, 63, 63, 63, 63, 63, 63, 63, 63, 63, 63, 63, 63, 63, 63, 63, 63, 63, 63, 63, 63, 63, 63, 63, 63, 63, 63, 63, 63, 63, 63, 63, 63, 63, 63, 63, 63, 63, 63, 63, 63, 63, 63, 63, 63, 63, 63, 63, 63, 63, 63, 63, 63, 63, 63, 63, 63, 63, 63, 63, 63, 63, 63, 63, 63, 63, 63, 63, 63, 63, 63, 63, 63, 63, 63, 63, 63, 63, 63, 63, 63, 63, 63, 63, 63, 63, 63, 63, 63, 63, 63, 63, 63, 63, 63, 63, 63, 63, 63, 63, 63, 63, 63, 63, 63, 63, 63, 63, 63, 63, 63, 63, 63, 63, 63, 63, 63, 63, 63, 63]

ep6
Train step Loss: [5.3494486808776855, 5.390737533569336, 5.411325931549072, 5.353029251098633, 5.358095169067383, 5.380897045135498, 5.3936944007873535, 5.414074420928955, 5.331524848937988, 5.358369827270508, 5.352578639984131, 5.325013160705566, 5.365769386291504, 5.327428817749023, 5.311248779296875, 5.320551872253418, 5.379549980163574, 5.373611927032471, 5.246226787567139, 5.351190567016602, 5.311735153198242, 5.397045135498047, 5.400681018829346, 5.315530776977539, 5.385637283325195, 5.3435869216918945, 5.355977535247803, 5.3754682540893555, 5.378796577453613, 5.375978946685791, 5.3550214767456055, 5.445716381072998, 5.361196041107178, 5.342649936676025, 5.353653430938721, 5.334707736968994, 5.348739147186279, 5.353443145751953, 5.469314098358154, 5.320766448974609, 5.341777801513672, 5.397210121154785, 5.398517608642578, 5.358802795410156, 5.353735446929932, 5.359898090362549, 5.396452903747559, 5.249301910400391, 5.305236339569092, 5.345682621002197, 5.275390148162842, 5.381878852844238, 5.380118370056152, 5.380279064178467, 5.451211929321289, 5.41960334777832, 5.395486354827881, 5.347171783447266, 5.376292705535889, 5.368286609649658, 5.346645832061768, 5.408246040344238, 5.402728080749512]
val step Loss: [5.625993251800537, 5.6394524574279785, 5.676725387573242, 5.6031646728515625, 5.570393085479736, 5.591994762420654, 5.58887243270874, 5.612844467163086, 5.629899978637695, 5.622811317443848, 5.565029144287109, 5.59004020690918, 5.637311935424805, 5.587861061096191, 5.592855453491211, 5.583474636077881]
Train step Accs: [0.04997814366894944, 0.02588268392178928, 0.028645458471282567, 0.05443499392466586, 0.016427718040621268, 0.030231459612659425, 0.027954064672106378, 0.0439016849590354, 0.06154266958424508, 0.026116136562591187, 0.040226921093347086, 0.04052010885999395, 0.0325721961047683, 0.044631093544137024, 0.04434796092417429, 0.049406569141595365, 0.031310344827586205, 0.05336795038222991, 0.07491709375942117, 0.03732837528604119, 0.04031245640954108, 0.03609913793103448, 0.04068641018544146, 0.04578848453784384, 0.031078346342873663, 0.035044150110375274, 0.03780424650440187, 0.04168582375478927, 0.05220306513409962, 0.033050725678976864, 0.031015882529217862, 0.018142113220225096, 0.024311392732445362, 0.03630933668657655, 0.034681227863046046, 0.02810133954571928, 0.03937125748502994, 0.043570820323587854, 0.025466893039049237, 0.035406475658047984, 0.03439153439153439, 0.049210377890580935, 0.036152356358941255, 0.04637726420986883, 0.03079814921920185, 0.048242276670217625, 0.040872822015958314, 0.0627498001598721, 0.06212564424014487, 0.05238779747644146, 0.045553776742832196, 0.032909930715935336, 0.029278642149929278, 0.020691609977324263, 0.024311183144246355, 0.02969489313101648, 0.02137468566638726, 0.0659121171770972, 0.0326581880986026, 0.06217162872154115, 0.05920053972002024, 0.022466107165913494, 0.026374324753733715]
val step Accs: [0.02116991643454039, 0.007412898443291327, 0.013150452488687783, 0.016617528812650766, 0.021876258220373104, 0.014222460754058768, 0.01812726590823853, 0.019548108657019548, 0.008405677277111754, 0.00895909465990805, 0.024052674012362267, 0.010315269504576494, 0.01485027000490918, 0.02263765152621586, 0.005226220695833956, 0.011282523601197329]
Preds: [17, 17, 17, 17, 17, 284, 63, 63, 63, 63, 63, 63, 63, 63, 63, 63, 63, 63, 63, 63, 63, 63, 63, 63, 63, 63, 63, 63, 63, 63, 63, 63, 63, 63, 63, 63, 63, 63, 63, 63, 63, 63, 63, 63, 63, 63, 63, 63, 63, 63, 63, 63, 63, 63, 63, 63, 63, 63, 63, 63, 63, 63, 63, 63, 63, 63, 63, 63, 63, 63, 63, 63, 63, 63, 63, 63, 63, 63, 63, 63, 63, 63, 63, 63, 63, 63, 63, 63, 63, 63, 63, 63, 63, 63, 63, 63, 63, 63, 63, 63, 63, 63, 63, 63, 63, 63, 63, 63, 63, 63, 63, 63, 63, 63, 63, 63, 63, 63, 63, 63, 63, 63, 63, 63, 63, 63, 63, 63, 63, 63, 63, 63, 63, 63, 63, 63, 63, 63, 63, 63, 63, 63, 63, 63, 63, 63, 63, 63, 63, 63, 63, 63, 63, 63, 63, 63, 63, 63, 63, 63, 63, 63, 63, 63, 63, 63, 63, 63, 63, 63, 63, 63, 63, 63, 63, 63, 63, 63, 63, 63, 63, 63, 63, 63, 63, 63, 63, 63, 63, 63, 63, 63, 63, 63, 63, 63, 63, 63, 63, 63, 63, 63, 63, 63, 63, 63, 63, 63, 63, 63, 63, 63, 63, 63, 63, 63, 63, 63, 63, 63, 63, 63, 63, 63, 63, 63, 63, 63, 63, 63, 63, 63, 63, 63, 63, 63, 63, 63, 63, 63, 63, 63, 63, 63, 63, 63, 63, 63, 63, 63, 63, 63, 63, 63, 63, 63, 63, 63, 63, 63, 63, 63, 63, 63, 63, 63, 63, 63, 63, 63, 63, 63, 63, 63, 63, 63, 63, 63, 63, 63, 63, 63, 63, 63, 63, 63, 63, 63, 63, 63, 63, 63, 63, 63, 63, 63, 63, 63, 63, 63, 63, 63, 63, 63, 63, 63, 63, 63, 63, 63, 63, 63, 63, 63, 63, 63, 63, 63, 63, 63, 63, 63, 63, 63, 63, 63, 63, 63, 63, 63, 63, 63, 63, 63, 63, 63, 63, 63, 63, 63, 63, 63, 63, 63, 63, 63, 63, 63, 63, 63, 63, 63, 63, 63, 63, 63, 63, 63, 63, 63, 63, 63, 63, 63, 63, 63, 63, 63, 63, 63, 63, 63, 63, 63, 63, 63, 63, 63, 63, 63, 63, 63, 63, 63, 63, 63, 63, 63, 63, 63, 63, 63, 63, 63, 63, 63, 63, 63, 63, 63, 63, 63, 63, 63, 63, 63, 63, 63, 63, 63, 63, 63, 63, 63, 63, 63, 63, 63, 63, 63, 63, 63, 63, 63, 63, 63, 63, 63, 63, 63, 63, 63, 63, 63, 63, 63, 63, 63, 63, 63, 63, 63, 63, 63, 63, 63, 63, 63, 63, 63, 63, 63, 63, 63, 63, 63, 63, 63, 63, 63, 63, 63, 63, 63, 63, 63, 63, 63, 63, 63, 63, 63, 63, 63, 63, 63, 63, 63, 63, 63, 63, 63, 63, 63, 63, 63, 63, 63, 63, 63, 63, 63, 63, 63, 63, 63, 63, 63, 63, 63, 63, 63, 63, 63, 63, 63, 63, 63, 63, 63, 63, 63, 63, 63, 63, 63, 63, 63, 63, 63, 63, 63, 63, 63, 63, 63, 63, 63, 63, 63, 63, 63, 63, 63, 63, 63, 63, 63, 63, 63, 63, 63, 63, 63, 63, 63, 63, 63, 63, 63, 63, 63, 63, 63, 63, 63, 63, 63, 63, 63, 63, 63, 63, 63, 63, 63, 63, 63, 63, 63, 63, 63, 63, 63, 63, 63, 63, 63, 63, 63, 63, 63, 63, 63, 63, 63, 63, 63, 63, 63, 63, 63, 63, 63, 63, 63, 63, 63, 63, 63]

ep7
Train step Loss: [5.340024948120117, 5.329272747039795, 5.4156036376953125, 5.310602188110352, 5.360873222351074, 5.31149959564209, 5.357857704162598, 5.361501693725586, 5.3112359046936035, 5.358539581298828, 5.419049263000488, 5.447266101837158, 5.367424964904785, 5.418206691741943, 5.358218669891357, 5.345147132873535, 5.422978401184082, 5.318340301513672, 5.332927227020264, 5.408476829528809, 5.439625263214111, 5.306469917297363, 5.371694087982178, 5.323853492736816, 5.2242655754089355, 5.341530799865723, 5.403733253479004, 5.399046421051025, 5.330936908721924, 5.362681865692139, 5.357570171356201, 5.382788181304932, 5.330170631408691, 5.388315200805664, 5.327888011932373, 5.354730129241943, 5.451930046081543, 5.328250408172607, 5.340526580810547, 5.313766956329346, 5.446424961090088, 5.358012676239014, 5.337288856506348, 5.354720592498779, 5.320901393890381, 5.363253116607666, 5.396081924438477, 5.339474678039551, 5.364297866821289, 5.343862056732178, 5.340926647186279, 5.337253570556641, 5.377996921539307, 5.369905948638916, 5.402230262756348, 5.307494640350342, 5.31096887588501, 5.329124450683594, 5.388927936553955, 5.3467912673950195, 5.321197032928467, 5.403316497802734, 5.42030668258667]
val step Loss: [5.647377967834473, 5.578645706176758, 5.628960609436035, 5.59661340713501, 5.604607582092285, 5.556023120880127, 5.6549577713012695, 5.584949016571045, 5.60106086730957, 5.6153244972229, 5.614326477050781, 5.5940775871276855, 5.590188026428223, 5.599948406219482, 5.587802410125732, 5.640407085418701]
Train step Accs: [0.03074804956402019, 0.035635123614663256, 0.04523209254041228, 0.05004990731498645, 0.045401779956146006, 0.057328605200945626, 0.03551797040169133, 0.04093655589123867, 0.04264018691588785, 0.031062980906241093, 0.03599052880820837, 0.030370243985667976, 0.03290183387270766, 0.03091986601391394, 0.03548153511947864, 0.05711384693489022, 0.02249134948096886, 0.05208057248873575, 0.03857166919319522, 0.027413909520594193, 0.04604951900331178, 0.048145344436033306, 0.030520933205496963, 0.04833578071463534, 0.09833916083916083, 0.03462014012913862, 0.026507713884992987, 0.02497687326549491, 0.037642045454545456, 0.04142707788813382, 0.03150863946565994, 0.038846556103391605, 0.03667445938047925, 0.035136724492796235, 0.04833246482542991, 0.026061915046796256, 0.014065934065934066, 0.03866825918184533, 0.037591973244147155, 0.0367431640625, 0.027950310559006212, 0.05326249829723471, 0.04743339831059129, 0.03663727576771055, 0.023019634394041977, 0.03647616539373189, 0.0376129127795054, 0.05919463087248322, 0.04371428571428571, 0.04013575328316364, 0.029725363489499192, 0.048301781737193766, 0.025190194420963652, 0.043305930710510865, 0.03704204407192105, 0.051005059483112264, 0.08003467206009823, 0.030635927587807518, 0.022377423033067275, 0.04804434862950416, 0.02736233854520734, 0.026766262060379707, 0.045483259633607075]
val step Accs: [0.011789266854967458, 0.008062108091967751, 0.008202057023825022, 0.012129963898916967, 0.021804189824711415, 0.03200540175557056, 0.005159538357094365, 0.03551745254133497, 0.018478121390991916, 0.012442453651860147, 0.017063589491775104, 0.008403361344537815, 0.009727016002510198, 0.011999460698395577, 0.023026736599718562, 0.00997398091934085]
Preds: [17, 17, 17, 17, 17, 17, 17, 284, 284, 284, 284, 284, 284, 284, 284, 284, 284, 284, 63, 63, 63, 63, 63, 63, 63, 63, 63, 63, 63, 63, 63, 63, 63, 63, 63, 63, 63, 63, 63, 63, 63, 63, 63, 63, 63, 63, 63, 63, 63, 63, 63, 63, 63, 63, 63, 63, 63, 63, 63, 63, 63, 63, 63, 63, 63, 63, 63, 63, 63, 63, 63, 63, 63, 63, 63, 63, 63, 63, 63, 63, 63, 63, 63, 63, 63, 63, 63, 63, 63, 63, 63, 63, 63, 63, 63, 63, 63, 63, 63, 63, 63, 63, 63, 63, 63, 63, 63, 63, 63, 63, 63, 63, 63, 63, 63, 63, 63, 63, 63, 63, 63, 63, 63, 63, 63, 63, 63, 63, 63, 63, 63, 63, 63, 63, 63, 63, 63, 63, 63, 63, 63, 63, 63, 63, 63, 63, 63, 63, 63, 63, 63, 63, 63, 63, 63, 63, 63, 63, 63, 63, 63, 63, 63, 63, 63, 63, 63, 63, 63, 63, 63, 63, 63, 63, 63, 63, 63, 63, 63, 63, 63, 63, 63, 63, 63, 63, 63, 63, 63, 63, 63, 63, 63, 63, 63, 63, 63, 63, 63, 63, 63, 63, 63, 63, 63, 63, 63, 63, 63, 63, 63, 63, 63, 63, 63, 63, 63, 63, 63, 63, 63, 63, 63, 63, 63, 63, 63, 63, 63, 63, 63, 63, 63, 63, 63, 63, 63, 63, 63, 63, 63, 63, 63, 63, 63, 63, 63, 63, 63, 63, 63, 63, 63, 63, 63, 63, 63, 63, 63, 63, 63, 63, 63, 63, 63, 63, 63, 63, 63, 63, 63, 63, 63, 63, 63, 63, 63, 63, 63, 63, 63, 63, 63, 63, 63, 63, 63, 63, 63, 63, 63, 63, 63, 63, 63, 63, 63, 63, 63, 63, 63, 63, 63, 63, 63, 63, 63, 63, 63, 63, 63, 63, 63, 63, 63, 63, 63, 63, 63, 63, 63, 63, 63, 63, 63, 63, 63, 63, 63, 63, 63, 63, 63, 63, 63, 63, 63, 63, 63, 63, 63, 63, 63, 63, 63, 63, 63, 63, 63, 63, 63, 63, 63, 63, 63, 63, 63, 63, 63, 63, 63, 63, 63, 63, 63, 63, 63, 63, 63, 63, 63, 63, 63, 63, 63, 63, 63, 63, 63, 63, 63, 63, 63, 63, 63, 63, 63, 63, 63, 63, 63, 63, 63, 63, 63, 63, 63, 63, 63, 63, 63, 63, 63, 63, 63, 63, 63, 63, 63, 63, 63, 63, 63, 63, 63, 63, 63, 63, 63, 63, 63, 63, 63, 63, 63, 63, 63, 63, 63, 63, 63, 63, 63, 63, 63, 63, 63, 63, 63, 63, 63, 63, 63, 63, 63, 63, 63, 63, 63, 63, 63, 63, 63, 63, 63, 63, 63, 63, 63, 63, 63, 63, 63, 63, 63, 63, 63, 63, 63, 63, 63, 63, 63, 63, 63, 63, 63, 63, 63, 63, 63, 63, 63, 63, 63, 63, 63, 63, 63, 63, 63, 63, 63, 63, 63, 63, 63, 63, 63, 63, 63, 63, 63, 63, 63, 63, 63, 63, 63, 63, 63, 63, 63, 63, 63, 63, 63, 63, 63, 63, 63, 63, 63, 63, 63, 63, 63, 63, 63, 63, 63, 63, 63, 63, 63, 63, 63, 63, 63, 63, 63, 63, 63, 63, 63, 63, 63, 63, 63, 63, 63, 63, 63, 63, 63, 63, 63, 63, 63, 63, 63, 63, 63, 63, 63, 63, 63, 63, 63, 63, 63, 63, 63, 63, 63, 63, 63, 63, 63, 63, 63, 63, 63, 63, 63, 63, 63, 63, 63, 63, 63, 63, 63, 63, 63, 63, 63, 63, 63, 63]

ep8
Train step Loss: [5.360561370849609, 5.299643039703369, 5.34440803527832, 5.396772384643555, 5.389713287353516, 5.357431411743164, 5.316082954406738, 5.384550094604492, 5.40491247177124, 5.335197925567627, 5.281095504760742, 5.331540584564209, 5.3081512451171875, 5.300769329071045, 5.330973148345947, 5.31205940246582, 5.371811389923096, 5.353368282318115, 5.370974063873291, 5.422438621520996, 5.372488498687744, 5.343775272369385, 5.4229512214660645, 5.3549041748046875, 5.397759914398193, 5.312826633453369, 5.315566062927246, 5.438366889953613, 5.32810115814209, 5.360446453094482, 5.326081275939941, 5.3852338790893555, 5.2501702308654785, 5.489017963409424, 5.328860759735107, 5.378936290740967, 5.374043941497803, 5.367725849151611, 5.355612277984619, 5.325291156768799, 5.377895355224609, 5.368730545043945, 5.361566543579102, 5.33270788192749, 5.370227813720703, 5.346343040466309, 5.376209259033203, 5.356520652770996, 5.314636707305908, 5.345170497894287, 5.353896617889404, 5.400509834289551, 5.332671642303467, 5.39961051940918, 5.310799598693848, 5.35562801361084, 5.349465847015381, 5.383518218994141, 5.462859630584717, 5.337331295013428, 5.327404499053955, 5.317727565765381, 5.349661350250244]
val step Loss: [5.519415378570557, 5.593372344970703, 5.6370015144348145, 5.633158206939697, 5.587902545928955, 5.621332168579102, 5.5858378410339355, 5.560991287231445, 5.611298561096191, 5.694652080535889, 5.5946879386901855, 5.576174736022949, 5.569883823394775, 5.593550205230713, 5.659419536590576, 5.5809831619262695]
Train step Accs: [0.04133597883597884, 0.057649954657339034, 0.03479923518164436, 0.027073823390524162, 0.02937625754527163, 0.03542278811622592, 0.05269658295594895, 0.03183772165502418, 0.021643835616438355, 0.04015074648499783, 0.058935361216730035, 0.054429369513168395, 0.0397936624907885, 0.062238986932507075, 0.04311524774158226, 0.056639487478159584, 0.03095843935538592, 0.03851873884592504, 0.0358038450821956, 0.03430501244223249, 0.04884742041712404, 0.028351559335763468, 0.03386563876651982, 0.030551952730941058, 0.02474293059125964, 0.0377255330781848, 0.03726792248272123, 0.018218623481781375, 0.05289256198347107, 0.040398525999727035, 0.04472297393533685, 0.03483639915350806, 0.07079889807162534, 0.030459030459030458, 0.06085869112130054, 0.038892831795599714, 0.03778467908902691, 0.03943789664551224, 0.03376, 0.046528913334324365, 0.042038962941262636, 0.040657132726628055, 0.04102178812922615, 0.04081632653061224, 0.02699055330634278, 0.043389335281227175, 0.030851566189201953, 0.029777715643785823, 0.043504808426194475, 0.03899637243047158, 0.0394158514107472, 0.033990895295902886, 0.04348415063668382, 0.029362543739540545, 0.06150897368879596, 0.03403034030340303, 0.047908325279580284, 0.045987376014427414, 0.01781053278059266, 0.052321668909825036, 0.030664631608158733, 0.04650063051702396, 0.019552281099461603]
val step Accs: [0.025204359673024524, 0.01824925816023739, 0.01611111111111111, 0.012525050100200401, 0.020878108688977586, 0.011617775196049956, 0.023852735286492094, 0.013497822931785195, 0.017814223101936942, 0.005509979184523081, 0.008653260207190738, 0.01974320033135441, 0.017881036370271258, 0.021049510821227396, 0.007418011452368558, 0.01605746883583351]
Preds: [17, 17, 17, 17, 17, 17, 284, 284, 284, 284, 284, 284, 284, 284, 284, 284, 284, 284, 284, 284, 284, 284, 284, 284, 284, 284, 284, 63, 63, 63, 63, 63, 63, 63, 63, 63, 63, 63, 63, 63, 63, 63, 63, 63, 63, 63, 63, 63, 63, 63, 63, 63, 63, 63, 63, 63, 63, 63, 63, 63, 63, 63, 63, 63, 63, 63, 63, 63, 63, 63, 63, 63, 63, 63, 63, 63, 63, 63, 63, 63, 63, 63, 63, 63, 63, 63, 63, 63, 63, 63, 63, 63, 63, 63, 63, 63, 63, 63, 63, 63, 63, 63, 63, 63, 63, 63, 63, 63, 63, 63, 63, 63, 63, 63, 63, 63, 63, 63, 63, 63, 63, 63, 63, 63, 63, 63, 63, 63, 63, 63, 63, 63, 63, 63, 63, 63, 63, 63, 63, 63, 63, 63, 63, 63, 63, 63, 63, 63, 63, 63, 63, 63, 63, 63, 63, 63, 63, 63, 63, 63, 63, 63, 63, 63, 63, 63, 63, 63, 63, 63, 63, 63, 63, 63, 63, 63, 63, 63, 63, 63, 63, 63, 63, 63, 63, 63, 63, 63, 63, 63, 63, 63, 63, 63, 63, 63, 63, 63, 63, 63, 63, 63, 63, 63, 63, 63, 63, 63, 63, 63, 63, 63, 63, 63, 63, 63, 63, 63, 63, 63, 63, 63, 63, 63, 63, 63, 63, 63, 63, 63, 63, 63, 63, 63, 63, 63, 63, 63, 63, 63, 63, 63, 63, 63, 63, 63, 63, 63, 63, 63, 63, 63, 63, 63, 63, 63, 63, 63, 63, 63, 63, 63, 63, 63, 63, 63, 63, 63, 63, 63, 63, 63, 63, 63, 63, 63, 63, 63, 63, 63, 63, 63, 63, 63, 63, 63, 63, 63, 63, 63, 63, 63, 63, 63, 63, 63, 63, 63, 63, 63, 63, 63, 63, 63, 63, 63, 63, 63, 63, 63, 63, 63, 63, 63, 63, 63, 63, 63, 63, 63, 63, 63, 63, 63, 63, 63, 63, 63, 63, 63, 63, 63, 63, 63, 63, 63, 63, 63, 63, 63, 63, 63, 63, 63, 63, 63, 63, 63, 63, 63, 63, 63, 63, 63, 63, 63, 63, 63, 63, 63, 63, 63, 63, 63, 63, 63, 63, 63, 63, 63, 63, 63, 63, 63, 63, 63, 63, 63, 63, 63, 63, 63, 63, 63, 63, 63, 63, 63, 63, 63, 63, 63, 63, 63, 63, 63, 63, 63, 63, 63, 63, 63, 63, 63, 63, 63, 63, 63, 63, 63, 63, 63, 63, 63, 63, 63, 63, 63, 63, 63, 63, 63, 63, 63, 63, 63, 63, 63, 63, 63, 63, 63, 63, 63, 63, 63, 63, 63, 63, 63, 63, 63, 63, 63, 63, 63, 63, 63, 63, 63, 63, 63, 63, 63, 63, 63, 63, 63, 63, 63, 63, 63, 63, 63, 63, 63, 63, 63, 63, 63, 63, 63, 63, 63, 63, 63, 63, 63, 63, 63, 63, 63, 63, 63, 63, 63, 63, 63, 63, 63, 63, 63, 63, 63, 63, 63, 63, 63, 63, 63, 63, 63, 63, 63, 63, 63, 63, 63, 63, 63, 63, 63, 63, 63, 63, 63, 63, 63, 63, 63, 63, 63, 63, 63, 63, 63, 63, 63, 63, 63, 63, 63, 63, 63, 63, 63, 63, 63, 63, 63, 63, 63, 63, 63, 63, 63, 63, 63, 63, 63, 63, 63, 63, 63, 63, 63, 63, 63, 63, 63, 63, 63, 63, 63, 63, 63, 63, 63, 63, 63, 63, 63, 63, 63, 63, 63, 63, 63, 63, 63, 63, 63, 63, 63, 63, 63, 63, 63, 63, 63, 63, 63, 63, 63, 63, 63, 63, 63, 63, 63]

ep9
Train step Loss: [5.2567315101623535, 5.276515483856201, 5.393074035644531, 5.384783744812012, 5.325214385986328, 5.405524253845215, 5.371740818023682, 5.399271011352539, 5.353360652923584, 5.283524990081787, 5.3258056640625, 5.3004865646362305, 5.3430047035217285, 5.336110591888428, 5.394014835357666, 5.339321613311768, 5.258039474487305, 5.369297981262207, 5.395161151885986, 5.365884780883789, 5.296045780181885, 5.373201370239258, 5.360354900360107, 5.370265007019043, 5.419712066650391, 5.310885906219482, 5.23801326751709, 5.385502338409424, 5.30067253112793, 5.374589920043945, 5.332352161407471, 5.306539058685303, 5.400627136230469, 5.302353858947754, 5.3848772048950195, 5.341519355773926, 5.383185863494873, 5.329529285430908, 5.305546283721924, 5.3319926261901855, 5.385445594787598, 5.397768974304199, 5.353468894958496, 5.434713840484619, 5.360945224761963, 5.413260459899902, 5.304672718048096, 5.336745262145996, 5.357499599456787, 5.389950752258301, 5.378798484802246, 5.4110283851623535, 5.288515567779541, 5.308477401733398, 5.320908546447754, 5.359262943267822, 5.390408992767334, 5.3240766525268555, 5.4028167724609375, 5.325934410095215, 5.408387184143066, 5.363354682922363, 5.379441261291504]
val step Loss: [5.604592323303223, 5.594943523406982, 5.604421138763428, 5.627649307250977, 5.573066234588623, 5.628534317016602, 5.628976345062256, 5.6010050773620605, 5.616714000701904, 5.615294933319092, 5.585663795471191, 5.621634483337402, 5.522061824798584, 5.62336540222168, 5.551385879516602, 5.54958963394165]
Train step Accs: [0.05922551252847381, 0.041731947016094575, 0.03154986914800814, 0.017365913631473797, 0.03164160401002506, 0.03675620100244185, 0.04896763392857143, 0.04280910501810657, 0.043920145190562615, 0.06110193664614923, 0.044861635986834084, 0.0449854458851548, 0.03994900127496812, 0.0354778475640808, 0.016505148394912173, 0.043199210071587266, 0.05232150371721139, 0.03369839932603201, 0.04875863834143845, 0.04803659931376287, 0.05432316612049408, 0.0489431124982267, 0.048528965726417954, 0.04288653267922139, 0.03627861980006449, 0.058717697088649004, 0.08166533226581266, 0.029328146042196617, 0.04504676464974232, 0.03474847339342832, 0.03438270709415349, 0.045951557093425605, 0.02666865315852205, 0.04509246088193457, 0.024818401937046004, 0.04555483452303699, 0.034284827800186164, 0.0448676978141378, 0.04725138974675726, 0.03107424071991001, 0.02382770734687643, 0.03147033533963887, 0.03994360902255639, 0.02331166996326646, 0.037586103623839476, 0.053168799512492385, 0.05351504071796576, 0.04083885209713024, 0.04758418740849195, 0.03628783199505868, 0.034300368648821924, 0.029991104333460413, 0.05464071856287425, 0.02771944561108778, 0.05040375097681688, 0.04573170731707317, 0.028944020356234095, 0.044512663085188024, 0.024471474080509703, 0.025346724055475847, 0.045087802562885616, 0.02569593147751606, 0.03178484107579462]
val step Accs: [0.005755947812739831, 0.006075013206550449, 0.03528662420382166, 0.013178627703767369, 0.009927007299270074, 0.014666307857911733, 0.01310667012717363, 0.01494602823138666, 0.010275754422476586, 0.0285204991087344, 0.012384386267440038, 0.01828358208955224, 0.028752752234166557, 0.004260418053521502, 0.01964769647696477, 0.02748522989982019]
Preds: [17, 17, 17, 17, 17, 17, 17, 284, 284, 284, 284, 284, 284, 284, 284, 284, 284, 284, 284, 284, 284, 284, 284, 284, 284, 284, 284, 284, 284, 284, 284, 284, 284, 284, 284, 213, 213, 213, 213, 213, 213, 213, 213, 213, 213, 213, 213, 213, 213, 213, 213, 213, 63, 63, 63, 63, 63, 63, 63, 63, 63, 63, 63, 63, 63, 63, 63, 63, 63, 63, 63, 63, 63, 63, 63, 63, 63, 63, 63, 63, 63, 63, 63, 63, 63, 63, 63, 63, 63, 63, 63, 63, 63, 63, 63, 63, 63, 63, 63, 63, 63, 63, 63, 63, 63, 63, 63, 63, 63, 63, 63, 63, 63, 63, 63, 63, 63, 63, 63, 63, 63, 63, 63, 63, 63, 63, 63, 63, 63, 63, 63, 63, 63, 63, 63, 63, 63, 63, 63, 63, 63, 63, 63, 63, 63, 63, 63, 63, 63, 63, 63, 63, 63, 63, 63, 63, 63, 63, 63, 63, 63, 63, 63, 63, 63, 63, 63, 63, 63, 63, 63, 63, 63, 63, 63, 63, 63, 63, 63, 63, 63, 63, 63, 63, 63, 63, 63, 63, 63, 63, 63, 63, 63, 63, 63, 63, 63, 63, 63, 63, 63, 63, 63, 63, 63, 63, 63, 63, 63, 63, 63, 63, 63, 63, 63, 63, 63, 63, 63, 63, 63, 63, 63, 63, 63, 63, 63, 63, 63, 63, 63, 63, 63, 63, 63, 63, 63, 63, 63, 63, 63, 63, 63, 63, 63, 63, 63, 63, 63, 63, 63, 63, 63, 63, 63, 63, 63, 63, 63, 63, 63, 63, 63, 63, 63, 63, 63, 63, 63, 63, 63, 63, 63, 63, 63, 63, 63, 63, 63, 63, 63, 63, 63, 63, 63, 63, 63, 63, 63, 63, 63, 63, 63, 63, 63, 63, 63, 63, 63, 63, 63, 63, 63, 63, 63, 63, 63, 63, 63, 63, 63, 63, 63, 63, 63, 63, 63, 63, 63, 63, 63, 63, 63, 63, 63, 63, 63, 63, 63, 63, 63, 63, 63, 63, 63, 63, 63, 63, 63, 63, 63, 63, 63, 63, 63, 63, 63, 63, 63, 63, 63, 63, 63, 63, 63, 63, 63, 63, 63, 63, 63, 63, 63, 63, 63, 63, 63, 63, 63, 63, 63, 63, 63, 63, 63, 63, 63, 63, 63, 63, 63, 63, 63, 63, 63, 63, 63, 63, 63, 63, 63, 63, 63, 63, 63, 63, 63, 63, 63, 63, 63, 63, 63, 63, 63, 63, 63, 63, 63, 63, 63, 63, 63, 63, 63, 63, 63, 63, 63, 63, 63, 63, 63, 63, 63, 63, 63, 63, 63, 63, 63, 63, 63, 63, 63, 63, 63, 63, 63, 63, 63, 63, 63, 63, 63, 63, 63, 63, 63, 63, 63, 63, 63, 63, 63, 63, 63, 63, 63, 63, 63, 63, 63, 63, 63, 63, 63, 63, 63, 63, 63, 63, 63, 63, 63, 63, 63, 63, 63, 63, 63, 63, 63, 63, 63, 63, 63, 63, 63, 63, 63, 63, 63, 63, 63, 63, 63, 63, 63, 63, 63, 63, 63, 63, 63, 63, 63, 63, 63, 63, 63, 63, 63, 63, 63, 63, 63, 63, 63, 63, 63, 63, 63, 63, 63, 63, 63, 63, 63, 63, 63, 63, 63, 63, 63, 63, 63, 63, 63, 63, 63, 63, 63, 63, 63, 63, 63, 63, 63, 63, 63, 63, 63, 63, 63, 63, 63, 63, 63, 63, 63, 63, 63, 63, 63, 63, 63, 63, 63, 63, 63, 63, 63, 63, 63, 63, 63, 63, 63, 63, 63, 63, 63, 63, 63, 63, 63, 63, 63, 63, 63, 63, 63, 63, 63, 63, 63, 63, 63, 63]

ep10
Train step Loss: [5.304447174072266, 5.374814033508301, 5.302102088928223, 5.319706916809082, 5.371806621551514, 5.336104869842529, 5.28622579574585, 5.328329086303711, 5.3255934715271, 5.347527027130127, 5.32322883605957, 5.335981845855713, 5.3877458572387695, 5.335899829864502, 5.32547664642334, 5.364105224609375, 5.380324840545654, 5.367348670959473, 5.347671985626221, 5.3139448165893555, 5.340098857879639, 5.382925987243652, 5.381319999694824, 5.283041000366211, 5.345425128936768, 5.319798946380615, 5.345710277557373, 5.344446659088135, 5.273982048034668, 5.357883930206299, 5.285690784454346, 5.32359504699707, 5.412021160125732, 5.418744087219238, 5.4036688804626465, 5.387599468231201, 5.299083232879639, 5.305673599243164, 5.366091728210449, 5.362583160400391, 5.3986945152282715, 5.368469715118408, 5.305525302886963, 5.347761631011963, 5.301146507263184, 5.290600299835205, 5.290705680847168, 5.335383415222168, 5.350822925567627, 5.429039478302002, 5.301117897033691, 5.274141311645508, 5.380945205688477, 5.341536998748779, 5.425732612609863, 5.286512851715088, 5.320878505706787, 5.316218376159668, 5.325141429901123, 5.402966022491455, 5.314311981201172, 5.345281600952148, 5.413275241851807]
val step Loss: [5.58395528793335, 5.553183078765869, 5.5500407218933105, 5.5631537437438965, 5.591979026794434, 5.572505950927734, 5.612195014953613, 5.603405475616455, 5.564408302307129, 5.602212429046631, 5.599501132965088, 5.610861778259277, 5.625493049621582, 5.621318340301514, 5.668215274810791, 5.5960540771484375]
Train step Accs: [0.05782096208983753, 0.03310562270099842, 0.03547542890375109, 0.05416134978023536, 0.03596341652456984, 0.0580946035976016, 0.04619067736938459, 0.03897136797454931, 0.041575859178541494, 0.037065637065637064, 0.04799768685846465, 0.04079254079254079, 0.03843466107617051, 0.04842071508738175, 0.04490925868963396, 0.048209366391184574, 0.02766453115899825, 0.031054045983875785, 0.03993258135615195, 0.04901311431977745, 0.0428454619787408, 0.03808565679793044, 0.036905291240551356, 0.04414535666218035, 0.041090027108003996, 0.04624980982808459, 0.054948925678055656, 0.04166016539241691, 0.053942542787286066, 0.03834478351174309, 0.051864895149671845, 0.0448736154501562, 0.021262546222926573, 0.026863468634686347, 0.03305785123966942, 0.017332603539500092, 0.05721324938406789, 0.053667784745515534, 0.03231571109456441, 0.044646235338630345, 0.023404811715481172, 0.027586206896551724, 0.038482238966630784, 0.030737422467263957, 0.040686135525942725, 0.03485364193328795, 0.056192997940570755, 0.038188761593016915, 0.031766000943544585, 0.023767746052001913, 0.06682411781050292, 0.04, 0.028461098398169335, 0.04888825541619156, 0.02670404249041015, 0.06478450627386798, 0.04937413073713491, 0.03250620347394541, 0.04155844155844156, 0.029454137986233392, 0.04453681710213777, 0.03485806736284748, 0.019116264493889062]
val step Accs: [0.018627450980392157, 0.019236209335219235, 0.014498995119150157, 0.015495140160585999, 0.012517211165352359, 0.018800946621088614, 0.022062804547915538, 0.01757282698431419, 0.02189873417721519, 0.016295157571099155, 0.008664557832485216, 0.025210084033613446, 0.009866666666666666, 0.01161001538676738, 0.00696336663639116, 0.01662663957140218]
Preds: [17, 17, 17, 17, 17, 284, 284, 284, 284, 284, 284, 284, 284, 284, 284, 284, 284, 284, 284, 284, 284, 284, 284, 284, 284, 284, 284, 284, 284, 284, 284, 284, 284, 284, 284, 284, 284, 284, 284, 284, 284, 284, 284, 284, 63, 63, 63, 63, 63, 63, 63, 63, 63, 63, 63, 63, 63, 63, 63, 63, 63, 63, 63, 63, 63, 63, 63, 63, 63, 63, 63, 63, 63, 63, 63, 63, 63, 63, 63, 63, 63, 63, 63, 63, 63, 63, 63, 63, 63, 63, 63, 63, 63, 63, 63, 63, 63, 63, 63, 63, 63, 63, 63, 63, 63, 63, 63, 63, 63, 63, 63, 63, 63, 63, 63, 63, 63, 63, 63, 63, 63, 63, 63, 63, 63, 63, 63, 63, 63, 63, 63, 63, 63, 63, 63, 63, 63, 63, 63, 63, 63, 63, 63, 63, 63, 63, 63, 63, 63, 63, 63, 63, 63, 63, 63, 63, 63, 63, 63, 63, 63, 63, 63, 63, 63, 63, 63, 63, 63, 63, 63, 63, 63, 63, 63, 63, 63, 63, 63, 63, 63, 63, 63, 63, 63, 63, 63, 63, 63, 63, 63, 63, 63, 63, 63, 63, 63, 63, 63, 63, 63, 63, 63, 63, 63, 63, 63, 63, 63, 63, 63, 63, 63, 63, 63, 63, 63, 63, 63, 63, 63, 63, 63, 63, 63, 63, 63, 63, 63, 63, 63, 63, 63, 63, 63, 63, 63, 63, 63, 63, 63, 63, 63, 63, 63, 63, 63, 63, 63, 63, 63, 63, 63, 63, 63, 63, 63, 63, 63, 63, 63, 63, 63, 63, 63, 63, 63, 63, 63, 63, 63, 63, 63, 63, 63, 63, 63, 63, 63, 63, 63, 63, 63, 63, 63, 63, 63, 63, 63, 63, 63, 63, 63, 63, 63, 63, 63, 63, 63, 63, 63, 63, 63, 63, 63, 63, 63, 63, 63, 63, 63, 63, 63, 63, 63, 63, 63, 63, 63, 63, 63, 63, 63, 63, 63, 63, 63, 63, 63, 63, 63, 63, 63, 63, 63, 63, 63, 63, 63, 63, 63, 63, 63, 63, 63, 63, 63, 63, 63, 63, 63, 63, 63, 63, 63, 63, 63, 63, 63, 63, 63, 63, 63, 63, 63, 63, 63, 63, 63, 63, 63, 63, 63, 63, 63, 63, 63, 63, 63, 63, 63, 63, 63, 63, 63, 63, 63, 63, 63, 63, 63, 63, 63, 63, 63, 63, 63, 63, 63, 63, 63, 63, 63, 63, 63, 63, 63, 63, 63, 63, 63, 63, 63, 63, 63, 63, 63, 63, 63, 63, 63, 63, 63, 63, 63, 63, 63, 63, 63, 63, 63, 63, 63, 63, 63, 63, 63, 63, 63, 63, 63, 63, 63, 63, 63, 63, 63, 63, 63, 63, 63, 63, 63, 63, 63, 63, 63, 63, 63, 63, 63, 63, 63, 63, 63, 63, 63, 63, 63, 63, 63, 63, 63, 63, 63, 63, 63, 63, 63, 63, 63, 63, 63, 63, 63, 63, 63, 63, 63, 63, 63, 63, 63, 63, 63, 63, 63, 63, 63, 63, 63, 63, 63, 63, 63, 63, 63, 63, 63, 63, 63, 63, 63, 63, 63, 63, 63, 63, 63, 63, 63, 63, 63, 63, 63, 63, 63, 63, 63, 63, 63, 63, 63, 63, 63, 63, 63, 63, 63, 63, 63, 63, 63, 63, 63, 63, 63, 63, 63, 63, 63, 63, 63, 63, 63, 63, 63, 63, 63, 63, 63, 63, 63, 63, 63, 63, 63, 63, 63, 63, 63, 63, 63, 63, 63, 63, 63, 63, 63, 63, 63, 63, 63, 63, 63, 63, 63, 63, 63, 63, 63, 63, 63, 63, 63, 63, 63, 63, 63, 63]

ep11
Train step Loss: [5.289758205413818, 5.3245439529418945, 5.366635799407959, 5.346080780029297, 5.353387355804443, 5.296657085418701, 5.31141471862793, 5.364989757537842, 5.295429229736328, 5.3321685791015625, 5.2783331871032715, 5.341830730438232, 5.277564525604248, 5.397572994232178, 5.37725305557251, 5.367966175079346, 5.301723003387451, 5.275516510009766, 5.3643693923950195, 5.341404438018799, 5.332712650299072, 5.271918296813965, 5.315392971038818, 5.283215045928955, 5.359792709350586, 5.364117622375488, 5.29542350769043, 5.332149505615234, 5.32352876663208, 5.38468599319458, 5.357754707336426, 5.307263374328613, 5.320806980133057, 5.381040096282959, 5.373743534088135, 5.375378608703613, 5.218803882598877, 5.248487949371338, 5.390219211578369, 5.358633518218994, 5.296128749847412, 5.369696617126465, 5.313861846923828, 5.299064636230469, 5.350759983062744, 5.218320369720459, 5.3251190185546875, 5.349172592163086, 5.267341136932373, 5.3910956382751465, 5.2704596519470215, 5.3371195793151855, 5.323543071746826, 5.241388320922852, 5.284823417663574, 5.288059711456299, 5.3164286613464355, 5.376614570617676, 5.325559139251709, 5.222399711608887, 5.391372203826904, 5.271744251251221, 5.400387763977051]
val step Loss: [5.554692268371582, 5.593960285186768, 5.645596027374268, 5.515830993652344, 5.593656063079834, 5.592955112457275, 5.553716659545898, 5.667708873748779, 5.6122050285339355, 5.591471195220947, 5.588005065917969, 5.566634654998779, 5.635354518890381, 5.540086269378662, 5.555912017822266, 5.5903191566467285]
Train step Accs: [0.05123941958887546, 0.047436086892271315, 0.030189724414900983, 0.04434719183078045, 0.027914845622444662, 0.051156271899089, 0.03458540042523033, 0.024228743416102334, 0.04335339168490153, 0.03478396506005303, 0.04911804613297151, 0.049968671679197996, 0.05589801064724012, 0.02228664613154557, 0.030035912504080966, 0.03289378350963629, 0.046901960784313725, 0.04857888631090487, 0.030656497682069687, 0.03729319229726064, 0.03595305303818155, 0.060860300972166735, 0.03333333333333333, 0.06261485954318718, 0.023113964686998396, 0.038546559823155566, 0.04435073433183074, 0.03820945474829173, 0.043045641358425264, 0.05191407325805563, 0.028780812791472352, 0.04730218429046724, 0.04036312849162011, 0.03542790494241143, 0.02950136283469617, 0.038707102952913006, 0.0692843932280552, 0.05856689582231624, 0.02536115569823435, 0.03084223013048636, 0.03871248368856024, 0.0310662041924295, 0.03847188592951305, 0.03938469698978915, 0.02103331451157538, 0.06611472501478415, 0.022201417680888055, 0.031306026754930355, 0.05003899142188718, 0.030602699452091407, 0.05606694560669456, 0.04006187161639598, 0.04524469067405355, 0.06467859509609013, 0.0335875623349956, 0.040457112833311444, 0.04136504653567735, 0.026999416228838294, 0.03926293408929837, 0.08306163639186462, 0.028848053744319306, 0.05800595660190044, 0.024607812980621348]
val step Accs: [0.020655650319829424, 0.02095719381688466, 0.004898209092300628, 0.03889124593409701, 0.017236842105263158, 0.007166556071665561, 0.0182648401826484, 0.010231632798067358, 0.010927573062261754, 0.01486988847583643, 0.018425460636515914, 0.014039477342229635, 0.013224090843754492, 0.019404746296053495, 0.018796533626266324, 0.008008213552361396]
Preds: [17, 17, 17, 17, 17, 284, 284, 284, 284, 284, 284, 284, 284, 284, 284, 284, 284, 284, 284, 284, 284, 284, 284, 284, 284, 284, 284, 284, 284, 284, 284, 284, 284, 284, 284, 284, 284, 284, 284, 284, 284, 63, 63, 63, 63, 63, 63, 63, 63, 63, 63, 63, 63, 63, 63, 63, 63, 63, 63, 63, 63, 63, 63, 63, 63, 63, 63, 63, 63, 63, 63, 63, 63, 63, 63, 63, 63, 63, 63, 63, 63, 63, 63, 63, 63, 63, 63, 63, 63, 63, 63, 63, 63, 63, 63, 63, 63, 63, 63, 63, 63, 63, 63, 63, 63, 63, 63, 63, 63, 63, 63, 63, 63, 63, 63, 63, 63, 63, 63, 63, 63, 63, 63, 63, 63, 63, 63, 63, 63, 63, 63, 63, 63, 63, 63, 63, 63, 63, 63, 63, 63, 63, 63, 63, 63, 63, 63, 63, 63, 63, 63, 63, 63, 63, 63, 63, 63, 63, 63, 63, 63, 63, 63, 63, 63, 63, 63, 63, 63, 63, 63, 63, 63, 63, 63, 63, 63, 63, 63, 63, 63, 63, 63, 63, 63, 63, 63, 63, 63, 63, 63, 63, 63, 63, 63, 63, 63, 63, 63, 63, 63, 63, 63, 63, 63, 63, 63, 63, 63, 63, 63, 63, 63, 63, 63, 63, 63, 63, 63, 63, 63, 63, 63, 63, 63, 63, 63, 63, 63, 63, 63, 63, 63, 63, 63, 63, 63, 63, 63, 63, 63, 63, 63, 63, 63, 63, 63, 63, 63, 63, 63, 63, 63, 63, 63, 63, 63, 63, 63, 63, 63, 63, 63, 63, 63, 63, 63, 63, 63, 63, 63, 63, 63, 63, 63, 63, 63, 63, 63, 63, 63, 63, 63, 63, 63, 63, 63, 63, 63, 63, 63, 63, 63, 63, 63, 63, 63, 63, 63, 63, 63, 63, 63, 63, 63, 63, 63, 63, 63, 63, 63, 63, 63, 63, 63, 63, 63, 63, 63, 63, 63, 63, 63, 63, 63, 63, 63, 63, 63, 63, 63, 63, 63, 63, 63, 63, 63, 63, 63, 63, 63, 63, 63, 63, 63, 63, 63, 63, 63, 63, 63, 63, 63, 63, 63, 63, 63, 63, 63, 63, 63, 63, 63, 63, 63, 63, 63, 63, 63, 63, 63, 63, 63, 63, 63, 63, 63, 63, 63, 63, 63, 63, 63, 63, 63, 63, 63, 63, 63, 63, 63, 63, 63, 63, 63, 63, 63, 63, 63, 63, 63, 63, 63, 63, 63, 63, 63, 63, 63, 63, 63, 63, 63, 63, 63, 63, 63, 63, 63, 63, 63, 63, 63, 63, 63, 63, 63, 63, 63, 63, 63, 63, 63, 63, 63, 63, 63, 63, 63, 63, 63, 63, 63, 63, 63, 63, 63, 63, 63, 63, 63, 63, 63, 63, 63, 63, 63, 63, 63, 63, 63, 63, 63, 63, 63, 63, 63, 63, 63, 63, 63, 63, 63, 63, 63, 63, 63, 63, 63, 63, 63, 63, 63, 63, 63, 63, 63, 63, 63, 63, 63, 63, 63, 63, 63, 63, 63, 63, 63, 63, 63, 63, 63, 63, 63, 63, 63, 63, 63, 63, 63, 63, 63, 63, 63, 63, 63, 63, 63, 63, 63, 63, 63, 63, 63, 63, 63, 63, 63, 63, 63, 63, 63, 63, 63, 63, 63, 63, 63, 63, 63, 63, 63, 63, 63, 63, 63, 63, 63, 63, 63, 63, 63, 63, 63, 63, 63, 63, 63, 63, 63, 63, 63, 63, 63, 63, 63, 63, 63, 63, 63, 63, 63, 63, 63, 63, 63, 63, 63, 63, 63, 63, 63, 63, 63, 63, 63, 63, 63, 63, 63, 63, 63, 63, 63, 63, 63, 63, 63, 63]

ep12
Train step Loss: [5.316601753234863, 5.34064245223999, 5.280991077423096, 5.275904178619385, 5.290157318115234, 5.297122478485107, 5.268886566162109, 5.313873291015625, 5.295724868774414, 5.346992492675781, 5.251593589782715, 5.256900787353516, 5.330920696258545, 5.282438278198242, 5.316035747528076, 5.275928020477295, 5.292832851409912, 5.268158912658691, 5.290821075439453, 5.3190717697143555, 5.264378070831299, 5.293987274169922, 5.353663444519043, 5.2945332527160645, 5.259128570556641, 5.303157806396484, 5.268949031829834, 5.316061973571777, 5.277678966522217, 5.333774089813232, 5.273667335510254, 5.255126953125, 5.19709587097168, 5.304794788360596, 5.326494216918945, 5.293107032775879, 5.233041763305664, 5.3494133949279785, 5.26286506652832, 5.363580703735352, 5.2648444175720215, 5.35970401763916, 5.2752461433410645, 5.330494403839111, 5.301853656768799, 5.40908670425415, 5.374209403991699, 5.189113616943359, 5.211912631988525, 5.253215312957764, 5.19625997543335, 5.390966892242432, 5.301563262939453, 5.350293159484863, 5.341529846191406, 5.38266134262085, 5.2282795906066895, 5.213170051574707, 5.279333591461182, 5.255687713623047, 5.216452121734619, 5.272007942199707, 5.35951566696167]
val step Loss: [5.582779884338379, 5.5049943923950195, 5.62252140045166, 5.547600746154785, 5.552563667297363, 5.577719688415527, 5.579862117767334, 5.573339939117432, 5.505821704864502, 5.566305160522461, 5.608220100402832, 5.475508689880371, 5.544425964355469, 5.583691120147705, 5.63349723815918, 5.544210433959961]
Train step Accs: [0.04763894692854158, 0.030336157420060125, 0.061031331592689295, 0.03988654493884063, 0.04666666666666667, 0.04824880104635954, 0.046322690992018245, 0.04636301835486064, 0.03902998995551729, 0.019488074461896453, 0.055878332194121666, 0.05478547854785479, 0.03825913810268809, 0.0552652414885194, 0.03645762481295062, 0.05012040939193257, 0.04220604099244876, 0.04809338521400778, 0.036797536566589684, 0.043290687295447786, 0.05347871235721703, 0.031052886948083454, 0.02730141308821512, 0.03640712197714589, 0.0525722339675828, 0.039580697632387495, 0.04404567699836868, 0.027648469459726335, 0.057674561673331286, 0.03351148346092735, 0.0303493033021569, 0.04168391994478951, 0.07485148514851485, 0.04298395888490889, 0.03983775170215848, 0.03250528541226216, 0.06523809523809523, 0.03257018261106569, 0.05211163250185231, 0.02617801047120419, 0.04048387096774193, 0.030664395229982964, 0.05117801047120419, 0.0327741935483871, 0.025035971223021584, 0.02270351008215086, 0.035161744022503515, 0.04933181688939437, 0.06503032867823388, 0.04337032710280374, 0.07357212003872217, 0.021532220315181774, 0.04810810810810811, 0.025212464589235126, 0.03383710044135348, 0.024569288389513107, 0.05332600329851567, 0.07857957786651455, 0.06003335186214564, 0.0608, 0.05781884362312754, 0.04845198530697919, 0.023817510902381753]
val step Accs: [0.020477352861404938, 0.030610932475884246, 0.017600621198395238, 0.02027506025804622, 0.020482533299824076, 0.016871372654879202, 0.006346863468634686, 0.010472610096670247, 0.03766323024054983, 0.013520038628681796, 0.016595803044849814, 0.029434954007884363, 0.018393291858263456, 0.014359637774902975, 0.0164021164021164, 0.02443133951137321]
Preds: [17, 17, 17, 17, 17, 284, 284, 284, 284, 284, 284, 284, 284, 284, 284, 284, 284, 284, 284, 284, 284, 284, 284, 284, 284, 284, 246, 246, 246, 246, 246, 246, 246, 246, 246, 246, 246, 246, 246, 246, 246, 246, 246, 246, 246, 246, 246, 246, 246, 246, 246, 246, 246, 246, 246, 246, 246, 246, 246, 246, 246, 246, 246, 246, 246, 246, 246, 63, 63, 63, 63, 63, 63, 63, 63, 63, 63, 63, 63, 63, 63, 63, 63, 63, 63, 63, 63, 63, 63, 63, 63, 63, 63, 63, 63, 63, 63, 63, 63, 63, 63, 63, 63, 63, 63, 63, 63, 63, 63, 63, 63, 63, 63, 63, 63, 63, 63, 63, 63, 63, 63, 63, 63, 63, 63, 63, 63, 63, 63, 63, 63, 63, 63, 63, 63, 63, 63, 63, 63, 63, 63, 63, 63, 63, 63, 63, 63, 63, 63, 63, 63, 63, 63, 63, 63, 63, 63, 63, 63, 63, 63, 63, 63, 63, 63, 63, 63, 63, 63, 63, 63, 63, 63, 63, 63, 63, 63, 63, 63, 63, 63, 63, 63, 63, 63, 63, 63, 63, 63, 63, 63, 63, 63, 63, 63, 63, 63, 63, 63, 63, 63, 63, 63, 63, 63, 63, 63, 63, 63, 63, 63, 63, 63, 63, 63, 63, 63, 63, 63, 63, 63, 63, 63, 63, 63, 63, 63, 63, 63, 63, 63, 63, 63, 63, 63, 63, 63, 63, 63, 63, 63, 63, 63, 63, 63, 63, 63, 63, 63, 63, 63, 63, 63, 63, 63, 63, 63, 63, 63, 63, 63, 63, 63, 63, 63, 63, 63, 63, 63, 63, 63, 63, 63, 63, 63, 63, 63, 63, 63, 63, 63, 63, 63, 63, 63, 63, 63, 63, 63, 63, 63, 63, 63, 63, 63, 63, 63, 63, 63, 63, 63, 63, 63, 63, 63, 63, 63, 63, 63, 63, 63, 63, 63, 63, 63, 63, 63, 63, 63, 63, 63, 63, 63, 63, 63, 63, 63, 63, 63, 63, 63, 63, 63, 63, 63, 63, 63, 63, 63, 63, 63, 63, 63, 63, 63, 63, 63, 63, 63, 63, 63, 63, 63, 63, 63, 63, 63, 63, 63, 63, 63, 63, 63, 63, 63, 63, 63, 63, 63, 63, 63, 63, 63, 63, 63, 63, 63, 63, 63, 63, 63, 63, 63, 63, 63, 63, 63, 63, 63, 63, 63, 63, 63, 63, 63, 63, 63, 63, 63, 63, 63, 63, 63, 63, 63, 63, 63, 63, 63, 63, 63, 63, 63, 63, 63, 63, 63, 63, 63, 63, 63, 63, 63, 63, 63, 63, 63, 63, 63, 63, 63, 63, 63, 63, 63, 63, 63, 63, 63, 63, 63, 63, 63, 63, 63, 63, 63, 63, 63, 63, 63, 63, 63, 63, 63, 63, 63, 63, 63, 63, 63, 63, 63, 63, 63, 63, 63, 63, 63, 63, 63, 63, 63, 63, 63, 63, 63, 63, 63, 63, 63, 63, 63, 63, 63, 63, 63, 63, 63, 63, 63, 63, 63, 63, 63, 63, 63, 63, 63, 63, 63, 63, 63, 63, 63, 63, 63, 63, 63, 63, 63, 63, 63, 63, 63, 63, 63, 63, 63, 63, 63, 63, 63, 63, 63, 63, 63, 63, 63, 63, 63, 63, 63, 63, 63, 63, 63, 63, 63, 63, 63, 63, 63, 63, 63, 63, 63, 63, 63, 63, 63, 63, 63, 63, 63, 63, 63, 63, 63, 63, 63, 63, 63, 63, 63, 63, 63, 63, 63, 63, 63, 63, 63, 63, 63, 63, 63, 63, 63, 63, 63, 63, 63, 63, 63, 63, 63, 63, 63, 63, 63, 63, 63, 63, 63, 63, 63, 63, 63, 63]

ep13
Train step Loss: [5.209625720977783, 5.327459335327148, 5.320396900177002, 5.257828712463379, 5.202195167541504, 5.324699878692627, 5.370591163635254, 5.3116230964660645, 5.131725788116455, 5.227831840515137, 5.303014278411865, 5.308648586273193, 5.312383651733398, 5.2142205238342285, 5.151356220245361, 5.256682872772217, 5.230947494506836, 5.282233238220215, 5.270573616027832, 5.235051155090332, 5.1620869636535645, 5.358375072479248, 5.088812351226807, 5.188323497772217, 5.2491631507873535, 5.187334060668945, 5.365870475769043, 5.27368688583374, 5.192641735076904, 5.225368022918701, 5.32348108291626, 5.192317962646484, 5.2764482498168945, 5.3146772384643555, 5.239166259765625, 5.237529754638672, 5.233153343200684, 5.165248394012451, 5.365830421447754, 5.218252182006836, 5.223026752471924, 5.246204853057861, 5.21995210647583, 5.2828192710876465, 5.133738040924072, 5.257534027099609, 5.225194454193115, 5.1784491539001465, 5.192589282989502, 5.207117557525635, 5.197807312011719, 5.2230939865112305, 5.208897113800049, 5.0786237716674805, 5.220810413360596, 5.249518871307373, 5.238868236541748, 5.204164028167725, 5.198419570922852, 5.111274242401123, 5.142935276031494, 5.258108615875244, 5.258089542388916]
val step Loss: [5.43535041809082, 5.527011394500732, 5.573790073394775, 5.570954322814941, 5.596614837646484, 5.426108360290527, 5.53141450881958, 5.468167304992676, 5.562338829040527, 5.52581262588501, 5.524419784545898, 5.466472148895264, 5.538559913635254, 5.543467044830322, 5.574937343597412, 5.508752822875977]
Train step Accs: [0.04900435594275047, 0.03549948657767346, 0.04112587959343237, 0.05065573770491803, 0.06810091317133571, 0.032824981844589686, 0.022143626018760573, 0.035635663181067694, 0.09528749259039715, 0.05641170648946699, 0.054027642049420635, 0.05267073352179735, 0.05487912475736721, 0.07547169811320754, 0.07018734727124627, 0.06577045388840705, 0.05228227007991332, 0.05643867580574595, 0.06376924071918251, 0.060173261531257315, 0.06775244299674267, 0.03864948911594847, 0.08179304322514917, 0.06586216923524281, 0.0470414201183432, 0.06878650227125244, 0.047611780863726534, 0.059178743961352656, 0.05976041383065614, 0.05951405951405951, 0.042171189979123176, 0.07619577308120133, 0.05907495038925355, 0.03565662002152852, 0.06303448275862068, 0.06372680828179618, 0.04964440105982429, 0.06942003514938488, 0.03781979977753059, 0.056393244873341374, 0.06225186596792123, 0.05727960475528794, 0.06472212633759061, 0.04814189189189189, 0.06893701438254257, 0.04293092317624274, 0.0508703481392557, 0.07717863531817021, 0.0707876370887338, 0.06553881148706284, 0.04592064199732501, 0.05970924195223261, 0.047278506158124754, 0.09208651729050642, 0.04964426877470356, 0.050942170240415856, 0.06231714452896431, 0.05474396432415808, 0.06747915330339961, 0.08189598420013167, 0.059455958549222795, 0.05035591879778539, 0.06313131313131314]
val step Accs: [0.04672769504030605, 0.03323345137564696, 0.0322219108994116, 0.03492699685084455, 0.03220121755847485, 0.05318699873364289, 0.03702702702702703, 0.03437885221202575, 0.03476400588313946, 0.03678843423260617, 0.047276907601666904, 0.037832560410056136, 0.039789587267332074, 0.03064032016008004, 0.028107831864060306, 0.0239312742892207]
Preds: [17, 17, 17, 17, 17, 284, 284, 284, 284, 284, 284, 284, 284, 284, 284, 284, 284, 284, 284, 284, 284, 284, 284, 284, 284, 284, 284, 284, 284, 284, 284, 213, 213, 213, 213, 213, 213, 213, 213, 213, 213, 213, 213, 213, 213, 213, 213, 213, 213, 213, 213, 213, 213, 213, 213, 213, 213, 392, 63, 63, 63, 63, 63, 63, 63, 63, 63, 63, 63, 63, 63, 63, 63, 63, 63, 63, 63, 63, 63, 63, 63, 63, 213, 213, 213, 213, 213, 213, 213, 213, 213, 213, 213, 213, 213, 213, 213, 213, 213, 213, 213, 213, 213, 213, 213, 213, 213, 213, 213, 213, 213, 213, 213, 213, 213, 213, 213, 213, 213, 213, 213, 213, 213, 213, 213, 213, 213, 213, 213, 213, 213, 213, 213, 213, 213, 213, 213, 213, 213, 213, 213, 246, 246, 246, 246, 246, 246, 213, 213, 213, 213, 213, 213, 213, 213, 213, 213, 213, 213, 213, 213, 213, 213, 213, 213, 213, 213, 213, 213, 213, 213, 213, 213, 213, 213, 213, 213, 213, 213, 213, 213, 213, 213, 213, 213, 213, 213, 246, 246, 246, 246, 246, 213, 213, 213, 213, 213, 213, 246, 246, 246, 246, 213, 213, 213, 246, 246, 246, 246, 246, 246, 246, 246, 246, 246, 246, 246, 213, 213, 213, 213, 213, 213, 213, 213, 213, 213, 213, 392, 392, 63, 63, 63, 63, 63, 63, 63, 63, 63, 63, 63, 63, 63, 63, 63, 63, 63, 63, 63, 63, 63, 63, 63, 63, 63, 63, 63, 63, 63, 63, 63, 63, 63, 63, 63, 246, 246, 246, 246, 246, 213, 213, 213, 213, 213, 213, 392, 392, 392, 392, 213, 213, 213, 213, 213, 213, 213, 213, 213, 213, 213, 213, 213, 213, 213, 246, 246, 246, 246, 246, 246, 246, 246, 246, 246, 246, 246, 246, 246, 246, 213, 213, 213, 213, 213, 213, 213, 213, 213, 213, 213, 213, 213, 213, 213, 213, 213, 213, 213, 213, 213, 213, 213, 213, 246, 246, 246, 246, 246, 246, 246, 213, 213, 213, 392, 63, 63, 63, 63, 63, 63, 63, 63, 63, 63, 63, 63, 63, 63, 63, 63, 63, 63, 63, 63, 63, 63, 63, 63, 63, 63, 63, 63, 63, 63, 63, 63, 63, 63, 63, 63, 63, 246, 246, 246, 246, 246, 246, 246, 213, 213, 213, 213, 213, 213, 213, 213, 213, 213, 246, 213, 213, 213, 213, 213, 213, 213, 213, 213, 246, 246, 246, 246, 246, 246, 246, 246, 246, 246, 246, 246, 246, 246, 246, 246, 246, 246, 246, 246, 213, 213, 213, 392, 63, 63, 63, 63, 63, 63, 392, 213, 213, 246, 246, 246, 213, 213, 213, 213, 213, 213, 213, 213, 392, 392, 213, 213, 213, 392, 63, 63, 63, 63, 63, 63, 63, 63, 63, 63, 63, 63, 392, 213, 213, 213, 213, 213, 213, 213, 213, 213, 213, 213, 213, 213, 213, 213, 213, 213, 213, 213, 213, 213, 213, 213, 213, 213, 213, 213, 213, 213, 213, 213, 213, 213, 213, 213, 213, 213, 213, 213, 213, 213, 213, 213, 213, 213, 213, 213, 213, 213, 213, 213, 213, 213, 213, 213, 213, 213, 213, 213, 213, 213, 213, 213, 213, 213, 213, 213, 213, 213, 213, 213, 213, 213, 213, 213, 213, 213, 213, 213, 213, 213, 213, 213, 213, 213, 213, 213, 213, 213, 213, 213, 213, 213, 213, 213, 213, 213, 213, 213, 213, 213, 213, 213, 213, 213, 213, 213, 213, 213, 213, 213, 213, 213, 213, 213, 213, 213, 213, 213, 213, 213, 213, 213, 213, 213, 213, 213, 213]

ep14
Train step Loss: [5.27447509765625, 5.083928108215332, 5.275959014892578, 5.134593963623047, 5.192389965057373, 5.274465560913086, 5.194276332855225, 5.254210948944092, 5.231184005737305, 5.325538635253906, 5.253062725067139, 5.194901943206787, 5.241767883300781, 5.186722278594971, 5.286216735839844, 5.156622886657715, 5.237890243530273, 5.057178497314453, 5.272195816040039, 5.155825614929199, 5.1981120109558105, 5.234368324279785, 5.110456943511963, 5.125394821166992, 5.127918720245361, 5.166508197784424, 5.1006598472595215, 5.084029674530029, 5.194564342498779, 5.134483337402344, 5.074341297149658, 5.132565021514893, 5.1269025802612305, 5.099790573120117, 5.186965465545654, 5.229029178619385, 5.186944007873535, 5.116106986999512, 5.180511474609375, 5.1860270500183105, 5.140554428100586, 5.072103500366211, 5.176126480102539, 5.077120780944824, 5.1024603843688965, 5.2356085777282715, 5.119232654571533, 5.226475715637207, 5.06528377532959, 5.120118618011475, 5.196470260620117, 5.23296594619751, 5.134310722351074, 5.184325695037842, 5.111988544464111, 5.067754745483398, 5.032588005065918, 5.124459266662598, 5.075701713562012, 5.218140602111816, 5.055072784423828, 5.178938865661621, 5.090508460998535]
val step Loss: [5.4919114112854, 5.503719329833984, 5.32435417175293, 5.497374534606934, 5.4894537925720215, 5.437868118286133, 5.469902038574219, 5.464259147644043, 5.432281494140625, 5.512958526611328, 5.497682094573975, 5.491284370422363, 5.461025238037109, 5.497864723205566, 5.419656276702881, 5.543071746826172]
Train step Accs: [0.046244670383732374, 0.07641427328111401, 0.04846288092361391, 0.07260912558270942, 0.055372148859543814, 0.05004633920296571, 0.06567336901489947, 0.06203288490284006, 0.0340261739799846, 0.042659556740543246, 0.04787780878249376, 0.041217865862415624, 0.06422018348623854, 0.06865554976550287, 0.049576635169959506, 0.06106745252128356, 0.06181681115718055, 0.0729483282674772, 0.056100981767180924, 0.06934956934956935, 0.0544690904318152, 0.057747112644367785, 0.07151391022358765, 0.07328339575530587, 0.08041910464008709, 0.0675339053418212, 0.07611771363893605, 0.08727272727272728, 0.040902255639097745, 0.07335148215366001, 0.08878248974008209, 0.07808103545301069, 0.07502107333520652, 0.07028562883206221, 0.054309165526675786, 0.036577400391900716, 0.0693337343961498, 0.07227156588392748, 0.056465450007799095, 0.05488005257969109, 0.053554040895813046, 0.06529817731374978, 0.05106265525807342, 0.07744589518869611, 0.07843920628579039, 0.06342161775232641, 0.06130639357874343, 0.03763522779216821, 0.0772583796783406, 0.0658023142339328, 0.05024982155603141, 0.052125800815375656, 0.07214915081087983, 0.06668929238079077, 0.07334598698481562, 0.06408966805575514, 0.06938775510204082, 0.05599555370293178, 0.07371836469824788, 0.045279097387173395, 0.07505360972122944, 0.05303476723629935, 0.06274007682458387]
val step Accs: [0.04148974887783574, 0.03833353876494515, 0.06376066062000812, 0.02638888888888889, 0.043507817811012914, 0.05546311702717693, 0.03159303882195449, 0.04427266338721012, 0.04264998578333807, 0.02993439037725533, 0.04114356743318832, 0.03671455521694964, 0.04759898904802022, 0.038461538461538464, 0.03904947192884936, 0.020930750389668226]
Preds: [17, 17, 17, 17, 17, 284, 284, 284, 284, 284, 284, 284, 284, 284, 284, 284, 284, 284, 284, 284, 284, 284, 284, 284, 284, 284, 284, 284, 284, 284, 284, 284, 284, 284, 284, 284, 284, 284, 284, 284, 246, 246, 246, 246, 246, 246, 246, 246, 246, 246, 246, 246, 246, 246, 246, 246, 246, 246, 246, 414, 414, 414, 392, 392, 392, 392, 392, 392, 392, 63, 63, 63, 63, 63, 63, 63, 63, 63, 63, 63, 63, 392, 392, 392, 392, 392, 392, 63, 63, 63, 63, 63, 63, 63, 63, 63, 63, 63, 63, 63, 63, 63, 392, 246, 246, 246, 246, 246, 246, 246, 246, 246, 246, 246, 246, 246, 246, 246, 246, 246, 246, 246, 246, 246, 246, 246, 246, 246, 246, 246, 246, 246, 246, 246, 246, 246, 414, 414, 414, 414, 414, 414, 246, 246, 246, 246, 246, 246, 246, 246, 246, 246, 246, 246, 246, 246, 246, 246, 246, 246, 246, 246, 246, 246, 414, 414, 414, 414, 414, 246, 246, 246, 246, 246, 246, 246, 246, 246, 246, 246, 246, 246, 246, 246, 246, 246, 246, 246, 246, 246, 246, 246, 246, 246, 246, 246, 246, 246, 246, 246, 246, 246, 246, 246, 246, 246, 246, 246, 246, 246, 246, 246, 246, 246, 246, 246, 246, 246, 246, 246, 414, 414, 414, 414, 414, 414, 414, 414, 414, 414, 414, 414, 414, 414, 414, 414, 414, 414, 414, 414, 246, 246, 246, 246, 246, 246, 246, 246, 246, 246, 246, 246, 246, 246, 246, 246, 246, 246, 246, 246, 246, 246, 246, 246, 246, 246, 246, 246, 246, 246, 246, 246, 246, 246, 246, 246, 246, 246, 246, 246, 246, 246, 246, 246, 246, 246, 246, 246, 246, 246, 414, 414, 414, 392, 392, 392, 392, 392, 392, 63, 63, 63, 63, 63, 63, 63, 63, 63, 63, 63, 63, 63, 63, 63, 63, 63, 63, 63, 63, 63, 63, 63, 63, 63, 392, 246, 246, 246, 246, 246, 246, 246, 246, 414, 414, 414, 414, 414, 414, 414, 414, 414, 414, 414, 414, 414, 414, 246, 246, 246, 246, 246, 246, 246, 246, 246, 246, 246, 246, 414, 246, 246, 246, 246, 246, 246, 246, 246, 246, 246, 246, 246, 246, 246, 246, 246, 246, 246, 246, 246, 246, 414, 414, 414, 414, 414, 414, 414, 246, 246, 246, 246, 246, 246, 246, 246, 246, 246, 246, 246, 246, 246, 246, 246, 246, 246, 246, 246, 246, 246, 246, 246, 246, 246, 246, 246, 246, 246, 246, 246, 246, 246, 246, 246, 246, 246, 246, 246, 246, 246, 246, 246, 246, 246, 246, 246, 246, 246, 246, 246, 246, 246, 246, 246, 246, 246, 246, 246, 414, 414, 414, 414, 414, 414, 414, 246, 246, 246, 246, 246, 246, 246, 246, 414, 414, 414, 392, 392, 392, 392, 63, 63, 63, 63, 63, 63, 63, 63, 63, 63, 63, 63, 63, 63, 63, 63, 63, 63, 63, 63, 63, 63, 63, 63, 63, 63, 63, 63, 63, 63, 63, 63, 63, 63, 63, 63, 63, 63, 63, 63, 63, 63, 246, 246, 246, 246, 246, 246, 246, 246, 246, 246, 246, 246, 246, 246, 246, 246, 246, 246, 246, 246, 246, 246, 246, 246, 246, 246, 246, 246, 246, 246, 246, 246, 246, 246, 246, 246, 246, 246, 246, 246, 246, 246, 246, 246, 246, 246, 246, 246, 414, 414, 414, 414, 414, 414, 246, 246, 246, 246, 246, 246, 246, 246, 246, 246, 414, 414, 414, 392, 392, 392, 392, 392, 392, 392, 392, 392, 392, 392, 392, 392, 414, 246, 246, 246, 246, 246, 246, 246]

ep15
Train step Loss: [5.185463905334473, 5.055915832519531, 5.13905143737793, 5.11872673034668, 5.087882995605469, 5.094812393188477, 5.038720607757568, 5.136600017547607, 5.077420711517334, 5.013006210327148, 5.07710599899292, 5.098397254943848, 5.132271766662598, 5.104069232940674, 4.916090965270996, 5.015941619873047, 5.086861610412598, 5.111878871917725, 5.094453811645508, 5.1397013664245605, 5.037598609924316, 5.168677806854248, 5.156796455383301, 5.023423194885254, 5.01184606552124, 5.056728839874268, 5.127927780151367, 5.114261150360107, 5.176206588745117, 5.190884113311768, 5.0947957038879395, 5.081892967224121, 5.0485405921936035, 5.071372032165527, 5.103976726531982, 5.068572521209717, 5.121013164520264, 5.113334655761719, 5.029312610626221, 5.039085388183594, 5.074543476104736, 5.041843414306641, 5.019999027252197, 5.041496276855469, 5.159534454345703, 5.075830459594727, 5.088125228881836, 5.047874450683594, 5.186752796173096, 5.012723922729492, 5.037842750549316, 5.154445171356201, 5.132302761077881, 5.053614139556885, 4.990532875061035, 5.039562225341797, 5.017034530639648, 5.0191874504089355, 5.091970920562744, 5.043588161468506, 5.0677666664123535, 4.982662200927734, 5.003284931182861]
val step Loss: [5.3818583488464355, 5.352631092071533, 5.383622646331787, 5.426069259643555, 5.294064998626709, 5.480278491973877, 5.397924423217773, 5.44315767288208, 5.419504165649414, 5.379887104034424, 5.426454544067383, 5.328641891479492, 5.406824588775635, 5.413331508636475, 5.397308826446533, 5.42389440536499]
Train step Accs: [0.05702467129561235, 0.08546557636507518, 0.05830945558739255, 0.06464833421470122, 0.06619413743392599, 0.06195682646481637, 0.07399278883837591, 0.06456953642384106, 0.07459535538353272, 0.08262224028172829, 0.07381267460667548, 0.05836637589214909, 0.059175226122949565, 0.06256350704020903, 0.09728931830381106, 0.08544255253873294, 0.07870923681065392, 0.06645805394129042, 0.06725755995828989, 0.06935881627620222, 0.07913945447560507, 0.04240717930670421, 0.0672576333192627, 0.07564575645756458, 0.07921212980019839, 0.07227853680035258, 0.06779661016949153, 0.07007546588633913, 0.056688358640636295, 0.05654625819234873, 0.07130411472992897, 0.0656440022111664, 0.07318210068365444, 0.07197510050577098, 0.06914230289594014, 0.07394883857688915, 0.0665090622537431, 0.06556291390728476, 0.07149240393208221, 0.07897240723120837, 0.06591285162713734, 0.08421384639646744, 0.0721632102512224, 0.06801118798763434, 0.07748821735514277, 0.07296259422557247, 0.07044935262757045, 0.06965348267413371, 0.05263919016630513, 0.0740905057675244, 0.06101146721552485, 0.0615813089896333, 0.06591572799332499, 0.07745159275452843, 0.08637051299683675, 0.07005091806819935, 0.058938456528817976, 0.06597616345062429, 0.06823282956755948, 0.06873214017145435, 0.07552581261950286, 0.08555078683834048, 0.08269720101781171]
val step Accs: [0.052120383036935704, 0.05264567983924983, 0.0394047947092863, 0.03457987795337193, 0.054145077720207255, 0.036657905657767324, 0.03777544596012592, 0.03853450320132796, 0.051028921023359285, 0.04996558843771507, 0.04426229508196721, 0.06553774560496381, 0.03790885452306008, 0.05046669830722987, 0.04648209296418593, 0.048835308541070696]
Preds: [17, 17, 17, 17, 284, 284, 284, 284, 284, 284, 284, 284, 284, 284, 284, 284, 284, 284, 284, 284, 284, 284, 284, 284, 284, 284, 284, 414, 414, 392, 392, 392, 63, 63, 63, 63, 63, 392, 392, 392, 287, 284, 284, 284, 284, 284, 284, 284, 246, 246, 246, 246, 246, 246, 246, 246, 246, 246, 246, 246, 246, 246, 246, 246, 246, 246, 246, 246, 246, 414, 414, 414, 414, 414, 414, 246, 246, 246, 246, 246, 414, 414, 414, 414, 246, 246, 246, 246, 246, 246, 246, 414, 414, 414, 414, 414, 414, 414, 414, 246, 246, 246, 246, 246, 246, 246, 246, 246, 246, 246, 246, 246, 246, 246, 246, 246, 246, 246, 324, 246, 246, 246, 246, 246, 246, 246, 246, 246, 246, 246, 246, 246, 246, 246, 414, 414, 414, 414, 414, 414, 392, 392, 392, 392, 392, 392, 63, 63, 63, 63, 63, 63, 63, 63, 63, 63, 63, 63, 392, 171, 171, 171, 246, 246, 246, 246, 246, 246, 246, 246, 246, 246, 246, 246, 246, 246, 246, 246, 246, 246, 246, 246, 246, 246, 246, 246, 246, 246, 246, 246, 246, 246, 246, 246, 246, 246, 246, 246, 414, 414, 414, 414, 414, 414, 414, 414, 414, 414, 414, 414, 414, 414, 414, 392, 392, 392, 392, 392, 392, 63, 63, 63, 63, 63, 63, 63, 63, 63, 63, 63, 287, 171, 171, 246, 246, 246, 246, 246, 246, 246, 246, 414, 414, 246, 246, 246, 246, 246, 246, 246, 246, 246, 246, 246, 324, 414, 414, 414, 414, 414, 414, 414, 414, 324, 246, 246, 246, 246, 246, 246, 246, 246, 246, 324, 414, 414, 414, 414, 414, 414, 414, 414, 414, 414, 414, 414, 414, 414, 414, 414, 414, 414, 414, 414, 414, 414, 414, 414, 414, 414, 324, 246, 246, 246, 246, 246, 246, 246, 246, 246, 324, 414, 414, 414, 414, 414, 414, 414, 414, 414, 414, 414, 414, 414, 414, 414, 414, 414, 414, 414, 414, 414, 414, 414, 324, 324, 324, 324, 414, 414, 324, 324, 324, 246, 246, 246, 246, 246, 246, 246, 246, 246, 246, 246, 246, 246, 246, 246, 246, 246, 246, 246, 246, 246, 246, 246, 246, 246, 324, 324, 414, 414, 414, 414, 414, 414, 392, 392, 392, 392, 63, 63, 63, 63, 63, 63, 63, 63, 63, 63, 63, 63, 63, 63, 63, 63, 63, 63, 63, 63, 171, 171, 171, 171, 171, 246, 246, 246, 246, 246, 246, 246, 246, 246, 246, 246, 246, 246, 246, 246, 246, 246, 246, 246, 414, 414, 414, 414, 414, 414, 414, 414, 324, 324, 246, 246, 246, 246, 246, 246, 246, 246, 246, 246, 324, 414, 414, 414, 414, 414, 414, 392, 392, 392, 63, 63, 63, 63, 63, 63, 63, 63, 63, 63, 392, 171, 414, 414, 414, 414, 414, 414, 246, 246, 246, 246, 246, 246, 414, 414, 414, 414, 414, 414, 414, 246, 246, 246, 246, 246, 246, 246, 246, 246, 246, 246, 246, 246, 246, 246, 246, 246, 246, 246, 246, 246, 246, 246, 246, 246, 246, 246, 246, 246, 246, 246, 246, 246, 246, 246, 246, 246, 246, 246, 246, 246, 246, 246, 246, 246, 246, 246, 246, 246, 246, 246, 246, 246, 246, 246, 246, 246, 246, 246, 246, 246, 246, 246, 246, 246, 246, 246, 246, 246, 246, 246, 246, 246, 246, 246, 246, 246, 246, 246, 246, 246, 246, 246, 246, 246, 246, 246, 246, 246, 246, 246, 246, 246, 246, 246, 246, 246, 246, 246, 246, 246, 246, 246, 246, 246, 246, 246, 246, 246, 246, 246, 246, 246, 246, 246]

ep16
Train step Loss: [5.045617580413818, 5.144981861114502, 5.09451150894165, 4.98370885848999, 4.961434841156006, 5.026037216186523, 5.006108283996582, 5.022598743438721, 5.0689544677734375, 4.968753814697266, 4.990501403808594, 5.000190258026123, 4.9943013191223145, 5.017544269561768, 5.074233531951904, 5.02940034866333, 4.917922496795654, 5.153600215911865, 5.080945014953613, 4.967947006225586, 4.9544901847839355, 4.975602626800537, 4.925179481506348, 5.0264201164245605, 5.01355504989624, 5.0818328857421875, 5.037393569946289, 5.057885646820068, 4.995804309844971, 5.065603733062744, 4.979365348815918, 4.967548370361328, 4.930842399597168, 4.80137825012207, 4.9943037033081055, 5.067974090576172, 5.002198696136475, 4.916539669036865, 4.928286552429199, 5.055205821990967, 4.850499629974365, 4.933289527893066, 4.89849328994751, 5.101009368896484, 4.937540531158447, 4.903993129730225, 5.039736270904541, 5.013473987579346, 4.943120002746582, 5.10780668258667, 4.868006229400635, 4.999208450317383, 4.947841167449951, 4.741963863372803, 4.928762435913086, 4.968532085418701, 4.982146739959717, 5.023869037628174, 4.919055938720703, 4.851919651031494, 4.903347015380859, 4.784201622009277, 5.0687031745910645]
val step Loss: [5.298786163330078, 5.283967971801758, 5.3674798011779785, 5.3303914070129395, 5.306423664093018, 5.246661186218262, 5.355053424835205, 5.324103832244873, 5.296334743499756, 5.238271713256836, 5.277522563934326, 5.325603485107422, 5.3055524826049805, 5.358432769775391, 5.267819404602051, 5.341026306152344]
Train step Accs: [0.08175242254674492, 0.07447973713033954, 0.05645830862293915, 0.07339449541284404, 0.07794520547945205, 0.05859077765941257, 0.0788211103495545, 0.07744246933994764, 0.06929069290692907, 0.07587845866576133, 0.06524449369718797, 0.08237160992498557, 0.09715816098794822, 0.06428015564202334, 0.0630048465266559, 0.060845460845460844, 0.09206263498920086, 0.055778959657543134, 0.06984955480503531, 0.07995861661247414, 0.08212886667567203, 0.0820109743437639, 0.0975094976783453, 0.07680812910938434, 0.07614051820060404, 0.06314363143631437, 0.07856924487924183, 0.0670535138620245, 0.08336842105263158, 0.0640371925614877, 0.06541341892098426, 0.07945165094339622, 0.08328571428571428, 0.11724723874256585, 0.07962496501539322, 0.067113137646053, 0.07916343919442292, 0.08572201189832342, 0.09544072948328268, 0.07939262472885032, 0.09756444950861701, 0.07822045152722444, 0.08593382468245256, 0.060874229015821936, 0.0853978978978979, 0.09015069967707212, 0.06757900677200902, 0.07959961868446139, 0.09480423540999754, 0.050720906282183315, 0.08890363244319124, 0.0720495258166491, 0.0830498866213152, 0.11957686127477236, 0.08323226197695573, 0.0781162660704304, 0.07667597765363128, 0.06306451612903226, 0.09824146094014204, 0.09140659665729922, 0.09052169421487603, 0.11723811028598514, 0.051232788984950366]
val step Accs: [0.05826693227091633, 0.048427672955974846, 0.040807107363348895, 0.049238578680203045, 0.054987565625863495, 0.05559546042235311, 0.04672131147540984, 0.04682066567312469, 0.0471864406779661, 0.057617942768754836, 0.047342864850283245, 0.044677701520656705, 0.04379756976899452, 0.0413564929693962, 0.05684682161859423, 0.04666533146404967]
Preds: [17, 17, 17, 17, 284, 284, 284, 284, 284, 284, 284, 284, 284, 284, 284, 284, 284, 284, 284, 284, 284, 284, 284, 284, 284, 284, 284, 284, 284, 284, 284, 284, 414, 414, 414, 414, 414, 170, 392, 392, 392, 392, 392, 392, 392, 392, 392, 392, 392, 392, 392, 392, 392, 392, 392, 392, 392, 392, 392, 392, 392, 392, 392, 392, 392, 392, 392, 392, 392, 392, 320, 287, 287, 287, 287, 287, 287, 287, 287, 287, 284, 284, 284, 284, 246, 246, 246, 171, 171, 171, 213, 213, 213, 414, 414, 213, 213, 213, 246, 246, 246, 246, 246, 246, 246, 246, 246, 246, 246, 246, 246, 246, 246, 246, 213, 213, 213, 213, 414, 213, 213, 246, 246, 246, 246, 246, 246, 246, 246, 246, 246, 213, 213, 213, 414, 414, 414, 414, 414, 414, 414, 414, 414, 414, 414, 414, 414, 170, 170, 392, 392, 392, 392, 392, 392, 392, 320, 287, 213, 246, 246, 246, 246, 246, 246, 246, 246, 246, 246, 246, 246, 246, 246, 246, 246, 246, 246, 246, 246, 246, 246, 246, 213, 414, 414, 414, 213, 246, 246, 246, 246, 246, 246, 246, 246, 246, 414, 414, 213, 213, 246, 246, 246, 246, 246, 246, 246, 246, 246, 246, 246, 246, 246, 414, 414, 414, 414, 414, 170, 170, 170, 170, 170, 170, 170, 170, 213, 213, 213, 213, 213, 414, 414, 414, 414, 414, 414, 414, 414, 414, 414, 414, 213, 246, 246, 246, 246, 246, 414, 414, 414, 414, 414, 246, 246, 246, 246, 246, 246, 246, 246, 246, 246, 246, 414, 414, 414, 414, 170, 170, 170, 392, 392, 392, 392, 392, 392, 392, 392, 392, 392, 392, 392, 392, 392, 392, 392, 63, 63, 63, 63, 63, 63, 63, 320, 320, 320, 287, 284, 213, 246, 246, 246, 246, 246, 246, 246, 246, 246, 246, 246, 246, 246, 246, 246, 246, 246, 246, 246, 246, 246, 246, 246, 246, 246, 246, 246, 246, 246, 246, 246, 246, 246, 246, 246, 246, 246, 246, 246, 246, 246, 246, 246, 246, 414, 414, 414, 213, 246, 246, 246, 246, 246, 246, 246, 246, 246, 246, 414, 414, 414, 414, 414, 414, 213, 213, 246, 213, 213, 246, 246, 246, 246, 246, 246, 246, 246, 246, 246, 246, 246, 246, 246, 246, 246, 246, 246, 246, 246, 246, 246, 246, 246, 246, 246, 246, 246, 246, 246, 246, 246, 246, 246, 246, 246, 246, 246, 246, 246, 246, 246, 246, 246, 246, 246, 246, 246, 246, 246, 246, 246, 246, 246, 414, 414, 414, 414, 414, 414, 414, 414, 213, 246, 246, 246, 246, 246, 246, 246, 246, 246, 246, 246, 246, 246, 246, 246, 246, 246, 246, 246, 246, 246, 246, 246, 246, 246, 246, 414, 246, 246, 246, 246, 246, 246, 246, 246, 246, 246, 246, 246, 246, 246, 246, 246, 246, 246, 246, 246, 246, 246, 246, 246, 414, 414, 246, 246, 246, 246, 246, 246, 246, 246, 246, 246, 246, 246, 246, 246, 246, 414, 414, 414, 414, 414, 414, 414, 246, 246, 246, 246, 246, 246, 246, 246, 246, 246, 246, 246, 246, 246, 414, 414, 414, 414, 170, 170, 392, 392, 392, 392, 63, 63, 63, 63, 63, 63, 63, 63, 63, 392, 63, 63, 63, 63, 63, 63, 63, 63, 392, 320, 320, 287, 284, 246, 246, 246, 246, 246, 246, 246, 246, 246, 246, 246, 246, 246, 246, 246, 246, 246, 246, 246, 246, 414, 246, 246, 246, 246, 246, 246, 246, 246, 246, 246, 246, 246, 414, 414, 414, 414, 170, 170, 392, 392, 392, 392, 63, 63, 63]

ep17
Train step Loss: [4.890341758728027, 4.7931413650512695, 4.917425155639648, 4.961289405822754, 5.045024394989014, 5.020540714263916, 4.891976833343506, 4.963054180145264, 5.063394069671631, 4.848868370056152, 4.898958683013916, 4.9676618576049805, 5.0152692794799805, 4.860739231109619, 4.862278461456299, 4.807117462158203, 4.9716057777404785, 4.83197021484375, 4.91547966003418, 4.979788780212402, 4.911327838897705, 4.909699440002441, 4.9562883377075195, 4.909433841705322, 4.840420246124268, 4.937363147735596, 5.052102088928223, 4.789434432983398, 4.96433687210083, 4.809360980987549, 4.879331588745117, 4.880613327026367, 4.928813934326172, 4.952455997467041, 4.83212423324585, 4.862429618835449, 4.76474666595459, 4.858876705169678, 4.862170696258545, 4.893182277679443, 4.820180416107178, 4.830695152282715, 4.83062219619751, 4.723108291625977, 4.876389503479004, 4.875185966491699, 4.908491611480713, 4.8497090339660645, 4.715450286865234, 4.9579176902771, 4.827127933502197, 4.842670917510986, 4.7490363121032715, 4.864615440368652, 4.847682476043701, 4.857184410095215, 4.72575044631958, 4.934134483337402, 4.849677085876465, 4.8470964431762695, 4.735311985015869, 4.859954833984375, 4.786482334136963]
val step Loss: [5.19209098815918, 5.200657844543457, 5.259489059448242, 5.222594261169434, 5.1798553466796875, 5.233803749084473, 5.228579521179199, 5.155569553375244, 5.176070690155029, 5.174111843109131, 5.160816669464111, 5.200042247772217, 5.259976387023926, 5.153478145599365, 5.226909160614014, 5.283452987670898]
Train step Accs: [0.08486603910209993, 0.10821969223070187, 0.07644491469382357, 0.07674003569303986, 0.06831534362617844, 0.07285949506037322, 0.08789490147012824, 0.07157088122605364, 0.07084068195179306, 0.09290187891440502, 0.07912149795860904, 0.0705244122965642, 0.07622445669802141, 0.0896949711459192, 0.09520348837209303, 0.1040986040986041, 0.06454293628808865, 0.0958394257609996, 0.08679817905918058, 0.07725051237584739, 0.09035065267468646, 0.08307782157979267, 0.06456389752702503, 0.09085102985789557, 0.10511323173337131, 0.08811387900355871, 0.07833076791517017, 0.10569105691056911, 0.07858156028368794, 0.10186335403726708, 0.08999441028507546, 0.10382429734295807, 0.08915054667788057, 0.07593659942363112, 0.09307359307359307, 0.07646900992755568, 0.09555624611559975, 0.08763576848683231, 0.09549238259776975, 0.08711908767994017, 0.09129295282469424, 0.08768656716417911, 0.08109865106452137, 0.11268715524034673, 0.08677742688452561, 0.07685904550499445, 0.09042227662178702, 0.09449986519277433, 0.11802447030737094, 0.06912580596791124, 0.0954664341761116, 0.11212945725332951, 0.09800417039022938, 0.0879739336492891, 0.0879735935706085, 0.08300977373142322, 0.10030534351145039, 0.06544502617801047, 0.09745706297430436, 0.08716323296354993, 0.10440074906367042, 0.08440366972477065, 0.08528843499861993]
val step Accs: [0.0491005004734208, 0.05462490895848507, 0.04811270600744285, 0.05472894294216587, 0.060552456116478436, 0.053493013972055886, 0.04739990796134377, 0.056829655271888074, 0.05708975039830058, 0.05594145373356487, 0.06575086689783942, 0.058865248226950356, 0.05312945445121161, 0.06491602239402826, 0.04956896551724138, 0.04758883248730964]
Preds: [17, 17, 17, 17, 284, 284, 284, 284, 284, 284, 284, 284, 284, 284, 284, 284, 284, 284, 284, 284, 284, 284, 284, 284, 284, 284, 284, 284, 284, 284, 284, 246, 246, 246, 246, 246, 246, 246, 246, 246, 246, 246, 246, 246, 246, 414, 414, 414, 414, 414, 414, 414, 170, 392, 392, 392, 392, 392, 392, 392, 392, 392, 392, 392, 392, 392, 392, 392, 320, 320, 392, 63, 63, 63, 63, 63, 63, 392, 320, 320, 320, 287, 284, 284, 284, 284, 171, 171, 171, 171, 213, 213, 213, 213, 246, 246, 246, 246, 246, 246, 246, 246, 246, 246, 246, 246, 246, 246, 246, 246, 414, 414, 414, 213, 213, 213, 246, 246, 246, 246, 246, 246, 246, 246, 246, 246, 246, 246, 246, 246, 246, 246, 246, 246, 213, 213, 213, 213, 213, 246, 246, 246, 246, 246, 246, 246, 246, 246, 246, 213, 213, 213, 213, 213, 213, 246, 246, 246, 246, 246, 246, 246, 246, 246, 246, 246, 246, 213, 213, 213, 213, 213, 213, 213, 213, 414, 414, 414, 414, 414, 414, 414, 414, 414, 414, 414, 414, 414, 414, 414, 414, 414, 213, 213, 213, 213, 213, 213, 213, 213, 213, 213, 213, 213, 213, 213, 213, 213, 246, 246, 246, 246, 246, 246, 246, 246, 246, 246, 246, 246, 246, 213, 213, 213, 213, 213, 213, 213, 246, 246, 246, 246, 246, 246, 246, 246, 246, 246, 246, 414, 414, 414, 414, 414, 170, 170, 392, 392, 392, 392, 392, 392, 392, 63, 63, 63, 63, 63, 63, 320, 320, 320, 287, 171, 171, 171, 171, 171, 171, 171, 171, 171, 414, 414, 414, 414, 414, 414, 414, 414, 414, 414, 414, 171, 171, 171, 414, 414, 414, 414, 414, 414, 213, 213, 213, 213, 213, 213, 213, 414, 414, 414, 414, 213, 213, 246, 246, 246, 246, 213, 213, 213, 213, 213, 246, 246, 213, 414, 414, 414, 414, 414, 414, 414, 414, 414, 414, 213, 213, 213, 213, 414, 414, 213, 213, 246, 246, 246, 246, 246, 246, 246, 246, 246, 246, 246, 246, 246, 246, 246, 246, 246, 246, 246, 246, 246, 246, 246, 246, 246, 246, 246, 246, 246, 246, 246, 414, 414, 414, 414, 414, 414, 414, 414, 414, 414, 414, 414, 414, 414, 414, 414, 170, 170, 392, 392, 392, 63, 392, 392, 392, 63, 63, 63, 63, 63, 63, 63, 63, 63, 63, 63, 63, 63, 63, 63, 63, 63, 63, 63, 63, 63, 320, 320, 320, 320, 320, 287, 287, 171, 171, 171, 171, 171, 171, 171, 246, 246, 246, 246, 246, 171, 171, 246, 246, 246, 246, 246, 246, 246, 246, 246, 246, 246, 246, 246, 246, 246, 246, 246, 246, 246, 246, 246, 246, 246, 246, 246, 246, 246, 246, 246, 246, 246, 246, 246, 246, 246, 414, 414, 414, 414, 414, 414, 414, 414, 414, 414, 414, 414, 414, 414, 414, 414, 414, 414, 414, 213, 213, 213, 246, 246, 246, 246, 246, 246, 246, 246, 246, 246, 414, 414, 414, 414, 414, 414, 213, 213, 246, 246, 246, 246, 246, 246, 246, 246, 246, 246, 246, 246, 246, 246, 246, 246, 246, 246, 246, 246, 414, 414, 414, 414, 414, 414, 414, 414, 414, 414, 414, 414, 414, 414, 414, 414, 414, 414, 414, 414, 213, 213, 414, 414, 414, 414, 170, 392, 392, 392, 63, 63, 63, 63, 63, 63, 63, 63, 63, 63, 63, 63, 63, 63, 63, 63, 63, 63, 63, 63, 63, 63, 320, 320, 320, 320, 287, 171, 171, 171, 171, 171, 171, 171, 171, 171, 171, 414, 414, 414, 171, 171]

ep18
Train step Loss: [4.8509202003479, 4.7370381355285645, 4.787273406982422, 4.858203887939453, 4.824082851409912, 4.839446544647217, 4.731070041656494, 4.739258766174316, 4.775970935821533, 4.698638439178467, 4.705790042877197, 4.882854461669922, 4.84694242477417, 4.839618682861328, 4.7684245109558105, 4.896121978759766, 4.874845504760742, 4.847119331359863, 4.8499298095703125, 4.785408973693848, 4.870506763458252, 4.615021228790283, 4.705940246582031, 4.90666389465332, 4.789860725402832, 4.712828159332275, 4.747929573059082, 4.8272385597229, 4.8033576011657715, 4.696839809417725, 4.887073040008545, 4.738335609436035, 4.669225692749023, 4.750629901885986, 4.758476734161377, 4.7636284828186035, 4.777000904083252, 4.921047210693359, 4.726471900939941, 4.5707855224609375, 4.789864540100098, 4.837278842926025, 4.802961349487305, 4.789395332336426, 4.690314769744873, 4.756443500518799, 4.74152135848999, 4.608574867248535, 4.694836616516113, 4.648237705230713, 4.616304397583008, 4.69272518157959, 4.7528395652771, 4.742088794708252, 4.797159194946289, 4.671804904937744, 4.763883113861084, 4.736795425415039, 4.7416558265686035, 4.669291973114014, 4.758495330810547, 4.778069972991943, 4.8277435302734375]
val step Loss: [5.090047359466553, 4.968944549560547, 5.04082727432251, 5.145951271057129, 5.11888313293457, 5.115289688110352, 5.083755970001221, 5.069931507110596, 5.090028285980225, 5.1472907066345215, 5.070355415344238, 5.10746431350708, 5.0839314460754395, 5.073821544647217, 5.119002342224121, 5.17266845703125]
Train step Accs: [0.08301334796123606, 0.10228322555100963, 0.09729579035405632, 0.08764940239043825, 0.10356404958677685, 0.09258168972622903, 0.10702832709780866, 0.11318441841460093, 0.10378469301934398, 0.10654023148793752, 0.11304463336875664, 0.08553592774604861, 0.08565566763549325, 0.08851869998366814, 0.10024915726220138, 0.08746857218472939, 0.09930028286437398, 0.09312544294826364, 0.0826776903587145, 0.0838623454727698, 0.07657512116316639, 0.11082432650427489, 0.09659562690285081, 0.07412319481284999, 0.08364266270725068, 0.11029049729197439, 0.11036938139741878, 0.08273441417349156, 0.09252615844544096, 0.12025316455696203, 0.07431236930995658, 0.10673234811165845, 0.12037833190025796, 0.11116367076631978, 0.09551505751583302, 0.10861122271327173, 0.09590288315629741, 0.07784278809463241, 0.11302001987789294, 0.12787169484178587, 0.0859375, 0.08102681772551269, 0.0986992087971034, 0.09166790877925175, 0.1084498480243161, 0.10922814013101681, 0.1167149169587079, 0.11798968214345149, 0.1050340925576672, 0.10566680869194717, 0.11536842105263158, 0.10228098212988522, 0.10034256351698544, 0.09409312022237665, 0.10945848375451264, 0.11697881486030089, 0.10397928590896702, 0.10483870967741936, 0.10690840887777431, 0.11301310043668122, 0.0870067690275714, 0.09962264150943397, 0.0918147549811524]
val step Accs: [0.056598016781083144, 0.07690213692663672, 0.06831683168316832, 0.05067860236788911, 0.05852115460656386, 0.06637784310691629, 0.06879709740440972, 0.07018610874589466, 0.07248340333288172, 0.06460875807609476, 0.07971014492753623, 0.06795991778006166, 0.07266658107587623, 0.06588434893256044, 0.06579508313201649, 0.055098039215686276]
Preds: [17, 17, 17, 17, 284, 284, 284, 284, 284, 284, 35, 35, 35, 35, 35, 35, 35, 35, 35, 35, 35, 35, 284, 246, 246, 246, 246, 246, 246, 246, 246, 246, 246, 246, 246, 246, 35, 246, 246, 246, 246, 246, 246, 246, 246, 246, 246, 246, 246, 246, 246, 246, 35, 414, 414, 414, 414, 414, 414, 414, 392, 392, 392, 392, 392, 392, 392, 392, 320, 320, 287, 287, 284, 171, 213, 246, 246, 246, 246, 246, 246, 246, 246, 246, 246, 132, 132, 132, 246, 246, 246, 246, 246, 246, 246, 246, 246, 246, 246, 246, 246, 132, 132, 132, 132, 132, 246, 246, 246, 246, 246, 246, 246, 246, 246, 132, 414, 414, 414, 414, 414, 414, 170, 392, 392, 392, 392, 392, 392, 392, 392, 320, 320, 320, 320, 320, 320, 287, 287, 287, 284, 284, 35, 171, 171, 171, 246, 246, 246, 246, 246, 246, 246, 246, 246, 246, 246, 246, 246, 132, 414, 414, 414, 414, 414, 414, 170, 392, 320, 7, 287, 246, 246, 246, 246, 246, 246, 246, 246, 246, 246, 246, 246, 246, 246, 246, 246, 246, 246, 246, 246, 246, 246, 246, 246, 246, 246, 246, 246, 246, 246, 246, 246, 246, 132, 132, 132, 246, 246, 132, 132, 132, 132, 132, 132, 132, 132, 132, 132, 132, 132, 132, 132, 132, 132, 182, 414, 414, 414, 414, 414, 414, 414, 414, 414, 414, 414, 414, 213, 246, 246, 246, 246, 246, 132, 132, 132, 132, 132, 132, 246, 246, 246, 246, 246, 246, 246, 246, 246, 246, 246, 246, 246, 132, 132, 132, 246, 246, 246, 246, 246, 246, 246, 246, 246, 246, 246, 132, 132, 414, 414, 414, 414, 182, 182, 182, 414, 414, 414, 414, 414, 414, 414, 414, 414, 414, 414, 414, 414, 414, 414, 414, 414, 414, 414, 320, 7, 171, 246, 246, 246, 132, 132, 414, 414, 414, 414, 414, 414, 170, 320, 320, 7, 287, 171, 171, 246, 246, 246, 246, 246, 246, 246, 246, 246, 246, 246, 246, 246, 246, 246, 246, 246, 246, 246, 246, 246, 246, 246, 246, 246, 246, 246, 246, 246, 246, 246, 246, 246, 246, 246, 246, 246, 246, 246, 246, 246, 246, 246, 246, 246, 246, 246, 246, 246, 246, 246, 246, 246, 246, 246, 246, 246, 246, 246, 246, 246, 246, 246, 246, 246, 246, 246, 246, 246, 246, 246, 246, 246, 246, 246, 246, 246, 246, 246, 246, 246, 246, 246, 246, 246, 246, 246, 246, 246, 246, 246, 246, 246, 246, 246, 246, 246, 246, 246, 246, 246, 246, 246, 246, 246, 246, 246, 246, 246, 246, 246, 246, 246, 246, 246, 246, 246, 246, 246, 246, 246, 246, 246, 246, 246, 246, 246, 246, 246, 246, 246, 246, 246, 246, 246, 246, 246, 246, 246, 246, 246, 246, 246, 246, 246, 246, 246, 246, 246, 246, 246, 246, 246, 246, 246, 246, 246, 246, 246, 246, 246, 246, 246, 246, 246, 246, 246, 246, 246, 246, 246, 246, 246, 246, 246, 246, 246, 246, 246, 246, 246, 246, 246, 246, 246, 246, 246, 246, 246, 246, 246, 246, 246, 246, 246, 246, 246, 246, 246, 246, 246, 246, 246, 246, 246, 246, 246, 246, 246, 246, 246, 246, 246, 246, 246, 246, 246, 246, 246, 246, 246, 246, 246, 246, 246, 246, 246, 246, 246, 246, 246, 246, 246, 246, 246, 246, 246, 246, 246, 246, 246, 246, 246, 246, 246, 246, 246, 246, 246, 246, 246, 246, 246, 246, 246, 246, 246, 246, 246, 246, 246, 246, 246, 246, 246, 246, 246, 246, 246, 246, 246, 246, 246, 246]

ep19
Train step Loss: [4.655107021331787, 4.576554775238037, 4.672595977783203, 4.808176040649414, 4.708067417144775, 4.786323070526123, 4.6873369216918945, 4.749701976776123, 4.562273025512695, 4.562841892242432, 4.70736837387085, 4.695192337036133, 4.6462554931640625, 4.83418083190918, 4.7749433517456055, 4.548673629760742, 4.667080879211426, 4.752530574798584, 4.729987621307373, 4.722099781036377, 4.5393500328063965, 4.683226108551025, 4.689999103546143, 4.737918376922607, 4.776941776275635, 4.651759147644043, 4.662744998931885, 4.694929122924805, 4.81176233291626, 4.66845178604126, 4.600533962249756, 4.485187530517578, 4.60647439956665, 4.461616516113281, 4.6291069984436035, 4.612969398498535, 4.609681129455566, 4.681811332702637, 4.561426162719727, 4.643035411834717, 4.730726718902588, 4.569672584533691, 4.696255207061768, 4.599485397338867, 4.551318168640137, 4.606634140014648, 4.613439083099365, 4.677864074707031, 4.606622219085693, 4.53202486038208, 4.54616117477417, 4.710260391235352, 4.609851837158203, 4.5869903564453125, 4.558964729309082, 4.6638569831848145, 4.589651584625244, 4.544490337371826, 4.600223541259766, 4.653774738311768, 4.465571880340576, 4.575125217437744, 4.5860419273376465]
val step Loss: [4.9870781898498535, 4.927426815032959, 4.958639144897461, 5.002838611602783, 5.017425537109375, 5.0029754638671875, 5.026296138763428, 5.075821399688721, 4.956223487854004, 4.964263916015625, 4.972552299499512, 4.931595325469971, 4.968948841094971, 5.00152587890625, 4.885431289672852, 4.8116068840026855]
Train step Accs: [0.11974299065420561, 0.1256566215095383, 0.1102514506769826, 0.10340632603406326, 0.10018767143063376, 0.09685464874601635, 0.09910737726437385, 0.1017733230531997, 0.12800702370500439, 0.1358404710920771, 0.10872675250357654, 0.10722668313773935, 0.11173735381146964, 0.08356142328127515, 0.09663332863783632, 0.1298523367331405, 0.11343955663318324, 0.0976221928665786, 0.10621569500074172, 0.10648621041879469, 0.12683941138835572, 0.10859301227573183, 0.09951456310679611, 0.08890688259109311, 0.10109983079526226, 0.11027370091233638, 0.10110974106041924, 0.10718599033816426, 0.09042553191489362, 0.09915100060642813, 0.12445604873803308, 0.14021867612293143, 0.12287221289858546, 0.15049751243781095, 0.12211563391236713, 0.11441713382204974, 0.12204622176058166, 0.10324324324324324, 0.1277238120241533, 0.12127002792885491, 0.10824261275272162, 0.13294194390084801, 0.1180509042196919, 0.1287420941672523, 0.13941908713692946, 0.11884737350062043, 0.12389918007895535, 0.1035279617932522, 0.1225389825169318, 0.1266004891382535, 0.12525797745673917, 0.10752536640360767, 0.12195892575039495, 0.12099392912607652, 0.12561851556264964, 0.1247398156407969, 0.12264551763206345, 0.13976772126551862, 0.12572775159412253, 0.11627275196957348, 0.1295971978984238, 0.13213846424178527, 0.10310775486494336]
val step Accs: [0.08143808867447737, 0.08558906934777004, 0.08448652585579024, 0.07514063755692472, 0.0768731754784301, 0.08101539292465569, 0.06665795320873089, 0.0629547141796585, 0.09308807134894091, 0.07983666572796395, 0.08288701861769956, 0.09624537281861449, 0.07707859489512257, 0.07616742596810934, 0.09652245345016429, 0.09718944432525209]
Preds: [17, 17, 17, 287, 284, 284, 284, 284, 284, 284, 284, 35, 35, 35, 35, 35, 35, 35, 35, 35, 35, 35, 35, 35, 284, 284, 324, 324, 324, 246, 246, 246, 246, 35, 35, 35, 246, 246, 246, 246, 246, 246, 246, 246, 246, 35, 35, 35, 35, 35, 246, 246, 246, 246, 246, 246, 246, 246, 246, 35, 35, 35, 246, 246, 246, 246, 246, 35, 35, 182, 414, 414, 182, 414, 414, 414, 414, 414, 414, 414, 182, 213, 213, 246, 246, 246, 246, 246, 246, 246, 35, 35, 182, 182, 182, 182, 182, 182, 35, 35, 35, 246, 246, 246, 246, 246, 246, 246, 246, 246, 246, 246, 246, 246, 246, 246, 35, 414, 414, 414, 414, 414, 392, 392, 392, 392, 392, 392, 392, 392, 392, 392, 392, 392, 392, 392, 63, 63, 63, 63, 63, 73, 73, 320, 320, 320, 320, 287, 287, 287, 284, 284, 284, 284, 153, 153, 182, 182, 153, 171, 171, 213, 246, 246, 246, 246, 246, 246, 246, 132, 132, 35, 132, 132, 132, 132, 246, 246, 246, 246, 246, 246, 246, 246, 246, 246, 246, 246, 246, 246, 246, 246, 246, 246, 246, 246, 246, 246, 246, 246, 246, 246, 246, 246, 246, 246, 132, 182, 182, 182, 182, 182, 182, 182, 182, 182, 182, 182, 246, 246, 246, 246, 246, 246, 246, 246, 246, 246, 246, 132, 182, 182, 414, 414, 414, 414, 414, 414, 170, 392, 392, 392, 392, 392, 392, 392, 63, 63, 63, 63, 63, 73, 73, 320, 320, 320, 7, 287, 287, 284, 171, 171, 171, 171, 246, 246, 246, 246, 132, 182, 182, 182, 182, 182, 182, 182, 182, 182, 182, 182, 182, 182, 182, 182, 182, 182, 182, 182, 182, 182, 182, 182, 182, 182, 182, 182, 182, 182, 182, 182, 414, 414, 414, 414, 414, 414, 414, 320, 287, 182, 171, 246, 246, 246, 246, 246, 246, 246, 246, 246, 246, 246, 132, 132, 182, 182, 182, 182, 182, 182, 182, 182, 182, 182, 182, 182, 246, 246, 246, 246, 246, 246, 246, 246, 246, 246, 246, 246, 246, 246, 132, 182, 182, 182, 182, 182, 182, 182, 182, 182, 182, 182, 182, 182, 182, 182, 182, 182, 182, 182, 182, 182, 182, 182, 182, 182, 182, 182, 182, 182, 182, 182, 182, 182, 182, 182, 414, 414, 414, 414, 414, 414, 392, 392, 392, 392, 392, 392, 392, 392, 392, 73, 73, 73, 73, 73, 320, 320, 320, 320, 287, 287, 287, 287, 153, 153, 153, 153, 153, 153, 182, 182, 182, 182, 182, 182, 182, 182, 182, 182, 182, 182, 171, 171, 171, 182, 182, 182, 182, 171, 246, 246, 246, 246, 246, 246, 246, 246, 246, 132, 132, 182, 414, 414, 414, 414, 414, 182, 182, 246, 246, 246, 246, 246, 246, 246, 246, 246, 246, 246, 246, 246, 246, 246, 246, 246, 246, 246, 246, 246, 246, 246, 246, 246, 246, 246, 246, 246, 246, 246, 246, 246, 246, 246, 246, 246, 246, 246, 246, 246, 246, 246, 246, 246, 246, 246, 246, 246, 246, 246, 246, 246, 246, 246, 246, 246, 246, 246, 246, 246, 246, 246, 246, 246, 246, 246, 246, 246, 246, 246, 246, 246, 246, 246, 246, 246, 246, 246, 246, 246, 246, 246, 246, 246, 246, 246, 246, 246, 246, 246, 246, 246, 246, 246, 246, 246, 246, 246, 246, 246, 246, 246, 246, 246, 246, 246, 246, 246, 246, 246, 246, 246, 246, 246, 246, 246, 246, 246, 246, 246, 246, 246, 246, 246, 246, 246, 246, 246, 246, 246, 246, 246, 246, 246, 246, 246, 246, 246, 246, 246]

ep20
Train step Loss: [4.512935638427734, 4.495312690734863, 4.676182746887207, 4.572972297668457, 4.519410133361816, 4.686059474945068, 4.595217704772949, 4.590345859527588, 4.684009552001953, 4.560690402984619, 4.633899211883545, 4.480381011962891, 4.627640247344971, 4.414048194885254, 4.493016719818115, 4.596584796905518, 4.481592655181885, 4.580502986907959, 4.489989757537842, 4.467628002166748, 4.577575206756592, 4.572032928466797, 4.453770637512207, 4.45167350769043, 4.521061420440674, 4.492079734802246, 4.587464809417725, 4.528913497924805, 4.499453544616699, 4.53838586807251, 4.52738618850708, 4.462286472320557, 4.579421043395996, 4.487028121948242, 4.3958563804626465, 4.563294887542725, 4.447896480560303, 4.469195365905762, 4.485158443450928, 4.558512210845947, 4.488234996795654, 4.4699907302856445, 4.5415849685668945, 4.55206823348999, 4.565623760223389, 4.56321382522583, 4.527669429779053, 4.538422584533691, 4.594813823699951, 4.589526653289795, 4.500388145446777, 4.453345775604248, 4.513884544372559, 4.386562824249268, 4.555652618408203, 4.496561050415039, 4.409643173217773, 4.410974502563477, 4.380558490753174, 4.47695779800415, 4.515344142913818, 4.417487144470215, 4.519509315490723]
val step Loss: [4.765786170959473, 4.8714375495910645, 4.903874397277832, 4.819204807281494, 4.903895378112793, 4.821588039398193, 4.959845542907715, 4.8287787437438965, 4.833392143249512, 4.820420742034912, 4.761135101318359, 4.825480937957764, 4.79710054397583, 4.912837982177734, 4.93142557144165, 4.8631792068481445]
Train step Accs: [0.12605309171832776, 0.13524462449361171, 0.09554140127388536, 0.12082693113563348, 0.13309729871492262, 0.10609976738175239, 0.1143240423311969, 0.11717689639571709, 0.09055588762701733, 0.12875912408759124, 0.11579490708878183, 0.1396905060644082, 0.11759656652360514, 0.1522074281709881, 0.13535663977461904, 0.1140278917145201, 0.1319882303488861, 0.12946759602550795, 0.14150531372834474, 0.14104296136179412, 0.12505811250581125, 0.12804433425696368, 0.14363422522787417, 0.14775353016688061, 0.13350232361639205, 0.13155748844794782, 0.12451035254616676, 0.13071698113207547, 0.13440366972477064, 0.1305379746835443, 0.13033905768383972, 0.1388977891701378, 0.12544751539452959, 0.12379268126785471, 0.14295959837437247, 0.13242467718794834, 0.14907491659084016, 0.1399650959860384, 0.14020215194000651, 0.1214574898785425, 0.12581934452438048, 0.13061457293597603, 0.11621582939745241, 0.11392816512270437, 0.12073596561912436, 0.12662288070872155, 0.11783490340092607, 0.12810801910093858, 0.11328976034858387, 0.12766974816703858, 0.1335659455687369, 0.14076246334310852, 0.12200699488835082, 0.14842847979474022, 0.1215936018957346, 0.12373916749538287, 0.13556413556413557, 0.14351851851851852, 0.16127722906237316, 0.13231024471173786, 0.12630614115490377, 0.15496235455167692, 0.11898873316845288]
val step Accs: [0.10983277591973244, 0.0930540827147402, 0.08790601243953006, 0.0982217282578494, 0.08430913348946135, 0.08405797101449275, 0.07503665200586432, 0.10182593629214981, 0.09190344480764395, 0.09545686574783052, 0.09499521836149187, 0.1063803064556644, 0.10443899782135076, 0.08701492537313432, 0.07895111871170016, 0.09559175850503114]
Preds: [17, 17, 17, 287, 284, 284, 284, 284, 284, 284, 284, 35, 35, 35, 35, 35, 35, 35, 35, 182, 182, 182, 182, 182, 182, 182, 182, 182, 414, 414, 414, 414, 414, 414, 392, 73, 320, 320, 287, 287, 284, 284, 284, 284, 35, 35, 35, 284, 284, 324, 324, 324, 324, 250, 35, 35, 35, 35, 35, 182, 182, 35, 284, 324, 324, 324, 324, 246, 324, 324, 35, 35, 35, 35, 35, 35, 35, 35, 250, 324, 324, 324, 324, 324, 35, 35, 35, 182, 182, 182, 182, 182, 182, 182, 182, 182, 98, 98, 182, 182, 182, 182, 182, 182, 35, 284, 324, 324, 324, 246, 246, 246, 246, 246, 246, 246, 246, 246, 35, 35, 35, 35, 35, 355, 182, 182, 182, 182, 182, 182, 182, 182, 182, 98, 414, 414, 414, 414, 414, 414, 182, 182, 182, 182, 182, 182, 182, 182, 182, 182, 182, 182, 182, 182, 182, 182, 182, 182, 284, 324, 324, 250, 35, 35, 35, 182, 182, 182, 182, 182, 414, 414, 414, 414, 414, 170, 392, 392, 392, 392, 392, 63, 63, 63, 63, 63, 63, 63, 63, 63, 63, 63, 63, 63, 63, 63, 63, 63, 63, 63, 63, 63, 63, 73, 73, 320, 320, 320, 7, 287, 284, 284, 171, 171, 171, 171, 171, 246, 246, 246, 246, 246, 132, 132, 182, 182, 182, 182, 182, 182, 182, 182, 324, 246, 246, 246, 246, 246, 246, 246, 246, 246, 246, 246, 246, 246, 246, 246, 246, 246, 246, 246, 250, 132, 132, 132, 132, 355, 355, 355, 182, 182, 182, 182, 182, 182, 182, 182, 182, 132, 35, 35, 132, 182, 182, 182, 182, 182, 324, 324, 324, 246, 246, 246, 246, 246, 246, 246, 246, 246, 246, 246, 246, 132, 132, 355, 182, 182, 98, 414, 414, 414, 414, 414, 414, 414, 414, 320, 320, 320, 287, 153, 284, 284, 250, 35, 182, 182, 414, 414, 414, 414, 414, 392, 320, 320, 320, 287, 284, 284, 284, 171, 171, 171, 324, 324, 324, 246, 246, 246, 246, 246, 246, 246, 246, 246, 246, 246, 246, 246, 246, 246, 246, 246, 246, 246, 246, 246, 246, 246, 246, 246, 246, 246, 246, 246, 246, 246, 246, 246, 246, 246, 246, 246, 246, 246, 246, 246, 246, 246, 246, 246, 246, 246, 246, 246, 246, 246, 246, 246, 246, 246, 246, 246, 246, 246, 246, 246, 246, 246, 246, 246, 246, 246, 246, 246, 246, 246, 246, 246, 246, 246, 246, 246, 246, 246, 246, 246, 246, 246, 246, 246, 246, 246, 246, 246, 246, 246, 246, 246, 246, 246, 246, 246, 246, 246, 246, 246, 246, 246, 246, 246, 246, 246, 246, 246, 246, 246, 246, 246, 246, 246, 246, 246, 246, 246, 246, 246, 246, 246, 246, 246, 246, 246, 246, 246, 246, 246, 246, 246, 246, 246, 246, 246, 246, 246, 246, 246, 246, 246, 246, 246, 246, 246, 246, 246, 246, 246, 246, 246, 246, 246, 246, 246, 246, 246, 246, 246, 246, 246, 246, 246, 246, 246, 246, 246, 246, 246, 246, 246, 246, 246, 246, 246, 246, 246, 246, 246, 246, 246, 246, 246, 246, 246, 246, 246, 246, 246, 246, 246, 246, 246, 246, 246, 246, 246, 246, 246, 246, 246, 246, 246, 246, 246, 246, 246, 246, 246, 246, 246, 246, 246, 246, 246, 246, 246, 246, 246, 246, 246, 246, 246, 246, 246, 246, 246, 246, 246, 246, 246, 246, 246, 246, 246, 246, 246, 246, 246, 246, 246, 246, 246, 246, 246, 246, 246, 246, 246, 246, 246, 246, 246, 246, 246, 246, 246, 246, 246, 246, 246]

ep21
Train step Loss: [4.427549839019775, 4.400699138641357, 4.380749702453613, 4.457978248596191, 4.391606330871582, 4.422526836395264, 4.381161689758301, 4.524220943450928, 4.386528491973877, 4.531970500946045, 4.486903667449951, 4.391732692718506, 4.448161602020264, 4.45856237411499, 4.489599227905273, 4.481993675231934, 4.394901275634766, 4.418726921081543, 4.45793342590332, 4.3099188804626465, 4.433432579040527, 4.522734642028809, 4.400792121887207, 4.518260478973389, 4.60710334777832, 4.256908416748047, 4.44003438949585, 4.40487813949585, 4.364686012268066, 4.325011253356934, 4.420449256896973, 4.405392646789551, 4.391501426696777, 4.348730564117432, 4.3967719078063965, 4.356424808502197, 4.479499816894531, 4.281223297119141, 4.515261650085449, 4.444112777709961, 4.323054313659668, 4.401797294616699, 4.238605499267578, 4.403013229370117, 4.435180187225342, 4.342966556549072, 4.39176607131958, 4.494729518890381, 4.2706828117370605, 4.383091449737549, 4.339201927185059, 4.377930164337158, 4.3502631187438965, 4.352593898773193, 4.3029704093933105, 4.353720188140869, 4.33599328994751, 4.449581623077393, 4.3319196701049805, 4.328113555908203, 4.3150153160095215, 4.375114917755127, 4.291502475738525]
val step Loss: [4.802984237670898, 4.786042213439941, 4.7559428215026855, 4.909436225891113, 4.80990743637085, 4.723658561706543, 4.724738121032715, 4.699532508850098, 4.7131147384643555, 4.709341049194336, 4.691896438598633, 4.753322124481201, 4.665020942687988, 4.676298141479492, 4.696289539337158, 4.837237358093262]
Train step Accs: [0.15376692171865802, 0.15454672831722013, 0.1459521094640821, 0.12387048192771084, 0.15073099415204677, 0.1350046923180051, 0.15440457908697472, 0.1194429566148902, 0.14622505062192653, 0.13382286827513862, 0.13695773081201335, 0.15767523207318715, 0.13925259138025095, 0.13631269263098908, 0.12800111669458403, 0.14001862775535548, 0.15282340059440014, 0.1551224651040295, 0.14073734128805263, 0.17039768238082698, 0.14075337157029919, 0.13341844877114586, 0.152717997768213, 0.13145138294838893, 0.11242127830631113, 0.17848082375764812, 0.15499837186584176, 0.1373425436814303, 0.1343147472642001, 0.1553095275222205, 0.15069637883008358, 0.1487652484379649, 0.1486464580969363, 0.15185808227557732, 0.12478184991273997, 0.15852470424495477, 0.13232307451960632, 0.16481099656357387, 0.12211267605633803, 0.143635231870526, 0.16459099915086328, 0.14625850340136054, 0.17580179874427287, 0.15582058594762768, 0.13866120218579234, 0.15427535221090807, 0.15437594490173023, 0.11031298101590559, 0.17202058128215825, 0.14824927722454223, 0.15090963316433045, 0.15465268676277852, 0.15508752735229758, 0.14009038089089734, 0.15438494090179483, 0.14875309902289632, 0.1457900207900208, 0.14204185161699429, 0.1401190649048933, 0.15471299448292053, 0.16126760563380282, 0.15332581736189402, 0.17940283400809717]
val step Accs: [0.09884786593349044, 0.0980046151757839, 0.10123889375547492, 0.08274697438784126, 0.0903992522366137, 0.1040339702760085, 0.10389437183248866, 0.10573737909102955, 0.10474951203643461, 0.1131543459605247, 0.09980779791323449, 0.10067114093959731, 0.10704715969989281, 0.10680028632784538, 0.09546344647519582, 0.09845515333179618]
Preds: [17, 17, 284, 284, 284, 284, 35, 35, 414, 17, 287, 284, 284, 284, 284, 284, 284, 284, 284, 284, 240, 35, 35, 35, 414, 414, 35, 284, 284, 213, 213, 246, 246, 246, 246, 246, 246, 324, 35, 35, 414, 414, 414, 414, 414, 170, 392, 392, 392, 392, 392, 392, 392, 392, 73, 73, 73, 73, 73, 73, 73, 73, 73, 73, 73, 73, 73, 73, 320, 320, 320, 287, 287, 287, 284, 284, 171, 171, 171, 171, 171, 171, 171, 171, 240, 250, 250, 35, 454, 414, 414, 182, 182, 182, 182, 182, 182, 182, 387, 387, 387, 284, 284, 284, 324, 324, 324, 324, 324, 324, 324, 19, 35, 35, 250, 246, 246, 246, 246, 246, 246, 246, 246, 246, 19, 250, 246, 246, 324, 324, 324, 250, 250, 250, 250, 35, 132, 132, 132, 355, 355, 355, 246, 213, 213, 246, 19, 35, 355, 355, 355, 250, 250, 250, 250, 250, 35, 35, 355, 182, 182, 35, 250, 246, 246, 324, 324, 324, 324, 324, 246, 250, 250, 250, 250, 246, 246, 246, 246, 19, 355, 355, 182, 182, 182, 182, 355, 246, 213, 213, 246, 246, 246, 246, 246, 19, 132, 246, 246, 246, 246, 324, 19, 132, 355, 98, 98, 182, 182, 182, 182, 182, 182, 182, 153, 387, 387, 387, 35, 35, 35, 35, 35, 35, 182, 182, 182, 98, 98, 414, 414, 414, 414, 170, 392, 392, 392, 392, 392, 392, 73, 73, 73, 73, 73, 73, 392, 63, 392, 63, 63, 63, 63, 63, 63, 63, 63, 63, 63, 63, 63, 63, 73, 73, 320, 320, 320, 320, 320, 320, 287, 287, 287, 287, 287, 153, 153, 153, 153, 182, 153, 284, 284, 284, 171, 171, 171, 171, 171, 246, 246, 246, 250, 250, 250, 250, 250, 250, 132, 132, 132, 132, 182, 182, 182, 182, 182, 387, 324, 213, 213, 213, 246, 246, 246, 246, 246, 246, 246, 246, 246, 246, 19, 414, 414, 414, 414, 414, 170, 170, 392, 392, 392, 392, 392, 73, 73, 73, 73, 73, 73, 73, 392, 392, 392, 63, 63, 63, 63, 63, 63, 63, 63, 63, 63, 63, 63, 63, 63, 63, 73, 63, 63, 63, 63, 63, 73, 73, 73, 320, 320, 320, 7, 7, 287, 287, 284, 284, 284, 284, 171, 171, 171, 35, 35, 35, 35, 35, 182, 182, 182, 182, 387, 284, 324, 213, 213, 246, 246, 250, 250, 250, 250, 250, 250, 250, 19, 132, 48, 414, 414, 414, 414, 182, 182, 182, 153, 284, 213, 213, 246, 246, 246, 246, 246, 246, 246, 246, 246, 250, 250, 250, 250, 250, 250, 132, 132, 250, 250, 250, 250, 250, 250, 246, 246, 246, 324, 246, 246, 246, 246, 246, 19, 19, 250, 250, 132, 132, 355, 355, 182, 182, 182, 182, 182, 182, 182, 182, 182, 182, 182, 182, 182, 182, 182, 182, 182, 182, 182, 182, 182, 182, 153, 182, 182, 182, 182, 182, 182, 182, 182, 182, 387, 250, 250, 250, 250, 250, 250, 250, 246, 246, 246, 246, 246, 246, 246, 246, 246, 246, 246, 246, 19, 19, 246, 246, 246, 246, 246, 19, 19, 355, 414, 414, 414, 414, 414, 182, 153, 284, 246, 246, 246, 246, 246, 246, 246, 246, 246, 246, 246, 250, 250, 250, 250, 250, 250, 250, 250, 250, 250, 250, 250, 250, 250, 250, 250, 250, 250, 250, 250, 250, 250, 250, 250, 250, 250, 250, 250, 250, 250, 250, 250, 250, 250, 250, 250, 250, 250, 250, 250, 250, 250, 250, 250, 250, 250, 250, 250, 250, 250, 250, 250, 250, 250, 250, 250, 250, 250, 250]

ep22
Train step Loss: [4.31095027923584, 4.444190502166748, 4.3838958740234375, 4.292812824249268, 4.193224906921387, 4.343759059906006, 4.247184753417969, 4.2915849685668945, 4.405116558074951, 4.324731826782227, 4.278366565704346, 4.330537796020508, 4.305375099182129, 4.2869062423706055, 4.340597629547119, 4.302750587463379, 4.360045433044434, 4.285684585571289, 4.2663350105285645, 4.278187274932861, 4.40979528427124, 4.307643890380859, 4.312945365905762, 4.4068169593811035, 4.272062301635742, 4.348954677581787, 4.305943489074707, 4.272156238555908, 4.272233486175537, 4.287837505340576, 4.093428611755371, 4.258676052093506, 4.298696994781494, 4.186812877655029, 4.3208231925964355, 4.27424955368042, 4.266518592834473, 4.25383186340332, 4.34700345993042, 4.318656921386719, 4.2745819091796875, 4.34510612487793, 4.1705641746521, 4.200551986694336, 4.341445446014404, 4.2332892417907715, 4.277161121368408, 4.318725109100342, 4.258114814758301, 4.3944621086120605, 4.216578483581543, 4.372188568115234, 4.28122615814209, 4.191575050354004, 4.256557941436768, 4.274284839630127, 4.16979455947876, 4.220533847808838, 4.312506198883057, 4.137200832366943, 4.2766828536987305, 4.257521629333496, 4.211301803588867]
val step Loss: [4.706854820251465, 4.560682773590088, 4.583490371704102, 4.641819477081299, 4.576892852783203, 4.651998043060303, 4.57058572769165, 4.612373352050781, 4.766091346740723, 4.5688629150390625, 4.755451679229736, 4.5858378410339355, 4.606873035430908, 4.563796043395996, 4.619269371032715, 4.7432942390441895]
Train step Accs: [0.15619604197104528, 0.15644458281444582, 0.13619541080680977, 0.14477571850658072, 0.17150063051702397, 0.14543132803632236, 0.15785565785565786, 0.15643410852713177, 0.13213871342013664, 0.14358365824716054, 0.1598553913863565, 0.15674518201284796, 0.15441663355846907, 0.1741160773849233, 0.1533944428530507, 0.15624458686991166, 0.13929479034307496, 0.15678607467204844, 0.15748963883955003, 0.17068352429869615, 0.14413285289049035, 0.154281098546042, 0.15655577299412915, 0.142456533931576, 0.15398450470392916, 0.1600644122383253, 0.15952620967741934, 0.16539122286428237, 0.17094583402352162, 0.165994156115208, 0.1884844473858372, 0.1640346408558329, 0.16147893379191747, 0.18270611893134156, 0.1549636803874092, 0.16432865731462926, 0.1786214407966392, 0.17020081449234659, 0.14536557282671272, 0.1678137355396105, 0.15298701298701298, 0.16008670072766681, 0.17996956702171807, 0.175927183806548, 0.14919037887124667, 0.1694937200569727, 0.16290842153704557, 0.15917095638038473, 0.15581203627370158, 0.13851992409867173, 0.1726504751847941, 0.14038286235186873, 0.1586290567182287, 0.1765997949919461, 0.1681655960028551, 0.1560581099296091, 0.18857739857217481, 0.1687732342007435, 0.16313432835820896, 0.19502262443438914, 0.1488318430920104, 0.1542470036477332, 0.1715282181357007]
val step Accs: [0.09934790947449175, 0.12142857142857143, 0.10376398779247202, 0.10639137296159916, 0.1167499342624244, 0.1, 0.11338338079213046, 0.10794967114669717, 0.0855461085676913, 0.12113003095975232, 0.09250372331623366, 0.12947848941762347, 0.10761968981793661, 0.13136079581686008, 0.10095267363245236, 0.09201213346814964]
Preds: [17, 17, 17, 284, 284, 284, 284, 284, 240, 240, 240, 240, 240, 250, 250, 250, 250, 250, 35, 35, 35, 35, 35, 250, 284, 284, 284, 250, 35, 35, 35, 35, 35, 182, 182, 182, 182, 387, 35, 35, 35, 35, 250, 250, 250, 35, 35, 98, 98, 98, 98, 98, 98, 182, 182, 182, 182, 182, 182, 182, 182, 182, 287, 387, 387, 387, 387, 35, 35, 35, 35, 182, 182, 267, 284, 284, 324, 324, 250, 35, 98, 98, 98, 98, 98, 182, 182, 182, 182, 182, 387, 284, 213, 213, 246, 246, 246, 246, 246, 246, 246, 246, 246, 246, 19, 19, 454, 414, 182, 182, 250, 246, 246, 246, 250, 250, 250, 250, 250, 250, 250, 250, 246, 324, 246, 246, 246, 19, 19, 132, 132, 132, 132, 132, 98, 98, 414, 414, 182, 182, 267, 213, 213, 246, 246, 246, 246, 246, 246, 246, 19, 19, 132, 132, 132, 132, 250, 250, 246, 246, 246, 246, 246, 246, 250, 250, 250, 250, 250, 250, 132, 132, 132, 132, 182, 182, 182, 182, 182, 182, 250, 267, 250, 250, 250, 250, 132, 132, 182, 182, 182, 182, 182, 182, 182, 182, 182, 182, 153, 250, 267, 250, 324, 213, 246, 324, 250, 250, 250, 250, 132, 35, 414, 414, 414, 414, 414, 170, 170, 392, 392, 392, 392, 73, 73, 320, 320, 320, 320, 320, 320, 320, 320, 320, 320, 320, 320, 320, 320, 320, 392, 392, 63, 63, 392, 63, 63, 392, 63, 63, 63, 63, 73, 73, 73, 320, 320, 320, 320, 7, 287, 287, 284, 284, 171, 171, 171, 171, 246, 246, 246, 246, 246, 246, 246, 246, 246, 246, 246, 246, 246, 19, 19, 454, 98, 182, 182, 246, 246, 246, 246, 246, 246, 246, 19, 19, 19, 132, 132, 355, 98, 414, 98, 182, 267, 213, 213, 246, 246, 246, 246, 246, 246, 246, 19, 19, 132, 250, 250, 132, 132, 132, 182, 182, 182, 182, 182, 182, 182, 182, 182, 182, 182, 182, 182, 250, 250, 250, 250, 250, 250, 250, 250, 250, 132, 132, 132, 132, 132, 250, 132, 132, 98, 98, 414, 414, 414, 414, 414, 414, 414, 414, 47, 47, 320, 320, 320, 320, 320, 320, 287, 287, 153, 153, 153, 153, 387, 387, 387, 387, 182, 182, 182, 182, 182, 182, 182, 182, 387, 182, 182, 182, 182, 182, 182, 182, 182, 153, 387, 182, 387, 267, 267, 324, 246, 246, 246, 246, 246, 246, 246, 246, 246, 250, 250, 132, 355, 98, 98, 98, 182, 182, 182, 182, 182, 284, 213, 213, 246, 246, 246, 246, 246, 246, 246, 19, 454, 414, 414, 182, 182, 250, 250, 250, 132, 132, 132, 132, 132, 132, 132, 132, 267, 213, 246, 246, 246, 246, 246, 246, 246, 246, 246, 19, 19, 19, 132, 132, 355, 132, 132, 355, 250, 250, 250, 250, 250, 250, 250, 132, 132, 132, 132, 132, 132, 132, 182, 182, 182, 182, 182, 182, 182, 182, 153, 267, 213, 246, 246, 246, 19, 250, 250, 250, 250, 250, 250, 250, 250, 250, 250, 246, 246, 246, 246, 246, 246, 246, 246, 246, 246, 246, 246, 246, 246, 246, 246, 246, 246, 246, 246, 246, 246, 246, 246, 246, 246, 246, 246, 246, 246, 246, 246, 246, 246, 246, 246, 246, 246, 246, 246, 246, 246, 246, 246, 246, 246, 246, 246, 246, 246, 246, 246, 246, 246, 246, 246, 246, 246, 246, 246, 246, 246, 246, 246, 246, 246, 246, 246, 246, 246, 246, 246, 246, 246, 246, 246, 246, 246, 246, 246, 246, 246, 246, 246, 246, 246, 246, 246, 246]

ep23
Train step Loss: [4.253398895263672, 4.265579700469971, 4.32086181640625, 4.084378242492676, 4.2461018562316895, 4.140895366668701, 4.191160202026367, 4.260054111480713, 4.289032936096191, 4.22416353225708, 4.268105983734131, 4.285691261291504, 4.098959922790527, 4.236522674560547, 4.255770206451416, 4.170814037322998, 4.169698715209961, 4.320037841796875, 4.182374477386475, 4.239485263824463, 4.292901039123535, 4.182121276855469, 4.230602264404297, 4.166116237640381, 4.212738513946533, 4.157933712005615, 4.061622142791748, 4.088387966156006, 4.149496555328369, 4.158685207366943, 4.208712577819824, 4.174962520599365, 4.186832904815674, 4.102234840393066, 4.181023597717285, 4.174590587615967, 4.226241111755371, 4.201590538024902, 4.113260746002197, 4.185763359069824, 4.155481815338135, 4.165069103240967, 4.1464338302612305, 4.103418827056885, 4.114373207092285, 4.268227577209473, 4.1483917236328125, 4.107524871826172, 4.138566493988037, 4.106142520904541, 4.072772026062012, 4.2472147941589355, 4.240725994110107, 4.257399559020996, 4.073509216308594, 4.058616638183594, 4.126368522644043, 4.242299556732178, 3.9917280673980713, 4.035078048706055, 4.177061557769775, 4.071290969848633, 4.206132411956787]
val step Loss: [4.5695271492004395, 4.564699172973633, 4.5392680168151855, 4.532073974609375, 4.610685348510742, 4.432229995727539, 4.567707538604736, 4.602560997009277, 4.624496936798096, 4.600680828094482, 4.543400764465332, 4.505374431610107, 4.495110034942627, 4.492730140686035, 4.435204982757568, 4.456825256347656]
Train step Accs: [0.14843633098907677, 0.16112393104384418, 0.152871105681124, 0.18762725137039937, 0.15919140871762477, 0.17915831663326653, 0.173919729355682, 0.157035848047084, 0.15620582414475545, 0.17131474103585656, 0.1689432063263839, 0.1444860980943455, 0.1803203134001613, 0.16403876753941848, 0.16185399081889532, 0.17209751387883176, 0.1746031746031746, 0.14342413855313008, 0.16992665036674817, 0.16648531011969533, 0.16104032575857086, 0.1800450112528132, 0.16072686293844204, 0.18566869741804468, 0.17810889848210557, 0.17295695570804742, 0.19656462113866185, 0.18950837681955507, 0.17272449602932194, 0.16199158485273493, 0.17246025330099704, 0.17324232081911262, 0.17239798257679964, 0.18486768542676107, 0.17063253012048193, 0.1745320748680211, 0.16525679758308157, 0.1695683979517191, 0.17092536451566334, 0.17749070960891877, 0.16748028539241458, 0.18575462817696894, 0.15528434172942093, 0.18310072815533981, 0.18240461158385946, 0.1692823608316566, 0.18950276243093922, 0.18125345113197128, 0.17541070482246954, 0.19514736528728788, 0.19071105630908344, 0.15808297567954221, 0.16546957582328228, 0.15425531914893617, 0.1852437417654809, 0.19507822685788787, 0.18389507826822732, 0.16080901856763927, 0.22275995575221239, 0.2049848218565266, 0.1824445775913721, 0.17438248779766308, 0.1691986893059279]
val step Accs: [0.10804165461382702, 0.11398453970484891, 0.11184703824043989, 0.1240126382306477, 0.11231644397407065, 0.14324048044978277, 0.10625737898465171, 0.10577498503889886, 0.11147079521463758, 0.11395726602524053, 0.11546920821114369, 0.1233105754493521, 0.12189859762675297, 0.12700943270891457, 0.12078395624430265, 0.12797739200645944]
Preds: [17, 17, 287, 287, 387, 387, 387, 284, 284, 284, 284, 284, 443, 443, 240, 240, 240, 240, 240, 240, 240, 240, 240, 240, 250, 240, 240, 324, 324, 240, 35, 454, 414, 414, 414, 414, 182, 387, 284, 284, 284, 324, 324, 240, 250, 250, 250, 240, 324, 324, 324, 246, 246, 246, 246, 19, 35, 240, 324, 246, 246, 246, 240, 240, 19, 35, 250, 250, 250, 250, 250, 35, 35, 182, 182, 182, 182, 182, 182, 182, 182, 182, 182, 182, 182, 182, 182, 182, 182, 387, 387, 387, 250, 250, 35, 250, 250, 250, 250, 250, 35, 250, 250, 250, 250, 250, 250, 250, 250, 35, 35, 182, 182, 98, 98, 98, 414, 414, 414, 414, 414, 392, 392, 392, 392, 392, 392, 392, 392, 392, 392, 73, 73, 73, 73, 73, 320, 320, 320, 320, 320, 73, 73, 73, 73, 73, 320, 320, 320, 320, 320, 320, 320, 287, 287, 284, 284, 284, 171, 171, 171, 240, 240, 250, 250, 250, 250, 35, 35, 132, 182, 182, 182, 182, 182, 182, 182, 182, 153, 267, 213, 213, 213, 246, 246, 246, 246, 246, 246, 246, 246, 246, 246, 246, 246, 246, 246, 19, 19, 19, 132, 250, 250, 250, 250, 250, 250, 250, 250, 324, 213, 246, 246, 246, 246, 246, 246, 246, 246, 246, 246, 246, 240, 240, 240, 250, 250, 250, 250, 240, 250, 250, 250, 250, 250, 250, 250, 250, 250, 250, 250, 250, 250, 250, 132, 132, 98, 48, 414, 414, 414, 414, 414, 414, 392, 392, 392, 392, 392, 392, 392, 392, 392, 73, 73, 392, 392, 392, 392, 73, 73, 73, 73, 320, 320, 320, 7, 287, 287, 387, 387, 387, 387, 387, 387, 284, 284, 264, 240, 250, 250, 250, 324, 213, 324, 240, 250, 250, 250, 132, 355, 355, 132, 250, 250, 250, 250, 250, 264, 250, 132, 132, 250, 250, 250, 250, 250, 250, 35, 98, 98, 182, 182, 387, 250, 250, 250, 250, 324, 213, 324, 240, 250, 250, 240, 324, 250, 132, 355, 98, 98, 182, 182, 182, 182, 387, 267, 250, 132, 98, 414, 414, 414, 414, 170, 170, 392, 392, 392, 392, 392, 73, 320, 73, 73, 73, 73, 73, 73, 73, 392, 392, 392, 73, 392, 392, 73, 73, 73, 73, 320, 320, 320, 7, 287, 284, 284, 284, 171, 171, 240, 35, 35, 182, 182, 182, 182, 182, 153, 387, 387, 284, 284, 213, 213, 246, 324, 19, 19, 35, 98, 182, 182, 182, 182, 182, 153, 387, 250, 267, 324, 324, 324, 19, 250, 250, 250, 250, 250, 250, 250, 250, 250, 250, 250, 132, 132, 132, 132, 182, 182, 182, 182, 182, 182, 182, 182, 182, 182, 387, 387, 387, 250, 250, 250, 250, 250, 250, 250, 250, 250, 324, 324, 324, 19, 35, 48, 414, 414, 414, 414, 414, 170, 392, 392, 392, 73, 73, 73, 392, 392, 392, 392, 392, 392, 392, 73, 73, 320, 320, 320, 7, 287, 287, 153, 153, 153, 284, 284, 284, 284, 264, 264, 324, 324, 324, 324, 324, 324, 324, 324, 240, 240, 240, 240, 250, 250, 250, 324, 324, 324, 19, 19, 454, 414, 414, 414, 414, 7, 284, 284, 324, 324, 324, 324, 324, 324, 324, 324, 324, 324, 324, 324, 324, 324, 324, 324, 324, 324, 324, 324, 324, 324, 324, 324, 324, 324, 324, 324, 324, 324, 324, 324, 324, 324, 324, 324, 324, 324, 324, 324, 324, 324, 324, 324, 324, 324, 324, 324, 324, 324, 324, 324, 324, 324, 324, 324, 324, 324, 324, 324, 324, 324, 324, 324, 324, 324, 324, 324, 324]

ep24
Train step Loss: [4.22213077545166, 4.012123107910156, 4.049114227294922, 4.086452007293701, 4.110971927642822, 4.126966953277588, 4.124114513397217, 4.188560485839844, 4.230972766876221, 4.180598258972168, 4.053969383239746, 4.166729927062988, 4.166328430175781, 4.132932186126709, 4.191368103027344, 4.1381001472473145, 3.9478371143341064, 4.038911819458008, 4.173839092254639, 4.147408485412598, 4.019052028656006, 4.001115798950195, 4.052384376525879, 4.152776718139648, 4.129802227020264, 4.1458353996276855, 4.1602020263671875, 4.056002616882324, 4.022965908050537, 4.066455364227295, 4.011877536773682, 4.082666873931885, 4.10347843170166, 4.077008247375488, 4.111382007598877, 4.0967326164245605, 4.169218063354492, 4.018712520599365, 3.971517562866211, 4.030440330505371, 4.1049275398254395, 4.074748992919922, 4.088684558868408, 4.153688907623291, 3.9397225379943848, 4.030786514282227, 3.972330331802368, 4.070524215698242, 4.0890655517578125, 4.024599075317383, 4.252740383148193, 4.0273237228393555, 4.044216632843018, 3.9616520404815674, 4.0524115562438965, 4.041924476623535, 4.174940586090088, 4.0065693855285645, 4.0314249992370605, 4.003008842468262, 4.085592746734619, 3.997161388397217, 3.9423577785491943]
val step Loss: [4.446374416351318, 4.3555684089660645, 4.446821212768555, 4.4213361740112305, 4.533907413482666, 4.444811820983887, 4.4377760887146, 4.337931156158447, 4.512528419494629, 4.474395751953125, 4.453000068664551, 4.474136829376221, 4.4696455001831055, 4.328803539276123, 4.415619373321533, 4.4422197341918945]
Train step Accs: [0.16080540615087574, 0.19302294013845528, 0.17907471417176282, 0.18686599038974908, 0.1854723848710239, 0.18256175363978408, 0.1884621891388936, 0.16906474820143885, 0.16532428995337006, 0.16629118558152634, 0.20051487414187644, 0.16399595784610943, 0.16401831403178024, 0.1662262156448203, 0.15701219512195122, 0.17268746579091407, 0.22307014969181096, 0.2029137682110513, 0.2001529344293634, 0.1741830065359477, 0.19568701733935598, 0.20706424366521628, 0.19694930462090623, 0.1709090909090909, 0.1682858038232529, 0.1788289080358713, 0.17597840755735492, 0.19799968745116425, 0.18229760547320412, 0.1826558265582656, 0.19633630812588068, 0.17431761786600497, 0.1770702634880803, 0.2040844298245614, 0.191831847811627, 0.19140625, 0.17906574394463667, 0.20203853672158614, 0.2000531702778147, 0.18483477307006718, 0.1808446455505279, 0.1935171076326361, 0.17027944633063463, 0.17724358974358975, 0.23533007334963324, 0.18773677564192506, 0.20300855644493512, 0.18967642526964562, 0.19334064127158127, 0.18876655497048028, 0.14920303109485236, 0.19454874148240855, 0.1880968858131488, 0.2054013503375844, 0.1846990188278971, 0.19906826733560293, 0.16062322946175636, 0.1981587023235423, 0.1935752330226365, 0.19223510380156375, 0.17286858219500706, 0.18286677034733023, 0.20478017114192978]
val step Accs: [0.12041074694049796, 0.14916151809355693, 0.13504781597311966, 0.12860461937952714, 0.12051356871899621, 0.1255338423709072, 0.12662384011420413, 0.15173453996983408, 0.11723226090788894, 0.12151748666271488, 0.1364799181376311, 0.12495490078171978, 0.12911227154046998, 0.14467408585055644, 0.1291819291819292, 0.13713910761154854]
Preds: [17, 17, 284, 284, 284, 284, 35, 35, 35, 35, 182, 387, 387, 387, 284, 284, 240, 284, 284, 284, 284, 284, 35, 35, 414, 414, 414, 414, 414, 414, 47, 320, 320, 287, 287, 287, 182, 287, 387, 284, 284, 284, 284, 240, 250, 250, 240, 240, 240, 324, 324, 240, 240, 240, 35, 35, 35, 324, 213, 246, 246, 19, 35, 35, 35, 182, 250, 267, 250, 35, 132, 132, 182, 182, 132, 132, 250, 250, 284, 213, 213, 246, 246, 246, 246, 240, 19, 35, 35, 98, 98, 182, 267, 284, 213, 246, 246, 19, 132, 35, 182, 182, 182, 182, 182, 182, 182, 182, 182, 182, 387, 387, 132, 387, 387, 132, 132, 182, 182, 182, 182, 387, 387, 387, 387, 250, 284, 213, 213, 246, 246, 246, 240, 250, 132, 240, 246, 246, 246, 246, 246, 246, 240, 19, 250, 250, 132, 250, 35, 98, 414, 414, 414, 182, 267, 267, 267, 324, 324, 324, 324, 324, 324, 324, 246, 246, 246, 246, 246, 246, 246, 246, 246, 246, 246, 246, 246, 246, 246, 246, 246, 246, 246, 246, 246, 246, 246, 246, 246, 246, 246, 246, 246, 246, 246, 246, 246, 246, 246, 246, 246, 246, 246, 246, 246, 246, 246, 246, 246, 246, 246, 246, 246, 246, 246, 246, 246, 246, 246, 246, 246, 246, 246, 246, 246, 246, 246, 246, 246, 246, 246, 246, 246, 246, 246, 246, 246, 246, 246, 246, 246, 246, 246, 246, 246, 246, 246, 246, 246, 246, 246, 246, 246, 246, 246, 246, 246, 246, 246, 246, 246, 246, 246, 246, 246, 246, 246, 246, 246, 246, 246, 246, 246, 246, 246, 246, 246, 246, 246, 246, 246, 246, 246, 246, 246, 246, 246, 246, 246, 246, 246, 246, 246, 246, 246, 246, 246, 246, 246, 246, 246, 246, 246, 246, 246, 246, 246, 246, 246, 246, 246, 246, 246, 246, 246, 246, 246, 246, 246, 246, 246, 246, 246, 246, 246, 246, 246, 246, 246, 246, 246, 246, 246, 246, 246, 246, 246, 246, 246, 246, 246, 246, 246, 246, 246, 246, 246, 246, 246, 246, 246, 246, 246, 246, 246, 246, 246, 246, 246, 246, 246, 246, 246, 246, 246, 246, 246, 246, 246, 246, 246, 246, 246, 246, 246, 246, 246, 246, 246, 246, 246, 246, 246, 246, 246, 246, 246, 246, 246, 246, 246, 246, 246, 246, 246, 246, 246, 246, 246, 246, 246, 246, 246, 246, 246, 246, 246, 246, 246, 246, 246, 246, 246, 246, 246, 246, 246, 246, 246, 246, 246, 246, 246, 246, 246, 246, 246, 246, 246, 246, 246, 246, 246, 246, 246, 246, 246, 246, 246, 246, 246, 246, 246, 246, 246, 246, 246, 246, 246, 246, 246, 246, 246, 246, 246, 246, 246, 246, 246, 246, 246, 246, 246, 246, 246, 246, 246, 246, 246, 246, 246, 246, 246, 246, 246, 246, 246, 246, 246, 246, 246, 246, 246, 246, 246, 246, 246, 246, 246, 246, 246, 246, 246, 246, 246, 246, 246, 246, 246, 246, 246, 246, 246, 246, 246, 246, 246, 246, 246, 246, 246, 246, 246, 246, 246, 246, 246, 246, 246, 246, 246, 246, 246, 246, 246, 246, 246, 246, 246, 246, 246, 246, 246, 246, 246, 246, 246, 246, 246, 246, 246, 246, 246, 246, 246, 246, 246, 246, 246, 246, 246, 246, 246, 246, 246, 246, 246, 246, 246, 246, 246, 246, 246, 246, 246, 246, 246, 246, 246, 246, 246, 246, 246, 246, 246, 246, 246, 246, 246, 246, 246, 246, 246, 246, 246, 246, 246, 246, 246, 246, 246, 246, 246, 246, 246, 246, 246, 246, 246, 246]

ep25
Train step Loss: [3.999769926071167, 4.017477512359619, 4.0045623779296875, 3.916060209274292, 3.9906136989593506, 4.082167148590088, 3.9742207527160645, 3.958096742630005, 4.031617641448975, 3.909832715988159, 4.018604755401611, 3.887864112854004, 4.1106414794921875, 3.9593818187713623, 3.9859657287597656, 4.094143867492676, 4.066564083099365, 3.998884916305542, 4.022135257720947, 3.8884732723236084, 4.0935235023498535, 3.97623610496521, 3.960547685623169, 4.06182336807251, 4.033516883850098, 3.978060007095337, 4.033558368682861, 3.978783130645752, 3.9537038803100586, 3.9317398071289062, 4.021406650543213, 3.8472936153411865, 4.060237407684326, 4.052309036254883, 3.944046974182129, 3.9670825004577637, 3.9946818351745605, 3.999366283416748, 4.076347827911377, 3.9124836921691895, 4.064548015594482, 3.9421980381011963, 3.9313106536865234, 3.974224090576172, 4.062942028045654, 3.9139368534088135, 3.9904956817626953, 4.00467586517334, 4.010395050048828, 3.9054338932037354, 4.121346950531006, 3.944859504699707, 4.002622604370117, 4.007994174957275, 3.970612049102783, 4.0393967628479, 3.9221320152282715, 4.012478351593018, 3.939098834991455, 3.948268175125122, 3.911742687225342, 3.9690024852752686, 3.9897632598876953]
val step Loss: [4.264652252197266, 4.3517255783081055, 4.370413780212402, 4.403562545776367, 4.300246715545654, 4.454775810241699, 4.2522783279418945, 4.348681449890137, 4.418034553527832, 4.3831610679626465, 4.25575065612793, 4.37086296081543, 4.360038757324219, 4.390475749969482, 4.371659755706787, 4.27197790145874]
Train step Accs: [0.1910963052695336, 0.18937712679390442, 0.2144063891875288, 0.2084752175558078, 0.2069446381257844, 0.18479184367034834, 0.19408208717785555, 0.20141442715700142, 0.1863524649414486, 0.2018957345971564, 0.20221904080171796, 0.20763233483791546, 0.1826377781009161, 0.20005773672055427, 0.19979120448910348, 0.18038597873178416, 0.19043967280163598, 0.1908373316824021, 0.18481348229501987, 0.22451081359423275, 0.1759540156474533, 0.19673447537473232, 0.19490604131076253, 0.18355754857997011, 0.1817246951667401, 0.20184873949579832, 0.18201475451539048, 0.20385756676557865, 0.21768483451342005, 0.2169781438074121, 0.18678201673521486, 0.21212896622313204, 0.178314826910516, 0.18660677827684768, 0.2111703796673988, 0.1945319209848268, 0.19390674970543678, 0.1842933585143217, 0.18463381245722107, 0.20459518599562362, 0.17219458264234383, 0.2110492247478549, 0.1939701173959445, 0.20927467300832342, 0.18199858256555634, 0.21065778517901748, 0.19126846798881939, 0.1852569067906016, 0.19562304600267977, 0.2099644128113879, 0.17018667393377845, 0.21027335536197056, 0.18441011235955057, 0.18432409856605875, 0.20897452476399844, 0.1927178153446034, 0.2116063259704614, 0.18802289740202555, 0.1907187323146576, 0.19808445798868088, 0.1989409074497533, 0.20763116057233705, 0.21535893155258765]
val step Accs: [0.15770058407623733, 0.137227572225038, 0.13398783185840707, 0.13613039541201327, 0.14117489629332264, 0.12781032838261344, 0.15597235932872655, 0.13176996091568957, 0.128973185088293, 0.13753978137539782, 0.1426389737324374, 0.12829462029125044, 0.13689523575033855, 0.12462612163509472, 0.12407539966595085, 0.1469970600587988]
Preds: [17, 17, 287, 287, 284, 284, 284, 284, 240, 240, 35, 35, 35, 35, 35, 182, 182, 182, 182, 182, 182, 182, 182, 182, 182, 387, 387, 182, 98, 98, 414, 414, 414, 414, 414, 320, 287, 287, 284, 284, 284, 284, 240, 250, 250, 250, 250, 250, 324, 324, 324, 324, 240, 250, 35, 132, 250, 250, 132, 132, 132, 132, 132, 132, 387, 250, 267, 250, 250, 250, 250, 250, 250, 240, 250, 250, 250, 250, 132, 250, 132, 132, 132, 132, 132, 182, 182, 98, 98, 98, 414, 414, 182, 287, 267, 267, 267, 250, 132, 132, 132, 132, 132, 387, 267, 267, 324, 324, 324, 264, 324, 240, 19, 19, 35, 355, 98, 182, 182, 182, 182, 182, 182, 182, 267, 267, 267, 324, 213, 246, 246, 246, 240, 240, 250, 250, 250, 250, 250, 324, 213, 240, 19, 132, 132, 250, 250, 250, 250, 250, 250, 324, 264, 240, 250, 132, 132, 250, 250, 132, 355, 98, 182, 182, 182, 182, 182, 267, 267, 267, 213, 213, 246, 246, 246, 246, 246, 19, 19, 132, 132, 132, 250, 324, 213, 246, 240, 19, 48, 48, 98, 182, 182, 182, 182, 132, 387, 267, 267, 324, 324, 324, 264, 434, 19, 19, 98, 48, 98, 182, 182, 182, 182, 267, 267, 267, 213, 213, 246, 246, 246, 246, 246, 434, 434, 434, 324, 324, 434, 434, 240, 250, 19, 35, 355, 355, 355, 132, 132, 387, 250, 355, 98, 98, 182, 182, 182, 182, 182, 132, 267, 213, 213, 324, 324, 264, 19, 454, 414, 414, 414, 170, 170, 170, 392, 392, 73, 320, 320, 320, 47, 73, 73, 73, 73, 73, 73, 73, 73, 392, 392, 392, 392, 73, 73, 73, 320, 320, 320, 320, 287, 287, 287, 387, 387, 153, 153, 153, 153, 387, 387, 387, 387, 387, 250, 250, 132, 132, 132, 284, 213, 213, 213, 246, 246, 464, 434, 434, 434, 240, 19, 250, 250, 132, 250, 250, 250, 250, 250, 264, 213, 213, 246, 19, 19, 19, 98, 48, 48, 182, 182, 182, 267, 213, 324, 240, 240, 250, 35, 355, 98, 98, 182, 182, 182, 182, 182, 182, 182, 182, 387, 267, 213, 213, 213, 246, 246, 246, 246, 246, 246, 246, 246, 19, 454, 454, 414, 414, 414, 414, 414, 170, 47, 47, 47, 47, 73, 73, 73, 73, 73, 73, 73, 73, 73, 73, 73, 73, 320, 320, 7, 287, 7, 284, 284, 240, 35, 35, 35, 182, 153, 387, 387, 387, 35, 98, 98, 182, 182, 182, 182, 182, 387, 153, 153, 182, 182, 182, 182, 182, 182, 182, 182, 98, 98, 414, 414, 414, 414, 47, 47, 320, 320, 320, 287, 287, 387, 387, 284, 284, 213, 213, 213, 246, 246, 246, 246, 19, 454, 355, 264, 246, 246, 246, 19, 355, 355, 355, 182, 132, 132, 387, 250, 324, 213, 324, 324, 240, 250, 132, 132, 132, 132, 182, 182, 182, 182, 182, 98, 98, 414, 414, 414, 414, 414, 170, 392, 392, 392, 392, 73, 73, 73, 73, 73, 73, 73, 73, 73, 73, 73, 73, 73, 73, 73, 73, 320, 320, 320, 7, 287, 287, 284, 284, 240, 35, 35, 35, 182, 182, 182, 182, 153, 284, 284, 213, 213, 246, 246, 246, 246, 246, 19, 19, 132, 132, 132, 132, 182, 182, 387, 267, 267, 324, 324, 324, 324, 240, 19, 19, 48, 98, 182, 182, 267, 267, 250, 250, 250, 250, 250, 132, 250, 264, 355, 132, 132, 132, 132, 132, 267, 267, 324, 240, 250, 132, 132, 132, 250, 250, 132, 132, 132, 132, 182, 182, 387, 250, 250, 250]

ep26
Train step Loss: [3.943566083908081, 3.9946095943450928, 4.0242838859558105, 3.871985673904419, 3.932887077331543, 3.932573080062866, 4.019084930419922, 3.959357738494873, 3.858935594558716, 3.963289737701416, 3.9184298515319824, 3.9015090465545654, 3.9496512413024902, 3.900552749633789, 3.8300223350524902, 3.8386878967285156, 4.001708030700684, 3.9489150047302246, 3.7460715770721436, 3.923258066177368, 3.8392927646636963, 3.98968768119812, 3.9741969108581543, 3.8671514987945557, 3.962085485458374, 3.8613879680633545, 3.9322428703308105, 3.9119229316711426, 3.8551669120788574, 3.9383223056793213, 3.8786447048187256, 4.0915961265563965, 3.9057819843292236, 3.8837413787841797, 3.8788444995880127, 3.869643449783325, 3.8806240558624268, 3.8545644283294678, 4.072295188903809, 3.8319451808929443, 3.8989570140838623, 3.9026405811309814, 3.9441325664520264, 3.8611459732055664, 3.898200750350952, 3.848933696746826, 3.9341187477111816, 3.6691534519195557, 3.7750470638275146, 3.82766056060791, 3.7436885833740234, 3.8902587890625, 3.923438549041748, 3.8855276107788086, 3.9873809814453125, 3.982356309890747, 3.9306015968322754, 3.759460210800171, 3.860492467880249, 3.884134292602539, 3.8382315635681152, 3.933802366256714, 3.936769723892212]
val step Loss: [4.308353900909424, 4.338559150695801, 4.3868207931518555, 4.256315231323242, 4.1831135749816895, 4.215836048126221, 4.230684757232666, 4.26223611831665, 4.298859596252441, 4.285933494567871, 4.202207088470459, 4.264825820922852, 4.319662570953369, 4.242304801940918, 4.246899604797363, 4.232977390289307]
Train step Accs: [0.2080722716013405, 0.19299479532986355, 0.17978983733985893, 0.21397326852976914, 0.20579450418160095, 0.21256495040151158, 0.19069205197945, 0.21193383830576595, 0.21813457330415756, 0.19608987452582433, 0.19662197008767407, 0.2069851829452676, 0.17461383478844864, 0.21574440052700922, 0.2136765389982943, 0.21680927408225228, 0.19448275862068964, 0.2030866868599452, 0.24193548387096775, 0.198941647597254, 0.220114381364207, 0.20029633620689655, 0.18696374204262386, 0.21049034683068513, 0.19442035270309338, 0.19591611479028698, 0.18487830139823924, 0.20153256704980843, 0.21998722860791825, 0.1958614743497629, 0.20512436320047947, 0.1757097261884764, 0.20483641536273114, 0.20480980823640366, 0.19687131050767415, 0.21490972626674432, 0.20823353293413174, 0.21955719557195572, 0.1798354446911323, 0.2105753552294433, 0.20588235294117646, 0.19712351945854484, 0.19031633311814072, 0.2175202998126171, 0.2150086755349913, 0.20818749048851012, 0.19654779351897086, 0.2507327471356248, 0.22914054882295584, 0.20092636958952245, 0.22835104060544317, 0.2022228637413395, 0.19900990099009902, 0.19246031746031747, 0.17901871224399588, 0.18469570892478382, 0.19474713607152835, 0.22982689747003995, 0.20819594912859163, 0.2143899591360187, 0.22634508348794063, 0.1974176888315042, 0.19447092469018112]
val step Accs: [0.1511142061281337, 0.12987398072646406, 0.12895927601809956, 0.14071294559099437, 0.16360220104683934, 0.1482624446531598, 0.14901862732841606, 0.154988575780655, 0.14014055394791236, 0.1366261935635978, 0.14794410104810535, 0.13598721487723375, 0.14518900343642613, 0.1453191178618373, 0.13408989099596835, 0.1572645636656689]
Preds: [17, 17, 287, 284, 284, 284, 284, 284, 284, 35, 35, 35, 35, 387, 387, 284, 250, 250, 250, 240, 443, 250, 35, 35, 35, 35, 35, 182, 387, 387, 284, 284, 284, 464, 240, 35, 35, 35, 182, 387, 387, 267, 213, 213, 246, 246, 246, 19, 19, 454, 414, 414, 414, 414, 414, 170, 392, 392, 47, 73, 47, 47, 392, 392, 73, 73, 73, 320, 320, 320, 320, 320, 320, 47, 392, 392, 73, 73, 320, 320, 320, 287, 287, 287, 287, 387, 284, 284, 284, 284, 240, 240, 240, 240, 250, 250, 250, 132, 250, 250, 250, 132, 132, 250, 132, 132, 250, 250, 324, 324, 324, 324, 464, 240, 240, 19, 35, 35, 98, 98, 182, 267, 267, 324, 264, 264, 264, 264, 264, 264, 464, 464, 464, 464, 464, 464, 464, 464, 464, 464, 464, 464, 240, 240, 240, 250, 250, 250, 250, 240, 264, 324, 464, 464, 464, 464, 240, 19, 250, 250, 132, 250, 250, 250, 250, 250, 250, 264, 324, 264, 240, 250, 250, 250, 250, 250, 324, 324, 324, 464, 19, 19, 35, 98, 98, 98, 98, 182, 182, 387, 387, 387, 250, 132, 98, 98, 182, 182, 182, 182, 182, 98, 182, 182, 182, 153, 153, 153, 387, 387, 182, 182, 182, 98, 98, 98, 98, 182, 182, 182, 182, 182, 98, 182, 182, 153, 387, 153, 182, 387, 182, 182, 182, 182, 387, 387, 387, 267, 267, 267, 267, 213, 246, 246, 434, 19, 250, 240, 264, 464, 246, 246, 246, 246, 246, 246, 246, 19, 19, 19, 454, 355, 355, 132, 132, 267, 324, 240, 250, 250, 264, 324, 324, 324, 19, 19, 454, 414, 414, 414, 414, 414, 47, 392, 392, 47, 47, 47, 73, 320, 320, 320, 320, 287, 320, 47, 47, 47, 47, 47, 47, 47, 73, 320, 320, 320, 320, 320, 320, 320, 287, 284, 284, 284, 284, 171, 171, 171, 171, 464, 434, 434, 240, 240, 240, 240, 250, 250, 324, 246, 246, 246, 464, 19, 19, 132, 132, 132, 132, 132, 267, 324, 213, 246, 464, 19, 132, 132, 132, 132, 132, 132, 132, 387, 250, 267, 213, 213, 213, 246, 246, 246, 246, 246, 246, 246, 301, 19, 19, 19, 132, 264, 464, 246, 464, 434, 19, 355, 98, 98, 182, 182, 182, 182, 387, 387, 387, 132, 132, 132, 387, 250, 267, 250, 250, 250, 250, 250, 132, 132, 132, 132, 132, 182, 267, 267, 267, 324, 324, 464, 464, 246, 246, 464, 464, 301, 240, 250, 464, 246, 246, 246, 246, 246, 246, 246, 246, 246, 246, 246, 434, 19, 19, 19, 250, 250, 19, 454, 414, 414, 414, 414, 414, 414, 392, 47, 47, 47, 392, 392, 47, 73, 73, 73, 73, 73, 73, 73, 73, 73, 320, 320, 320, 7, 320, 320, 287, 287, 287, 284, 284, 284, 171, 171, 171, 464, 464, 464, 464, 464, 464, 464, 464, 464, 464, 464, 464, 464, 240, 240, 19, 250, 132, 132, 250, 250, 250, 250, 250, 324, 264, 250, 250, 250, 250, 250, 250, 250, 250, 132, 355, 355, 355, 98, 414, 414, 414, 414, 414, 170, 392, 392, 392, 392, 73, 73, 73, 73, 73, 73, 73, 73, 73, 73, 73, 73, 73, 73, 73, 73, 320, 320, 7, 287, 287, 284, 284, 213, 171, 240, 240, 35, 35, 35, 98, 182, 182, 182, 182, 182, 182, 182, 182, 182, 387, 387, 387, 153, 153, 182, 182, 182, 182, 182, 182, 182, 182, 387, 387, 387, 387, 387, 250, 132, 132, 35, 182, 182, 182, 153, 387, 267, 267, 267, 324, 264, 240, 240, 250, 132]

