ep1
Train step Loss: [6.217043399810791, 6.211406707763672, 6.207035064697266, 6.203328609466553, 6.1964335441589355, 6.191745281219482, 6.180549621582031, 6.173884868621826, 6.169305801391602, 6.161426544189453, 6.144341945648193, 6.131318092346191, 6.114656925201416, 6.089715480804443, 6.091299533843994, 6.0658440589904785, 6.058636665344238, 6.021697521209717, 6.001532077789307, 5.986972808837891, 5.99930477142334, 5.949856758117676, 5.929408550262451, 5.915230751037598, 5.885206699371338, 5.863602638244629, 5.840312957763672, 5.805703163146973, 5.791475296020508, 5.762752056121826, 5.688826084136963, 5.710008144378662, 5.713037967681885, 5.659054279327393, 5.67979097366333, 5.642012596130371, 5.625141620635986, 5.586122989654541, 5.637991428375244, 5.595127582550049, 5.598412990570068, 5.565751075744629, 5.489331245422363, 5.498095989227295, 5.591142654418945, 5.523131847381592, 5.517250061035156, 5.518116474151611, 5.490364074707031, 5.602377891540527, 5.443800926208496, 5.553812503814697, 5.486743450164795, 5.439253807067871, 5.474747180938721, 5.476971626281738, 5.422028541564941, 5.4190216064453125, 5.494146823883057, 5.372711658477783, 5.507042407989502, 5.476198196411133, 5.410125255584717]
val step Loss: [5.698367118835449, 5.609396457672119, 5.626829624176025, 5.6814093589782715, 5.635952949523926, 5.662156581878662, 5.634231090545654, 5.638771057128906, 5.743598461151123, 5.6278157234191895, 5.720020771026611, 5.63698673248291, 5.6576762199401855, 5.627233982086182, 5.64647102355957, 5.715769290924072]
Train step Accs: [0.008766104396334174, 0.02101494396014944, 0.02768319763138416, 0.02215954875100725, 0.0186352809303629, 0.03305902383654938, 0.02465102465102465, 0.02248062015503876, 0.02281809978084311, 0.018647228343787084, 0.030179188934297392, 0.02726623840114204, 0.021586544828499536, 0.027351567711807873, 0.014752219994270982, 0.04486402217218084, 0.030972045743329096, 0.03910191725529768, 0.03374777975133215, 0.035954168312919796, 0.024126586244712516, 0.03257942918686053, 0.027788649706457925, 0.027201346045989904, 0.02919203099059214, 0.029146537842190016, 0.03490423387096774, 0.049508043104794626, 0.03693887692562531, 0.030332544872686797, 0.0628722700198544, 0.03285787060621498, 0.02407566638005159, 0.053145647802355644, 0.04016521862982481, 0.03653460767689225, 0.0432550178932628, 0.05055469737396433, 0.028929188255613126, 0.022111582955044663, 0.03, 0.026629509211952316, 0.054917692626919354, 0.05053661187338677, 0.028140229523659802, 0.03819759160947818, 0.03635526921306949, 0.03413709021945272, 0.03654850233580654, 0.024193548387096774, 0.04461457233368532, 0.022029778182923124, 0.036851683348498636, 0.04334455996485576, 0.03683083511777302, 0.02291448255204433, 0.047187880898485114, 0.0337546468401487, 0.02507462686567164, 0.05188536953242836, 0.023507355062013267, 0.030918881361820392, 0.031071655041217502]
val step Accs: [0.007415931466564378, 0.011725067385444744, 0.0075570411277430605, 0.005523408732246186, 0.019063896923481462, 0.018710493046776234, 0.016308568470100957, 0.0015727766657134686, 0.0010464355788096795, 0.01238390092879257, 0.005626344530862155, 0.02033476276110112, 0.007147673634524612, 0.020533095268460654, 0.011216963736939152, 0.010717896865520727]
Preds: [63, 63, 63, 63, 63, 63, 63, 63, 63, 63, 63, 63, 63, 63, 63, 63, 63, 63, 63, 63, 63, 63, 63, 63, 63, 63, 63, 63, 63, 63, 63, 63, 63, 63, 63, 63, 63, 63, 63, 63, 63, 63, 63, 63, 63, 63, 63, 63, 63, 63, 63, 63, 63, 63, 63, 63, 63, 63, 63, 63, 63, 63, 63, 63, 63, 63, 63, 63, 63, 63, 63, 63, 63, 63, 63, 63, 63, 63, 63, 63, 63, 63, 63, 63, 63, 63, 63, 63, 63, 63, 63, 63, 63, 63, 63, 63, 63, 63, 63, 63, 63, 63, 63, 63, 63, 63, 63, 63, 63, 63, 63, 63, 63, 63, 63, 63, 63, 63, 63, 63, 63, 63, 63, 63, 63, 63, 63, 63, 63, 63, 63, 63, 63, 63, 63, 63, 63, 63, 63, 63, 63, 63, 63, 63, 63, 63, 63, 63, 63, 63, 63, 63, 63, 63, 63, 63, 63, 63, 63, 63, 63, 63, 63, 63, 63, 63, 63, 63, 63, 63, 63, 63, 63, 63, 63, 63, 63, 63, 63, 63, 63, 63, 63, 63, 63, 63, 63, 63, 63, 63, 63, 63, 63, 63, 63, 63, 63, 63, 63, 63, 63, 63, 63, 63, 63, 63, 63, 63, 63, 63, 63, 63, 63, 63, 63, 63, 63, 63, 63, 63, 63, 63, 63, 63, 63, 63, 63, 63, 63, 63, 63, 63, 63, 63, 63, 63, 63, 63, 63, 63, 63, 63, 63, 63, 63, 63, 63, 63, 63, 63, 63, 63, 63, 63, 63, 63, 63, 63, 63, 63, 63, 63, 63, 63, 63, 63, 63, 63, 63, 63, 63, 63, 63, 63, 63, 63, 63, 63, 63, 63, 63, 63, 63, 63, 63, 63, 63, 63, 63, 63, 63, 63, 63, 63, 63, 63, 63, 63, 63, 63, 63, 63, 63, 63, 63, 63, 63, 63, 63, 63, 63, 63, 63, 63, 63, 63, 63, 63, 63, 63, 63, 63, 63, 63, 63, 63, 63, 63, 63, 63, 63, 63, 63, 63, 63, 63, 63, 63, 63, 63, 63, 63, 63, 63, 63, 63, 63, 63, 63, 63, 63, 63, 63, 63, 63, 63, 63, 63, 63, 63, 63, 63, 63, 63, 63, 63, 63, 63, 63, 63, 63, 63, 63, 63, 63, 63, 63, 63, 63, 63, 63, 63, 63, 63, 63, 63, 63, 63, 63, 63, 63, 63, 63, 63, 63, 63, 63, 63, 63, 63, 63, 63, 63, 63, 63, 63, 63, 63, 63, 63, 63, 63, 63, 63, 63, 63, 63, 63, 63, 63, 63, 63, 63, 63, 63, 63, 63, 63, 63, 63, 63, 63, 63, 63, 63, 63, 63, 63, 63, 63, 63, 63, 63, 63, 63, 63, 63, 63, 63, 63, 63, 63, 63, 63, 63, 63, 63, 63, 63, 63, 63, 63, 63, 63, 63, 63, 63, 63, 63, 63, 63, 63, 63, 63, 63, 63, 63, 63, 63, 63, 63, 63, 63, 63, 63, 63, 63, 63, 63, 63, 63, 63, 63, 63, 63, 63, 63, 63, 63, 63, 63, 63, 63, 63, 63, 63, 63, 63, 63, 63, 63, 63, 63, 63, 63, 63, 63, 63, 63, 63, 63, 63, 63, 63, 63, 63, 63, 63, 63, 63, 63, 63, 63, 63, 63, 63, 63, 63, 63, 63, 63, 63, 63, 63, 63, 63, 63, 63, 63, 63, 63, 63, 63, 63, 63, 63, 63, 63, 63, 63, 63, 63, 63, 63, 63, 63, 63, 63, 63, 63, 63, 63, 63, 63, 63, 63, 63, 63, 63, 63, 63, 63, 63, 63, 63, 63, 63, 63, 63, 63, 63, 63, 63, 63, 63, 63, 63, 63, 63, 63]

ep2
Train step Loss: [5.403304576873779, 5.487424850463867, 5.456140518188477, 5.4104485511779785, 5.352331161499023, 5.395869255065918, 5.355033874511719, 5.407605171203613, 5.457830905914307, 5.421813488006592, 5.389984130859375, 5.411736488342285, 5.395397663116455, 5.416244983673096, 5.424912929534912, 5.398229598999023, 5.443679332733154, 5.405907154083252, 5.390374183654785, 5.40723180770874, 5.489103317260742, 5.411532878875732, 5.412420272827148, 5.437562465667725, 5.383152008056641, 5.429573059082031, 5.406003475189209, 5.38238000869751, 5.399093151092529, 5.384988784790039, 5.2793288230896, 5.3688483238220215, 5.404861927032471, 5.3643598556518555, 5.404860019683838, 5.378200531005859, 5.415050983428955, 5.38715934753418, 5.418151378631592, 5.415706634521484, 5.416480541229248, 5.406221389770508, 5.341441631317139, 5.3639984130859375, 5.45766544342041, 5.394050121307373, 5.399583339691162, 5.411213397979736, 5.381582260131836, 5.502499103546143, 5.369121074676514, 5.463521480560303, 5.4161505699157715, 5.366767883300781, 5.406242370605469, 5.409235000610352, 5.3664445877075195, 5.359241485595703, 5.439884662628174, 5.319672107696533, 5.447164058685303, 5.4305195808410645, 5.360882759094238]
val step Loss: [5.669661521911621, 5.573324203491211, 5.588184356689453, 5.640470027923584, 5.597801208496094, 5.625459671020508, 5.592342853546143, 5.596799850463867, 5.711147785186768, 5.592045783996582, 5.689561367034912, 5.602267742156982, 5.618882656097412, 5.5861358642578125, 5.6106719970703125, 5.6827287673950195]
Train step Accs: [0.028423429406295657, 0.022571606475716065, 0.01628423390081421, 0.0351866774106903, 0.06066974919433936, 0.03064699205448354, 0.04351054351054351, 0.02930232558139535, 0.02462292123243522, 0.03559925411086625, 0.0433825840930525, 0.03297644539614561, 0.028473049927161966, 0.05043362241494329, 0.023918647951876253, 0.03221895028581327, 0.026048284625158832, 0.03910191725529768, 0.03374777975133215, 0.035954168312919796, 0.024126586244712516, 0.03257942918686053, 0.027788649706457925, 0.027201346045989904, 0.02919203099059214, 0.029146537842190016, 0.03490423387096774, 0.049508043104794626, 0.03693887692562531, 0.030332544872686797, 0.0628722700198544, 0.03285787060621498, 0.02407566638005159, 0.053145647802355644, 0.04016521862982481, 0.03653460767689225, 0.0432550178932628, 0.05055469737396433, 0.028929188255613126, 0.022111582955044663, 0.03, 0.026629509211952316, 0.054917692626919354, 0.05053661187338677, 0.028140229523659802, 0.03819759160947818, 0.03635526921306949, 0.03413709021945272, 0.03654850233580654, 0.024193548387096774, 0.04461457233368532, 0.022029778182923124, 0.036851683348498636, 0.04334455996485576, 0.03683083511777302, 0.02291448255204433, 0.047187880898485114, 0.0337546468401487, 0.02507462686567164, 0.05188536953242836, 0.02466109027978079, 0.03352440507208616, 0.03329105897273304]
val step Accs: [0.00946170566423731, 0.013746630727762802, 0.009882284551664003, 0.007627564439768543, 0.021167499342624244, 0.020733249051833123, 0.018379497799637587, 0.0038604518158421503, 0.0031393067364290385, 0.014447884416924664, 0.008274036074797287, 0.022548070272513487, 0.00930546190155091, 0.022573651319984695, 0.013675476336816227, 0.012740141557128413]
Preds: [17, 63, 63, 63, 63, 63, 63, 63, 63, 63, 63, 63, 63, 63, 63, 63, 63, 63, 63, 63, 63, 63, 63, 63, 63, 63, 63, 63, 63, 63, 63, 63, 63, 63, 63, 63, 63, 63, 63, 63, 63, 63, 63, 63, 63, 63, 63, 63, 63, 63, 63, 63, 63, 63, 63, 63, 63, 63, 63, 63, 63, 63, 63, 63, 63, 63, 63, 63, 63, 63, 63, 63, 63, 63, 63, 63, 63, 63, 63, 63, 63, 63, 63, 63, 63, 63, 63, 63, 63, 63, 63, 63, 63, 63, 63, 63, 63, 63, 63, 63, 63, 63, 63, 63, 63, 63, 63, 63, 63, 63, 63, 63, 63, 63, 63, 63, 63, 63, 63, 63, 63, 63, 63, 63, 63, 63, 63, 63, 63, 63, 63, 63, 63, 63, 63, 63, 63, 63, 63, 63, 63, 63, 63, 63, 63, 63, 63, 63, 63, 63, 63, 63, 63, 63, 63, 63, 63, 63, 63, 63, 63, 63, 63, 63, 63, 63, 63, 63, 63, 63, 63, 63, 63, 63, 63, 63, 63, 63, 63, 63, 63, 63, 63, 63, 63, 63, 63, 63, 63, 63, 63, 63, 63, 63, 63, 63, 63, 63, 63, 63, 63, 63, 63, 63, 63, 63, 63, 63, 63, 63, 63, 63, 63, 63, 63, 63, 63, 63, 63, 63, 63, 63, 63, 63, 63, 63, 63, 63, 63, 63, 63, 63, 63, 63, 63, 63, 63, 63, 63, 63, 63, 63, 63, 63, 63, 63, 63, 63, 63, 63, 63, 63, 63, 63, 63, 63, 63, 63, 63, 63, 63, 63, 63, 63, 63, 63, 63, 63, 63, 63, 63, 63, 63, 63, 63, 63, 63, 63, 63, 63, 63, 63, 63, 63, 63, 63, 63, 63, 63, 63, 63, 63, 63, 63, 63, 63, 63, 63, 63, 63, 63, 63, 63, 63, 63, 63, 63, 63, 63, 63, 63, 63, 63, 63, 63, 63, 63, 63, 63, 63, 63, 63, 63, 63, 63, 63, 63, 63, 63, 63, 63, 63, 63, 63, 63, 63, 63, 63, 63, 63, 63, 63, 63, 63, 63, 63, 63, 63, 63, 63, 63, 63, 63, 63, 63, 63, 63, 63, 63, 63, 63, 63, 63, 63, 63, 63, 63, 63, 63, 63, 63, 63, 63, 63, 63, 63, 63, 63, 63, 63, 63, 63, 63, 63, 63, 63, 63, 63, 63, 63, 63, 63, 63, 63, 63, 63, 63, 63, 63, 63, 63, 63, 63, 63, 63, 63, 63, 63, 63, 63, 63, 63, 63, 63, 63, 63, 63, 63, 63, 63, 63, 63, 63, 63, 63, 63, 63, 63, 63, 63, 63, 63, 63, 63, 63, 63, 63, 63, 63, 63, 63, 63, 63, 63, 63, 63, 63, 63, 63, 63, 63, 63, 63, 63, 63, 63, 63, 63, 63, 63, 63, 63, 63, 63, 63, 63, 63, 63, 63, 63, 63, 63, 63, 63, 63, 63, 63, 63, 63, 63, 63, 63, 63, 63, 63, 63, 63, 63, 63, 63, 63, 63, 63, 63, 63, 63, 63, 63, 63, 63, 63, 63, 63, 63, 63, 63, 63, 63, 63, 63, 63, 63, 63, 63, 63, 63, 63, 63, 63, 63, 63, 63, 63, 63, 63, 63, 63, 63, 63, 63, 63, 63, 63, 63, 63, 63, 63, 63, 63, 63, 63, 63, 63, 63, 63, 63, 63, 63, 63, 63, 63, 63, 63, 63, 63, 63, 63, 63, 63, 63, 63, 63, 63, 63, 63, 63, 63, 63, 63, 63, 63, 63, 63, 63, 63, 63, 63, 63, 63, 63, 63, 63, 63, 63, 63, 63, 63, 63, 63, 63, 63, 63, 63, 63, 63, 63, 63, 63, 63, 63]

ep3
Train step Loss: [5.398845672607422, 5.406257629394531, 5.451818466186523, 5.335001468658447, 5.402068138122559, 5.365330219268799, 5.358632564544678, 5.399408340454102, 5.427818775177002, 5.384204387664795, 5.423839569091797, 5.430528163909912, 5.330472469329834, 5.390101909637451, 5.421750068664551, 5.377361297607422, 5.3480424880981445, 5.457358360290527, 5.376852989196777, 5.4158148765563965, 5.42831563949585, 5.3722429275512695, 5.398799419403076, 5.330789566040039, 5.390892028808594, 5.356722354888916, 5.3315277099609375, 5.325132369995117, 5.3812947273254395, 5.399787902832031, 5.379400253295898, 5.376992702484131, 5.397786617279053, 5.345363140106201, 5.3871307373046875, 5.3865532875061035, 5.4261980056762695, 5.418045997619629, 5.385859966278076, 5.384520053863525, 5.386109828948975, 5.406226634979248, 5.364653587341309, 5.326586723327637, 5.34971809387207, 5.459085941314697, 5.3666791915893555, 5.364770412445068, 5.368235111236572, 5.357710838317871, 5.3493266105651855, 5.426052093505859, 5.423479080200195, 5.430484294891357, 5.356129169464111, 5.366806983947754, 5.384008884429932, 5.450804710388184, 5.307961940765381, 5.3248748779296875, 5.41666841506958, 5.319117546081543, 5.440803527832031]
val step Loss: [5.642366886138916, 5.637697696685791, 5.645939826965332, 5.620339870452881, 5.670352458953857, 5.561152458190918, 5.65043306350708, 5.661783695220947, 5.676239967346191, 5.644984722137451, 5.627049446105957, 5.602031707763672, 5.593348979949951, 5.590116024017334, 5.560619354248047, 5.583420753479004]
Train step Accs: [0.02648511147688164, 0.02701235238224515, 0.03207086133170434, 0.05826155050900548, 0.02337334175615919, 0.05651302605210421, 0.04305705059203445, 0.023675762439807384, 0.019508057675996608, 0.036151689538143725, 0.027462257368799425, 0.023742580443611373, 0.048162230671736375, 0.030666859539997107, 0.03257811343106767, 0.03982621288921072, 0.03754313319530711, 0.013710986830236334, 0.05324640043466449, 0.032488729986009636, 0.024694601339813476, 0.03495873968492123, 0.02577827863079307, 0.04134029590948651, 0.029940119760479042, 0.048034934497816595, 0.06649120376783488, 0.04682779456193353, 0.04474648747709224, 0.04474053295932679, 0.02869846402586904, 0.043412969283276454, 0.03606908146110347, 0.0540439806187104, 0.04231927710843374, 0.05023196288593825, 0.033836858006042296, 0.03467446964155084, 0.045185505991049514, 0.03733852415501681, 0.041870071348103645, 0.0387511766551616, 0.03116073747078681, 0.05203276699029126, 0.047488333790831734, 0.017169684775318578, 0.04558011049723757, 0.03851463279955825, 0.030074191838897722, 0.055075915451027094, 0.0393204548568297, 0.03129470672389127, 0.03306681122103266, 0.02690863579474343, 0.04281949934123847, 0.06274445893089961, 0.03751233958538993, 0.020225464190981434, 0.07162610619469026, 0.04281834158811312, 0.033553025763930495, 0.036976778583049846, 0.02710753649091451]
val step Accs: [0.006508533410471507, 0.016303583977512297, 0.009872531867033242, 0.00842548709847288, 0.009128191559730122, 0.026833631484794274, 0.010363373999737637, 0.017055655296229804, 0.00928923293455313, 0.014119705110583532, 0.011241446725317693, 0.018810087780409643, 0.02758514408999846, 0.01820114255347416, 0.014433302947432392, 0.023415421881308032]
Preds: [17, 17, 17, 63, 63, 63, 63, 63, 63, 63, 63, 63, 63, 63, 63, 63, 63, 63, 63, 63, 63, 63, 63, 63, 63, 63, 63, 63, 63, 63, 63, 63, 63, 63, 63, 63, 63, 63, 63, 63, 63, 63, 63, 63, 63, 63, 63, 63, 63, 63, 63, 63, 63, 63, 63, 63, 63, 63, 63, 63, 63, 63, 63, 63, 63, 63, 63, 63, 63, 63, 63, 63, 63, 63, 63, 63, 63, 63, 63, 63, 63, 63, 63, 63, 63, 63, 63, 63, 63, 63, 63, 63, 63, 63, 63, 63, 63, 63, 63, 63, 63, 63, 63, 63, 63, 63, 63, 63, 63, 63, 63, 63, 63, 63, 63, 63, 63, 63, 63, 63, 63, 63, 63, 63, 63, 63, 63, 63, 63, 63, 63, 63, 63, 63, 63, 63, 63, 63, 63, 63, 63, 63, 63, 63, 63, 63, 63, 63, 63, 63, 63, 63, 63, 63, 63, 63, 63, 63, 63, 63, 63, 63, 63, 63, 63, 63, 63, 63, 63, 63, 63, 63, 63, 63, 63, 63, 63, 63, 63, 63, 63, 63, 63, 63, 63, 63, 63, 63, 63, 63, 63, 63, 63, 63, 63, 63, 63, 63, 63, 63, 63, 63, 63, 63, 63, 63, 63, 63, 63, 63, 63, 63, 63, 63, 63, 63, 63, 63, 63, 63, 63, 63, 63, 63, 63, 63, 63, 63, 63, 63, 63, 63, 63, 63, 63, 63, 63, 63, 63, 63, 63, 63, 63, 63, 63, 63, 63, 63, 63, 63, 63, 63, 63, 63, 63, 63, 63, 63, 63, 63, 63, 63, 63, 63, 63, 63, 63, 63, 63, 63, 63, 63, 63, 63, 63, 63, 63, 63, 63, 63, 63, 63, 63, 63, 63, 63, 63, 63, 63, 63, 63, 63, 63, 63, 63, 63, 63, 63, 63, 63, 63, 63, 63, 63, 63, 63, 63, 63, 63, 63, 63, 63, 63, 63, 63, 63, 63, 63, 63, 63, 63, 63, 63, 63, 63, 63, 63, 63, 63, 63, 63, 63, 63, 63, 63, 63, 63, 63, 63, 63, 63, 63, 63, 63, 63, 63, 63, 63, 63, 63, 63, 63, 63, 63, 63, 63, 63, 63, 63, 63, 63, 63, 63, 63, 63, 63, 63, 63, 63, 63, 63, 63, 63, 63, 63, 63, 63, 63, 63, 63, 63, 63, 63, 63, 63, 63, 63, 63, 63, 63, 63, 63, 63, 63, 63, 63, 63, 63, 63, 63, 63, 63, 63, 63, 63, 63, 63, 63, 63, 63, 63, 63, 63, 63, 63, 63, 63, 63, 63, 63, 63, 63, 63, 63, 63, 63, 63, 63, 63, 63, 63, 63, 63, 63, 63, 63, 63, 63, 63, 63, 63, 63, 63, 63, 63, 63, 63, 63, 63, 63, 63, 63, 63, 63, 63, 63, 63, 63, 63, 63, 63, 63, 63, 63, 63, 63, 63, 63, 63, 63, 63, 63, 63, 63, 63, 63, 63, 63, 63, 63, 63, 63, 63, 63, 63, 63, 63, 63, 63, 63, 63, 63, 63, 63, 63, 63, 63, 63, 63, 63, 63, 63, 63, 63, 63, 63, 63, 63, 63, 63, 63, 63, 63, 63, 63, 63, 63, 63, 63, 63, 63, 63, 63, 63, 63, 63, 63, 63, 63, 63, 63, 63, 63, 63, 63, 63, 63, 63, 63, 63, 63, 63, 63, 63, 63, 63, 63, 63, 63, 63, 63, 63, 63, 63, 63, 63, 63, 63, 63, 63, 63, 63, 63, 63, 63, 63, 63, 63, 63, 63, 63, 63, 63, 63, 63, 63, 63, 63, 63, 63, 63, 63, 63, 63, 63, 63, 63, 63, 63, 63, 63, 63, 63, 63, 63, 63, 63, 63, 63, 63]

ep4
Train step Loss: [5.425207614898682, 5.304725646972656, 5.333512306213379, 5.351850509643555, 5.380463600158691, 5.389219284057617, 5.405863285064697, 5.395619869232178, 5.448128700256348, 5.410261631011963, 5.33128547668457, 5.403267860412598, 5.434206485748291, 5.3837432861328125, 5.440913200378418, 5.400186061859131, 5.306513786315918, 5.354700565338135, 5.441188812255859, 5.372305393218994, 5.331604957580566, 5.329484462738037, 5.351174831390381, 5.393259048461914, 5.413132190704346, 5.393622875213623, 5.414175510406494, 5.346588611602783, 5.324347972869873, 5.347124099731445, 5.311286449432373, 5.381405830383301, 5.391176223754883, 5.362022399902344, 5.388221263885498, 5.368244171142578, 5.418528079986572, 5.334997177124023, 5.3242340087890625, 5.3489789962768555, 5.399228572845459, 5.357200622558594, 5.394731044769287, 5.420241355895996, 5.309370517730713, 5.338431358337402, 5.311574935913086, 5.353894233703613, 5.402773857116699, 5.363823413848877, 5.4923272132873535, 5.366196632385254, 5.397505283355713, 5.33622932434082, 5.357970237731934, 5.367791652679443, 5.440974712371826, 5.3436970710754395, 5.364237308502197, 5.410686016082764, 5.392973899841309, 5.342854022979736, 5.348719120025635]
val step Loss: [5.614793300628662, 5.564298629760742, 5.615391254425049, 5.586499214172363, 5.650496482849121, 5.629308223724365, 5.609029293060303, 5.56394624710083, 5.661653518676758, 5.638428211212158, 5.6249566078186035, 5.638733863830566, 5.6276140213012695, 5.542260646820068, 5.618249893188477, 5.634973049163818]
Train step Accs: [0.03475382705833678, 0.05130989547984254, 0.037490029247540545, 0.05605979711692472, 0.033866118056654536, 0.04793063962048094, 0.0526137709355439, 0.029871754770096966, 0.03052140737600678, 0.023514502956913545, 0.05820938215102975, 0.03710119820990328, 0.026528413681659035, 0.03144820295983087, 0.022865853658536585, 0.033524904214559385, 0.06105077781039037, 0.042000262501640635, 0.032880902313133245, 0.03071895424836601, 0.039924231385691386, 0.06373176350140773, 0.049349484073575596, 0.04, 0.022563459730492008, 0.039212238438544045, 0.027125506072874495, 0.042819190498515396, 0.04119156214367161, 0.0443089430894309, 0.048849224988257396, 0.02977667493796526, 0.03089711417816813, 0.04756030701754386, 0.03964347479047493, 0.024966032608695652, 0.030709342560553632, 0.03434794750069813, 0.061943373654127346, 0.03345673933909228, 0.04057315233785822, 0.04432746917855659, 0.030295116218333768, 0.020512820512820513, 0.06127750611246944, 0.03928721762312334, 0.036157880209770905, 0.03266563944530046, 0.025075363113181693, 0.032551460028721876, 0.021557355631042593, 0.058128215825337226, 0.03709342560553633, 0.06661665416354089, 0.027313709891275524, 0.04318222540763304, 0.023087818696883852, 0.03653368405670028, 0.051098535286284955, 0.05001348072256673, 0.025592714711885695, 0.04341627786417833, 0.04485098849218058]
val step Accs: [0.015473343648895766, 0.021056613289622998, 0.018997156888084777, 0.01940686073527402, 0.008462211847096586, 0.009965057590267891, 0.006995003568879372, 0.031825037707390647, 0.005876303804906714, 0.015263781861292234, 0.014709644410335124, 0.008659049909801564, 0.011488250652741514, 0.014452955629426218, 0.015384615384615385, 0.022965879265091863]
Preds: [17, 17, 17, 17, 17, 17, 63, 63, 63, 63, 63, 63, 63, 63, 63, 63, 63, 63, 63, 63, 63, 63, 63, 63, 63, 63, 63, 63, 63, 63, 63, 63, 63, 63, 63, 63, 63, 63, 63, 63, 63, 63, 63, 63, 63, 63, 63, 63, 63, 63, 63, 63, 63, 63, 63, 63, 63, 63, 63, 63, 63, 63, 63, 63, 63, 63, 63, 63, 63, 63, 63, 63, 63, 63, 63, 63, 63, 63, 63, 63, 63, 63, 63, 63, 63, 63, 63, 63, 63, 63, 63, 63, 63, 63, 63, 63, 63, 63, 63, 63, 63, 63, 63, 63, 63, 63, 63, 63, 63, 63, 63, 63, 63, 63, 63, 63, 63, 63, 63, 63, 63, 63, 63, 63, 63, 63, 63, 63, 63, 63, 63, 63, 63, 63, 63, 63, 63, 63, 63, 63, 63, 63, 63, 63, 63, 63, 63, 63, 63, 63, 63, 63, 63, 63, 63, 63, 63, 63, 63, 63, 63, 63, 63, 63, 63, 63, 63, 63, 63, 63, 63, 63, 63, 63, 63, 63, 63, 63, 63, 63, 63, 63, 63, 63, 63, 63, 63, 63, 63, 63, 63, 63, 63, 63, 63, 63, 63, 63, 63, 63, 63, 63, 63, 63, 63, 63, 63, 63, 63, 63, 63, 63, 63, 63, 63, 63, 63, 63, 63, 63, 63, 63, 63, 63, 63, 63, 63, 63, 63, 63, 63, 63, 63, 63, 63, 63, 63, 63, 63, 63, 63, 63, 63, 63, 63, 63, 63, 63, 63, 63, 63, 63, 63, 63, 63, 63, 63, 63, 63, 63, 63, 63, 63, 63, 63, 63, 63, 63, 63, 63, 63, 63, 63, 63, 63, 63, 63, 63, 63, 63, 63, 63, 63, 63, 63, 63, 63, 63, 63, 63, 63, 63, 63, 63, 63, 63, 63, 63, 63, 63, 63, 63, 63, 63, 63, 63, 63, 63, 63, 63, 63, 63, 63, 63, 63, 63, 63, 63, 63, 63, 63, 63, 63, 63, 63, 63, 63, 63, 63, 63, 63, 63, 63, 63, 63, 63, 63, 63, 63, 63, 63, 63, 63, 63, 63, 63, 63, 63, 63, 63, 63, 63, 63, 63, 63, 63, 63, 63, 63, 63, 63, 63, 63, 63, 63, 63, 63, 63, 63, 63, 63, 63, 63, 63, 63, 63, 63, 63, 63, 63, 63, 63, 63, 63, 63, 63, 63, 63, 63, 63, 63, 63, 63, 63, 63, 63, 63, 63, 63, 63, 63, 63, 63, 63, 63, 63, 63, 63, 63, 63, 63, 63, 63, 63, 63, 63, 63, 63, 63, 63, 63, 63, 63, 63, 63, 63, 63, 63, 63, 63, 63, 63, 63, 63, 63, 63, 63, 63, 63, 63, 63, 63, 63, 63, 63, 63, 63, 63, 63, 63, 63, 63, 63, 63, 63, 63, 63, 63, 63, 63, 63, 63, 63, 63, 63, 63, 63, 63, 63, 63, 63, 63, 63, 63, 63, 63, 63, 63, 63, 63, 63, 63, 63, 63, 63, 63, 63, 63, 63, 63, 63, 63, 63, 63, 63, 63, 63, 63, 63, 63, 63, 63, 63, 63, 63, 63, 63, 63, 63, 63, 63, 63, 63, 63, 63, 63, 63, 63, 63, 63, 63, 63, 63, 63, 63, 63, 63, 63, 63, 63, 63, 63, 63, 63, 63, 63, 63, 63, 63, 63, 63, 63, 63, 63, 63, 63, 63, 63, 63, 63, 63, 63, 63, 63, 63, 63, 63, 63, 63, 63, 63, 63, 63, 63, 63, 63, 63, 63, 63, 63, 63, 63, 63, 63, 63, 63, 63, 63, 63, 63, 63, 63, 63, 63, 63, 63, 63, 63, 63, 63, 63, 63, 63, 63, 63, 63, 63, 63, 63, 63]

ep5
Train step Loss: [5.349452018737793, 5.364673614501953, 5.365365028381348, 5.299788475036621, 5.355927467346191, 5.423016548156738, 5.333918571472168, 5.335752964019775, 5.372887134552002, 5.3204145431518555, 5.344022750854492, 5.299371242523193, 5.42003059387207, 5.328400135040283, 5.3501057624816895, 5.422781467437744, 5.416743278503418, 5.338468074798584, 5.37158203125, 5.30073356628418, 5.421313762664795, 5.3418426513671875, 5.343005657196045, 5.4006853103637695, 5.4014387130737305, 5.363687992095947, 5.380468368530273, 5.370673179626465, 5.357078552246094, 5.32512092590332, 5.374109268188477, 5.271164417266846, 5.41469669342041, 5.388098239898682, 5.346502304077148, 5.349663734436035, 5.373899936676025, 5.35818338394165, 5.415093898773193, 5.344727039337158, 5.439266204833984, 5.344576835632324, 5.350898265838623, 5.380941390991211, 5.395761966705322, 5.339850425720215, 5.350837707519531, 5.3690948486328125, 5.421607494354248, 5.347558975219727, 5.464415073394775, 5.344240665435791, 5.399557113647461, 5.40273380279541, 5.385219573974609, 5.427417278289795, 5.35405158996582, 5.398708343505859, 5.358813285827637, 5.387093544006348, 5.342444896697998, 5.3817219734191895, 5.374593257904053]
val step Loss: [5.556513786315918, 5.629798889160156, 5.619246006011963, 5.632718563079834, 5.598613262176514, 5.6722211837768555, 5.5491461753845215, 5.5964860916137695, 5.648454666137695, 5.625642776489258, 5.559717655181885, 5.620327949523926, 5.641068935394287, 5.619842529296875, 5.624205589294434, 5.566580772399902]
Train step Accs: [0.04466989703210176, 0.02663115845539281, 0.04561511288588543, 0.04716862151595409, 0.05536187421559057, 0.03540073633531578, 0.0539293668469615, 0.037057991513437055, 0.02313141535347694, 0.05389302640487475, 0.03775948460987831, 0.053891396525783064, 0.03431728951577723, 0.0447459584295612, 0.033276784549132195, 0.02940790337403177, 0.028757668711656442, 0.043027395140071194, 0.035788676387047906, 0.048109460055907015, 0.020916493693118314, 0.03185224839400428, 0.033856188849200185, 0.03587443946188341, 0.041574849419714996, 0.05260504201680672, 0.03370643602136861, 0.04154302670623145, 0.03507327515231352, 0.06430155210643015, 0.037866969224223515, 0.04414022517911975, 0.020574787720444153, 0.033346944331019465, 0.051615939755255726, 0.03406813627254509, 0.028446389496717725, 0.03352219074598678, 0.026180698151950718, 0.052672710221944356, 0.0316473189607518, 0.02830046665663104, 0.039087513340448236, 0.050997489760866696, 0.030333097094259392, 0.05445462114904247, 0.02914947424464262, 0.04040795249160857, 0.03870775643888641, 0.04513102555807182, 0.02956806104373893, 0.04115349954941424, 0.02345505617977528, 0.03772796881525825, 0.04138109401267296, 0.03094928478543563, 0.06077636910207816, 0.0361074416556583, 0.03183361629881155, 0.05035553620664635, 0.03141172222890841, 0.05898251192368839, 0.035058430717863104]
val step Accs: [0.02843529050107593, 0.016725798276735936, 0.012168141592920354, 0.018110473890733475, 0.015254917703733441, 0.013353317890720806, 0.02665350444225074, 0.010050251256281407, 0.008633093525179856, 0.011761450117614501, 0.014660965180207697, 0.015404982549043206, 0.0184660839591284, 0.009400370317618574, 0.006203769983297542, 0.014699706005879883]
Preds: [17, 17, 17, 17, 17, 17, 17, 63, 63, 63, 63, 63, 63, 63, 63, 63, 63, 63, 63, 63, 63, 63, 63, 63, 63, 63, 63, 63, 63, 63, 63, 63, 63, 63, 63, 63, 63, 63, 63, 63, 63, 63, 63, 63, 63, 63, 63, 63, 63, 63, 63, 63, 63, 63, 63, 63, 63, 63, 63, 63, 63, 63, 63, 63, 63, 63, 63, 63, 63, 63, 63, 63, 63, 63, 63, 63, 63, 63, 63, 63, 63, 63, 63, 63, 63, 63, 63, 63, 63, 63, 63, 63, 63, 63, 63, 63, 63, 63, 63, 63, 63, 63, 63, 63, 63, 63, 63, 63, 63, 63, 63, 63, 63, 63, 63, 63, 63, 63, 63, 63, 63, 63, 63, 63, 63, 63, 63, 63, 63, 63, 63, 63, 63, 63, 63, 63, 63, 63, 63, 63, 63, 63, 63, 63, 63, 63, 63, 63, 63, 63, 63, 63, 63, 63, 63, 63, 63, 63, 63, 63, 63, 63, 63, 63, 63, 63, 63, 63, 63, 63, 63, 63, 63, 63, 63, 63, 63, 63, 63, 63, 63, 63, 63, 63, 63, 63, 63, 63, 63, 63, 63, 63, 63, 63, 63, 63, 63, 63, 63, 63, 63, 63, 63, 63, 63, 63, 63, 63, 63, 63, 63, 63, 63, 63, 63, 63, 63, 63, 63, 63, 63, 63, 63, 63, 63, 63, 63, 63, 63, 63, 63, 63, 63, 63, 63, 63, 63, 63, 63, 63, 63, 63, 63, 63, 63, 63, 63, 63, 63, 63, 63, 63, 63, 63, 63, 63, 63, 63, 63, 63, 63, 63, 63, 63, 63, 63, 63, 63, 63, 63, 63, 63, 63, 63, 63, 63, 63, 63, 63, 63, 63, 63, 63, 63, 63, 63, 63, 63, 63, 63, 63, 63, 63, 63, 63, 63, 63, 63, 63, 63, 63, 63, 63, 63, 63, 63, 63, 63, 63, 63, 63, 63, 63, 63, 63, 63, 63, 63, 63, 63, 63, 63, 63, 63, 63, 63, 63, 63, 63, 63, 63, 63, 63, 63, 63, 63, 63, 63, 63, 63, 63, 63, 63, 63, 63, 63, 63, 63, 63, 63, 63, 63, 63, 63, 63, 63, 63, 63, 63, 63, 63, 63, 63, 63, 63, 63, 63, 63, 63, 63, 63, 63, 63, 63, 63, 63, 63, 63, 63, 63, 63, 63, 63, 63, 63, 63, 63, 63, 63, 63, 63, 63, 63, 63, 63, 63, 63, 63, 63, 63, 63, 63, 63, 63, 63, 63, 63, 63, 63, 63, 63, 63, 63, 63, 63, 63, 63, 63, 63, 63, 63, 63, 63, 63, 63, 63, 63, 63, 63, 63, 63, 63, 63, 63, 63, 63, 63, 63, 63, 63, 63, 63, 63, 63, 63, 63, 63, 63, 63, 63, 63, 63, 63, 63, 63, 63, 63, 63, 63, 63, 63, 63, 63, 63, 63, 63, 63, 63, 63, 63, 63, 63, 63, 63, 63, 63, 63, 63, 63, 63, 63, 63, 63, 63, 63, 63, 63, 63, 63, 63, 63, 63, 63, 63, 63, 63, 63, 63, 63, 63, 63, 63, 63, 63, 63, 63, 63, 63, 63, 63, 63, 63, 63, 63, 63, 63, 63, 63, 63, 63, 63, 63, 63, 63, 63, 63, 63, 63, 63, 63, 63, 63, 63, 63, 63, 63, 63, 63, 63, 63, 63, 63, 63, 63, 63, 63, 63, 63, 63, 63, 63, 63, 63, 63, 63, 63, 63, 63, 63, 63, 63, 63, 63, 63, 63, 63, 63, 63, 63, 63, 63, 63, 63, 63, 63, 63, 63, 63, 63, 63, 63, 63, 63, 63, 63, 63, 63, 63, 63, 63, 63, 63, 63, 63, 63, 63, 63, 63, 63, 63]

ep6
Train step Loss: [5.3547258377075195, 5.388266086578369, 5.4113850593566895, 5.355267524719238, 5.356710910797119, 5.380911827087402, 5.3931121826171875, 5.418515205383301, 5.338275909423828, 5.357499599456787, 5.353722095489502, 5.326181888580322, 5.365732669830322, 5.331377029418945, 5.312140941619873, 5.3214802742004395, 5.382379531860352, 5.376064300537109, 5.248324871063232, 5.353213787078857, 5.315245151519775, 5.398163318634033, 5.402648448944092, 5.317651748657227, 5.387404441833496, 5.345843315124512, 5.358535289764404, 5.379827976226807, 5.383768081665039, 5.37860107421875, 5.358787536621094, 5.448593616485596, 5.364102840423584, 5.346490859985352, 5.354630470275879, 5.33899450302124, 5.34917688369751, 5.357188701629639, 5.471299648284912, 5.3243608474731445, 5.346107482910156, 5.399930000305176, 5.400797367095947, 5.361974716186523, 5.355900287628174, 5.3633294105529785, 5.39908504486084, 5.251702785491943, 5.309606552124023, 5.349847793579102, 5.276557922363281, 5.383579254150391, 5.380573272705078, 5.382739543914795, 5.452953338623047, 5.418112277984619, 5.394753932952881, 5.347895622253418, 5.376858234405518, 5.371396064758301, 5.347418308258057, 5.411141395568848, 5.404422760009766]
val step Loss: [5.626237869262695, 5.6438164710998535, 5.679514408111572, 5.604557514190674, 5.570087432861328, 5.594912528991699, 5.591884136199951, 5.615537166595459, 5.632198333740234, 5.625709533691406, 5.568201065063477, 5.591885566711426, 5.640679836273193, 5.590153694152832, 5.5943145751953125, 5.582062721252441]
Train step Accs: [0.04997814366894944, 0.02588268392178928, 0.02878940549877645, 0.05455650060753341, 0.016427718040621268, 0.030231459612659425, 0.027954064672106378, 0.0439016849590354, 0.06154266958424508, 0.026116136562591187, 0.040226921093347086, 0.04052010885999395, 0.0325721961047683, 0.044631093544137024, 0.04434796092417429, 0.049406569141595365, 0.031310344827586205, 0.05336795038222991, 0.07491709375942117, 0.03732837528604119, 0.04031245640954108, 0.03596443965517242, 0.04068641018544146, 0.04578848453784384, 0.031078346342873663, 0.035044150110375274, 0.03780424650440187, 0.04168582375478927, 0.05220306513409962, 0.033050725678976864, 0.031015882529217862, 0.018142113220225096, 0.024311392732445362, 0.03662370323797548, 0.03512396694214876, 0.028538147932440302, 0.03937125748502994, 0.04314504683508374, 0.025336293587566932, 0.035406475658047984, 0.034080298786181136, 0.048787366046249295, 0.03795997417688832, 0.04559650218613367, 0.030508964719491036, 0.048242276670217625, 0.040872822015958314, 0.0627498001598721, 0.06212564424014487, 0.05238779747644146, 0.045553776742832196, 0.032909930715935336, 0.029278642149929278, 0.020691609977324263, 0.024311183144246355, 0.0298580518844836, 0.02137468566638726, 0.0659121171770972, 0.0326581880986026, 0.06217162872154115, 0.05920053972002024, 0.022336991607488702, 0.02542103590721322]
val step Accs: [0.02116991643454039, 0.007412898443291327, 0.012867647058823529, 0.016215491825247924, 0.021473627700979735, 0.013819938279887294, 0.017877234654331792, 0.019548108657019548, 0.008130081300813009, 0.00895909465990805, 0.02418704649287826, 0.010315269504576494, 0.014482081492390771, 0.022345552796845334, 0.005226220695833956, 0.011512779184895234]
Preds: [17, 17, 17, 17, 17, 17, 17, 63, 63, 63, 63, 63, 63, 63, 63, 63, 63, 63, 63, 63, 63, 63, 63, 63, 63, 63, 63, 63, 63, 63, 63, 63, 63, 63, 63, 63, 63, 63, 63, 63, 63, 63, 63, 63, 63, 63, 63, 63, 63, 63, 63, 63, 63, 63, 63, 63, 63, 63, 63, 63, 63, 63, 63, 63, 63, 63, 63, 63, 63, 63, 63, 63, 63, 63, 63, 63, 63, 63, 63, 63, 63, 63, 63, 63, 63, 63, 63, 63, 63, 63, 63, 63, 63, 63, 63, 63, 63, 63, 63, 63, 63, 63, 63, 63, 63, 63, 63, 63, 63, 63, 63, 63, 63, 63, 63, 63, 63, 63, 63, 63, 63, 63, 63, 63, 63, 63, 63, 63, 63, 63, 63, 63, 63, 63, 63, 63, 63, 63, 63, 63, 63, 63, 63, 63, 63, 63, 63, 63, 63, 63, 63, 63, 63, 63, 63, 63, 63, 63, 63, 63, 63, 63, 63, 63, 63, 63, 63, 63, 63, 63, 63, 63, 63, 63, 63, 63, 63, 63, 63, 63, 63, 63, 63, 63, 63, 63, 63, 63, 63, 63, 63, 63, 63, 63, 63, 63, 63, 63, 63, 63, 63, 63, 63, 63, 63, 63, 63, 63, 63, 63, 63, 63, 63, 63, 63, 63, 63, 63, 63, 63, 63, 63, 63, 63, 63, 63, 63, 63, 63, 63, 63, 63, 63, 63, 63, 63, 63, 63, 63, 63, 63, 63, 63, 63, 63, 63, 63, 63, 63, 63, 63, 63, 63, 63, 63, 63, 63, 63, 63, 63, 63, 63, 63, 63, 63, 63, 63, 63, 63, 63, 63, 63, 63, 63, 63, 63, 63, 63, 63, 63, 63, 63, 63, 63, 63, 63, 63, 63, 63, 63, 63, 63, 63, 63, 63, 63, 63, 63, 63, 63, 63, 63, 63, 63, 63, 63, 63, 63, 63, 63, 63, 63, 63, 63, 63, 63, 63, 63, 63, 63, 63, 63, 63, 63, 63, 63, 63, 63, 63, 63, 63, 63, 63, 63, 63, 63, 63, 63, 63, 63, 63, 63, 63, 63, 63, 63, 63, 63, 63, 63, 63, 63, 63, 63, 63, 63, 63, 63, 63, 63, 63, 63, 63, 63, 63, 63, 63, 63, 63, 63, 63, 63, 63, 63, 63, 63, 63, 63, 63, 63, 63, 63, 63, 63, 63, 63, 63, 63, 63, 63, 63, 63, 63, 63, 63, 63, 63, 63, 63, 63, 63, 63, 63, 63, 63, 63, 63, 63, 63, 63, 63, 63, 63, 63, 63, 63, 63, 63, 63, 63, 63, 63, 63, 63, 63, 63, 63, 63, 63, 63, 63, 63, 63, 63, 63, 63, 63, 63, 63, 63, 63, 63, 63, 63, 63, 63, 63, 63, 63, 63, 63, 63, 63, 63, 63, 63, 63, 63, 63, 63, 63, 63, 63, 63, 63, 63, 63, 63, 63, 63, 63, 63, 63, 63, 63, 63, 63, 63, 63, 63, 63, 63, 63, 63, 63, 63, 63, 63, 63, 63, 63, 63, 63, 63, 63, 63, 63, 63, 63, 63, 63, 63, 63, 63, 63, 63, 63, 63, 63, 63, 63, 63, 63, 63, 63, 63, 63, 63, 63, 63, 63, 63, 63, 63, 63, 63, 63, 63, 63, 63, 63, 63, 63, 63, 63, 63, 63, 63, 63, 63, 63, 63, 63, 63, 63, 63, 63, 63, 63, 63, 63, 63, 63, 63, 63, 63, 63, 63, 63, 63, 63, 63, 63, 63, 63, 63, 63, 63, 63, 63, 63, 63, 63, 63, 63, 63, 63, 63, 63, 63, 63, 63, 63, 63, 63, 63, 63, 63, 63, 63, 63, 63, 63, 63, 63, 63, 63, 63, 63, 63]

ep7
Train step Loss: [5.34304666519165, 5.331710338592529, 5.419138431549072, 5.3103108406066895, 5.363877773284912, 5.312622547149658, 5.359571933746338, 5.361897945404053, 5.312105178833008, 5.360395431518555, 5.4206461906433105, 5.451139450073242, 5.369459629058838, 5.420072555541992, 5.35751485824585, 5.345705509185791, 5.4249958992004395, 5.320908546447754, 5.334501266479492, 5.40922737121582, 5.440032958984375, 5.308135032653809, 5.372132301330566, 5.3251824378967285, 5.226149559020996, 5.344127655029297, 5.406248569488525, 5.401146411895752, 5.332973003387451, 5.366177082061768, 5.359212398529053, 5.3857903480529785, 5.330312252044678, 5.388306140899658, 5.3276591300964355, 5.355547904968262, 5.453854084014893, 5.328409671783447, 5.342772960662842, 5.314325332641602, 5.447865962982178, 5.3597211837768555, 5.337479591369629, 5.3570780754089355, 5.328967094421387, 5.363195896148682, 5.398848056793213, 5.340737342834473, 5.367665767669678, 5.342748165130615, 5.344508647918701, 5.338172912597656, 5.379111289978027, 5.37252140045166, 5.404199123382568, 5.307864665985107, 5.31348180770874, 5.329555511474609, 5.389726161956787, 5.349856376647949, 5.322257995605469, 5.401775360107422, 5.421835899353027]
val step Loss: [5.642330646514893, 5.5773515701293945, 5.625688076019287, 5.592290878295898, 5.6025543212890625, 5.5554728507995605, 5.650815486907959, 5.5855607986450195, 5.600274085998535, 5.612441062927246, 5.611904621124268, 5.59246826171875, 5.588440418243408, 5.599057197570801, 5.585883617401123, 5.636013031005859]
Train step Accs: [0.03059507419305492, 0.03529411764705882, 0.04449058282663503, 0.05004990731498645, 0.04553076228556688, 0.057180851063829786, 0.03565891472868217, 0.04063444108761329, 0.04264018691588785, 0.031062980906241093, 0.035674822415153906, 0.030370243985667976, 0.032766990291262135, 0.030791033238855965, 0.035191889934829836, 0.0558446503363371, 0.02186222082415854, 0.05141796978531672, 0.0382347987198922, 0.026738690074274138, 0.04541870367449929, 0.048145344436033306, 0.030201342281879196, 0.048213411649535, 0.0981934731934732, 0.03462014012913862, 0.025946704067321177, 0.02471256772829391, 0.037784090909090906, 0.041165708311552536, 0.031363438362131554, 0.03824891677872404, 0.03682057276446522, 0.0348426933254925, 0.04820218863991663, 0.025485961123110152, 0.01391941391941392, 0.03822036428784712, 0.037190635451505014, 0.0364990234375, 0.027950310559006212, 0.05326249829723471, 0.047270955165692005, 0.036333231985405896, 0.02234258632362898, 0.03634448248617329, 0.0368725011106175, 0.05892617449664429, 0.04285714285714286, 0.03954552161723476, 0.028917609046849757, 0.048162583518930956, 0.025190194420963652, 0.04271873165002936, 0.03541976476950115, 0.050184602762204295, 0.07887893672349032, 0.030171746866780133, 0.022234891676168756, 0.047428395441946415, 0.02736233854520734, 0.02583255524431995, 0.04485154769425142]
val step Accs: [0.010929632813459413, 0.008211406389967155, 0.008462439786486135, 0.01184115523465704, 0.02123414564628759, 0.03173531397704254, 0.005159538357094365, 0.03490508266993264, 0.01860644167842936, 0.012442453651860147, 0.016940829855143627, 0.008403361344537815, 0.009413241292751805, 0.011999460698395577, 0.023026736599718562, 0.00997398091934085]
Preds: [17, 17, 17, 17, 17, 17, 17, 17, 284, 284, 284, 284, 284, 63, 63, 63, 63, 63, 63, 63, 63, 63, 63, 63, 63, 63, 63, 63, 63, 63, 63, 63, 63, 63, 63, 63, 63, 63, 63, 63, 63, 63, 63, 63, 63, 63, 63, 63, 63, 63, 63, 63, 63, 63, 63, 63, 63, 63, 63, 63, 63, 63, 63, 63, 63, 63, 63, 63, 63, 63, 63, 63, 63, 63, 63, 63, 63, 63, 63, 63, 63, 63, 63, 63, 63, 63, 63, 63, 63, 63, 63, 63, 63, 63, 63, 63, 63, 63, 63, 63, 63, 63, 63, 63, 63, 63, 63, 63, 63, 63, 63, 63, 63, 63, 63, 63, 63, 63, 63, 63, 63, 63, 63, 63, 63, 63, 63, 63, 63, 63, 63, 63, 63, 63, 63, 63, 63, 63, 63, 63, 63, 63, 63, 63, 63, 63, 63, 63, 63, 63, 63, 63, 63, 63, 63, 63, 63, 63, 63, 63, 63, 63, 63, 63, 63, 63, 63, 63, 63, 63, 63, 63, 63, 63, 63, 63, 63, 63, 63, 63, 63, 63, 63, 63, 63, 63, 63, 63, 63, 63, 63, 63, 63, 63, 63, 63, 63, 63, 63, 63, 63, 63, 63, 63, 63, 63, 63, 63, 63, 63, 63, 63, 63, 63, 63, 63, 63, 63, 63, 63, 63, 63, 63, 63, 63, 63, 63, 63, 63, 63, 63, 63, 63, 63, 63, 63, 63, 63, 63, 63, 63, 63, 63, 63, 63, 63, 63, 63, 63, 63, 63, 63, 63, 63, 63, 63, 63, 63, 63, 63, 63, 63, 63, 63, 63, 63, 63, 63, 63, 63, 63, 63, 63, 63, 63, 63, 63, 63, 63, 63, 63, 63, 63, 63, 63, 63, 63, 63, 63, 63, 63, 63, 63, 63, 63, 63, 63, 63, 63, 63, 63, 63, 63, 63, 63, 63, 63, 63, 63, 63, 63, 63, 63, 63, 63, 63, 63, 63, 63, 63, 63, 63, 63, 63, 63, 63, 63, 63, 63, 63, 63, 63, 63, 63, 63, 63, 63, 63, 63, 63, 63, 63, 63, 63, 63, 63, 63, 63, 63, 63, 63, 63, 63, 63, 63, 63, 63, 63, 63, 63, 63, 63, 63, 63, 63, 63, 63, 63, 63, 63, 63, 63, 63, 63, 63, 63, 63, 63, 63, 63, 63, 63, 63, 63, 63, 63, 63, 63, 63, 63, 63, 63, 63, 63, 63, 63, 63, 63, 63, 63, 63, 63, 63, 63, 63, 63, 63, 63, 63, 63, 63, 63, 63, 63, 63, 63, 63, 63, 63, 63, 63, 63, 63, 63, 63, 63, 63, 63, 63, 63, 63, 63, 63, 63, 63, 63, 63, 63, 63, 63, 63, 63, 63, 63, 63, 63, 63, 63, 63, 63, 63, 63, 63, 63, 63, 63, 63, 63, 63, 63, 63, 63, 63, 63, 63, 63, 63, 63, 63, 63, 63, 63, 63, 63, 63, 63, 63, 63, 63, 63, 63, 63, 63, 63, 63, 63, 63, 63, 63, 63, 63, 63, 63, 63, 63, 63, 63, 63, 63, 63, 63, 63, 63, 63, 63, 63, 63, 63, 63, 63, 63, 63, 63, 63, 63, 63, 63, 63, 63, 63, 63, 63, 63, 63, 63, 63, 63, 63, 63, 63, 63, 63, 63, 63, 63, 63, 63, 63, 63, 63, 63, 63, 63, 63, 63, 63, 63, 63, 63, 63, 63, 63, 63, 63, 63, 63, 63, 63, 63, 63, 63, 63, 63, 63, 63, 63, 63, 63, 63, 63, 63, 63, 63, 63, 63, 63, 63, 63, 63, 63, 63, 63, 63, 63, 63, 63, 63, 63, 63, 63, 63, 63, 63, 63, 63, 63, 63, 63, 63, 63]

ep8
Train step Loss: [5.362518310546875, 5.300333023071289, 5.3457770347595215, 5.398609161376953, 5.390248775482178, 5.36124849319458, 5.318262100219727, 5.387591361999512, 5.407263278961182, 5.336833953857422, 5.282829761505127, 5.331632614135742, 5.310703754425049, 5.300149440765381, 5.332804203033447, 5.311413764953613, 5.373773097991943, 5.352153778076172, 5.3718695640563965, 5.423923492431641, 5.373412609100342, 5.344240665435791, 5.422842979431152, 5.353494644165039, 5.399937629699707, 5.312294006347656, 5.315222263336182, 5.441397190093994, 5.330230712890625, 5.362666606903076, 5.327320575714111, 5.386125564575195, 5.247826099395752, 5.491008281707764, 5.330437183380127, 5.381031036376953, 5.375842094421387, 5.368795394897461, 5.357300758361816, 5.326184272766113, 5.379977226257324, 5.368414402008057, 5.3624653816223145, 5.331418037414551, 5.373446941375732, 5.3473429679870605, 5.380988597869873, 5.358740329742432, 5.314859390258789, 5.348400592803955, 5.349299430847168, 5.410088062286377, 5.330047130584717, 5.400184631347656, 5.306935787200928, 5.357061386108398, 5.346970081329346, 5.3846235275268555, 5.464137077331543, 5.339054584503174, 5.326261520385742, 5.317376136779785, 5.347970962524414]
val step Loss: [5.51957368850708, 5.592300891876221, 5.636545181274414, 5.629307270050049, 5.586382865905762, 5.618772506713867, 5.585893154144287, 5.5652756690979, 5.607170104980469, 5.687621116638184, 5.592422962188721, 5.571847438812256, 5.566046714782715, 5.594071388244629, 5.653255939483643, 5.576028823852539]
Train step Accs: [0.04083994708994709, 0.05739085373753077, 0.03416188655194392, 0.026601605540689438, 0.02937625754527163, 0.03525954946131244, 0.052284890901605596, 0.030091348737238045, 0.020684931506849316, 0.039715900855196405, 0.05855513307984791, 0.053790901835594575, 0.03861459100957996, 0.061565404822847905, 0.04256775253216535, 0.056493884682585906, 0.030675713881820752, 0.0380725758477097, 0.0358038450821956, 0.03430501244223249, 0.04857299670691548, 0.028351559335763468, 0.03372797356828194, 0.030263726761781237, 0.024582262210796915, 0.03704209950792783, 0.036454804174007316, 0.01775147928994083, 0.05289256198347107, 0.04012556298621537, 0.04472297393533685, 0.034022464593846655, 0.07066115702479339, 0.030173030173030174, 0.059191329720716966, 0.038750887154009934, 0.03640441683919945, 0.0385312783318223, 0.0336, 0.046231603983945296, 0.042038962941262636, 0.040657132726628055, 0.04087152516904583, 0.03907203907203907, 0.026585695006747637, 0.04265887509130752, 0.030694160239257043, 0.0293583111980987, 0.043352159975576246, 0.03839177750906892, 0.03913228413441089, 0.03368740515933232, 0.04321322134922785, 0.028906131142552867, 0.06046349538247081, 0.03293699603662703, 0.04707993925169129, 0.04448452058911933, 0.016889298326424076, 0.05164872139973082, 0.030248369640627167, 0.046027742749054225, 0.019835647492207426]
val step Accs: [0.025068119891008173, 0.01824925816023739, 0.01597222222222222, 0.012399799599198397, 0.020724593183911576, 0.011182108626198083, 0.023852735286492094, 0.013207547169811321, 0.017672840378905697, 0.005509979184523081, 0.008653260207190738, 0.019467071655391414, 0.01739447755747476, 0.020604802846131042, 0.007157730348776679, 0.01605746883583351]
Preds: [17, 17, 17, 17, 17, 17, 17, 284, 284, 284, 284, 284, 284, 284, 284, 284, 284, 284, 284, 284, 284, 284, 284, 284, 284, 63, 63, 63, 63, 63, 63, 63, 63, 63, 63, 63, 63, 63, 63, 63, 63, 63, 63, 63, 63, 63, 63, 63, 63, 63, 63, 63, 63, 63, 63, 63, 63, 63, 63, 63, 63, 63, 63, 63, 63, 63, 63, 63, 63, 63, 63, 63, 63, 63, 63, 63, 63, 63, 63, 63, 63, 63, 63, 63, 63, 63, 63, 63, 63, 63, 63, 63, 63, 63, 63, 63, 63, 63, 63, 63, 63, 63, 63, 63, 63, 63, 63, 63, 63, 63, 63, 63, 63, 63, 63, 63, 63, 63, 63, 63, 63, 63, 63, 63, 63, 63, 63, 63, 63, 63, 63, 63, 63, 63, 63, 63, 63, 63, 63, 63, 63, 63, 63, 63, 63, 63, 63, 63, 63, 63, 63, 63, 63, 63, 63, 63, 63, 63, 63, 63, 63, 63, 63, 63, 63, 63, 63, 63, 63, 63, 63, 63, 63, 63, 63, 63, 63, 63, 63, 63, 63, 63, 63, 63, 63, 63, 63, 63, 63, 63, 63, 63, 63, 63, 63, 63, 63, 63, 63, 63, 63, 63, 63, 63, 63, 63, 63, 63, 63, 63, 63, 63, 63, 63, 63, 63, 63, 63, 63, 63, 63, 63, 63, 63, 63, 63, 63, 63, 63, 63, 63, 63, 63, 63, 63, 63, 63, 63, 63, 63, 63, 63, 63, 63, 63, 63, 63, 63, 63, 63, 63, 63, 63, 63, 63, 63, 63, 63, 63, 63, 63, 63, 63, 63, 63, 63, 63, 63, 63, 63, 63, 63, 63, 63, 63, 63, 63, 63, 63, 63, 63, 63, 63, 63, 63, 63, 63, 63, 63, 63, 63, 63, 63, 63, 63, 63, 63, 63, 63, 63, 63, 63, 63, 63, 63, 63, 63, 63, 63, 63, 63, 63, 63, 63, 63, 63, 63, 63, 63, 63, 63, 63, 63, 63, 63, 63, 63, 63, 63, 63, 63, 63, 63, 63, 63, 63, 63, 63, 63, 63, 63, 63, 63, 63, 63, 63, 63, 63, 63, 63, 63, 63, 63, 63, 63, 63, 63, 63, 63, 63, 63, 63, 63, 63, 63, 63, 63, 63, 63, 63, 63, 63, 63, 63, 63, 63, 63, 63, 63, 63, 63, 63, 63, 63, 63, 63, 63, 63, 63, 63, 63, 63, 63, 63, 63, 63, 63, 63, 63, 63, 63, 63, 63, 63, 63, 63, 63, 63, 63, 63, 63, 63, 63, 63, 63, 63, 63, 63, 63, 63, 63, 63, 63, 63, 63, 63, 63, 63, 63, 63, 63, 63, 63, 63, 63, 63, 63, 63, 63, 63, 63, 63, 63, 63, 63, 63, 63, 63, 63, 63, 63, 63, 63, 63, 63, 63, 63, 63, 63, 63, 63, 63, 63, 63, 63, 63, 63, 63, 63, 63, 63, 63, 63, 63, 63, 63, 63, 63, 63, 63, 63, 63, 63, 63, 63, 63, 63, 63, 63, 63, 63, 63, 63, 63, 63, 63, 63, 63, 63, 63, 63, 63, 63, 63, 63, 63, 63, 63, 63, 63, 63, 63, 63, 63, 63, 63, 63, 63, 63, 63, 63, 63, 63, 63, 63, 63, 63, 63, 63, 63, 63, 63, 63, 63, 63, 63, 63, 63, 63, 63, 63, 63, 63, 63, 63, 63, 63, 63, 63, 63, 63, 63, 63, 63, 63, 63, 63, 63, 63, 63, 63, 63, 63, 63, 63, 63, 63, 63, 63, 63, 63, 63, 63, 63, 63, 63, 63, 63, 63, 63, 63, 63, 63, 63, 63, 63, 63, 63, 63, 63, 63, 63, 63, 63, 63, 63, 63, 63, 63, 63]

ep9
Train step Loss: [5.260575771331787, 5.2759599685668945, 5.391748428344727, 5.391409397125244, 5.321911811828613, 5.405411243438721, 5.368681907653809, 5.398571968078613, 5.352314472198486, 5.283647537231445, 5.328039169311523, 5.298515319824219, 5.339989185333252, 5.335567474365234, 5.393916130065918, 5.337851524353027, 5.2617082595825195, 5.370925426483154, 5.394985198974609, 5.3679118156433105, 5.294800758361816, 5.372076034545898, 5.361812114715576, 5.371039867401123, 5.417065620422363, 5.309324741363525, 5.236189842224121, 5.387966632843018, 5.303515434265137, 5.370204448699951, 5.331998825073242, 5.307732105255127, 5.3987650871276855, 5.305995941162109, 5.3839569091796875, 5.345092296600342, 5.383715629577637, 5.332606792449951, 5.308172225952148, 5.336373805999756, 5.388896465301514, 5.400977611541748, 5.352998733520508, 5.437229633331299, 5.363288879394531, 5.4099860191345215, 5.299825191497803, 5.337410926818848, 5.35741662979126, 5.394930362701416, 5.383244037628174, 5.413826942443848, 5.289823055267334, 5.312793254852295, 5.319875240325928, 5.358444690704346, 5.390949249267578, 5.322505950927734, 5.403683185577393, 5.328649520874023, 5.409407138824463, 5.36355447769165, 5.3771586418151855]
val step Loss: [5.610925197601318, 5.6015543937683105, 5.6032562255859375, 5.628443717956543, 5.575419902801514, 5.629223346710205, 5.6306610107421875, 5.603884696960449, 5.621999263763428, 5.615839004516602, 5.590903282165527, 5.622586727142334, 5.522302150726318, 5.625269889831543, 5.555318832397461, 5.550704479217529]
Train step Accs: [0.059062805076472505, 0.04144708730950007, 0.03154986914800814, 0.017212232979867834, 0.031171679197994986, 0.035856573705179286, 0.047572544642857144, 0.04203310915675117, 0.043436176648517844, 0.06020117099534605, 0.044739729367304644, 0.0449854458851548, 0.039807338149879586, 0.03479884569682567, 0.015142337976983646, 0.04270550481362626, 0.05204095946135503, 0.03341757933164841, 0.04747888405426158, 0.04689287075867327, 0.053819006806150746, 0.0489431124982267, 0.04746739460115256, 0.04209526823864536, 0.035794904869396967, 0.058554138043833824, 0.081531892180411, 0.02813107885680084, 0.04447413628555068, 0.03474847339342832, 0.03365733352676629, 0.04581314878892734, 0.02562574493444577, 0.044950213371266, 0.024213075060532687, 0.04503569110966905, 0.032578343158547934, 0.0448676978141378, 0.046016059295861646, 0.030089988751406074, 0.023369482205590347, 0.030266552020636286, 0.039160401002506263, 0.021333710087595367, 0.03638814016172507, 0.05149299207800122, 0.05218547448894798, 0.03850870738287957, 0.04670571010248902, 0.03474366893143916, 0.03317839397339317, 0.02884737577837082, 0.053592814371257486, 0.027159456810863784, 0.05040375097681688, 0.045579268292682926, 0.028307888040712468, 0.0442056792018419, 0.024181870836953372, 0.025346724055475847, 0.043663977218794496, 0.02421347389227475, 0.0308679706601467]
val step Accs: [0.0047326682015860835, 0.005678816693079768, 0.03528662420382166, 0.01303538175046555, 0.009343065693430658, 0.013858988159311088, 0.012328056060212821, 0.014115693329642956, 0.007804370447450572, 0.02824626354038119, 0.01128703558551497, 0.016666666666666666, 0.028752752234166557, 0.004260418053521502, 0.01937669376693767, 0.026200873362445413]
Preds: [17, 17, 17, 17, 17, 17, 17, 17, 17, 284, 284, 284, 284, 284, 284, 284, 284, 284, 284, 284, 284, 63, 63, 63, 63, 63, 63, 63, 63, 63, 63, 63, 63, 63, 63, 63, 63, 63, 63, 63, 63, 63, 63, 63, 63, 63, 63, 63, 63, 63, 63, 63, 63, 63, 63, 63, 63, 63, 63, 63, 63, 63, 63, 63, 63, 63, 63, 63, 63, 63, 63, 63, 63, 63, 63, 63, 63, 63, 63, 63, 63, 63, 63, 63, 63, 63, 63, 63, 63, 63, 63, 63, 63, 63, 63, 63, 63, 63, 63, 63, 63, 63, 63, 63, 63, 63, 63, 63, 63, 63, 63, 63, 63, 63, 63, 63, 63, 63, 63, 63, 63, 63, 63, 63, 63, 63, 63, 63, 63, 63, 63, 63, 63, 63, 63, 63, 63, 63, 63, 63, 63, 63, 63, 63, 63, 63, 63, 63, 63, 63, 63, 63, 63, 63, 63, 63, 63, 63, 63, 63, 63, 63, 63, 63, 63, 63, 63, 63, 63, 63, 63, 63, 63, 63, 63, 63, 63, 63, 63, 63, 63, 63, 63, 63, 63, 63, 63, 63, 63, 63, 63, 63, 63, 63, 63, 63, 63, 63, 63, 63, 63, 63, 63, 63, 63, 63, 63, 63, 63, 63, 63, 63, 63, 63, 63, 63, 63, 63, 63, 63, 63, 63, 63, 63, 63, 63, 63, 63, 63, 63, 63, 63, 63, 63, 63, 63, 63, 63, 63, 63, 63, 63, 63, 63, 63, 63, 63, 63, 63, 63, 63, 63, 63, 63, 63, 63, 63, 63, 63, 63, 63, 63, 63, 63, 63, 63, 63, 63, 63, 63, 63, 63, 63, 63, 63, 63, 63, 63, 63, 63, 63, 63, 63, 63, 63, 63, 63, 63, 63, 63, 63, 63, 63, 63, 63, 63, 63, 63, 63, 63, 63, 63, 63, 63, 63, 63, 63, 63, 63, 63, 63, 63, 63, 63, 63, 63, 63, 63, 63, 63, 63, 63, 63, 63, 63, 63, 63, 63, 63, 63, 63, 63, 63, 63, 63, 63, 63, 63, 63, 63, 63, 63, 63, 63, 63, 63, 63, 63, 63, 63, 63, 63, 63, 63, 63, 63, 63, 63, 63, 63, 63, 63, 63, 63, 63, 63, 63, 63, 63, 63, 63, 63, 63, 63, 63, 63, 63, 63, 63, 63, 63, 63, 63, 63, 63, 63, 63, 63, 63, 63, 63, 63, 63, 63, 63, 63, 63, 63, 63, 63, 63, 63, 63, 63, 63, 63, 63, 63, 63, 63, 63, 63, 63, 63, 63, 63, 63, 63, 63, 63, 63, 63, 63, 63, 63, 63, 63, 63, 63, 63, 63, 63, 63, 63, 63, 63, 63, 63, 63, 63, 63, 63, 63, 63, 63, 63, 63, 63, 63, 63, 63, 63, 63, 63, 63, 63, 63, 63, 63, 63, 63, 63, 63, 63, 63, 63, 63, 63, 63, 63, 63, 63, 63, 63, 63, 63, 63, 63, 63, 63, 63, 63, 63, 63, 63, 63, 63, 63, 63, 63, 63, 63, 63, 63, 63, 63, 63, 63, 63, 63, 63, 63, 63, 63, 63, 63, 63, 63, 63, 63, 63, 63, 63, 63, 63, 63, 63, 63, 63, 63, 63, 63, 63, 63, 63, 63, 63, 63, 63, 63, 63, 63, 63, 63, 63, 63, 63, 63, 63, 63, 63, 63, 63, 63, 63, 63, 63, 63, 63, 63, 63, 63, 63, 63, 63, 63, 63, 63, 63, 63, 63, 63, 63, 63, 63, 63, 63, 63, 63, 63, 63, 63, 63, 63, 63, 63, 63, 63, 63, 63, 63, 63, 63, 63, 63, 63, 63, 63, 63, 63, 63, 63, 63, 63, 63, 63, 63, 63, 63, 63]

ep10
Train step Loss: [5.299215316772461, 5.373752117156982, 5.303531169891357, 5.321231842041016, 5.37000846862793, 5.338489055633545, 5.288313388824463, 5.331050395965576, 5.328020095825195, 5.348389148712158, 5.324228286743164, 5.333151340484619, 5.3902459144592285, 5.337344169616699, 5.3275933265686035, 5.3648858070373535, 5.384540557861328, 5.373903751373291, 5.351090431213379, 5.319518566131592, 5.339949607849121, 5.386990547180176, 5.384728908538818, 5.284769535064697, 5.350782871246338, 5.327291965484619, 5.349079608917236, 5.348977088928223, 5.273995399475098, 5.358261585235596, 5.292276382446289, 5.327899932861328, 5.416913986206055, 5.418575286865234, 5.40817928314209, 5.393144130706787, 5.300703048706055, 5.302975177764893, 5.366806983947754, 5.361448287963867, 5.394786834716797, 5.368788719177246, 5.308934211730957, 5.351077079772949, 5.300790309906006, 5.296865940093994, 5.289659023284912, 5.335677623748779, 5.3518781661987305, 5.433796405792236, 5.3067121505737305, 5.275491237640381, 5.380474090576172, 5.341538429260254, 5.4279327392578125, 5.286921977996826, 5.324414253234863, 5.317383766174316, 5.3268914222717285, 5.4032979011535645, 5.31659460067749, 5.349778175354004, 5.4175286293029785]
val step Loss: [5.585385322570801, 5.5543060302734375, 5.551868915557861, 5.565802097320557, 5.590008735656738, 5.575788974761963, 5.610986709594727, 5.6030354499816895, 5.569164752960205, 5.6043572425842285, 5.597790241241455, 5.613594055175781, 5.625488758087158, 5.62269926071167, 5.669546604156494, 5.595966339111328]
Train step Accs: [0.056068811723478815, 0.030303030303030304, 0.03314917127071823, 0.0537359988657309, 0.03487831343977678, 0.05676215856095936, 0.04633150260526686, 0.038573700954400846, 0.041575859178541494, 0.036756756756756756, 0.047419401474627726, 0.040355477855477856, 0.03689727463312369, 0.047458714125380795, 0.04475545985850508, 0.04713804713804714, 0.02649970879440885, 0.030158256195879366, 0.03876572021262803, 0.047820903430918, 0.04251839738348324, 0.036935901121011784, 0.03601600711427301, 0.04279946164199192, 0.03980596376087887, 0.04624980982808459, 0.054361864506281554, 0.04009985957247621, 0.053942542787286066, 0.0378654737178463, 0.051544741475908436, 0.04473161033797217, 0.021130480718436345, 0.025977859778597786, 0.031445273130417256, 0.01623791278963693, 0.056528880372296746, 0.05293860288756016, 0.031422189128816086, 0.04376340017656703, 0.022620292887029287, 0.02703448275862069, 0.035252960172228204, 0.02935906271536871, 0.03955202721859938, 0.03471749489448604, 0.056192997940570755, 0.03737043098745226, 0.031608743513131, 0.022970170681129366, 0.0666851903306474, 0.03948387096774193, 0.02803203661327231, 0.04888825541619156, 0.026556506344054293, 0.06437534097108565, 0.04909596662030598, 0.031265508684863524, 0.0404647983595352, 0.02897390747558828, 0.04453681710213777, 0.03456390645683189, 0.019429645879034785]
val step Accs: [0.018207282913165267, 0.01881188118811881, 0.014498995119150157, 0.014790815607832089, 0.012392039053698836, 0.018406521167499343, 0.021521386031402273, 0.017336950112041515, 0.021772151898734177, 0.015833973866256727, 0.008527025168477514, 0.02493456398953024, 0.0096, 0.01161001538676738, 0.006811989100817439, 0.016441899131719933]
Preds: [17, 17, 17, 17, 17, 17, 17, 284, 284, 284, 284, 284, 284, 284, 284, 284, 284, 284, 284, 284, 284, 284, 284, 284, 284, 284, 284, 284, 284, 284, 284, 63, 63, 63, 63, 63, 63, 63, 63, 63, 63, 63, 63, 63, 63, 63, 63, 63, 63, 63, 63, 63, 63, 63, 63, 63, 63, 63, 63, 63, 63, 63, 63, 63, 63, 63, 63, 63, 63, 63, 63, 63, 63, 63, 63, 63, 63, 63, 63, 63, 63, 63, 63, 63, 63, 63, 63, 63, 63, 63, 63, 63, 63, 63, 63, 63, 63, 63, 63, 63, 63, 63, 63, 63, 63, 63, 63, 63, 63, 63, 63, 63, 63, 63, 63, 63, 63, 63, 63, 63, 63, 63, 63, 63, 63, 63, 63, 63, 63, 63, 63, 63, 63, 63, 63, 63, 63, 63, 63, 63, 63, 63, 63, 63, 63, 63, 63, 63, 63, 63, 63, 63, 63, 63, 63, 63, 63, 63, 63, 63, 63, 63, 63, 63, 63, 63, 63, 63, 63, 63, 63, 63, 63, 63, 63, 63, 63, 63, 63, 63, 63, 63, 63, 63, 63, 63, 63, 63, 63, 63, 63, 63, 63, 63, 63, 63, 63, 63, 63, 63, 63, 63, 63, 63, 63, 63, 63, 63, 63, 63, 63, 63, 63, 63, 63, 63, 63, 63, 63, 63, 63, 63, 63, 63, 63, 63, 63, 63, 63, 63, 63, 63, 63, 63, 63, 63, 63, 63, 63, 63, 63, 63, 63, 63, 63, 63, 63, 63, 63, 63, 63, 63, 63, 63, 63, 63, 63, 63, 63, 63, 63, 63, 63, 63, 63, 63, 63, 63, 63, 63, 63, 63, 63, 63, 63, 63, 63, 63, 63, 63, 63, 63, 63, 63, 63, 63, 63, 63, 63, 63, 63, 63, 63, 63, 63, 63, 63, 63, 63, 63, 63, 63, 63, 63, 63, 63, 63, 63, 63, 63, 63, 63, 63, 63, 63, 63, 63, 63, 63, 63, 63, 63, 63, 63, 63, 63, 63, 63, 63, 63, 63, 63, 63, 63, 63, 63, 63, 63, 63, 63, 63, 63, 63, 63, 63, 63, 63, 63, 63, 63, 63, 63, 63, 63, 63, 63, 63, 63, 63, 63, 63, 63, 63, 63, 63, 63, 63, 63, 63, 63, 63, 63, 63, 63, 63, 63, 63, 63, 63, 63, 63, 63, 63, 63, 63, 63, 63, 63, 63, 63, 63, 63, 63, 63, 63, 63, 63, 63, 63, 63, 63, 63, 63, 63, 63, 63, 63, 63, 63, 63, 63, 63, 63, 63, 63, 63, 63, 63, 63, 63, 63, 63, 63, 63, 63, 63, 63, 63, 63, 63, 63, 63, 63, 63, 63, 63, 63, 63, 63, 63, 63, 63, 63, 63, 63, 63, 63, 63, 63, 63, 63, 63, 63, 63, 63, 63, 63, 63, 63, 63, 63, 63, 63, 63, 63, 63, 63, 63, 63, 63, 63, 63, 63, 63, 63, 63, 63, 63, 63, 63, 63, 63, 63, 63, 63, 63, 63, 63, 63, 63, 63, 63, 63, 63, 63, 63, 63, 63, 63, 63, 63, 63, 63, 63, 63, 63, 63, 63, 63, 63, 63, 63, 63, 63, 63, 63, 63, 63, 63, 63, 63, 63, 63, 63, 63, 63, 63, 63, 63, 63, 63, 63, 63, 63, 63, 63, 63, 63, 63, 63, 63, 63, 63, 63, 63, 63, 63, 63, 63, 63, 63, 63, 63, 63, 63, 63, 63, 63, 63, 63, 63, 63, 63, 63, 63, 63, 63, 63, 63, 63, 63, 63, 63, 63, 63, 63, 63, 63, 63, 63, 63, 63, 63, 63, 63, 63, 63, 63, 63, 63, 63, 63, 63, 63, 63, 63, 63, 63, 63, 63]

ep11
Train step Loss: [5.297274112701416, 5.3309831619262695, 5.372191905975342, 5.347843647003174, 5.3578338623046875, 5.3025288581848145, 5.316096782684326, 5.3721232414245605, 5.299597263336182, 5.342421054840088, 5.28477668762207, 5.348663330078125, 5.27879524230957, 5.402317047119141, 5.382494926452637, 5.371974468231201, 5.3061065673828125, 5.279874801635742, 5.368879318237305, 5.347860813140869, 5.340734481811523, 5.27986478805542, 5.321319103240967, 5.290282726287842, 5.366250514984131, 5.373501777648926, 5.301511764526367, 5.340287685394287, 5.328904151916504, 5.389921188354492, 5.363553524017334, 5.313169956207275, 5.322003364562988, 5.386962890625, 5.381889343261719, 5.380729675292969, 5.220160007476807, 5.2513108253479, 5.396498680114746, 5.363083362579346, 5.302518367767334, 5.375895977020264, 5.319762706756592, 5.3053059577941895, 5.356426239013672, 5.22560453414917, 5.329813003540039, 5.35167121887207, 5.270480155944824, 5.397213935852051, 5.273934841156006, 5.346435070037842, 5.3292107582092285, 5.241226673126221, 5.29150390625, 5.28828763961792, 5.321803569793701, 5.384212493896484, 5.327735424041748, 5.2257585525512695, 5.401188373565674, 5.276148319244385, 5.405679225921631]
val step Loss: [5.559406757354736, 5.595284461975098, 5.646406173706055, 5.517678737640381, 5.596647262573242, 5.597054481506348, 5.557274341583252, 5.6725850105285645, 5.614933490753174, 5.593104362487793, 5.588775634765625, 5.569217205047607, 5.6392035484313965, 5.54260778427124, 5.559950351715088, 5.595573902130127]
Train step Accs: [0.05078597339782346, 0.046992758977390275, 0.029912754466140425, 0.04405543398978848, 0.027914845622444662, 0.04821303433777155, 0.03345145287030475, 0.0200150489089541, 0.04116520787746171, 0.03400405552955857, 0.04721845318860244, 0.044956140350877194, 0.055617820117680024, 0.02047472368182642, 0.030035912504080966, 0.03202434429792784, 0.04549019607843137, 0.0478538283062645, 0.030357409899805593, 0.03729319229726064, 0.03521022136383895, 0.05979491277134106, 0.03295165394402036, 0.06261485954318718, 0.021990369181380417, 0.037717601547388784, 0.0433328486258543, 0.03625714684144471, 0.04174778282500541, 0.04957312035251997, 0.028514323784143904, 0.046723564299146536, 0.039385474860335196, 0.034553141857413615, 0.027417027417027416, 0.03671189146049481, 0.06757718025323659, 0.05790586991010047, 0.02504012841091493, 0.029952550415183868, 0.03798753081049732, 0.03016136329362087, 0.03753026634382567, 0.03885426336029704, 0.020609824957651044, 0.06564163217031342, 0.02166644376086666, 0.03061646669424907, 0.04860930595269041, 0.030201790725644793, 0.05592747559274756, 0.03882443928847641, 0.0435518621114189, 0.06441351888667993, 0.03329422117923145, 0.03980034152108236, 0.0406263849903974, 0.02626970227670753, 0.03897944720056697, 0.08104331625523988, 0.02746492787986564, 0.057864132747128066, 0.024300215318363582]
val step Accs: [0.02038912579957356, 0.020214030915576695, 0.004439001989897444, 0.03846697779663414, 0.017105263157894738, 0.006768414067684141, 0.01813053988718775, 0.01008952678698309, 0.010673443456162644, 0.014521375464684015, 0.01796863103395767, 0.013483458437586878, 0.012649130372286906, 0.019404746296053495, 0.018552422799951177, 0.0078028747433264885]
Preds: [17, 17, 17, 17, 17, 17, 284, 284, 284, 284, 284, 284, 284, 284, 284, 284, 284, 284, 284, 284, 284, 284, 284, 284, 284, 284, 284, 284, 284, 63, 63, 63, 63, 63, 63, 63, 63, 63, 63, 63, 63, 63, 63, 63, 63, 63, 63, 63, 63, 63, 63, 63, 63, 63, 63, 63, 63, 63, 63, 63, 63, 63, 63, 63, 63, 63, 63, 63, 63, 63, 63, 63, 63, 63, 63, 63, 63, 63, 63, 63, 63, 63, 63, 63, 63, 63, 63, 63, 63, 63, 63, 63, 63, 63, 63, 63, 63, 63, 63, 63, 63, 63, 63, 63, 63, 63, 63, 63, 63, 63, 63, 63, 63, 63, 63, 63, 63, 63, 63, 63, 63, 63, 63, 63, 63, 63, 63, 63, 63, 63, 63, 63, 63, 63, 63, 63, 63, 63, 63, 63, 63, 63, 63, 63, 63, 63, 63, 63, 63, 63, 63, 63, 63, 63, 63, 63, 63, 63, 63, 63, 63, 63, 63, 63, 63, 63, 63, 63, 63, 63, 63, 63, 63, 63, 63, 63, 63, 63, 63, 63, 63, 63, 63, 63, 63, 63, 63, 63, 63, 63, 63, 63, 63, 63, 63, 63, 63, 63, 63, 63, 63, 63, 63, 63, 63, 63, 63, 63, 63, 63, 63, 63, 63, 63, 63, 63, 63, 63, 63, 63, 63, 63, 63, 63, 63, 63, 63, 63, 63, 63, 63, 63, 63, 63, 63, 63, 63, 63, 63, 63, 63, 63, 63, 63, 63, 63, 63, 63, 63, 63, 63, 63, 63, 63, 63, 63, 63, 63, 63, 63, 63, 63, 63, 63, 63, 63, 63, 63, 63, 63, 63, 63, 63, 63, 63, 63, 63, 63, 63, 63, 63, 63, 63, 63, 63, 63, 63, 63, 63, 63, 63, 63, 63, 63, 63, 63, 63, 63, 63, 63, 63, 63, 63, 63, 63, 63, 63, 63, 63, 63, 63, 63, 63, 63, 63, 63, 63, 63, 63, 63, 63, 63, 63, 63, 63, 63, 63, 63, 63, 63, 63, 63, 63, 63, 63, 63, 63, 63, 63, 63, 63, 63, 63, 63, 63, 63, 63, 63, 63, 63, 63, 63, 63, 63, 63, 63, 63, 63, 63, 63, 63, 63, 63, 63, 63, 63, 63, 63, 63, 63, 63, 63, 63, 63, 63, 63, 63, 63, 63, 63, 63, 63, 63, 63, 63, 63, 63, 63, 63, 63, 63, 63, 63, 63, 63, 63, 63, 63, 63, 63, 63, 63, 63, 63, 63, 63, 63, 63, 63, 63, 63, 63, 63, 63, 63, 63, 63, 63, 63, 63, 63, 63, 63, 63, 63, 63, 63, 63, 63, 63, 63, 63, 63, 63, 63, 63, 63, 63, 63, 63, 63, 63, 63, 63, 63, 63, 63, 63, 63, 63, 63, 63, 63, 63, 63, 63, 63, 63, 63, 63, 63, 63, 63, 63, 63, 63, 63, 63, 63, 63, 63, 63, 63, 63, 63, 63, 63, 63, 63, 63, 63, 63, 63, 63, 63, 63, 63, 63, 63, 63, 63, 63, 63, 63, 63, 63, 63, 63, 63, 63, 63, 63, 63, 63, 63, 63, 63, 63, 63, 63, 63, 63, 63, 63, 63, 63, 63, 63, 63, 63, 63, 63, 63, 63, 63, 63, 63, 63, 63, 63, 63, 63, 63, 63, 63, 63, 63, 63, 63, 63, 63, 63, 63, 63, 63, 63, 63, 63, 63, 63, 63, 63, 63, 63, 63, 63, 63, 63, 63, 63, 63, 63, 63, 63, 63, 63, 63, 63, 63, 63, 63, 63, 63, 63, 63, 63, 63, 63, 63, 63, 63, 63, 63, 63, 63, 63, 63, 63, 63, 63, 63, 63, 63, 63, 63, 63, 63, 63, 63, 63]

ep12
Train step Loss: [5.316562175750732, 5.344072341918945, 5.286624908447266, 5.284634113311768, 5.289240837097168, 5.298445224761963, 5.271395683288574, 5.313694953918457, 5.293144226074219, 5.3516387939453125, 5.258011341094971, 5.260039329528809, 5.33867883682251, 5.285403251647949, 5.318904399871826, 5.2805705070495605, 5.295115947723389, 5.269369125366211, 5.294455528259277, 5.323153972625732, 5.2681450843811035, 5.295370101928711, 5.359926223754883, 5.297508239746094, 5.265450954437256, 5.308260440826416, 5.276111125946045, 5.321375846862793, 5.281876564025879, 5.3384833335876465, 5.279418468475342, 5.261200428009033, 5.200397968292236, 5.311376571655273, 5.329697132110596, 5.299315452575684, 5.237198829650879, 5.351541042327881, 5.266953468322754, 5.373115539550781, 5.271716594696045, 5.364895820617676, 5.279115200042725, 5.339224815368652, 5.310870170593262, 5.415844917297363, 5.384582042694092, 5.193284034729004, 5.216377258300781, 5.260362148284912, 5.200654983520508, 5.399868488311768, 5.308749198913574, 5.359731197357178, 5.3486738204956055, 5.392442226409912, 5.232665061950684, 5.214534759521484, 5.283965587615967, 5.260262489318848, 5.218413829803467, 5.276246547698975, 5.373095512390137]
val step Loss: [5.583422660827637, 5.507896900177002, 5.625703811645508, 5.551233291625977, 5.555429458618164, 5.580958843231201, 5.581386566162109, 5.580009460449219, 5.504356861114502, 5.567893981933594, 5.610719203948975, 5.479065895080566, 5.549376964569092, 5.585742473602295, 5.641119956970215, 5.5490007400512695]
Train step Accs: [0.04736035659562613, 0.029106313200327957, 0.05890992167101828, 0.03793653607516398, 0.04585034013605442, 0.047522162476384244, 0.04532497149372862, 0.04500339904826649, 0.03874300473525613, 0.018179173938336242, 0.05536568694463431, 0.05412541254125412, 0.0368368653107666, 0.05399841646872526, 0.03536933750510134, 0.04786273329319687, 0.03923948220064725, 0.045914396887159536, 0.03356428021555043, 0.04135673906575424, 0.051531671858774664, 0.0304463852498787, 0.026066675812868707, 0.035609885729471165, 0.04947145877378435, 0.037231158503524306, 0.04107963814325968, 0.027789533079418817, 0.05613657336204245, 0.030478116423515816, 0.02977667493796526, 0.040993788819875775, 0.0733993399339934, 0.041893786014639466, 0.03882369984064899, 0.03144820295983087, 0.06396825396825397, 0.029708367402562007, 0.05001234872808101, 0.023798191337458353, 0.037580645161290324, 0.02803159361932786, 0.04633507853403141, 0.027870967741935485, 0.02014388489208633, 0.022404779686333084, 0.029184247538677918, 0.04691498436167188, 0.05981097474961208, 0.040157710280373834, 0.06994191674733785, 0.02059603682321735, 0.04306306306306306, 0.024220963172804533, 0.032365922161294636, 0.022771535580524343, 0.05057724024189115, 0.06289218482601255, 0.04794330183435242, 0.056133333333333334, 0.05543889122217556, 0.045478397761063494, 0.021133847702113386]
val step Accs: [0.01762950908597776, 0.026881028938906752, 0.015271127216254692, 0.017439387494683115, 0.018471977883890423, 0.014441894992576596, 0.0051660516605166054, 0.008861439312567132, 0.0347766323024055, 0.010783840334781908, 0.01248114113290358, 0.026544021024967147, 0.016229375169055992, 0.0129366106080207, 0.014947089947089947, 0.02190395956192081]
Preds: [17, 17, 17, 17, 17, 17, 284, 284, 284, 284, 284, 284, 284, 284, 284, 284, 284, 284, 284, 284, 284, 284, 284, 284, 284, 284, 284, 284, 284, 284, 284, 284, 246, 246, 246, 246, 246, 246, 246, 246, 246, 246, 246, 246, 246, 246, 246, 246, 246, 246, 246, 246, 246, 246, 246, 246, 246, 246, 246, 392, 392, 392, 392, 392, 392, 392, 392, 392, 392, 392, 392, 392, 392, 392, 392, 392, 392, 392, 392, 392, 392, 392, 392, 392, 392, 392, 392, 392, 392, 392, 392, 392, 392, 392, 392, 392, 392, 392, 392, 392, 392, 392, 392, 392, 63, 63, 63, 63, 63, 63, 392, 63, 63, 63, 63, 63, 63, 63, 63, 63, 63, 63, 63, 63, 63, 63, 63, 63, 63, 63, 63, 63, 63, 63, 63, 63, 392, 392, 392, 392, 392, 392, 392, 392, 392, 392, 392, 392, 392, 392, 392, 63, 63, 63, 63, 63, 63, 63, 63, 63, 63, 63, 392, 392, 392, 392, 392, 392, 392, 392, 392, 392, 392, 392, 392, 392, 392, 392, 392, 392, 392, 392, 392, 392, 392, 392, 392, 392, 392, 392, 392, 392, 392, 392, 392, 392, 392, 392, 392, 392, 392, 392, 392, 392, 392, 392, 392, 392, 392, 392, 392, 392, 392, 392, 392, 392, 392, 392, 392, 392, 392, 392, 63, 63, 63, 63, 63, 63, 63, 63, 63, 63, 63, 392, 392, 392, 392, 392, 392, 392, 392, 392, 392, 392, 392, 392, 392, 392, 392, 392, 392, 392, 392, 392, 392, 392, 392, 392, 392, 392, 392, 392, 392, 392, 392, 392, 392, 392, 392, 392, 392, 392, 392, 392, 392, 392, 392, 392, 392, 392, 392, 392, 392, 392, 392, 392, 392, 392, 392, 392, 392, 392, 392, 392, 392, 392, 392, 392, 392, 392, 392, 392, 392, 392, 392, 392, 392, 392, 392, 392, 392, 392, 392, 392, 392, 392, 392, 392, 392, 392, 392, 392, 392, 392, 392, 392, 392, 392, 392, 392, 392, 392, 392, 392, 392, 392, 392, 392, 392, 392, 392, 392, 392, 392, 392, 392, 392, 392, 392, 392, 392, 392, 392, 392, 392, 392, 392, 392, 392, 392, 392, 392, 392, 392, 392, 392, 392, 392, 392, 392, 392, 392, 392, 392, 392, 392, 392, 392, 392, 392, 392, 392, 392, 392, 392, 392, 392, 392, 392, 392, 392, 392, 392, 392, 392, 392, 392, 392, 392, 392, 392, 392, 392, 392, 392, 392, 392, 392, 392, 392, 392, 392, 392, 392, 392, 392, 392, 392, 392, 392, 392, 392, 392, 392, 392, 392, 392, 392, 392, 392, 392, 392, 392, 392, 392, 392, 392, 392, 392, 392, 392, 392, 392, 392, 392, 392, 392, 392, 392, 392, 392, 392, 392, 392, 392, 392, 392, 392, 392, 392, 392, 392, 392, 392, 392, 392, 392, 392, 392, 392, 392, 392, 392, 392, 392, 392, 392, 392, 392, 392, 392, 392, 392, 392, 392, 392, 392, 392, 392, 392, 392, 392, 392, 392, 392, 392, 392, 392, 392, 392, 392, 392, 392, 392, 392, 392, 392, 392, 392, 392, 392, 392, 392, 392, 392, 392, 392, 392, 392, 392, 392, 392, 392, 392, 392, 392, 392, 392, 392, 392, 392, 392, 392, 392, 392, 392, 392, 392, 392, 392, 392, 392, 392, 392, 392, 392, 392, 392, 392, 392, 392, 392, 392, 392, 392, 392, 392, 392, 392, 392, 392, 392, 392, 392, 392, 392, 392, 392, 392, 392, 392, 392, 392, 392, 392, 392, 392, 392, 392, 392, 392, 392, 392, 392, 392, 392, 392, 392, 392, 392, 392, 392, 392, 392, 392, 392, 392, 392, 392, 392]

ep13
Train step Loss: [5.218088150024414, 5.337513446807861, 5.327341079711914, 5.264658451080322, 5.209301948547363, 5.332773685455322, 5.3785247802734375, 5.324213027954102, 5.137505531311035, 5.2361159324646, 5.310799598693848, 5.320300102233887, 5.321013450622559, 5.227272033691406, 5.162291049957275, 5.263481140136719, 5.238571643829346, 5.292266845703125, 5.282120704650879, 5.242550849914551, 5.169000625610352, 5.371330261230469, 5.100003242492676, 5.198068141937256, 5.2635979652404785, 5.195213794708252, 5.375158786773682, 5.28116512298584, 5.2035675048828125, 5.236939907073975, 5.3359527587890625, 5.201857089996338, 5.285533905029297, 5.327467918395996, 5.249413967132568, 5.246456623077393, 5.248940944671631, 5.176669120788574, 5.378568649291992, 5.232159614562988, 5.229183197021484, 5.257200241088867, 5.230157852172852, 5.294893264770508, 5.145816802978516, 5.269877910614014, 5.236764430999756, 5.189494609832764, 5.204537391662598, 5.217686653137207, 5.2125396728515625, 5.235145568847656, 5.225898265838623, 5.088057518005371, 5.233770847320557, 5.257795333862305, 5.248234272003174, 5.218311309814453, 5.2009382247924805, 5.113082408905029, 5.15432071685791, 5.268257141113281, 5.274587154388428]
val step Loss: [5.4437150955200195, 5.538301467895508, 5.582052707672119, 5.5789031982421875, 5.603579521179199, 5.434046268463135, 5.539921283721924, 5.480426788330078, 5.572648525238037, 5.533656120300293, 5.532632350921631, 5.4774861335754395, 5.549134254455566, 5.554285049438477, 5.585536956787109, 5.51992654800415]
Train step Accs: [0.04838207840696951, 0.02757811353968021, 0.029710711493354185, 0.034262295081967216, 0.05509982974771707, 0.02875816993464052, 0.019683223127787176, 0.03467253714914695, 0.08906342620035566, 0.046797681323342284, 0.034482758620689655, 0.03332837375390567, 0.044115052055761425, 0.06283538168599619, 0.05919087700244366, 0.05868748193119399, 0.0433428145740214, 0.04914685722619221, 0.057301772086405384, 0.05572465464762351, 0.05977198697068404, 0.028727972752850585, 0.06840343472565856, 0.05975574294853155, 0.03727810650887574, 0.056132381570408826, 0.040592095223561726, 0.050875603864734296, 0.04315273618295671, 0.04518154518154518, 0.0336812804453723, 0.07174638487208009, 0.05831170813616242, 0.03498385360602799, 0.05489655172413793, 0.05566012368916375, 0.04253242225631014, 0.06971294669009959, 0.03686635944700461, 0.05518697225572979, 0.06066380816261712, 0.05172147599197159, 0.055229547808077324, 0.03589527027027027, 0.061167135063646884, 0.03631375080697224, 0.040066026410564226, 0.06222846920521339, 0.0649480131035465, 0.06241114586295138, 0.04294843215931045, 0.05218068535825545, 0.04555687988345915, 0.09027328066312654, 0.04885375494071146, 0.048602988953866146, 0.05763604447045056, 0.05951099492541904, 0.06773572803078896, 0.0847926267281106, 0.06088082901554404, 0.04785130503559188, 0.061447811447811446]
val step Accs: [0.047000956414810766, 0.0322800326886407, 0.0327822919585318, 0.04050959060979101, 0.03460429349567446, 0.05065428450823132, 0.037162162162162164, 0.03629639775373236, 0.03369434416365824, 0.0407899832193107, 0.04612731714326771, 0.03917500610202587, 0.042352306447261935, 0.030390195097548773, 0.027085728887185384, 0.017590509306606668]
Preds: [17, 17, 17, 17, 17, 284, 284, 284, 284, 284, 284, 284, 284, 284, 284, 284, 284, 284, 284, 284, 284, 284, 284, 284, 284, 284, 284, 284, 284, 284, 284, 246, 246, 246, 246, 246, 246, 246, 246, 246, 246, 246, 246, 246, 246, 246, 246, 246, 246, 246, 246, 246, 246, 246, 246, 246, 246, 246, 63, 63, 63, 63, 63, 63, 63, 63, 63, 63, 63, 63, 63, 63, 63, 63, 63, 63, 63, 63, 392, 392, 392, 246, 246, 246, 246, 246, 246, 246, 246, 246, 246, 246, 246, 246, 246, 246, 246, 246, 246, 246, 246, 246, 246, 246, 246, 246, 246, 246, 246, 246, 246, 246, 246, 246, 246, 246, 246, 246, 246, 246, 246, 246, 246, 246, 246, 246, 246, 246, 246, 246, 246, 246, 246, 246, 246, 246, 246, 246, 246, 246, 246, 246, 246, 246, 246, 246, 246, 246, 246, 246, 246, 246, 246, 246, 246, 246, 246, 246, 246, 246, 246, 246, 246, 246, 246, 246, 246, 246, 246, 246, 246, 246, 246, 246, 246, 246, 246, 246, 246, 246, 246, 246, 246, 246, 246, 246, 246, 246, 246, 246, 246, 246, 246, 246, 246, 246, 246, 246, 246, 246, 246, 246, 246, 246, 246, 246, 246, 246, 246, 246, 246, 246, 246, 246, 246, 246, 246, 246, 246, 246, 246, 246, 392, 392, 392, 392, 392, 392, 392, 392, 392, 63, 63, 63, 63, 63, 63, 63, 63, 63, 63, 63, 63, 63, 63, 63, 63, 63, 63, 63, 63, 63, 63, 63, 63, 63, 63, 63, 63, 63, 63, 392, 392, 392, 392, 392, 392, 392, 246, 246, 246, 246, 246, 246, 246, 246, 246, 246, 246, 246, 246, 246, 246, 246, 246, 246, 246, 246, 246, 246, 246, 246, 246, 246, 246, 246, 246, 246, 246, 246, 246, 246, 246, 246, 246, 246, 246, 246, 246, 246, 246, 246, 246, 246, 246, 246, 246, 246, 246, 246, 246, 246, 246, 246, 246, 246, 246, 246, 246, 246, 246, 246, 246, 246, 246, 246, 246, 246, 246, 246, 246, 246, 246, 246, 392, 392, 63, 63, 63, 63, 63, 63, 63, 63, 63, 63, 63, 63, 63, 63, 63, 63, 63, 63, 63, 63, 63, 63, 63, 63, 63, 63, 63, 63, 63, 63, 63, 63, 63, 63, 392, 392, 392, 246, 246, 246, 246, 246, 246, 246, 246, 246, 246, 246, 246, 246, 246, 246, 246, 246, 246, 246, 246, 246, 246, 246, 246, 246, 392, 392, 392, 392, 392, 392, 392, 246, 246, 246, 246, 246, 246, 246, 246, 246, 246, 246, 246, 246, 246, 246, 246, 246, 246, 246, 246, 246, 246, 246, 246, 246, 246, 246, 246, 246, 246, 246, 246, 246, 246, 392, 392, 392, 392, 392, 392, 392, 392, 246, 246, 246, 246, 246, 246, 246, 246, 246, 246, 246, 246, 246, 246, 246, 246, 246, 246, 246, 246, 246, 246, 246, 246, 246, 246, 246, 246, 246, 246, 246, 246, 246, 246, 246, 246, 246, 246, 246, 246, 246, 246, 246, 246, 246, 246, 246, 246, 246, 246, 246, 246, 246, 246, 246, 246, 246, 246, 246, 246, 246, 246, 246, 246, 246, 246, 246, 246, 246, 246, 246, 246, 246, 246, 246, 246, 246, 246, 246, 246, 246, 246, 246, 246, 246, 246, 246, 246, 246, 246, 246, 246, 246, 246, 246, 246, 246, 246, 246, 246, 246, 246, 246, 246, 246, 246, 246, 246, 246, 246, 246, 246, 246, 246, 246, 246, 246, 246, 246, 246, 246, 246, 246, 246, 246, 246, 246, 246, 246, 246, 246, 246, 246, 246, 246, 246, 246, 246, 246, 246, 246, 246, 246]

ep14
Train step Loss: [5.2853264808654785, 5.099358081817627, 5.2880167961120605, 5.145739555358887, 5.202326774597168, 5.284820556640625, 5.202444076538086, 5.265490531921387, 5.247576713562012, 5.339143753051758, 5.2671918869018555, 5.208096981048584, 5.252833843231201, 5.19879150390625, 5.301103591918945, 5.169275283813477, 5.242392539978027, 5.064134120941162, 5.287081241607666, 5.164218902587891, 5.211982250213623, 5.244786739349365, 5.121143817901611, 5.134624481201172, 5.137618064880371, 5.178598880767822, 5.109364986419678, 5.088949203491211, 5.213622570037842, 5.145357131958008, 5.077208995819092, 5.136543273925781, 5.132249355316162, 5.107275485992432, 5.199079990386963, 5.247758388519287, 5.197108268737793, 5.133272647857666, 5.193423748016357, 5.196970462799072, 5.153099536895752, 5.086305141448975, 5.191576957702637, 5.086851119995117, 5.114081382751465, 5.242934703826904, 5.13015079498291, 5.241118431091309, 5.075071811676025, 5.132195949554443, 5.2063751220703125, 5.24363899230957, 5.148660182952881, 5.195156574249268, 5.122644424438477, 5.081561088562012, 5.041762828826904, 5.139896392822266, 5.088992595672607, 5.235780715942383, 5.071115493774414, 5.194231986999512, 5.104446887969971]
val step Loss: [5.502891540527344, 5.513717174530029, 5.335464000701904, 5.510910987854004, 5.499300479888916, 5.44139289855957, 5.4853363037109375, 5.475371837615967, 5.442270278930664, 5.525310039520264, 5.510113716125488, 5.499561786651611, 5.469974517822266, 5.510717868804932, 5.4294281005859375, 5.559021949768066]
Train step Accs: [0.04575270580518203, 0.07728459530026109, 0.048999865753792456, 0.07190281113151575, 0.055972388955582236, 0.04989187519308001, 0.0637928540431072, 0.05799701046337818, 0.03356428021555043, 0.04282619563406099, 0.04787780878249376, 0.04107424960505529, 0.060911415250413596, 0.0670922355393434, 0.04638605963921954, 0.06221349050425671, 0.060937303681367, 0.07222463453466493, 0.05357643758765778, 0.06697356697356698, 0.05223782648641554, 0.05549722513874306, 0.06622290493258236, 0.0700374531835206, 0.07688120832766362, 0.0658732355383338, 0.07512733446519525, 0.08498316498316498, 0.0406015037593985, 0.07441016333938294, 0.08632010943912449, 0.0751266178953292, 0.07502107333520652, 0.0711828921788545, 0.05253077975376197, 0.034781188765512734, 0.06813054594675891, 0.07141988076408322, 0.05552955857120574, 0.053236937232993754, 0.05299763527611629, 0.06494425765351265, 0.05106265525807342, 0.07690931854766589, 0.07550938873351977, 0.05998568360773085, 0.06019928037641849, 0.03748285844888009, 0.07876146099503983, 0.06552349086853479, 0.0489650249821556, 0.048340128130460104, 0.06423189886349125, 0.05956219243169863, 0.06792299349240781, 0.06207788475355654, 0.06896551724137931, 0.05252188411838266, 0.06917585983127839, 0.04245843230403801, 0.07162258756254468, 0.04832056570418385, 0.05505761843790013]
val step Accs: [0.03785029722188524, 0.0340194749168002, 0.06173006633274672, 0.02361111111111111, 0.04146838885112169, 0.05296727676095397, 0.027309236947791166, 0.04061841180604357, 0.04165481944839352, 0.02706396938217605, 0.038781852082038534, 0.03381221883616311, 0.04338668913226622, 0.036503496503496505, 0.03668704836020011, 0.01736806947227789]
Preds: [17, 17, 17, 17, 17, 284, 284, 284, 284, 284, 284, 284, 284, 284, 284, 284, 284, 284, 284, 284, 284, 284, 284, 284, 284, 284, 284, 284, 284, 284, 284, 284, 284, 284, 284, 284, 284, 284, 284, 284, 284, 284, 284, 284, 284, 284, 246, 246, 246, 246, 246, 246, 246, 246, 246, 246, 246, 246, 392, 392, 392, 392, 392, 392, 392, 392, 392, 392, 392, 392, 392, 392, 392, 392, 392, 392, 392, 392, 392, 392, 392, 392, 392, 392, 392, 392, 392, 63, 63, 63, 63, 63, 63, 63, 63, 63, 63, 63, 63, 63, 63, 392, 392, 392, 392, 392, 246, 246, 246, 246, 246, 246, 246, 246, 246, 246, 246, 246, 246, 246, 246, 246, 246, 246, 246, 246, 246, 246, 246, 246, 246, 246, 246, 246, 246, 246, 246, 246, 246, 246, 246, 246, 246, 246, 246, 246, 246, 246, 246, 246, 246, 246, 246, 246, 246, 246, 246, 246, 246, 246, 246, 246, 246, 246, 246, 246, 246, 246, 246, 246, 246, 246, 246, 246, 246, 246, 246, 246, 246, 246, 246, 246, 246, 246, 246, 246, 246, 246, 246, 246, 246, 246, 246, 246, 246, 246, 246, 246, 246, 246, 246, 246, 246, 246, 246, 246, 246, 246, 246, 246, 246, 246, 246, 246, 246, 246, 246, 392, 392, 392, 392, 392, 246, 246, 246, 246, 246, 246, 246, 246, 246, 246, 246, 246, 246, 246, 246, 246, 246, 246, 246, 246, 246, 392, 392, 246, 246, 246, 246, 246, 246, 246, 246, 246, 246, 246, 246, 246, 246, 246, 246, 246, 246, 246, 246, 246, 246, 246, 246, 246, 246, 246, 246, 246, 246, 246, 246, 246, 246, 246, 246, 246, 246, 246, 246, 246, 246, 246, 246, 246, 246, 246, 392, 392, 392, 392, 392, 392, 392, 392, 392, 392, 392, 63, 63, 63, 63, 63, 63, 63, 63, 63, 63, 63, 63, 63, 63, 63, 63, 63, 63, 63, 63, 392, 392, 392, 392, 392, 392, 246, 246, 246, 246, 246, 246, 246, 246, 246, 246, 246, 392, 392, 392, 392, 246, 246, 246, 246, 246, 246, 246, 246, 246, 246, 246, 246, 246, 246, 246, 246, 246, 246, 246, 246, 246, 246, 246, 246, 246, 246, 246, 246, 246, 246, 246, 246, 246, 246, 246, 246, 246, 246, 246, 246, 246, 246, 246, 246, 246, 246, 246, 246, 246, 246, 246, 246, 246, 246, 246, 246, 246, 246, 246, 246, 246, 246, 246, 246, 246, 246, 246, 246, 246, 246, 246, 246, 246, 246, 246, 246, 246, 246, 246, 246, 246, 246, 246, 246, 246, 246, 246, 246, 246, 246, 246, 246, 246, 246, 246, 246, 246, 246, 246, 246, 246, 246, 246, 246, 392, 392, 392, 246, 246, 246, 246, 246, 246, 246, 246, 246, 246, 246, 246, 246, 392, 392, 392, 392, 392, 392, 392, 63, 63, 63, 63, 63, 63, 63, 63, 63, 63, 63, 63, 63, 63, 63, 63, 63, 63, 63, 63, 63, 63, 63, 63, 63, 63, 63, 63, 63, 63, 63, 63, 63, 63, 63, 63, 63, 63, 392, 392, 246, 246, 246, 246, 246, 246, 246, 246, 246, 246, 246, 246, 246, 246, 246, 246, 246, 246, 246, 246, 246, 246, 246, 246, 246, 246, 246, 246, 246, 246, 246, 246, 246, 246, 246, 246, 246, 246, 246, 246, 246, 246, 246, 246, 246, 246, 246, 246, 246, 246, 246, 246, 246, 246, 246, 246, 246, 246, 246, 246, 246, 246, 246, 246, 246, 246, 246, 246, 246, 246, 246, 246, 246, 246, 246, 246, 246, 246, 246, 246, 246, 246, 246, 246, 246, 246, 246, 246, 246]

ep15
Train step Loss: [5.120973587036133, 5.2153096199035645, 5.194472789764404, 5.118261337280273, 4.999492168426514, 5.105722427368164, 5.044424533843994, 5.123398303985596, 5.187344074249268, 5.1285905838012695, 5.066082000732422, 5.1162848472595215, 5.122941970825195, 5.086042881011963, 5.1624040603637695, 5.0990891456604, 5.1647467613220215, 5.097134590148926, 5.089146614074707, 5.0924577713012695, 5.212611675262451, 5.120336532592773, 5.128548622131348, 5.165524482727051, 5.091848850250244, 5.132172107696533, 5.1056742668151855, 5.060201644897461, 5.077939987182617, 5.084767818450928, 4.900523662567139, 5.068611145019531, 5.121008396148682, 5.004062175750732, 5.091869354248047, 5.071292877197266, 5.083023548126221, 5.0394439697265625, 5.125709056854248, 5.12316370010376, 5.1082048416137695, 5.123588562011719, 4.9738359451293945, 5.0001325607299805, 5.154671669006348, 5.066952228546143, 5.080971717834473, 5.1055073738098145, 5.056977272033691, 5.194915771484375, 5.0167622566223145, 5.172916412353516, 5.088369846343994, 5.004000663757324, 5.06719970703125, 5.09672212600708, 4.983001708984375, 5.02856969833374, 5.11880350112915, 4.938779830932617, 5.11893892288208, 5.090785503387451, 5.019624710083008]
val step Loss: [5.463933944702148, 5.350611686706543, 5.367791652679443, 5.426321983337402, 5.345890522003174, 5.401029586791992, 5.3435540199279785, 5.3989176750183105, 5.526004314422607, 5.356945514678955, 5.493007659912109, 5.365738391876221, 5.397211074829102, 5.327828884124756, 5.391372203826904, 5.4751505851745605]
Train step Accs: [0.06601142249966795, 0.05214819427148194, 0.04811250925240563, 0.061106634434595755, 0.0906543365559759, 0.05079455164585698, 0.06801306801306801, 0.05627906976744186, 0.04898801082892871, 0.06187489404983896, 0.06523105941527821, 0.06009992862241256, 0.058535293338630646, 0.08072048032021348, 0.057576625608708104, 0.05543045210462498, 0.051937738246505716, 0.07000504540867811, 0.06127886323268206, 0.06492822336362439, 0.04809650634497885, 0.05923532579429187, 0.06014350945857795, 0.05720695457094784, 0.050498063087991145, 0.061191626409017714, 0.06842237903225806, 0.07777604248008746, 0.07569985091933079, 0.0603868095171838, 0.08934480476505625, 0.06839021905247071, 0.05760963026655202, 0.08129847744900891, 0.06637231163651901, 0.06798211808231848, 0.07452932939162907, 0.08074708608341526, 0.05166954519286125, 0.06033094157270464, 0.055324675324675325, 0.06161944573463384, 0.08078572416655139, 0.07227278902323053, 0.053450715296337055, 0.0695325650653891, 0.06319987728179169, 0.06705499864535357, 0.06402857928002198, 0.04728020240354206, 0.07906546990496303, 0.053479185657854755, 0.08204428268122535, 0.0732171621027969, 0.06509635974304069, 0.05032200089860716, 0.08149051018631377, 0.06141263940520446, 0.05985074626865672, 0.09034690799396682, 0.050764349581770986, 0.06010074691679694, 0.0735573874445149]
val step Accs: [0.03567318757192175, 0.042048517520215635, 0.031245458508937653, 0.03064176749079432, 0.04693662897712332, 0.04601769911504425, 0.046207610665286045, 0.03503002573634544, 0.025768476128188358, 0.03908668730650155, 0.03359258646367698, 0.05837598561350118, 0.03452461227242077, 0.05381966585894656, 0.04148740012292563, 0.03559150657229525]
Preds: [17, 17, 17, 17, 17, 284, 284, 284, 284, 284, 284, 284, 284, 284, 284, 284, 284, 284, 284, 284, 284, 284, 284, 284, 284, 284, 284, 284, 284, 284, 246, 246, 246, 246, 246, 246, 246, 246, 246, 246, 246, 246, 246, 246, 246, 246, 246, 246, 246, 246, 246, 246, 246, 246, 246, 414, 414, 414, 414, 414, 414, 414, 414, 414, 414, 414, 414, 414, 414, 414, 414, 414, 414, 414, 246, 246, 246, 246, 246, 246, 246, 246, 246, 246, 246, 246, 246, 246, 246, 246, 246, 246, 246, 246, 246, 246, 246, 246, 246, 246, 246, 246, 246, 246, 246, 246, 246, 246, 246, 246, 246, 246, 246, 246, 246, 246, 246, 246, 246, 246, 246, 246, 246, 246, 246, 246, 246, 246, 246, 246, 246, 246, 246, 246, 246, 246, 414, 414, 414, 246, 246, 246, 246, 246, 246, 246, 246, 246, 246, 246, 246, 246, 246, 246, 246, 246, 246, 246, 246, 246, 246, 246, 246, 246, 246, 246, 246, 246, 246, 246, 246, 246, 246, 246, 246, 246, 246, 246, 246, 246, 246, 246, 246, 246, 246, 246, 246, 246, 246, 246, 246, 246, 414, 414, 414, 414, 414, 414, 414, 246, 246, 246, 246, 246, 246, 246, 246, 246, 246, 246, 246, 246, 246, 414, 414, 392, 392, 392, 392, 392, 392, 392, 392, 392, 392, 392, 392, 392, 392, 392, 392, 392, 392, 392, 392, 392, 392, 392, 392, 392, 392, 392, 63, 63, 63, 63, 63, 63, 63, 63, 63, 63, 63, 63, 63, 63, 63, 63, 392, 392, 392, 392, 246, 246, 246, 246, 246, 246, 246, 246, 246, 246, 246, 246, 246, 246, 246, 246, 246, 246, 246, 246, 246, 246, 246, 246, 246, 246, 246, 246, 246, 246, 246, 246, 246, 246, 246, 246, 246, 246, 246, 246, 246, 246, 246, 246, 246, 246, 246, 246, 246, 246, 246, 246, 246, 246, 246, 246, 246, 246, 246, 246, 246, 246, 246, 246, 246, 246, 246, 246, 246, 246, 246, 246, 246, 246, 246, 246, 246, 246, 246, 246, 246, 246, 246, 246, 246, 246, 246, 246, 246, 246, 246, 246, 246, 246, 246, 414, 392, 392, 392, 392, 392, 392, 392, 392, 392, 392, 392, 392, 246, 246, 246, 246, 246, 246, 246, 246, 246, 246, 246, 246, 246, 246, 246, 246, 246, 246, 246, 246, 246, 246, 246, 246, 246, 246, 246, 246, 246, 246, 246, 246, 246, 246, 246, 246, 246, 246, 246, 246, 246, 246, 246, 246, 246, 246, 246, 246, 414, 414, 414, 414, 414, 246, 246, 246, 246, 246, 246, 246, 246, 246, 246, 246, 246, 246, 246, 246, 246, 246, 246, 246, 246, 246, 246, 246, 246, 246, 246, 246, 246, 246, 246, 246, 246, 246, 246, 246, 246, 246, 246, 246, 246, 246, 246, 246, 246, 246, 246, 246, 246, 246, 246, 246, 246, 246, 246, 246, 246, 246, 246, 246, 246, 246, 246, 246, 246, 246, 246, 246, 246, 246, 246, 246, 246, 246, 246, 246, 246, 246, 246, 246, 246, 246, 246, 246, 246, 246, 246, 246, 246, 246, 246, 246, 246, 246, 246, 246, 246, 246, 246, 246, 246, 246, 246, 246, 246, 246, 246, 246, 246, 246, 246, 246, 246, 246, 246, 246, 246, 246, 246, 246, 246, 246, 246, 246, 246, 246, 246, 246, 246, 246, 246, 246, 246, 246, 246, 246, 246, 246, 246, 246, 246, 246, 246, 246, 246, 246, 246, 246, 246, 246, 246, 246, 246, 246, 246, 246, 246, 246, 246, 246, 246, 246, 246, 246, 246, 246, 246, 246, 246, 246, 246, 246, 246, 246, 246, 246, 246, 246]

ep16
Train step Loss: [5.071010589599609, 5.084975719451904, 5.127099514007568, 4.91240930557251, 5.082143306732178, 4.974078178405762, 4.985024452209473, 5.090324401855469, 5.111337661743164, 5.029078006744385, 5.076869487762451, 5.106025695800781, 4.936421871185303, 5.0476789474487305, 5.064067363739014, 4.9964494705200195, 4.98104190826416, 5.143889427185059, 4.977210521697998, 5.056402683258057, 5.093655586242676, 4.995436191558838, 5.052226543426514, 4.962821960449219, 5.029112815856934, 4.9634928703308105, 4.863713264465332, 4.909698009490967, 4.968333721160889, 4.98045539855957, 5.026012897491455, 4.976510047912598, 5.008106708526611, 4.916276931762695, 4.984077453613281, 4.963598728179932, 5.034304141998291, 5.030519962310791, 4.94378137588501, 4.9997944831848145, 4.964812278747559, 4.979524612426758, 4.975707054138184, 4.900105953216553, 4.9161224365234375, 5.091791152954102, 4.948581695556641, 4.926911354064941, 4.96148681640625, 4.901508808135986, 4.894775867462158, 5.035881519317627, 5.034909248352051, 5.0535759925842285, 4.906954288482666, 4.871736526489258, 4.951695919036865, 5.063422679901123, 4.788061141967773, 4.861074924468994, 4.987628936767578, 4.890675067901611, 5.01814079284668]
val step Loss: [5.352208614349365, 5.323409080505371, 5.3280253410339355, 5.3156890869140625, 5.376702308654785, 5.219607353210449, 5.33532190322876, 5.359683990478516, 5.394214153289795, 5.353448390960693, 5.321457386016846, 5.276556015014648, 5.260862350463867, 5.277397155761719, 5.231410026550293, 5.240769386291504]
Train step Accs: [0.05416729013915906, 0.0648839419030813, 0.06459987782529017, 0.08629600626468285, 0.05322173089071384, 0.08724114896459585, 0.07565738889743195, 0.05818619582664526, 0.05880689850155499, 0.07333628449166298, 0.07318475916606758, 0.05467041549515776, 0.0820371010485079, 0.06856646897150297, 0.0678217088701318, 0.0774800868935554, 0.0841959972394755, 0.05123579289193578, 0.08475957620211899, 0.06839732628633607, 0.062393274661762775, 0.06661665416354089, 0.06099450626848852, 0.08093994778067885, 0.07116000557025484, 0.08374922021210231, 0.10223022579304612, 0.08486679483658335, 0.07055589492974954, 0.06591865357643759, 0.06399892212341687, 0.06839590443686007, 0.06724744001222681, 0.08684308609765189, 0.07364457831325301, 0.07854743241081427, 0.063595166163142, 0.07081199707388441, 0.07189259419662192, 0.07113785170766236, 0.0668419076229816, 0.06636335111390022, 0.06102311088029083, 0.08631674757281553, 0.07672248147131486, 0.04976525821596244, 0.0781767955801105, 0.07123136388735506, 0.06266560678325384, 0.08827031854718666, 0.07494177284559529, 0.06723891273247497, 0.0653205041333514, 0.061483103879849815, 0.08379446640316206, 0.09419817470664928, 0.06853758285150191, 0.05454244031830239, 0.11684181415929204, 0.08915162166480269, 0.08088675853804674, 0.07986984173938766, 0.06523681858802502]
val step Accs: [0.025455597338733007, 0.04356992269852424, 0.035366158460384906, 0.03501843075302791, 0.03823257044582617, 0.0560950677229747, 0.03594385412567231, 0.043836026331538, 0.03757916959887403, 0.0409846307634637, 0.039222873900293255, 0.04514421067298314, 0.0576359993835722, 0.047960674903680084, 0.04238833181403829, 0.05409769882922891]
Preds: [17, 17, 17, 17, 284, 284, 284, 284, 284, 284, 284, 284, 284, 284, 284, 284, 284, 284, 284, 284, 284, 284, 284, 284, 284, 284, 284, 284, 213, 213, 171, 414, 414, 414, 414, 414, 414, 414, 414, 414, 414, 414, 414, 414, 213, 213, 213, 213, 213, 213, 213, 213, 213, 213, 246, 246, 246, 246, 246, 246, 246, 246, 246, 246, 246, 246, 246, 246, 246, 246, 246, 246, 246, 246, 246, 246, 246, 246, 246, 213, 213, 213, 213, 213, 213, 213, 213, 213, 213, 213, 213, 213, 213, 213, 213, 213, 213, 414, 414, 213, 213, 213, 213, 213, 213, 213, 213, 213, 213, 213, 213, 414, 414, 414, 414, 414, 414, 414, 392, 392, 392, 392, 392, 392, 392, 392, 392, 392, 63, 63, 63, 63, 63, 392, 392, 392, 392, 392, 320, 320, 320, 320, 392, 392, 392, 392, 392, 392, 320, 320, 320, 320, 213, 213, 213, 213, 213, 213, 213, 213, 213, 213, 213, 213, 213, 213, 213, 213, 213, 213, 213, 213, 213, 213, 213, 213, 213, 213, 213, 213, 213, 213, 213, 213, 213, 213, 213, 213, 213, 213, 213, 213, 213, 213, 213, 213, 213, 213, 213, 213, 213, 213, 213, 213, 414, 414, 414, 414, 414, 213, 213, 213, 213, 213, 213, 213, 213, 213, 213, 213, 213, 213, 213, 213, 213, 414, 414, 414, 414, 414, 213, 213, 213, 213, 213, 213, 213, 213, 213, 213, 213, 213, 213, 213, 213, 213, 213, 414, 414, 414, 414, 414, 414, 392, 392, 392, 392, 392, 392, 392, 392, 392, 392, 392, 392, 392, 392, 392, 392, 392, 392, 392, 392, 392, 320, 320, 320, 213, 213, 213, 213, 213, 213, 213, 213, 213, 213, 213, 213, 213, 213, 213, 213, 213, 213, 213, 213, 213, 213, 213, 213, 213, 213, 213, 213, 213, 213, 213, 213, 213, 213, 213, 213, 213, 213, 213, 213, 213, 213, 213, 213, 213, 213, 213, 213, 213, 213, 213, 213, 213, 213, 213, 213, 213, 213, 213, 213, 213, 213, 213, 414, 414, 414, 213, 213, 213, 213, 213, 213, 213, 414, 414, 414, 414, 414, 392, 392, 392, 392, 392, 392, 392, 392, 392, 392, 392, 392, 392, 392, 392, 392, 63, 63, 63, 63, 63, 63, 63, 392, 392, 392, 392, 320, 320, 320, 213, 213, 213, 213, 213, 213, 213, 213, 213, 213, 213, 213, 213, 213, 324, 213, 213, 213, 213, 213, 213, 213, 213, 213, 213, 213, 213, 213, 213, 213, 213, 213, 213, 213, 213, 213, 213, 213, 213, 213, 213, 213, 213, 213, 213, 213, 213, 213, 414, 414, 414, 414, 414, 414, 213, 213, 213, 213, 213, 213, 213, 213, 213, 213, 213, 213, 213, 213, 213, 213, 213, 213, 213, 213, 213, 213, 213, 213, 213, 213, 213, 414, 414, 414, 414, 392, 392, 392, 392, 392, 392, 392, 392, 392, 392, 392, 63, 63, 63, 63, 63, 63, 63, 63, 392, 392, 320, 320, 320, 213, 213, 213, 213, 213, 213, 213, 213, 213, 213, 213, 213, 213, 213, 213, 213, 213, 213, 213, 213, 213, 213, 213, 213, 213, 213, 213, 213, 213, 414, 414, 414, 414, 414, 414, 414, 414, 414, 414, 213, 213, 213, 213, 213, 213, 213, 213, 213, 213, 213, 213, 213, 213, 213, 213, 213, 213, 213, 213, 213, 213, 213, 213, 213, 213, 213, 213, 213, 213, 213, 213, 213, 213, 213, 213, 213, 213, 213, 213, 213, 213, 213, 213, 213, 213, 213, 213, 213, 213, 213, 213, 213, 213, 213, 213, 213, 213, 213, 213, 213, 213, 213, 213, 213, 213, 213]

ep17
Train step Loss: [5.012948513031006, 4.824900150299072, 4.868259429931641, 4.883406162261963, 4.937827110290527, 4.925872802734375, 4.91165018081665, 4.9838104248046875, 5.026122093200684, 4.997892379760742, 4.852270126342773, 4.9699859619140625, 4.996327877044678, 4.936610698699951, 5.010983943939209, 4.950430870056152, 4.762875556945801, 4.850497245788574, 4.98292875289917, 4.949310302734375, 4.835931301116943, 4.797065734863281, 4.860837936401367, 4.933615684509277, 4.958606243133545, 4.939075946807861, 4.974853515625, 4.854470252990723, 4.8273539543151855, 4.86186408996582, 4.815401077270508, 4.89898157119751, 4.915381908416748, 4.8707075119018555, 4.914368629455566, 4.92067289352417, 4.969546318054199, 4.842994213104248, 4.76199197769165, 4.862321853637695, 4.899838924407959, 4.866546630859375, 4.912643909454346, 4.964119911193848, 4.7321367263793945, 4.836242198944092, 4.805872440338135, 4.855885028839111, 4.899993896484375, 4.856374740600586, 5.038033962249756, 4.8212409019470215, 4.868813991546631, 4.764180660247803, 4.871761322021484, 4.851982593536377, 4.990596294403076, 4.822850227355957, 4.80813455581665, 4.8221611976623535, 4.901831150054932, 4.799540996551514, 4.763670921325684]
val step Loss: [5.218679904937744, 5.135473728179932, 5.206197261810303, 5.2050251960754395, 5.301063537597656, 5.229527473449707, 5.237663745880127, 5.113354682922363, 5.301229000091553, 5.251407146453857, 5.233130931854248, 5.253556728363037, 5.251364707946777, 5.125552177429199, 5.203417778015137, 5.22695779800415]
Train step Accs: [0.07309336643221624, 0.08782408035835483, 0.06793406009040148, 0.09423384943940202, 0.07073904098749802, 0.08081138557173237, 0.08408052782947048, 0.06897091022833907, 0.069520983467571, 0.07012109264995776, 0.10440503432494279, 0.07882200086617583, 0.07352545111769458, 0.07690274841437632, 0.06216124661246612, 0.07977558839627805, 0.10918696800704432, 0.09331933324583279, 0.08506977633339706, 0.07826797385620915, 0.08698819758123269, 0.10621960583567955, 0.09211903693734111, 0.0784, 0.058445628329677216, 0.07930367504835589, 0.06734143049932524, 0.08798249726519769, 0.0758266818700114, 0.08888888888888889, 0.09002661656489745, 0.06327543424317618, 0.07277289836888332, 0.09553179824561403, 0.08766795264068113, 0.07489809782608696, 0.07309688581314878, 0.09047752024574142, 0.10248571048783729, 0.08693267516796929, 0.08295625942684766, 0.09461144202798172, 0.08174458083050405, 0.08012820512820513, 0.11766503667481662, 0.08909779710958328, 0.09853712393044438, 0.08181818181818182, 0.07947382844614963, 0.0842508377213978, 0.06480271753331591, 0.10513141426783479, 0.09674740484429066, 0.11822955738934733, 0.08247149297268629, 0.0958609568177746, 0.07436260623229461, 0.09659506064591554, 0.09587217043941411, 0.10110541925047183, 0.08195949128591616, 0.09033177812337999, 0.10534080849808203]
val step Accs: [0.054016036010690674, 0.06468288992560838, 0.06267769449470147, 0.06341396747300806, 0.04522906332068865, 0.05176653293645658, 0.04596716630977873, 0.06772247360482654, 0.04847950639048039, 0.04890337877889745, 0.06293169608595549, 0.05640408899579074, 0.04699738903394256, 0.059979765862118804, 0.054334554334554336, 0.05993000874890639]
Preds: [17, 17, 17, 17, 284, 284, 284, 284, 284, 284, 284, 284, 284, 284, 284, 284, 284, 284, 284, 284, 284, 284, 284, 284, 414, 414, 414, 414, 414, 414, 414, 392, 320, 320, 287, 287, 284, 246, 246, 246, 246, 246, 246, 246, 246, 246, 246, 246, 246, 246, 246, 246, 246, 246, 246, 246, 246, 246, 246, 246, 246, 246, 246, 246, 246, 246, 246, 246, 246, 246, 246, 246, 246, 246, 246, 246, 246, 246, 246, 246, 246, 246, 246, 246, 246, 246, 246, 246, 246, 246, 414, 414, 414, 246, 246, 246, 246, 246, 246, 246, 246, 246, 246, 246, 246, 246, 246, 246, 246, 246, 246, 246, 246, 246, 246, 246, 246, 246, 246, 246, 246, 246, 246, 246, 246, 246, 246, 246, 246, 246, 246, 246, 246, 246, 246, 246, 246, 246, 246, 246, 246, 246, 246, 246, 246, 246, 246, 246, 246, 414, 414, 414, 414, 414, 414, 414, 414, 414, 246, 246, 246, 246, 246, 246, 246, 246, 246, 246, 246, 246, 246, 246, 246, 246, 246, 246, 246, 246, 246, 246, 246, 246, 246, 246, 246, 246, 246, 246, 246, 246, 246, 246, 246, 246, 246, 246, 246, 246, 246, 246, 246, 246, 246, 246, 246, 246, 246, 246, 246, 246, 246, 246, 246, 246, 246, 246, 246, 246, 246, 246, 246, 246, 246, 246, 246, 246, 246, 246, 246, 246, 246, 246, 246, 246, 246, 246, 246, 246, 246, 246, 246, 246, 246, 246, 246, 246, 246, 246, 246, 246, 246, 246, 246, 246, 246, 246, 246, 246, 246, 246, 246, 246, 246, 246, 246, 246, 246, 246, 246, 246, 246, 246, 246, 246, 246, 246, 246, 246, 246, 246, 246, 246, 246, 246, 246, 246, 246, 246, 246, 246, 246, 246, 246, 246, 246, 246, 246, 246, 246, 246, 246, 246, 246, 246, 246, 246, 246, 246, 246, 246, 246, 246, 246, 246, 246, 246, 246, 246, 246, 246, 246, 246, 246, 246, 246, 246, 246, 246, 246, 246, 246, 246, 246, 246, 246, 246, 246, 246, 246, 246, 246, 246, 246, 246, 246, 246, 246, 246, 246, 246, 246, 246, 246, 246, 246, 246, 246, 246, 246, 246, 246, 246, 246, 246, 246, 246, 246, 246, 246, 246, 246, 246, 246, 246, 246, 246, 246, 246, 246, 246, 246, 246, 246, 246, 246, 246, 246, 246, 246, 246, 246, 246, 246, 246, 246, 246, 246, 246, 246, 246, 246, 246, 246, 246, 246, 246, 246, 246, 246, 246, 246, 246, 246, 246, 246, 246, 246, 246, 246, 246, 246, 246, 246, 246, 246, 246, 246, 246, 246, 246, 246, 246, 246, 246, 246, 246, 246, 246, 246, 246, 246, 246, 246, 246, 246, 246, 246, 246, 246, 246, 246, 246, 246, 246, 246, 246, 246, 246, 246, 246, 246, 246, 246, 246, 246, 246, 246, 246, 246, 246, 246, 246, 246, 246, 246, 246, 246, 246, 246, 246, 246, 246, 246, 246, 246, 246, 246, 246, 246, 246, 246, 246, 246, 246, 246, 246, 246, 246, 246, 246, 246, 246, 246, 246, 246, 246, 246, 246, 246, 246, 246, 246, 246, 246, 246, 246, 246, 246, 246, 246, 246, 246, 246, 246, 246, 246, 246, 246, 246, 246, 246, 246, 246, 246, 246, 246, 246, 246, 246, 246, 246, 246, 246, 246, 246, 246, 246, 246, 246, 246, 246, 246, 246, 246, 246, 246, 246, 246, 246, 246, 246, 246, 246, 246, 246, 246, 246, 246, 246, 246, 246, 246, 246, 246, 246, 246, 246, 246, 246, 246, 246, 246, 246, 246, 246, 246, 246, 246, 246, 246, 246, 246, 246, 246, 246, 246, 246, 246, 246, 246]

ep18
Train step Loss: [4.805952548980713, 4.833530426025391, 4.8068528175354, 4.727505207061768, 4.784150123596191, 4.903597831726074, 4.774395942687988, 4.77504301071167, 4.869420528411865, 4.71790885925293, 4.81904411315918, 4.700282573699951, 4.89995002746582, 4.762911796569824, 4.805190086364746, 4.8941850662231445, 4.875218391418457, 4.810693740844727, 4.832752227783203, 4.7093377113342285, 4.9058003425598145, 4.793445587158203, 4.783839702606201, 4.877024173736572, 4.830398082733154, 4.7723541259765625, 4.848535060882568, 4.781559467315674, 4.772473335266113, 4.7119574546813965, 4.826700687408447, 4.685041904449463, 4.882843971252441, 4.848385334014893, 4.747722625732422, 4.785253524780273, 4.813608169555664, 4.807541370391846, 4.864040374755859, 4.721724510192871, 4.8666887283325195, 4.770452499389648, 4.749518394470215, 4.7572550773620605, 4.86667537689209, 4.71500825881958, 4.807297229766846, 4.798952579498291, 4.802368640899658, 4.7071404457092285, 4.915358543395996, 4.7496724128723145, 4.811604976654053, 4.797354221343994, 4.7694525718688965, 4.834836006164551, 4.704504489898682, 4.812243938446045, 4.7606096267700195, 4.747550010681152, 4.72191858291626, 4.742109298706055, 4.765066623687744]
val step Loss: [5.055729389190674, 5.127242565155029, 5.146815299987793, 5.160883903503418, 5.096036434173584, 5.221315860748291, 5.032561302185059, 5.124875068664551, 5.184475421905518, 5.162735462188721, 5.049372673034668, 5.142783164978027, 5.1301679611206055, 5.158843994140625, 5.157398223876953, 5.057675838470459]
Train step Accs: [0.09569957601453664, 0.0821127385707945, 0.10643526340039933, 0.1051835035944003, 0.10277506623901826, 0.08354573775134523, 0.09910913140311804, 0.09816124469589817, 0.08023709700737314, 0.1031821259309411, 0.09735146743020759, 0.106825331691971, 0.08637487276428675, 0.09281177829099307, 0.08926008090826047, 0.07391361428383879, 0.08346114519427403, 0.09425785482123511, 0.07820488543836394, 0.11004855083124908, 0.07520357656075363, 0.09114025695931477, 0.09178443857741886, 0.09147982062780269, 0.09167033935654473, 0.10689075630252101, 0.0850928516916815, 0.09525222551928783, 0.09978593775728635, 0.12036743744060817, 0.08920720465182244, 0.10350562947799385, 0.07315480078380143, 0.08574928542262147, 0.10950737370567933, 0.09819639278557114, 0.08651742130954385, 0.09002203336480957, 0.07648870636550308, 0.10847139731165989, 0.08844665561083472, 0.09333132620803854, 0.09925293489861259, 0.10661910424098296, 0.0892983699503898, 0.1105745212323064, 0.08851324371090111, 0.09036922282468371, 0.09260086348072057, 0.10320284697508897, 0.0803924240359722, 0.10768999699609492, 0.07401685393258427, 0.09800918836140889, 0.10746152851416009, 0.09544863459037711, 0.11645536531172396, 0.09129605166593277, 0.10158460667798529, 0.0985343201277028, 0.09158743531110844, 0.10890302066772654, 0.10884808013355593]
val step Accs: [0.07654472794343682, 0.06170805879371515, 0.06512721238938053, 0.06429218231210383, 0.061019670814933764, 0.054367079983649, 0.07361444084050205, 0.057928531546621996, 0.05506867233485938, 0.05368756053687561, 0.06444715943799634, 0.05319533036466482, 0.06844761787516927, 0.053838484546360914, 0.051658315437842994, 0.06803863922721545]
Preds: [17, 17, 17, 17, 284, 284, 284, 284, 284, 284, 284, 284, 284, 284, 284, 284, 284, 284, 284, 284, 284, 284, 284, 284, 284, 284, 284, 284, 284, 35, 414, 414, 414, 414, 414, 414, 414, 287, 287, 284, 213, 246, 246, 246, 246, 35, 35, 35, 35, 246, 246, 246, 246, 246, 246, 246, 246, 246, 246, 246, 246, 246, 246, 246, 246, 246, 246, 246, 246, 246, 246, 246, 246, 246, 246, 246, 246, 246, 246, 246, 246, 246, 246, 246, 246, 246, 246, 246, 414, 414, 414, 414, 414, 98, 246, 246, 246, 246, 246, 246, 246, 246, 246, 246, 246, 246, 246, 246, 246, 246, 246, 246, 246, 246, 98, 414, 414, 414, 414, 414, 414, 414, 414, 98, 98, 98, 213, 246, 246, 246, 246, 246, 246, 246, 246, 246, 246, 246, 246, 246, 246, 246, 246, 246, 246, 246, 246, 246, 246, 246, 246, 246, 246, 246, 246, 246, 246, 246, 246, 246, 246, 246, 246, 246, 246, 246, 246, 246, 246, 246, 246, 246, 246, 246, 246, 246, 246, 246, 246, 246, 246, 246, 246, 246, 246, 246, 246, 246, 246, 246, 98, 98, 98, 246, 246, 246, 246, 246, 246, 246, 246, 246, 246, 246, 246, 246, 98, 414, 414, 414, 98, 98, 98, 246, 246, 246, 246, 246, 246, 246, 246, 246, 246, 246, 246, 246, 246, 246, 246, 246, 246, 246, 246, 246, 98, 98, 246, 246, 246, 246, 246, 246, 246, 98, 414, 98, 98, 246, 246, 246, 246, 246, 246, 246, 246, 246, 246, 414, 414, 414, 414, 414, 414, 170, 392, 392, 392, 392, 392, 392, 392, 392, 392, 392, 392, 392, 392, 392, 392, 392, 392, 392, 392, 392, 392, 73, 320, 320, 320, 287, 287, 213, 213, 213, 213, 246, 246, 246, 246, 246, 246, 246, 246, 246, 246, 246, 246, 246, 246, 246, 246, 246, 246, 246, 246, 246, 246, 246, 246, 246, 246, 246, 246, 98, 324, 246, 246, 246, 246, 246, 246, 246, 246, 246, 246, 246, 246, 98, 414, 98, 98, 246, 246, 246, 246, 246, 246, 246, 246, 246, 246, 98, 98, 98, 246, 246, 246, 246, 246, 246, 246, 246, 246, 246, 246, 246, 246, 246, 246, 246, 246, 246, 246, 246, 246, 414, 414, 414, 414, 414, 414, 170, 170, 392, 392, 392, 392, 392, 392, 392, 392, 392, 392, 392, 73, 73, 320, 320, 320, 320, 320, 320, 287, 213, 213, 213, 246, 246, 246, 98, 98, 98, 246, 246, 246, 246, 246, 246, 98, 98, 98, 246, 246, 246, 246, 246, 246, 246, 246, 246, 246, 246, 324, 414, 414, 414, 414, 414, 414, 170, 170, 170, 170, 320, 320, 320, 320, 287, 213, 213, 213, 246, 246, 246, 246, 246, 246, 246, 98, 414, 98, 246, 246, 246, 246, 246, 246, 324, 324, 98, 98, 324, 324, 246, 246, 246, 246, 246, 246, 246, 246, 246, 246, 246, 246, 246, 246, 246, 246, 414, 414, 414, 414, 414, 414, 170, 392, 392, 392, 392, 392, 392, 392, 392, 392, 73, 73, 73, 320, 320, 320, 320, 320, 320, 320, 320, 320, 320, 320, 320, 287, 287, 213, 213, 213, 246, 246, 246, 246, 246, 246, 246, 246, 246, 246, 246, 246, 246, 246, 246, 246, 246, 246, 246, 246, 246, 324, 324, 324, 246, 246, 246, 246, 246, 246, 246, 246, 246, 246, 246, 246, 98, 98, 98, 324, 324, 324, 98, 98, 98, 98, 98, 98, 98, 98, 414, 414, 414, 414, 414, 98, 98, 213, 213, 246, 246, 246, 246, 246, 246, 246, 246, 246, 246, 324, 324, 324, 246, 246, 246]

ep19
Train step Loss: [4.728768348693848, 4.79760217666626, 4.817190647125244, 4.6678619384765625, 4.7604570388793945, 4.740458965301514, 4.823246479034424, 4.756229400634766, 4.655590534210205, 4.766448497772217, 4.715283393859863, 4.710781574249268, 4.755900859832764, 4.692277908325195, 4.640905380249023, 4.645866394042969, 4.7892327308654785, 4.724147319793701, 4.516357421875, 4.7240519523620605, 4.643765926361084, 4.781392574310303, 4.767861843109131, 4.662317276000977, 4.750741004943848, 4.657044410705566, 4.722404956817627, 4.698092460632324, 4.631067752838135, 4.7307891845703125, 4.683688163757324, 4.884608268737793, 4.715545177459717, 4.6878275871276855, 4.669791221618652, 4.673405170440674, 4.689691543579102, 4.657394886016846, 4.850673675537109, 4.640460968017578, 4.6952056884765625, 4.672596454620361, 4.7415032386779785, 4.657693862915039, 4.704061508178711, 4.6180806159973145, 4.70868444442749, 4.455556392669678, 4.557736873626709, 4.598991394042969, 4.529168605804443, 4.671954154968262, 4.712233543395996, 4.695467948913574, 4.7859063148498535, 4.757835388183594, 4.722073078155518, 4.533086776733398, 4.651966094970703, 4.645604610443115, 4.6028361320495605, 4.735836505889893, 4.724923133850098]
val step Loss: [5.05711030960083, 5.09199857711792, 5.138941764831543, 5.025207996368408, 4.964632034301758, 4.992369174957275, 4.9942307472229, 5.023284435272217, 5.051519870758057, 5.04433536529541, 4.958056926727295, 5.043454170227051, 5.065073013305664, 4.991283416748047, 5.024909496307373, 5.010861396789551]
Train step Accs: [0.10811598426344164, 0.08524405682937122, 0.08147401756153735, 0.12029161603888214, 0.08915770609318996, 0.10659738623838766, 0.08733756421879722, 0.11640129850054104, 0.11775164113785558, 0.08856142398599358, 0.11036616812790098, 0.10356818869065619, 0.08898589657488247, 0.10046113306982872, 0.10544270429523957, 0.11537399944797129, 0.09186206896551724, 0.10904370402423194, 0.13822731383780523, 0.10011441647597254, 0.10740689077974613, 0.10021551724137931, 0.09797951840575699, 0.10507432086109687, 0.09496964440589765, 0.09809602649006623, 0.09321595028482652, 0.10743295019157088, 0.12021072796934866, 0.10202615318292858, 0.10863050644291279, 0.07710398118595665, 0.09608172766067503, 0.09792518076076706, 0.09769775678866588, 0.10439720442632498, 0.1125748502994012, 0.12077774623900085, 0.08802403029907274, 0.10761705101327743, 0.11437908496732026, 0.11238014664410603, 0.1039380245319561, 0.1193004372267333, 0.10425101214574899, 0.11565971693806118, 0.11431362970200293, 0.1345590194511058, 0.13762362446023124, 0.11180322632167386, 0.12006985882695387, 0.10291570438799076, 0.09151343705799152, 0.09197845804988662, 0.09002504788566378, 0.09610050579213575, 0.09765297569153394, 0.13515312916111852, 0.10833725859632595, 0.12230005837711617, 0.12953280485748017, 0.10148482892188508, 0.10231966952653321]
val step Accs: [0.08272980501392757, 0.0670126019273536, 0.07013574660633484, 0.07303671937818279, 0.08602872097705005, 0.08090701730846639, 0.08626078259782473, 0.08098502157908098, 0.07082816590877773, 0.07426617941765885, 0.08048911582907821, 0.07046346070027604, 0.07719685812469318, 0.07390097853074339, 0.059578915932507095, 0.07736587612249597]
Preds: [17, 17, 17, 17, 284, 284, 284, 284, 284, 284, 35, 35, 35, 35, 35, 284, 284, 284, 284, 284, 284, 35, 35, 35, 35, 35, 35, 35, 35, 284, 284, 324, 324, 324, 324, 324, 35, 35, 35, 98, 35, 35, 324, 324, 324, 246, 246, 246, 35, 414, 414, 414, 414, 414, 414, 392, 392, 392, 392, 392, 392, 73, 73, 392, 73, 320, 320, 320, 320, 287, 287, 320, 73, 73, 73, 73, 73, 73, 320, 320, 320, 287, 287, 287, 287, 287, 284, 213, 246, 246, 246, 246, 246, 246, 246, 324, 324, 324, 324, 324, 324, 246, 246, 324, 35, 35, 35, 324, 324, 324, 246, 246, 246, 246, 246, 246, 324, 35, 98, 98, 98, 98, 324, 324, 324, 324, 324, 324, 324, 324, 324, 324, 324, 324, 324, 324, 324, 324, 324, 324, 324, 324, 324, 324, 324, 324, 324, 324, 324, 324, 324, 324, 324, 324, 324, 324, 324, 324, 324, 324, 324, 324, 324, 324, 324, 324, 324, 324, 324, 324, 324, 324, 324, 324, 324, 324, 324, 324, 324, 324, 324, 324, 324, 35, 98, 98, 98, 98, 98, 98, 324, 324, 324, 324, 324, 324, 35, 98, 98, 98, 98, 98, 98, 98, 98, 324, 324, 324, 324, 324, 324, 324, 324, 324, 98, 98, 98, 414, 414, 414, 414, 414, 414, 414, 98, 98, 98, 182, 35, 98, 98, 182, 35, 35, 324, 324, 324, 324, 324, 324, 324, 324, 324, 324, 324, 324, 324, 324, 324, 324, 324, 324, 324, 246, 246, 246, 246, 246, 246, 324, 35, 98, 98, 414, 414, 98, 324, 324, 324, 98, 98, 324, 324, 324, 324, 98, 414, 414, 414, 414, 414, 392, 392, 392, 392, 392, 73, 320, 320, 320, 320, 320, 320, 320, 320, 73, 73, 73, 73, 73, 73, 73, 73, 73, 320, 320, 320, 320, 287, 287, 287, 213, 213, 246, 246, 246, 246, 246, 246, 246, 246, 246, 246, 246, 246, 246, 246, 324, 324, 324, 324, 246, 246, 246, 246, 324, 98, 98, 98, 98, 98, 324, 324, 324, 246, 246, 324, 324, 35, 98, 98, 98, 98, 98, 324, 324, 324, 324, 246, 246, 246, 246, 246, 246, 246, 246, 246, 246, 35, 98, 98, 98, 98, 324, 324, 324, 324, 324, 98, 98, 98, 98, 324, 324, 324, 324, 324, 324, 324, 35, 35, 98, 98, 98, 98, 98, 324, 324, 324, 324, 324, 35, 98, 324, 324, 324, 324, 324, 324, 324, 324, 324, 324, 324, 324, 324, 324, 324, 324, 324, 324, 324, 324, 324, 246, 246, 246, 246, 246, 246, 246, 246, 324, 324, 324, 98, 98, 414, 414, 414, 414, 414, 414, 392, 392, 392, 392, 392, 392, 392, 73, 73, 73, 73, 73, 73, 73, 73, 73, 73, 73, 320, 320, 320, 287, 287, 287, 287, 287, 171, 246, 246, 246, 246, 246, 246, 246, 246, 246, 324, 324, 324, 324, 324, 324, 324, 324, 324, 324, 324, 324, 324, 324, 324, 324, 324, 324, 324, 324, 324, 324, 324, 324, 324, 324, 324, 324, 324, 324, 324, 324, 324, 98, 414, 414, 414, 414, 414, 414, 414, 392, 392, 392, 392, 392, 73, 73, 320, 320, 73, 73, 73, 73, 73, 73, 73, 73, 73, 320, 320, 320, 320, 287, 287, 287, 213, 213, 213, 246, 246, 246, 246, 246, 35, 98, 98, 98, 98, 98, 98, 98, 98, 98, 98, 98, 324, 324, 324, 324, 324, 324, 324, 324, 324, 324, 324, 324, 324, 324, 324, 324, 324, 324, 324, 324, 324, 324, 324, 324, 35, 98, 324, 324, 324, 324, 324, 324, 324, 324, 324]

ep20
Train step Loss: [4.6274237632751465, 4.609709739685059, 4.708373546600342, 4.583707332611084, 4.596951484680176, 4.561319351196289, 4.603902816772461, 4.638988971710205, 4.6045241355896, 4.649147033691406, 4.698689937591553, 4.735627174377441, 4.650155544281006, 4.695240020751953, 4.6296916007995605, 4.5385823249816895, 4.746676445007324, 4.543006420135498, 4.591964244842529, 4.6925368309021, 4.67593240737915, 4.487810134887695, 4.647359371185303, 4.569101333618164, 4.331877708435059, 4.558135032653809, 4.675302982330322, 4.667312145233154, 4.562028408050537, 4.5889081954956055, 4.608520030975342, 4.613968372344971, 4.537248134613037, 4.633184432983398, 4.526376724243164, 4.580992221832275, 4.757225036621094, 4.551164627075195, 4.578033447265625, 4.54010009765625, 4.701413154602051, 4.532706260681152, 4.506991863250732, 4.563660144805908, 4.588986396789551, 4.55340051651001, 4.586916446685791, 4.467774391174316, 4.601977825164795, 4.534085750579834, 4.529937267303467, 4.508485317230225, 4.602437973022461, 4.520413875579834, 4.567152500152588, 4.454671382904053, 4.394639492034912, 4.510349273681641, 4.570724964141846, 4.512526512145996, 4.529146194458008, 4.5662617683410645, 4.6174774169921875]
val step Loss: [4.964625835418701, 4.863897800445557, 4.961872100830078, 4.900989055633545, 4.917786598205566, 4.83384370803833, 4.989278793334961, 4.881978988647461, 4.897181034088135, 4.913804531097412, 4.9382100105285645, 4.917731761932373, 4.9042649269104, 4.9053635597229, 4.879507064819336, 4.983790397644043]
Train step Accs: [0.11779103564326143, 0.11270247229326513, 0.11923476197538188, 0.12077570226721802, 0.12691861215013542, 0.12958037825059102, 0.1113460183227625, 0.1122356495468278, 0.11799065420560748, 0.10501567398119123, 0.09660615627466457, 0.10049479610987885, 0.11286407766990292, 0.10525637722236537, 0.1217958001448226, 0.1304734103312603, 0.09845863479081472, 0.12271402067320435, 0.11083038571669193, 0.09817690749493585, 0.11922409714556063, 0.1315669947009841, 0.10626398210290827, 0.1211453744493392, 0.17132867132867133, 0.11265283692814947, 0.10098176718092566, 0.11312276992202987, 0.11519886363636364, 0.12192890747516989, 0.10323798460868303, 0.11444793067383834, 0.11616014026884863, 0.11364304616289327, 0.1322303282959875, 0.12023038156947444, 0.08879120879120879, 0.11510898775753957, 0.12347826086956522, 0.1116943359375, 0.09984472049689441, 0.1303637106661218, 0.12231968810916179, 0.1190331407722712, 0.12017603249830738, 0.119173031340532, 0.11757737301939879, 0.12832214765100672, 0.11085714285714286, 0.11804633318577541, 0.11567043618739903, 0.12124164810690423, 0.09585798816568047, 0.13725778038755138, 0.1266729755306205, 0.1382469574729933, 0.1571800057786767, 0.1242457063283305, 0.10490307867730901, 0.12457653218355405, 0.10520054384772264, 0.12309368191721133, 0.1184459886291851]
val step Accs: [0.07454255188505465, 0.08465213496566139, 0.07655253222236688, 0.07913357400722022, 0.08564913780818013, 0.09264010803511141, 0.07006109979633401, 0.09353949785670546, 0.09316052867958424, 0.07913400522583053, 0.08298551436287749, 0.07210626185958255, 0.07028553498588014, 0.0829176216799245, 0.09018805168223104, 0.07827406764960972]
Preds: [17, 17, 17, 284, 284, 284, 284, 284, 284, 284, 284, 284, 284, 35, 35, 35, 35, 35, 35, 35, 35, 35, 35, 35, 35, 35, 35, 35, 35, 35, 284, 284, 324, 324, 324, 246, 284, 35, 35, 35, 35, 35, 35, 324, 324, 324, 324, 246, 246, 246, 246, 246, 246, 246, 246, 35, 35, 35, 35, 35, 132, 324, 213, 213, 246, 35, 414, 414, 414, 414, 414, 414, 414, 414, 170, 170, 392, 392, 392, 392, 73, 73, 73, 73, 73, 73, 73, 73, 73, 73, 73, 73, 73, 320, 320, 320, 287, 287, 287, 287, 287, 287, 284, 284, 213, 213, 213, 213, 213, 213, 213, 246, 246, 246, 246, 246, 246, 246, 246, 35, 414, 414, 414, 414, 414, 170, 392, 392, 392, 73, 73, 73, 73, 73, 320, 73, 320, 320, 73, 73, 73, 73, 73, 320, 320, 320, 320, 287, 287, 287, 213, 213, 213, 213, 213, 213, 213, 246, 213, 213, 213, 246, 246, 246, 246, 246, 132, 35, 35, 98, 98, 98, 132, 213, 213, 246, 246, 246, 246, 246, 246, 246, 246, 132, 35, 35, 98, 98, 35, 132, 132, 132, 213, 246, 246, 246, 246, 246, 246, 246, 246, 246, 35, 414, 414, 414, 414, 414, 414, 170, 170, 170, 320, 320, 320, 287, 287, 287, 213, 213, 35, 35, 35, 132, 132, 132, 324, 324, 213, 213, 246, 132, 35, 98, 414, 414, 414, 414, 170, 170, 320, 320, 287, 213, 213, 213, 246, 246, 246, 132, 35, 98, 98, 132, 213, 213, 246, 246, 246, 246, 246, 246, 246, 246, 246, 246, 246, 246, 246, 246, 246, 246, 246, 132, 132, 35, 35, 132, 324, 213, 324, 132, 132, 132, 132, 132, 132, 213, 213, 213, 213, 213, 213, 213, 246, 213, 132, 132, 324, 324, 213, 213, 213, 213, 213, 213, 213, 213, 213, 213, 213, 213, 324, 132, 213, 213, 213, 213, 213, 213, 213, 213, 213, 132, 132, 132, 213, 213, 246, 246, 246, 246, 246, 246, 246, 246, 246, 246, 132, 132, 35, 98, 98, 98, 98, 98, 98, 98, 98, 132, 213, 213, 213, 213, 213, 213, 213, 132, 132, 132, 132, 132, 132, 132, 324, 324, 132, 132, 132, 324, 324, 324, 213, 213, 213, 213, 213, 213, 213, 213, 213, 213, 246, 246, 246, 246, 246, 246, 246, 246, 246, 246, 246, 246, 35, 98, 414, 414, 414, 414, 414, 414, 170, 170, 170, 170, 320, 320, 320, 320, 320, 320, 320, 320, 320, 320, 73, 73, 73, 73, 73, 73, 73, 73, 73, 73, 73, 320, 320, 320, 320, 287, 287, 213, 213, 213, 213, 213, 213, 213, 213, 246, 246, 246, 246, 246, 246, 246, 213, 213, 213, 213, 213, 213, 213, 213, 213, 213, 246, 246, 246, 246, 246, 246, 246, 246, 246, 246, 213, 213, 213, 324, 132, 132, 132, 324, 213, 213, 213, 324, 132, 132, 132, 132, 132, 132, 35, 98, 98, 98, 98, 98, 98, 98, 98, 98, 98, 132, 98, 132, 132, 213, 213, 213, 213, 213, 213, 324, 324, 213, 213, 213, 213, 213, 213, 324, 132, 132, 132, 132, 132, 132, 132, 35, 98, 98, 98, 414, 414, 414, 414, 414, 170, 170, 170, 320, 213, 213, 414, 170, 320, 320, 320, 320, 287, 287, 287, 320, 170, 170, 392, 392, 392, 392, 73, 73, 73, 320, 320, 320, 320, 73, 73, 320, 320, 320, 320, 320, 320, 320, 320, 320, 320, 320, 320, 320, 320, 320, 320, 320, 287, 287, 213, 213, 213, 213, 213, 213, 35, 414, 414, 170, 392, 73, 73, 320, 320, 320, 320, 320]

ep21
Train step Loss: [4.473274230957031, 4.3997979164123535, 4.505934238433838, 4.606215953826904, 4.583369255065918, 4.5191755294799805, 4.429927349090576, 4.570252895355225, 4.601907730102539, 4.492151737213135, 4.384663105010986, 4.426347255706787, 4.465554237365723, 4.345669269561768, 4.481985092163086, 4.400661945343018, 4.550529956817627, 4.507311820983887, 4.514056205749512, 4.56226921081543, 4.490529537200928, 4.475228309631348, 4.574584484100342, 4.509214401245117, 4.544122695922852, 4.440118789672852, 4.4304022789001465, 4.640058517456055, 4.428275108337402, 4.4935994148254395, 4.432939052581787, 4.497008323669434, 4.280370712280273, 4.661598205566406, 4.408194065093994, 4.498072147369385, 4.453055381774902, 4.443260192871094, 4.499239921569824, 4.385025978088379, 4.47932767868042, 4.436232566833496, 4.4823126792907715, 4.417555809020996, 4.473999977111816, 4.444548606872559, 4.4778876304626465, 4.441948890686035, 4.378654479980469, 4.409210205078125, 4.476080417633057, 4.508891582489014, 4.382508277893066, 4.533402919769287, 4.351338863372803, 4.470941543579102, 4.384822845458984, 4.43984842300415, 4.580087661743164, 4.401069164276123, 4.3806843757629395, 4.386970520019531, 4.436346054077148]
val step Loss: [4.666112899780273, 4.79085636138916, 4.86741304397583, 4.864993095397949, 4.788949966430664, 4.860551357269287, 4.754992485046387, 4.723623275756836, 4.8138604164123535, 4.941535472869873, 4.787884712219238, 4.754758358001709, 4.742713928222656, 4.812913417816162, 4.902017593383789, 4.766687870025635]
Train step Accs: [0.13872354497354497, 0.15118538670812282, 0.1268323773103888, 0.10923972926176609, 0.1255533199195171, 0.12618348024812276, 0.13613283930286812, 0.11499193981730252, 0.11493150684931507, 0.13741121901724887, 0.158808618504436, 0.14285714285714285, 0.1273397199705232, 0.15182540751717635, 0.12742950999178757, 0.14691322073383808, 0.12581283573649985, 0.13786436644854252, 0.12733351908609641, 0.1173124777817277, 0.1358397365532382, 0.12366680167409208, 0.120181718061674, 0.11802853437094682, 0.10395244215938303, 0.1268452706396938, 0.12833717305868003, 0.10074743070694488, 0.14253019707565162, 0.1293844684045312, 0.13003845606039025, 0.13088067719355365, 0.15399449035812673, 0.10696410696410696, 0.14464360150062527, 0.12207239176721078, 0.1390614216701173, 0.13176186158960412, 0.12064, 0.1400327040285417, 0.12802109272008202, 0.1373360122916913, 0.12877535687453043, 0.13483342054770625, 0.12887989203778677, 0.1383491599707816, 0.12246182905713836, 0.1347686285474626, 0.1427263013280415, 0.14162636033857315, 0.13568694172692472, 0.12427921092564492, 0.13614196694662692, 0.10756123535676251, 0.15263983272347098, 0.12491458247915813, 0.1382024023194809, 0.13345356176735798, 0.10624904038077691, 0.14451547779273216, 0.1405577910364923, 0.14564943253467844, 0.1226976480589402]
val step Accs: [0.09659400544959128, 0.08813056379821958, 0.08347222222222223, 0.07677855711422846, 0.08151673319005219, 0.07290153935521347, 0.08957739175525019, 0.08940493468795356, 0.07832602855931005, 0.07016040161626057, 0.07373552711761121, 0.09512632886925307, 0.09828488018489234, 0.08849688704417433, 0.07261842790213431, 0.0893724910204944]
Preds: [17, 17, 17, 287, 284, 284, 284, 284, 284, 284, 284, 35, 35, 35, 35, 35, 35, 35, 35, 35, 35, 35, 35, 35, 35, 35, 284, 284, 284, 246, 284, 284, 35, 35, 35, 35, 35, 35, 284, 324, 246, 246, 284, 35, 35, 35, 98, 35, 35, 324, 246, 246, 246, 246, 246, 246, 246, 246, 35, 35, 35, 132, 246, 246, 246, 246, 246, 35, 35, 35, 98, 98, 98, 98, 98, 98, 98, 98, 287, 287, 287, 213, 246, 246, 246, 246, 246, 132, 132, 35, 35, 35, 98, 98, 98, 98, 98, 35, 132, 132, 132, 132, 35, 132, 246, 246, 246, 246, 246, 246, 246, 246, 246, 246, 132, 35, 35, 98, 414, 414, 414, 414, 414, 170, 170, 392, 170, 392, 392, 392, 392, 392, 73, 73, 73, 73, 73, 73, 392, 392, 392, 392, 392, 73, 73, 73, 73, 320, 320, 287, 287, 287, 287, 287, 287, 287, 287, 287, 287, 287, 287, 284, 171, 171, 171, 182, 182, 132, 132, 246, 246, 132, 35, 98, 98, 98, 98, 98, 182, 246, 246, 246, 246, 132, 132, 132, 132, 246, 246, 246, 246, 355, 132, 132, 132, 132, 132, 132, 132, 132, 132, 132, 246, 246, 246, 246, 246, 246, 246, 132, 132, 132, 132, 132, 132, 35, 98, 98, 98, 182, 246, 246, 246, 246, 246, 132, 246, 246, 246, 132, 35, 414, 414, 414, 414, 414, 414, 170, 392, 392, 392, 392, 392, 73, 73, 73, 73, 73, 73, 73, 73, 73, 73, 73, 73, 73, 73, 320, 320, 287, 287, 213, 213, 213, 213, 246, 246, 182, 35, 35, 98, 98, 98, 98, 98, 98, 287, 182, 213, 246, 246, 246, 132, 35, 35, 98, 98, 98, 98, 98, 98, 35, 182, 182, 246, 132, 132, 132, 35, 414, 414, 414, 414, 170, 170, 170, 47, 73, 320, 320, 287, 287, 213, 213, 246, 246, 246, 246, 246, 355, 132, 132, 132, 132, 132, 132, 132, 132, 132, 132, 132, 132, 132, 324, 246, 246, 246, 246, 246, 246, 246, 355, 132, 132, 246, 246, 246, 246, 355, 132, 132, 132, 35, 132, 324, 246, 246, 246, 246, 132, 132, 35, 98, 98, 98, 98, 98, 98, 98, 98, 98, 182, 132, 132, 132, 132, 132, 132, 132, 132, 35, 98, 98, 182, 98, 414, 414, 414, 414, 170, 170, 170, 392, 392, 392, 392, 392, 73, 73, 73, 73, 73, 73, 392, 392, 392, 73, 73, 73, 320, 320, 320, 287, 287, 287, 287, 287, 287, 153, 153, 213, 182, 182, 182, 182, 182, 182, 182, 182, 182, 182, 132, 132, 132, 132, 132, 35, 98, 98, 98, 98, 182, 182, 98, 98, 182, 182, 182, 246, 132, 98, 414, 414, 414, 414, 170, 320, 287, 213, 213, 246, 246, 246, 355, 355, 355, 355, 355, 355, 355, 355, 355, 355, 355, 355, 355, 355, 355, 355, 355, 355, 355, 355, 355, 355, 355, 355, 355, 355, 355, 355, 355, 355, 355, 355, 355, 355, 355, 355, 355, 355, 355, 355, 355, 355, 355, 355, 355, 355, 355, 355, 355, 355, 355, 355, 355, 355, 355, 355, 355, 355, 355, 355, 355, 355, 355, 355, 355, 355, 355, 355, 355, 355, 355, 355, 355, 355, 355, 355, 355, 355, 355, 355, 355, 355, 355, 355, 355, 355, 355, 355, 355, 355, 355, 355, 355, 355, 355, 355, 355, 355, 355, 355, 355, 355, 355, 355, 355, 355, 355, 355, 355, 355, 355, 355, 355, 355, 355, 355, 355, 355, 355, 355, 355, 355, 355, 355, 355, 355, 355, 355, 355, 355, 355, 355, 355, 355, 355, 355, 355]

ep22
Train step Loss: [4.247182369232178, 4.325779438018799, 4.502325534820557, 4.448864936828613, 4.353656768798828, 4.4734063148498535, 4.400717735290527, 4.4333014488220215, 4.36403751373291, 4.3271613121032715, 4.338107585906982, 4.3193864822387695, 4.370480537414551, 4.396300315856934, 4.465038299560547, 4.332948684692383, 4.278090953826904, 4.416785717010498, 4.413969039916992, 4.3862128257751465, 4.280678749084473, 4.387921333312988, 4.393332481384277, 4.349221706390381, 4.491517066955566, 4.243265151977539, 4.152519702911377, 4.458157539367676, 4.256235599517822, 4.4380621910095215, 4.33012580871582, 4.323478698730469, 4.446502208709717, 4.2779011726379395, 4.409676551818848, 4.327085494995117, 4.39620304107666, 4.326601028442383, 4.2990403175354, 4.325175762176514, 4.373449802398682, 4.414785385131836, 4.356470584869385, 4.495604991912842, 4.350358486175537, 4.413280487060547, 4.210644245147705, 4.290727615356445, 4.305497169494629, 4.3357253074646, 4.37916374206543, 4.397428035736084, 4.216111660003662, 4.290910720825195, 4.2569580078125, 4.352799892425537, 4.353283405303955, 4.2651872634887695, 4.421998500823975, 4.343125820159912, 4.356019020080566, 4.372180938720703, 4.373316764831543]
val step Loss: [4.7262043952941895, 4.703660011291504, 4.682889461517334, 4.7572197914123535, 4.663367748260498, 4.763903617858887, 4.75114631652832, 4.718463897705078, 4.762328624725342, 4.702767848968506, 4.681034564971924, 4.719067573547363, 4.59321928024292, 4.732532978057861, 4.6207194328308105, 4.670130252838135]
Train step Accs: [0.1659616010413277, 0.13801452784503632, 0.1257633032858389, 0.11326264023359459, 0.14849624060150377, 0.12620485798740522, 0.14383370535714285, 0.14226590791515778, 0.1442226255293406, 0.15838462693289296, 0.14750700963062294, 0.13601481873511512, 0.13542994758464372, 0.11780682396876592, 0.12038158691701999, 0.13959516168847197, 0.1524758030579324, 0.13605728727885424, 0.1355259790120297, 0.14004320752319227, 0.14671036047390976, 0.14214782238615406, 0.15574764937822264, 0.1446431397373002, 0.1254434053531119, 0.16666666666666666, 0.1745396317053643, 0.12988178961544217, 0.14792899408284024, 0.12256469904041872, 0.13361381111272305, 0.15072664359861593, 0.11412395709177592, 0.14395448079658607, 0.12832929782082325, 0.14393251135626217, 0.1372944461681663, 0.15122075929950146, 0.14638665843113033, 0.14426321709786277, 0.12433175500229113, 0.12106620808254515, 0.14176065162907267, 0.12418762362249224, 0.14061096136567836, 0.15798293723339427, 0.16403523350506896, 0.14594064262938436, 0.14904831625183015, 0.14592340951204447, 0.14184965539349254, 0.13978904562206126, 0.15913173652694612, 0.13453730925381494, 0.15147173743162282, 0.14390243902439023, 0.13947201017811706, 0.15364543361473523, 0.12409498986388648, 0.12513948668898453, 0.14570479354532512, 0.1357272278043156, 0.1384474327628362]
val step Accs: [0.08250191864927091, 0.07805071315372425, 0.10292993630573248, 0.07692307692307693, 0.08802919708029197, 0.09001614639397201, 0.08045678691928368, 0.08386382507611403, 0.079474505723205, 0.10530645824763472, 0.08465276689136228, 0.08980099502487562, 0.10063463281958296, 0.08161363333777127, 0.10392953929539295, 0.09992293860775751]
Preds: [17, 17, 17, 284, 284, 284, 284, 35, 35, 35, 35, 35, 284, 35, 35, 35, 35, 35, 35, 35, 35, 35, 35, 35, 35, 284, 284, 284, 284, 284, 284, 240, 240, 240, 240, 132, 35, 284, 324, 324, 246, 246, 246, 246, 246, 246, 246, 171, 171, 35, 35, 35, 35, 35, 35, 35, 374, 213, 246, 246, 246, 246, 246, 246, 246, 246, 246, 246, 246, 246, 246, 132, 132, 132, 132, 171, 213, 246, 171, 132, 132, 132, 213, 246, 246, 246, 246, 246, 35, 35, 35, 35, 35, 35, 35, 35, 35, 35, 35, 35, 35, 35, 132, 374, 213, 246, 246, 246, 246, 246, 132, 35, 35, 35, 35, 35, 35, 35, 132, 374, 213, 246, 246, 246, 246, 355, 355, 132, 132, 132, 132, 132, 35, 35, 98, 98, 98, 182, 213, 246, 246, 246, 246, 35, 35, 35, 35, 374, 213, 246, 246, 246, 246, 246, 355, 35, 35, 132, 213, 246, 246, 246, 246, 246, 246, 355, 35, 414, 414, 414, 414, 414, 414, 392, 392, 392, 392, 73, 320, 320, 320, 320, 320, 73, 73, 73, 73, 73, 73, 320, 320, 320, 320, 320, 287, 287, 287, 287, 213, 213, 213, 213, 213, 246, 246, 246, 246, 246, 246, 246, 246, 246, 246, 246, 246, 35, 35, 35, 132, 132, 213, 246, 246, 246, 246, 132, 35, 35, 98, 98, 98, 303, 303, 132, 132, 132, 132, 132, 132, 355, 355, 355, 355, 132, 132, 132, 132, 132, 132, 132, 355, 213, 213, 246, 246, 246, 246, 246, 246, 246, 355, 35, 414, 414, 414, 414, 414, 414, 414, 392, 392, 392, 392, 392, 392, 73, 73, 73, 320, 320, 320, 320, 320, 287, 287, 213, 213, 171, 171, 213, 246, 246, 132, 355, 355, 132, 132, 132, 132, 132, 213, 213, 246, 355, 132, 35, 35, 98, 98, 98, 303, 132, 132, 213, 213, 246, 246, 246, 246, 246, 355, 132, 35, 132, 132, 355, 355, 132, 132, 132, 132, 132, 303, 303, 303, 213, 213, 246, 246, 246, 246, 246, 246, 355, 132, 213, 213, 246, 246, 246, 355, 132, 35, 35, 98, 355, 213, 246, 246, 246, 246, 246, 246, 246, 355, 98, 414, 414, 414, 414, 414, 414, 170, 170, 47, 73, 73, 73, 73, 73, 73, 320, 320, 320, 287, 287, 287, 213, 171, 171, 171, 171, 246, 355, 35, 98, 98, 35, 182, 132, 213, 213, 246, 246, 246, 246, 355, 132, 132, 35, 98, 303, 132, 132, 132, 132, 303, 98, 98, 303, 132, 213, 213, 246, 246, 355, 132, 132, 132, 132, 132, 132, 132, 35, 98, 98, 98, 303, 303, 303, 303, 303, 303, 303, 303, 303, 303, 132, 132, 303, 303, 303, 303, 303, 303, 303, 303, 303, 182, 374, 213, 213, 246, 246, 246, 246, 355, 35, 35, 98, 98, 98, 182, 132, 132, 132, 132, 132, 132, 132, 132, 132, 132, 355, 213, 213, 246, 246, 246, 355, 355, 355, 213, 213, 246, 246, 246, 246, 246, 355, 19, 414, 414, 414, 414, 414, 414, 170, 392, 392, 392, 392, 73, 320, 73, 73, 73, 320, 320, 320, 320, 287, 287, 287, 153, 153, 182, 182, 213, 213, 213, 213, 246, 19, 98, 414, 414, 98, 303, 182, 213, 213, 355, 355, 355, 355, 355, 355, 355, 355, 355, 355, 355, 355, 355, 355, 355, 355, 355, 355, 355, 355, 355, 355, 355, 355, 355, 355, 355, 355, 355, 355, 355, 355, 355, 355, 355, 355, 355, 355, 355, 355, 355, 355, 355, 355, 355, 355, 355, 355, 355, 355, 355, 355, 355, 355, 355, 355, 355, 355]

ep23
Train step Loss: [4.241396427154541, 4.403170108795166, 4.261880874633789, 4.2617058753967285, 4.3426713943481445, 4.181227207183838, 4.23615026473999, 4.238919258117676, 4.253219127655029, 4.337355136871338, 4.235531806945801, 4.322225570678711, 4.349669933319092, 4.260987758636475, 4.247191429138184, 4.332608222961426, 4.332776069641113, 4.267668724060059, 4.288445949554443, 4.211044788360596, 4.243297100067139, 4.335450649261475, 4.323714733123779, 4.1759114265441895, 4.256682872772217, 4.208959579467773, 4.252442359924316, 4.270251274108887, 4.135009288787842, 4.2705254554748535, 4.2000837326049805, 4.235896587371826, 4.368574142456055, 4.3460917472839355, 4.349376678466797, 4.331948757171631, 4.148022174835205, 4.1722211837768555, 4.275784015655518, 4.234534740447998, 4.332195281982422, 4.282552719116211, 4.187428951263428, 4.241779804229736, 4.206968784332275, 4.176879405975342, 4.135742664337158, 4.216390609741211, 4.259345054626465, 4.335728168487549, 4.123340129852295, 4.165965557098389, 4.283895015716553, 4.203517436981201, 4.306087017059326, 4.0693864822387695, 4.178216934204102, 4.2143378257751465, 4.212314128875732, 4.272756576538086, 4.172545433044434, 4.246708869934082, 4.373478889465332]
val step Loss: [4.588327407836914, 4.529041290283203, 4.536304473876953, 4.576879501342773, 4.5614471435546875, 4.592092990875244, 4.634871959686279, 4.574219703674316, 4.556092739105225, 4.652426719665527, 4.616246700286865, 4.633362293243408, 4.661053657531738, 4.637689113616943, 4.721710681915283, 4.586541175842285]
Train step Accs: [0.17027715833067855, 0.12926957435627956, 0.15004361733061936, 0.15340989649794415, 0.14168345992869322, 0.17348434377081945, 0.16786368117166597, 0.15151113467656416, 0.14400670578373848, 0.14054054054054055, 0.15035419979760012, 0.1373834498834499, 0.1429769392033543, 0.1691518358185025, 0.15625961242694555, 0.14967860422405876, 0.13584740827023878, 0.15661391460137356, 0.1538960197069882, 0.15882898397138695, 0.16467702371218315, 0.14831848232250647, 0.14539795464650956, 0.15800807537012113, 0.14780995862462548, 0.15670165829910238, 0.17059997651755313, 0.16149165236386331, 0.16243887530562348, 0.15226074452787985, 0.16696014086761646, 0.15080942913944903, 0.13774432118330693, 0.13638376383763837, 0.14916347510582545, 0.133917168399927, 0.1609635915685738, 0.1557532448592679, 0.15904690990320178, 0.14844242653550258, 0.1277458158995816, 0.13586206896551725, 0.14841227125941872, 0.14210889042039973, 0.14941876949248653, 0.15561606535057862, 0.17181523977640484, 0.15630114566284778, 0.14263248938512343, 0.1308023608230978, 0.1775493192553487, 0.1510967741935484, 0.13615560640732266, 0.1644811858608894, 0.14915904396577162, 0.190671031096563, 0.1760778859527121, 0.15818858560794044, 0.15898838004101162, 0.14054746278213542, 0.16508313539192399, 0.14708045300779526, 0.1347539956126606]
val step Accs: [0.09509803921568627, 0.10070721357850071, 0.09646856158484066, 0.0828285674038597, 0.09337839529352861, 0.11083355245858532, 0.0936654033567948, 0.10201674725793136, 0.10835443037974683, 0.07840122982321292, 0.09297208086920644, 0.09257473481195758, 0.08866666666666667, 0.10225206322562597, 0.07795943082046625, 0.10474782929983373]
Preds: [17, 17, 17, 284, 284, 284, 284, 387, 35, 35, 35, 35, 35, 35, 35, 35, 35, 35, 35, 387, 387, 387, 35, 387, 240, 284, 284, 246, 246, 246, 240, 35, 35, 132, 240, 284, 324, 246, 246, 246, 246, 246, 246, 246, 246, 246, 35, 35, 414, 414, 414, 414, 414, 414, 414, 170, 170, 47, 47, 47, 73, 320, 320, 287, 284, 284, 213, 246, 246, 246, 246, 132, 246, 355, 132, 132, 132, 132, 132, 132, 132, 132, 132, 132, 355, 240, 246, 355, 132, 355, 132, 132, 35, 35, 35, 35, 374, 246, 246, 246, 246, 246, 246, 246, 19, 35, 48, 414, 414, 414, 414, 414, 414, 170, 170, 170, 47, 47, 73, 320, 320, 320, 320, 287, 287, 287, 287, 287, 287, 284, 284, 284, 213, 213, 246, 246, 246, 246, 246, 246, 246, 246, 246, 355, 35, 414, 414, 414, 414, 414, 320, 320, 287, 287, 213, 246, 246, 246, 246, 246, 246, 246, 246, 355, 355, 132, 132, 132, 132, 355, 246, 246, 246, 246, 246, 246, 355, 355, 132, 132, 246, 246, 246, 246, 246, 355, 355, 355, 132, 132, 35, 35, 35, 35, 98, 32, 32, 32, 32, 32, 32, 32, 132, 355, 355, 35, 414, 414, 414, 414, 170, 170, 170, 320, 320, 213, 153, 182, 182, 35, 35, 32, 35, 35, 35, 287, 287, 32, 153, 213, 213, 246, 246, 246, 246, 246, 355, 35, 35, 35, 32, 246, 246, 246, 355, 246, 246, 246, 246, 355, 355, 35, 98, 98, 98, 182, 355, 355, 355, 132, 132, 132, 132, 132, 132, 132, 132, 132, 35, 35, 98, 414, 414, 414, 414, 170, 170, 320, 287, 287, 188, 213, 213, 246, 35, 48, 414, 414, 170, 170, 320, 287, 153, 213, 240, 240, 355, 355, 355, 355, 355, 355, 355, 355, 355, 355, 355, 355, 355, 355, 355, 355, 355, 355, 355, 355, 355, 355, 355, 355, 355, 355, 355, 355, 355, 355, 355, 355, 355, 355, 355, 355, 355, 355, 355, 355, 355, 355, 355, 355, 355, 355, 355, 355, 355, 355, 355, 355, 355, 355, 355, 355, 355, 355, 355, 355, 355, 355, 355, 355, 355, 355, 355, 355, 355, 355, 355, 355, 355, 355, 355, 355, 355, 355, 355, 355, 355, 355, 355, 355, 355, 355, 355, 355, 355, 355, 355, 355, 355, 355, 355, 355, 355, 355, 355, 355, 355, 355, 355, 355, 355, 355, 355, 355, 355, 355, 355, 355, 355, 355, 355, 355, 355, 355, 355, 355, 355, 355, 355, 355, 355, 355, 355, 355, 355, 355, 355, 355, 355, 355, 355, 355, 355, 355, 355, 355, 355, 355, 355, 355, 355, 355, 355, 355, 355, 355, 355, 355, 355, 355, 355, 355, 355, 355, 355, 355, 355, 355, 355, 355, 355, 355, 355, 355, 355, 355, 355, 355, 355, 355, 355, 355, 355, 355, 355, 355, 355, 355, 355, 355, 355, 355, 355, 355, 355, 355, 355, 355, 355, 355, 355, 355, 355, 355, 355, 355, 355, 355, 355, 355, 355, 355, 355, 355, 355, 355, 355, 355, 355, 355, 355, 355, 355, 355, 355, 355, 355, 355, 355, 355, 355, 355, 355, 355, 355, 355, 355, 355, 355, 355, 355, 355, 355, 355, 355, 355, 355, 355, 355, 355, 355, 355, 355, 355, 355, 355, 355, 355, 355, 355, 355, 355, 355, 355, 355, 355, 355, 355, 355, 355, 355, 355, 355, 355, 355, 355, 355, 355, 355, 355, 355, 355, 355, 355, 355, 355, 355, 355, 355, 355, 355, 355, 355, 355, 355, 355, 355, 355, 355, 355, 355, 355, 355, 355, 355, 355, 355, 355, 355, 355]

ep24
Train step Loss: [4.138352870941162, 4.181586742401123, 4.259655475616455, 4.196206092834473, 4.248380661010742, 4.158963203430176, 4.126469612121582, 4.239186763763428, 4.122687339782715, 4.179496765136719, 4.109460830688477, 4.208010673522949, 4.139492988586426, 4.310148239135742, 4.246072292327881, 4.223903179168701, 4.124467849731445, 4.129446983337402, 4.234343528747559, 4.2143073081970215, 4.177968978881836, 4.0981364250183105, 4.141627311706543, 4.116580009460449, 4.1237406730651855, 4.211139678955078, 4.116505146026611, 4.194794178009033, 4.160353183746338, 4.217720031738281, 4.2288007736206055, 4.113020420074463, 4.17979621887207, 4.215968132019043, 4.191285610198975, 4.265410900115967, 3.9411001205444336, 4.040612697601318, 4.244763374328613, 4.19040060043335, 4.091874599456787, 4.188841819763184, 4.111118316650391, 4.091274738311768, 4.1846137046813965, 3.938526153564453, 4.144832134246826, 4.173630237579346, 4.057152271270752, 4.208998680114746, 4.041558742523193, 4.164401531219482, 4.143699645996094, 4.039589881896973, 4.112565994262695, 4.039270401000977, 4.132533550262451, 4.144546985626221, 4.149561405181885, 3.9331178665161133, 4.253058433532715, 4.0378737449646, 4.277926921844482]
val step Loss: [4.469213485717773, 4.526427745819092, 4.617908477783203, 4.423572540283203, 4.52779483795166, 4.4932026863098145, 4.461070537567139, 4.635150909423828, 4.545897483825684, 4.503791332244873, 4.508360862731934, 4.478948593139648, 4.569637298583984, 4.4419474601745605, 4.461638450622559, 4.52274227142334]
Train step Accs: [0.17896009673518742, 0.16122358504507167, 0.14111618889350505, 0.1587162654996353, 0.1462004793458339, 0.16131744919411353, 0.1686746987951807, 0.1492851768246802, 0.16698577680525165, 0.14896272032444235, 0.17042062415196743, 0.16917293233082706, 0.16209022135051834, 0.13553179923899258, 0.1356513222331048, 0.1521518620489784, 0.17505882352941177, 0.17865429234338748, 0.16150740242261102, 0.15052888527257932, 0.1516862279007577, 0.18551072046877082, 0.166412213740458, 0.17550538199002363, 0.15569823434991975, 0.16206134291240673, 0.17027773738548785, 0.16008924836145585, 0.1734804239671209, 0.16180115670614156, 0.14243837441705529, 0.15912049761319252, 0.1564245810055866, 0.15906108762210236, 0.14927048260381592, 0.13906624102154827, 0.20941812491108266, 0.1723955579058699, 0.15056179775280898, 0.15747330960854092, 0.17398869073510223, 0.14552857789172072, 0.16290018832391714, 0.15806922158864872, 0.14568040654997177, 0.20272028385570667, 0.15955597164638224, 0.151289477313474, 0.1772809981804003, 0.15702258452492315, 0.17308228730822872, 0.16194895591647332, 0.1646660510926439, 0.17693836978131214, 0.15605749486652978, 0.18271377906213057, 0.1636873984340375, 0.15309398715703446, 0.1566265060240964, 0.21052631578947367, 0.14759928867812686, 0.1829527726563608, 0.1307290064595509]
val step Accs: [0.11300639658848614, 0.10077288941736029, 0.07638144803306292, 0.12996747277612786, 0.10710526315789473, 0.10272063702720637, 0.0932044050496911, 0.08441097058405571, 0.096569250317662, 0.10211431226765799, 0.10354804324653571, 0.10703363914373089, 0.09371855684921662, 0.10410384161531401, 0.10948370560234347, 0.09425051334702259]
Preds: [17, 17, 17, 287, 284, 284, 284, 284, 284, 35, 35, 35, 284, 284, 284, 240, 240, 240, 284, 284, 240, 35, 35, 35, 35, 35, 132, 132, 132, 132, 35, 35, 35, 35, 35, 35, 35, 284, 284, 284, 324, 324, 240, 240, 182, 132, 132, 355, 240, 240, 324, 246, 246, 246, 182, 35, 35, 374, 324, 324, 250, 355, 355, 132, 355, 355, 240, 250, 324, 246, 246, 246, 246, 246, 250, 355, 182, 132, 132, 132, 132, 132, 132, 132, 182, 182, 35, 32, 182, 374, 240, 355, 355, 250, 250, 250, 355, 355, 355, 355, 182, 132, 355, 355, 250, 250, 250, 355, 355, 355, 355, 182, 35, 35, 35, 35, 32, 32, 32, 32, 153, 182, 182, 132, 132, 355, 355, 250, 213, 246, 246, 246, 246, 246, 355, 35, 182, 182, 355, 213, 246, 246, 246, 464, 355, 213, 355, 182, 182, 182, 182, 355, 213, 213, 213, 213, 355, 355, 182, 35, 35, 35, 32, 32, 213, 213, 213, 246, 246, 246, 246, 246, 246, 246, 246, 246, 246, 246, 355, 355, 355, 355, 355, 246, 246, 246, 246, 19, 35, 35, 32, 32, 374, 213, 355, 355, 182, 355, 355, 355, 355, 355, 213, 355, 355, 182, 35, 35, 35, 32, 32, 303, 213, 213, 213, 213, 213, 246, 246, 246, 355, 19, 35, 213, 213, 246, 246, 246, 246, 355, 355, 355, 35, 35, 35, 303, 182, 355, 213, 355, 355, 355, 355, 35, 35, 35, 355, 355, 182, 182, 213, 213, 246, 246, 246, 355, 355, 355, 19, 98, 98, 414, 414, 414, 170, 170, 170, 47, 320, 320, 320, 287, 320, 320, 320, 47, 73, 73, 73, 73, 73, 73, 73, 320, 320, 320, 320, 287, 287, 287, 213, 153, 153, 182, 182, 182, 355, 355, 355, 355, 355, 213, 213, 213, 464, 355, 355, 355, 355, 213, 213, 213, 213, 213, 213, 213, 213, 213, 213, 355, 355, 182, 213, 355, 182, 182, 132, 132, 355, 355, 213, 246, 246, 355, 355, 355, 355, 182, 182, 355, 355, 213, 213, 213, 246, 355, 355, 355, 35, 35, 35, 98, 32, 32, 303, 303, 303, 303, 153, 213, 213, 213, 246, 246, 246, 246, 246, 246, 246, 246, 246, 246, 246, 246, 246, 19, 454, 414, 414, 414, 414, 414, 170, 170, 47, 47, 47, 73, 73, 73, 73, 73, 73, 73, 73, 320, 320, 320, 320, 287, 213, 213, 213, 213, 355, 182, 35, 35, 32, 32, 182, 182, 182, 182, 182, 182, 303, 32, 35, 35, 32, 32, 32, 287, 153, 182, 182, 182, 182, 182, 182, 182, 132, 132, 132, 132, 182, 35, 98, 98, 48, 98, 320, 303, 303, 153, 213, 213, 213, 324, 213, 213, 213, 213, 246, 246, 246, 213, 246, 246, 246, 355, 355, 19, 35, 35, 303, 303, 303, 303, 303, 303, 182, 213, 213, 213, 213, 355, 355, 355, 355, 182, 35, 303, 182, 182, 132, 132, 132, 303, 303, 98, 414, 414, 414, 414, 414, 170, 392, 392, 392, 392, 73, 73, 320, 320, 320, 287, 287, 320, 73, 73, 73, 73, 320, 320, 287, 287, 287, 213, 213, 213, 213, 355, 355, 182, 35, 35, 35, 32, 32, 287, 213, 213, 213, 213, 246, 246, 246, 246, 246, 246, 355, 355, 355, 35, 303, 303, 355, 355, 213, 246, 246, 246, 464, 355, 355, 355, 355, 19, 35, 98, 303, 303, 303, 355, 213, 213, 213, 355, 182, 303, 355, 213, 213, 355, 182, 303, 355, 355, 250, 213, 324, 213, 213, 355, 355, 355, 355, 355, 182, 132, 132, 132, 132, 132, 132, 132, 132, 355]

ep25
Train step Loss: [4.091518402099609, 4.129899501800537, 3.9982869625091553, 4.0300092697143555, 4.074337959289551, 4.123075008392334, 4.0332794189453125, 4.099029541015625, 4.065444469451904, 4.1245503425598145, 4.0056610107421875, 4.001637935638428, 4.103001117706299, 4.059574127197266, 4.112083911895752, 4.060695648193359, 4.075010299682617, 4.023815631866455, 4.058828830718994, 4.0812201499938965, 4.031693458557129, 4.071500301361084, 4.1791157722473145, 4.074997425079346, 4.035451412200928, 4.0260748863220215, 4.04088830947876, 4.076430797576904, 4.038875579833984, 4.1311726570129395, 4.072507858276367, 4.056371688842773, 3.9291629791259766, 4.080144882202148, 4.148519039154053, 4.06112813949585, 3.9880905151367188, 4.128340244293213, 3.978691577911377, 4.173012733459473, 4.008446216583252, 4.157745361328125, 4.060711860656738, 4.114964485168457, 4.067026138305664, 4.229459762573242, 4.1374897956848145, 3.9437146186828613, 3.926448345184326, 4.003315448760986, 3.893447160720825, 4.238101959228516, 4.1184844970703125, 4.1400065422058105, 4.137724876403809, 4.131766319274902, 3.981584072113037, 3.9536325931549072, 4.0428996086120605, 4.017519950866699, 3.977480173110962, 4.030643463134766, 4.153291702270508]
val step Loss: [4.465114593505859, 4.340557098388672, 4.507331371307373, 4.420441150665283, 4.417364120483398, 4.441323280334473, 4.424516201019287, 4.435422897338867, 4.369171142578125, 4.448037147521973, 4.468893527984619, 4.294576644897461, 4.3949761390686035, 4.449926853179932, 4.529630661010742, 4.401834964752197]
Train step Accs: [0.17857640339880207, 0.16575567094834653, 0.19435378590078328, 0.19269633043786563, 0.17129251700680273, 0.175265223078041, 0.1807297605473204, 0.1831407205982325, 0.17061271344525758, 0.15401396160558464, 0.18677375256322626, 0.18455445544554455, 0.17351728061442184, 0.1847980997624703, 0.1603863419942865, 0.17444310656231185, 0.16302588996763753, 0.18583657587548638, 0.1716705157813703, 0.17018744421303184, 0.1905503634475597, 0.155992236778263, 0.1524214569899849, 0.16901408450704225, 0.1766032417195208, 0.1807337791433219, 0.18330120124573632, 0.17562420651713923, 0.1825592125499846, 0.1574461938465983, 0.1519373926321817, 0.17101449275362318, 0.19036303630363036, 0.16601775424388723, 0.1567434448790381, 0.15737315010570824, 0.1961904761904762, 0.1503134369037885, 0.19115831069399852, 0.16753926701570682, 0.18338709677419354, 0.15858757937122503, 0.1774869109947644, 0.14967741935483872, 0.16215827338129496, 0.14787154592979837, 0.1779184247538678, 0.19405743531418823, 0.2066582028494851, 0.1902745327102804, 0.2133349467570184, 0.14323607427055704, 0.170990990990991, 0.15892351274787536, 0.15741607596629664, 0.14606741573033707, 0.18664101154480484, 0.19024529378208785, 0.17954419121734297, 0.19426666666666667, 0.1759764804703906, 0.1686199055448662, 0.16672257631667226]
val step Accs: [0.10943856794141578, 0.12154340836012861, 0.10612139251973599, 0.11158372323833829, 0.10643377733098769, 0.10946146578485626, 0.10022140221402213, 0.09452201933404941, 0.12769759450171822, 0.093996459037502, 0.107118365107667, 0.12588699080157686, 0.11333513659724101, 0.10090556274256145, 0.09814814814814815, 0.12700084245998314]
Preds: [17, 17, 287, 287, 284, 284, 284, 387, 284, 284, 284, 284, 35, 35, 35, 35, 35, 35, 35, 35, 284, 246, 246, 246, 246, 284, 240, 132, 35, 35, 35, 35, 35, 374, 374, 374, 374, 132, 132, 132, 132, 132, 324, 324, 246, 246, 246, 240, 182, 240, 355, 132, 132, 132, 132, 132, 250, 324, 324, 324, 324, 324, 324, 182, 35, 35, 35, 35, 374, 374, 374, 132, 132, 132, 132, 132, 35, 35, 35, 182, 374, 374, 374, 355, 132, 132, 132, 132, 132, 132, 132, 132, 132, 132, 132, 132, 132, 132, 132, 35, 32, 32, 32, 98, 414, 414, 414, 414, 414, 170, 170, 170, 170, 392, 244, 244, 392, 392, 392, 73, 392, 392, 73, 320, 320, 320, 320, 320, 287, 287, 287, 284, 284, 213, 213, 213, 246, 240, 355, 240, 250, 355, 132, 132, 35, 35, 374, 374, 250, 246, 246, 246, 246, 246, 355, 132, 132, 132, 132, 355, 374, 464, 182, 132, 132, 132, 374, 250, 464, 464, 355, 355, 132, 35, 303, 303, 132, 132, 374, 246, 246, 250, 355, 355, 35, 35, 35, 32, 32, 374, 246, 246, 246, 246, 246, 246, 246, 246, 246, 246, 246, 19, 98, 98, 98, 75, 303, 303, 213, 246, 246, 246, 246, 246, 355, 355, 19, 98, 414, 414, 414, 414, 170, 392, 170, 244, 320, 287, 320, 320, 287, 287, 153, 35, 47, 170, 170, 244, 320, 320, 287, 188, 213, 213, 213, 246, 246, 19, 35, 35, 32, 32, 32, 213, 213, 246, 355, 35, 132, 355, 355, 355, 355, 355, 355, 355, 355, 355, 355, 355, 355, 355, 355, 355, 355, 355, 355, 355, 355, 355, 355, 355, 355, 355, 355, 355, 355, 355, 355, 355, 355, 355, 355, 355, 355, 355, 355, 355, 355, 355, 355, 355, 355, 355, 355, 355, 355, 355, 355, 355, 355, 355, 355, 355, 355, 355, 355, 355, 355, 355, 355, 355, 355, 355, 355, 355, 355, 355, 355, 355, 355, 355, 355, 355, 355, 355, 355, 355, 355, 355, 355, 355, 355, 355, 355, 355, 355, 355, 355, 355, 355, 355, 355, 355, 355, 355, 355, 355, 355, 355, 355, 355, 355, 355, 355, 355, 355, 355, 355, 355, 355, 355, 355, 355, 355, 355, 355, 355, 355, 355, 355, 355, 355, 355, 355, 355, 355, 355, 355, 355, 355, 355, 355, 355, 355, 355, 355, 355, 355, 355, 355, 355, 355, 355, 355, 355, 355, 355, 355, 355, 355, 355, 355, 355, 355, 355, 355, 355, 355, 355, 355, 355, 355, 355, 355, 355, 355, 355, 355, 355, 355, 355, 355, 355, 355, 355, 355, 355, 355, 355, 355, 355, 355, 355, 355, 355, 355, 355, 355, 355, 355, 355, 355, 355, 355, 355, 355, 355, 355, 355, 355, 355, 355, 355, 355, 355, 355, 355, 355, 355, 355, 355, 355, 355, 355, 355, 355, 355, 355, 355, 355, 355, 355, 355, 355, 355, 355, 355, 355, 355, 355, 355, 355, 355, 355, 355, 355, 355, 355, 355, 355, 355, 355, 355, 355, 355, 355, 355, 355, 355, 355, 355, 355, 355, 355, 355, 355, 355, 355, 355, 355, 355, 355, 355, 355, 355, 355, 355, 355, 355, 355, 355, 355, 355, 355, 355, 355, 355, 355, 355, 355, 355, 355, 355, 355, 355, 355, 355, 355, 355, 355, 355, 355, 355, 355, 355, 355, 355, 355, 355, 355, 355, 355, 355, 355, 355, 355, 355, 355, 355, 355, 355, 355, 355, 355, 355, 355, 355, 355, 355, 355, 355, 355, 355, 355, 355, 355, 355, 355, 355, 355, 355, 355, 355, 355, 355, 355, 355, 355, 355]

ep26
Train step Loss: [3.948817014694214, 4.09726619720459, 4.0976128578186035, 4.040650844573975, 3.9432003498077393, 4.114013671875, 4.126764297485352, 4.050712585449219, 3.866558074951172, 3.959954261779785, 4.0425615310668945, 4.089188575744629, 4.048182010650635, 3.939871311187744, 3.836773157119751, 4.035488128662109, 3.9782936573028564, 4.049221515655518, 3.982046365737915, 3.9781410694122314, 3.900312662124634, 4.087473392486572, 3.7916259765625, 3.913299798965454, 4.0250043869018555, 3.9285266399383545, 4.112452030181885, 3.9814810752868652, 3.912432909011841, 3.911022901535034, 4.05231237411499, 3.947915554046631, 4.034546375274658, 4.056880474090576, 4.01108980178833, 3.970507860183716, 3.9955193996429443, 3.921232223510742, 4.144359111785889, 3.9757497310638428, 3.9951372146606445, 4.018150806427002, 3.9782984256744385, 4.010896682739258, 3.878751516342163, 4.024150371551514, 4.005338668823242, 3.9602479934692383, 3.9166715145111084, 3.958650827407837, 3.9513797760009766, 3.9669244289398193, 3.943291425704956, 3.7903082370758057, 3.9726176261901855, 3.984898567199707, 4.025411605834961, 3.9090092182159424, 3.9382357597351074, 3.8351922035217285, 3.8481063842773438, 3.993370294570923, 3.95121431350708]
val step Loss: [4.236557483673096, 4.326016426086426, 4.412842273712158, 4.410116195678711, 4.448676586151123, 4.228063106536865, 4.359787464141846, 4.250319480895996, 4.398013591766357, 4.378823280334473, 4.3650970458984375, 4.283991813659668, 4.3508501052856445, 4.353855609893799, 4.38438606262207, 4.276313304901123]
Train step Accs: [0.18839452395768513, 0.1637083761185272, 0.16293979671618453, 0.16852459016393442, 0.19300417891967186, 0.15831517792302105, 0.1579271105643549, 0.17638965327462852, 0.21561944279786605, 0.1951081577831189, 0.1725533994136535, 0.16545156970688885, 0.17469560614081525, 0.20598926778604812, 0.21938636980722237, 0.18155536282162474, 0.170120547203034, 0.1742744640513344, 0.18341741042555942, 0.17946616717396394, 0.18957654723127035, 0.1671849548348882, 0.21612574588851696, 0.19046234370456527, 0.17292899408284024, 0.19094743672939649, 0.16297878834121776, 0.18916062801932368, 0.19452763408657772, 0.20324870324870326, 0.1757828810020877, 0.19591212458286986, 0.17844603877270646, 0.1708826695371367, 0.18151724137931036, 0.19023931164291477, 0.17236089806163715, 0.20210896309314588, 0.15112029238836802, 0.19360675512665862, 0.20041289502937906, 0.18681488343368843, 0.19641007939247498, 0.17525337837837837, 0.19556951562241692, 0.1747901872175597, 0.18157262905162064, 0.2013800153335037, 0.1914257228315055, 0.18965027011657662, 0.19066726110863427, 0.18548805815160954, 0.17891669977486427, 0.20644994171739411, 0.1816600790513834, 0.17543859649122806, 0.16720304271503802, 0.19129632477318162, 0.1887107119948685, 0.21382488479262673, 0.21321243523316064, 0.1716319535987345, 0.19023569023569023]
val step Accs: [0.13622079519059982, 0.11985834922364479, 0.11852059400392266, 0.11093615803034641, 0.11262415892342198, 0.14394259181089067, 0.11378378378378379, 0.12710587590740993, 0.11164594197085172, 0.11397960500839034, 0.1235809742779135, 0.12692213814986575, 0.12543835985972485, 0.12143571785892947, 0.10910949278139773, 0.11842912661075884]
Preds: [17, 17, 287, 287, 284, 284, 284, 284, 284, 240, 182, 35, 35, 35, 182, 387, 182, 284, 284, 182, 35, 35, 387, 387, 240, 240, 324, 324, 246, 246, 246, 246, 246, 240, 35, 35, 35, 35, 35, 35, 32, 354, 188, 284, 246, 246, 246, 246, 246, 19, 35, 98, 414, 414, 414, 170, 170, 392, 392, 392, 392, 392, 392, 392, 392, 392, 73, 320, 320, 320, 320, 287, 287, 287, 287, 287, 287, 287, 287, 287, 153, 35, 35, 35, 35, 287, 287, 287, 287, 153, 153, 153, 443, 284, 250, 213, 246, 246, 246, 246, 246, 246, 246, 246, 19, 35, 35, 98, 35, 35, 75, 287, 287, 287, 213, 213, 246, 246, 246, 19, 35, 32, 32, 213, 246, 246, 246, 246, 246, 19, 35, 35, 35, 32, 32, 188, 213, 246, 246, 246, 246, 246, 246, 246, 246, 19, 19, 414, 414, 414, 414, 170, 170, 320, 188, 287, 287, 32, 32, 32, 32, 32, 32, 32, 188, 213, 213, 213, 246, 246, 246, 250, 355, 355, 182, 303, 303, 303, 32, 303, 182, 182, 182, 246, 246, 246, 246, 246, 355, 19, 35, 303, 32, 32, 153, 374, 250, 246, 246, 246, 246, 246, 246, 246, 246, 246, 246, 246, 246, 246, 246, 355, 19, 19, 303, 303, 182, 355, 132, 132, 132, 132, 132, 132, 98, 98, 414, 414, 414, 414, 414, 170, 392, 392, 392, 63, 63, 63, 63, 63, 63, 63, 63, 63, 63, 63, 63, 63, 63, 63, 73, 320, 320, 320, 320, 320, 287, 287, 153, 153, 153, 153, 284, 171, 250, 240, 182, 35, 35, 35, 303, 303, 303, 303, 303, 35, 32, 32, 32, 32, 188, 153, 303, 153, 213, 213, 355, 182, 182, 182, 182, 303, 303, 182, 374, 374, 246, 246, 246, 246, 246, 246, 246, 246, 355, 250, 355, 182, 132, 355, 355, 324, 355, 355, 355, 355, 355, 355, 182, 182, 355, 324, 246, 246, 250, 182, 19, 182, 355, 355, 324, 246, 246, 246, 246, 246, 246, 355, 355, 19, 98, 98, 414, 414, 414, 414, 392, 392, 392, 392, 63, 63, 63, 63, 63, 63, 63, 63, 63, 63, 63, 63, 63, 63, 63, 63, 63, 73, 392, 73, 320, 320, 320, 320, 320, 287, 153, 153, 153, 213, 213, 246, 246, 246, 246, 246, 355, 355, 182, 35, 35, 303, 303, 374, 250, 324, 246, 355, 182, 303, 182, 132, 132, 132, 132, 355, 355, 355, 324, 246, 246, 246, 19, 19, 303, 303, 303, 303, 374, 246, 246, 246, 246, 246, 19, 98, 414, 414, 414, 414, 170, 170, 170, 320, 320, 320, 287, 287, 153, 182, 182, 182, 182, 355, 250, 250, 355, 182, 182, 303, 303, 32, 32, 35, 303, 303, 303, 182, 182, 303, 32, 32, 35, 32, 35, 287, 153, 153, 374, 355, 355, 355, 355, 355, 355, 355, 355, 355, 355, 355, 355, 355, 355, 355, 355, 355, 355, 355, 355, 355, 355, 355, 355, 355, 355, 355, 355, 355, 355, 355, 355, 355, 355, 355, 355, 355, 355, 355, 355, 355, 355, 355, 355, 355, 355, 355, 355, 355, 355, 355, 355, 355, 355, 355, 355, 355, 355, 355, 355, 355, 355, 355, 355, 355, 355, 355, 355, 355, 355, 355, 355, 355, 355, 355, 355, 355, 355, 355, 355, 355, 355, 355, 355, 355, 355, 355, 355, 355, 355, 355, 355, 355, 355, 355, 355, 355, 355, 355, 355, 355, 355, 355, 355, 355, 355, 355, 355, 355, 355, 355, 355, 355, 355, 355, 355, 355, 355, 355, 355, 355, 355, 355, 355, 355, 355, 355, 355, 355, 355, 355]

