ep1
Train step Loss: [6.218100547790527, 6.201806545257568, 6.189921855926514, 6.176941394805908, 6.15268087387085, 6.148991107940674, 6.121852874755859, 6.112142562866211, 6.104846000671387, 6.085969924926758, 6.058584690093994, 6.043700218200684, 6.016258716583252, 5.96900749206543, 5.985870838165283, 5.955580711364746, 5.94345760345459, 5.885969638824463, 5.8494062423706055, 5.854608058929443, 5.852780342102051, 5.7798752784729, 5.755561828613281, 5.738896369934082, 5.683223724365234, 5.656031608581543, 5.5926432609558105, 5.542276382446289, 5.555570125579834, 5.526174068450928, 5.4021124839782715, 5.469972610473633, 5.480551242828369, 5.403885364532471, 5.4608964920043945, 5.415121078491211, 5.3896660804748535, 5.337068557739258, 5.427290439605713, 5.397505283355713, 5.3866496086120605, 5.371558666229248, 5.22870397567749, 5.246982574462891, 5.39242696762085, 5.277674674987793, 5.2781662940979, 5.279749870300293, 5.248291969299316, 5.38222074508667, 5.170169353485107, 5.32964563369751, 5.207839488983154, 5.140813827514648, 5.2007155418396, 5.238946914672852, 5.086959362030029, 5.132633686065674, 5.217092990875244, 5.014003753662109, 5.220221519470215, 5.148245334625244, 5.091641426086426]
val step Loss: [5.475126266479492, 5.368646144866943, 5.419262409210205, 5.4609694480896, 5.377664089202881, 5.41580867767334, 5.379774570465088, 5.434840679168701, 5.54715633392334, 5.376067161560059, 5.513113021850586, 5.374912261962891, 5.4332380294799805, 5.357806205749512, 5.41061544418335, 5.487496376037598]
Train step Accs: [0.001461017399389029, 0.00046699875466998757, 0.006069578090303479, 0.04499059897931775, 0.10592686002522068, 0.10712258796821793, 0.13543213543213542, 0.13705426356589148, 0.126079669975506, 0.14866926597728428, 0.15073876139578749, 0.13533190578158458, 0.13680307244073633, 0.1494329553035357, 0.12016614150673159, 0.12922224146890698, 0.11388182973316391, 0.11617053481331988, 0.11752516281823565, 0.13644145923877254, 0.0897697007676641, 0.09410339256865913, 0.09328114807566862, 0.07024677509814918, 0.06654676258992806, 0.0750402576489533, 0.06691028225806452, 0.0727783851319694, 0.07222130197117774, 0.05983024906080423, 0.10046326935804104, 0.06431482424859908, 0.05365434221840069, 0.09594943981614479, 0.06195698618430423, 0.059041159241560046, 0.07421814221254085, 0.08692599354023312, 0.06116868163500288, 0.07878166642260946, 0.08181818181818182, 0.07849512308406874, 0.12353022548070272, 0.12185844314631164, 0.08929413614211602, 0.11148517415512106, 0.11443472925295291, 0.11392576537523706, 0.12434734817257488, 0.10436432637571158, 0.14770327349524814, 0.10619872379216044, 0.14952987564452533, 0.14540928393615463, 0.13576017130620985, 0.11891568069492287, 0.16924952115619016, 0.13308550185873605, 0.12925373134328358, 0.1546003016591252, 0.11003749639457744, 0.1367031439986104, 0.13379835129993659]
val step Accs: [0.07735583684950774, 0.0963611859838275, 0.07469844499346025, 0.06970015781167807, 0.09308440704706811, 0.08154235145385588, 0.09034429200103547, 0.0774949957106091, 0.0644865925441465, 0.08862229102167182, 0.06735065364884991, 0.09669387190482778, 0.07754551584625759, 0.0934829741104451, 0.09680393362015981, 0.07239635995955511]
Preds: [392, 392, 392, 392, 392, 392, 392, 392, 392, 392, 392, 392, 392, 246, 392, 392, 392, 392, 392, 392, 392, 392, 246, 246, 392, 246, 246, 246, 392, 392, 392, 246, 246, 246, 246, 246, 246, 246, 392, 392, 392, 392, 392, 392, 392, 392, 392, 246, 246, 246, 246, 246, 392, 392, 392, 392, 392, 392, 392, 392, 392, 246, 246, 246, 246, 246, 246, 392, 392, 392, 392, 392, 246, 392, 392, 392, 392, 392, 392, 392, 246, 392, 392, 392, 392, 392, 392, 392, 392, 392, 392, 392, 392, 246, 246, 213, 213, 246, 246, 246, 246, 246, 246, 246, 246, 246, 246, 246, 246, 392, 392, 392, 392, 392, 246, 246, 414, 392, 392, 246, 246, 246, 246, 246, 392, 392, 392, 392, 392, 392, 392, 392, 392, 392, 392, 392, 246, 392, 392, 392, 392, 392, 392, 392, 392, 392, 392, 392, 392, 392, 392, 392, 392, 392, 392, 246, 246, 246, 392, 392, 392, 392, 392, 392, 392, 392, 246, 392, 392, 392, 392, 246, 246, 392, 392, 392, 392, 392, 392, 392, 392, 392, 392, 392, 392, 392, 392, 392, 392, 392, 392, 392, 392, 392, 392, 392, 392, 246, 246, 246, 246, 392, 392, 392, 392, 392, 392, 392, 392, 392, 392, 392, 392, 392, 392, 392, 392, 392, 392, 392, 392, 392, 392, 392, 392, 392, 392, 414, 246, 246, 246, 246, 392, 392, 392, 392, 392, 392, 392, 392, 63, 63, 63, 63, 63, 63, 63, 63, 63, 63, 63, 63, 63, 63, 63, 392, 392, 392, 392, 392, 392, 246, 246, 246, 246, 392, 392, 392, 392, 392, 246, 246, 246, 246, 246, 246, 246, 246, 246, 246, 246, 246, 246, 246, 246, 392, 392, 392, 392, 392, 392, 392, 392, 392, 392, 246, 246, 246, 246, 246, 392, 246, 246, 392, 246, 246, 246, 246, 246, 392, 392, 392, 392, 392, 392, 392, 392, 392, 392, 392, 392, 392, 392, 392, 392, 392, 392, 392, 392, 246, 246, 246, 246, 246, 246, 392, 392, 392, 392, 392, 392, 392, 392, 392, 392, 392, 392, 392, 392, 392, 392, 392, 392, 392, 392, 392, 392, 392, 392, 392, 392, 392, 392, 392, 392, 392, 392, 392, 392, 392, 392, 392, 392, 392, 392, 246, 246, 246, 246, 246, 392, 392, 392, 392, 392, 392, 392, 392, 246, 246, 392, 392, 392, 392, 246, 246, 246, 246, 392, 246, 246, 246, 392, 392, 392, 392, 392, 392, 392, 392, 392, 392, 392, 392, 392, 392, 392, 392, 392, 392, 392, 392, 392, 392, 392, 392, 246, 246, 213, 213, 246, 246, 246, 246, 246, 246, 246, 246, 246, 246, 246, 246, 246, 246, 392, 392, 246, 246, 392, 392, 392, 392, 392, 392, 246, 246, 171, 171, 171, 246, 392, 392, 392, 246, 246, 392, 246, 246, 246, 246, 246, 246, 392, 392, 392, 392, 392, 392, 392, 392, 392, 392, 392, 392, 392, 392, 392, 246, 246, 246, 246, 246, 246, 246, 392, 392, 392, 392, 392, 246, 392, 392, 392, 392, 392, 392, 392, 392, 392, 392, 392, 392, 392, 392, 392, 392, 392, 392, 392, 392, 392, 392, 392, 392, 392, 392, 392, 392, 392, 392, 392, 392, 392, 392, 392, 392, 392, 392, 392, 392, 392, 392, 392, 392, 392, 392, 392, 392, 392, 392, 392, 392, 392, 392, 392, 392, 392, 392, 392, 392, 392, 392, 392, 392, 392, 392, 392, 392, 392, 392, 392, 392, 392, 392, 392, 392, 392, 392, 392, 392, 392, 392, 392, 392, 392, 392, 392, 392, 392, 392, 392, 392, 392, 392, 392, 392, 392, 392, 392, 392]

ep2
Train step Loss: [5.091646194458008, 5.172277450561523, 5.152581214904785, 5.058963298797607, 4.909106254577637, 5.038612365722656, 4.949254512786865, 5.019548416137695, 5.095638275146484, 5.014403820037842, 4.944023609161377, 4.9785380363464355, 4.953630447387695, 4.8938117027282715, 4.991674423217773, 4.917214870452881, 4.993762493133545, 4.898499965667725, 4.876794338226318, 4.8528594970703125, 5.007117748260498, 4.876999855041504, 4.869353294372559, 4.923032760620117, 4.830808639526367, 4.837141990661621, 4.794561862945557, 4.747200012207031, 4.749597072601318, 4.735296726226807, 4.526089191436768, 4.667571067810059, 4.710278034210205, 4.599846839904785, 4.718461990356445, 4.644418239593506, 4.623977184295654, 4.568985462188721, 4.6930832862854, 4.631300926208496, 4.613587856292725, 4.639194488525391, 4.4474358558654785, 4.476219654083252, 4.648388385772705, 4.502266883850098, 4.507275581359863, 4.5247907638549805, 4.469936370849609, 4.635293483734131, 4.344416618347168, 4.5598626136779785, 4.417935371398926, 4.318169593811035, 4.395753383636475, 4.42134952545166, 4.2439093589782715, 4.302902698516846, 4.4023051261901855, 4.181361675262451, 4.371433258056641, 4.297412872314453, 4.227263927459717]
val step Loss: [4.732719421386719, 4.565279960632324, 4.647040367126465, 4.700152397155762, 4.6328206062316895, 4.685122013092041, 4.613178253173828, 4.64232873916626, 4.822448253631592, 4.589130401611328, 4.8040876388549805, 4.622977256774902, 4.675192832946777, 4.602954864501953, 4.6480865478515625, 4.788532733917236]
Train step Accs: [0.13680435648824546, 0.1200186799501868, 0.123760177646188, 0.13550899811979586, 0.15524730278828638, 0.13720204313280362, 0.15072765072765074, 0.14248062015503876, 0.12350135361608869, 0.1427360569588066, 0.1493241119144923, 0.14318344039971448, 0.1558733942524169, 0.17358238825883923, 0.15439702091091378, 0.1538195045903343, 0.14787166454891995, 0.166372351160444, 0.1811722912966252, 0.18688265507704466, 0.1563528121572928, 0.17353257942918687, 0.1776908023483366, 0.16432978126752665, 0.17086330935251798, 0.18454106280193236, 0.18636592741935484, 0.20053100109323754, 0.2024184197449064, 0.21024071239738418, 0.228325612177366, 0.21892511462047887, 0.2225279449699054, 0.22608445848893996, 0.20367469021506907, 0.22090334515184215, 0.23276800995798974, 0.24069653138604127, 0.20423143350604492, 0.22668033387025918, 0.22194805194805195, 0.2196934509986066, 0.25162539770369347, 0.25037359054476294, 0.2155321490331709, 0.24174543571151108, 0.24252185918085595, 0.24559739907884043, 0.2453970871118439, 0.23213156230234028, 0.2754751847940866, 0.23944089942266789, 0.2599332726721262, 0.2707570654561429, 0.2633832976445396, 0.2507113973341321, 0.28556503569562947, 0.2621561338289963, 0.2564179104477612, 0.28355957767722473, 0.25180271127776177, 0.2734062879972208, 0.2891566265060241]
val step Accs: [0.20930827259941184, 0.23814016172506738, 0.21711960470861794, 0.211599158337717, 0.2250854588482777, 0.21074589127686472, 0.22223660367589956, 0.22104661138118387, 0.1934597776324395, 0.23206914344685242, 0.1990733079596227, 0.22727901507815743, 0.20997977073499663, 0.2333885983930621, 0.21911493546404426, 0.19757330637007078]
Preds: [17, 284, 284, 284, 284, 284, 284, 284, 284, 284, 284, 284, 171, 171, 284, 250, 250, 250, 250, 284, 284, 284, 284, 284, 284, 171, 171, 171, 171, 171, 171, 171, 414, 414, 414, 171, 213, 267, 213, 213, 213, 213, 284, 132, 284, 35, 284, 35, 414, 414, 414, 284, 284, 284, 284, 284, 284, 73, 73, 320, 171, 171, 171, 171, 246, 171, 284, 284, 284, 284, 284, 284, 284, 464, 464, 464, 464, 464, 464, 171, 171, 171, 324, 324, 170, 170, 170, 250, 250, 250, 284, 267, 414, 414, 414, 213, 213, 246, 246, 246, 246, 246, 246, 246, 246, 246, 246, 284, 284, 284, 284, 284, 284, 284, 171, 414, 414, 414, 414, 414, 324, 324, 19, 284, 284, 73, 213, 284, 284, 284, 250, 250, 284, 284, 284, 414, 414, 320, 320, 320, 320, 171, 171, 171, 171, 171, 171, 414, 414, 414, 414, 414, 414, 414, 284, 284, 284, 284, 284, 284, 284, 284, 284, 284, 284, 213, 171, 284, 250, 250, 284, 284, 284, 284, 284, 284, 73, 182, 182, 182, 182, 284, 182, 171, 171, 284, 284, 303, 303, 303, 303, 303, 303, 303, 303, 303, 303, 213, 246, 171, 171, 284, 284, 284, 284, 284, 414, 414, 414, 284, 414, 414, 414, 414, 414, 414, 170, 170, 170, 170, 170, 170, 170, 170, 170, 414, 414, 414, 414, 414, 414, 171, 464, 464, 464, 464, 464, 464, 284, 392, 63, 63, 63, 63, 63, 63, 63, 63, 63, 63, 63, 63, 73, 73, 73, 73, 73, 320, 320, 213, 324, 324, 213, 213, 213, 213, 213, 464, 464, 324, 246, 246, 246, 246, 246, 246, 246, 246, 246, 246, 246, 246, 246, 246, 284, 284, 284, 284, 284, 284, 284, 284, 284, 284, 213, 171, 171, 213, 213, 213, 98, 414, 324, 414, 324, 324, 324, 213, 464, 464, 464, 464, 464, 374, 374, 374, 250, 250, 250, 250, 250, 153, 153, 153, 153, 182, 182, 182, 182, 213, 213, 171, 171, 35, 284, 284, 73, 213, 213, 213, 213, 213, 320, 320, 374, 182, 182, 182, 182, 213, 213, 213, 98, 414, 414, 170, 320, 170, 170, 170, 170, 170, 170, 170, 170, 284, 284, 320, 320, 320, 213, 153, 153, 182, 182, 387, 171, 171, 171, 250, 250, 250, 284, 284, 320, 320, 320, 284, 284, 171, 171, 324, 324, 213, 213, 213, 213, 213, 213, 171, 171, 284, 284, 284, 464, 464, 464, 464, 464, 264, 264, 284, 170, 284, 284, 392, 392, 320, 392, 392, 73, 284, 213, 213, 284, 267, 414, 414, 213, 213, 246, 246, 246, 246, 246, 246, 246, 246, 246, 414, 414, 246, 246, 414, 414, 284, 284, 414, 284, 284, 284, 284, 213, 464, 171, 171, 171, 171, 171, 464, 464, 464, 464, 464, 464, 246, 464, 464, 464, 213, 171, 284, 284, 213, 213, 213, 213, 213, 320, 153, 182, 324, 324, 324, 213, 213, 464, 464, 464, 213, 171, 284, 171, 213, 284, 284, 320, 320, 324, 324, 324, 464, 464, 464, 320, 320, 320, 320, 320, 320, 320, 320, 320, 320, 320, 320, 320, 320, 320, 320, 320, 320, 320, 320, 320, 320, 320, 320, 320, 320, 320, 320, 320, 320, 320, 320, 320, 320, 320, 320, 320, 320, 320, 320, 320, 320, 320, 320, 320, 320, 320, 320, 320, 320, 320, 320, 320, 320, 320, 320, 320, 320, 320, 320, 320, 320, 320, 320, 320, 320, 320, 320, 320, 320, 320, 320, 320, 320, 320, 320, 320, 320, 320, 320, 320, 320, 320, 320, 320, 320, 320, 320, 320, 320, 320, 320, 320, 320, 320, 320]

ep3
Train step Loss: [4.266281604766846, 4.264060974121094, 4.324173927307129, 4.055412769317627, 4.2013020515441895, 4.106661796569824, 4.108159065246582, 4.1587748527526855, 4.209463596343994, 4.09660005569458, 4.135263919830322, 4.177750110626221, 3.9321908950805664, 4.072232723236084, 4.074731349945068, 3.9728033542633057, 3.919635772705078, 4.11584997177124, 3.956774950027466, 4.011741638183594, 3.991436719894409, 3.898538589477539, 3.9313149452209473, 3.7709579467773438, 3.8392913341522217, 3.798621416091919, 3.7082595825195312, 3.694927453994751, 3.79604172706604, 3.7945971488952637, 3.7525837421417236, 3.7315433025360107, 3.746018886566162, 3.6523382663726807, 3.7439749240875244, 3.7235889434814453, 3.769710063934326, 3.730283260345459, 3.6442275047302246, 3.631964921951294, 3.6450321674346924, 3.622757911682129, 3.5610368251800537, 3.530212640762329, 3.542827844619751, 3.646476984024048, 3.510418653488159, 3.4684557914733887, 3.494591236114502, 3.44819974899292, 3.3824410438537598, 3.5554986000061035, 3.5372002124786377, 3.507272481918335, 3.3599915504455566, 3.3469371795654297, 3.3912460803985596, 3.485900640487671, 3.205033540725708, 3.2164523601531982, 3.3824303150177, 3.1873905658721924, 3.4046990871429443]
val step Loss: [3.7504634857177734, 3.7766854763031006, 3.753629684448242, 3.716989278793335, 3.821502685546875, 3.6276042461395264, 3.7852444648742676, 3.8227925300598145, 3.8207263946533203, 3.7807748317718506, 3.7405850887298584, 3.7164480686187744, 3.6798648834228516, 3.6582884788513184, 3.6234614849090576, 3.6405153274536133]
Train step Accs: [0.28370492293879995, 0.2762318447129089, 0.2808491142333537, 0.3119812059514487, 0.3027479469361971, 0.3122244488977956, 0.3149315700445948, 0.29735152487961475, 0.29050042408821036, 0.321676257931238, 0.31660675772825303, 0.30381130896594816, 0.3427814264316165, 0.319832200202517, 0.3176366059529098, 0.3397296644943278, 0.3492063492063492, 0.3236514522821577, 0.3450149415919587, 0.3436965645888388, 0.34874556679364244, 0.35933983495873967, 0.35159881673475135, 0.3833768494342907, 0.3772455089820359, 0.38100436681222705, 0.3921595788890428, 0.39082669596264763, 0.36820403176542454, 0.37279102384291724, 0.38641875505254647, 0.39494880546075084, 0.37291762188598504, 0.39706795875264006, 0.3817771084337349, 0.3760998240281555, 0.37552870090634444, 0.3745427944403804, 0.39454309224772627, 0.40187577419925674, 0.39372887720615846, 0.41277063068716663, 0.40106465853025186, 0.41535194174757284, 0.40845457040900357, 0.3965124077800134, 0.4154696132596685, 0.41717283268912203, 0.41534181240063595, 0.42825245608812146, 0.4391012467461296, 0.4012875536480687, 0.41441929800786015, 0.42177722152690866, 0.4391304347826087, 0.45534550195567147, 0.4353405725567621, 0.42324270557029176, 0.4735896017699115, 0.4532672950950631, 0.43259436788496103, 0.46783020263274666, 0.43223115877271373]
val step Accs: [0.36303153022852186, 0.3561489810260014, 0.35503624093976505, 0.3712480252764613, 0.35758698240508, 0.385893176590851, 0.3625869080414535, 0.35577498503889887, 0.34848698099929626, 0.3559915031863051, 0.3575268817204301, 0.37062839626584926, 0.37679149329634765, 0.3818254284575528, 0.37693710118505014, 0.3821154622527251]
Preds: [17, 17, 287, 413, 413, 413, 413, 473, 267, 267, 264, 264, 264, 264, 264, 264, 264, 264, 264, 264, 264, 264, 35, 35, 443, 320, 320, 324, 324, 324, 454, 414, 414, 414, 284, 354, 486, 486, 486, 486, 48, 48, 303, 303, 303, 250, 320, 320, 360, 360, 360, 360, 434, 434, 434, 434, 434, 213, 213, 324, 324, 434, 434, 434, 434, 35, 250, 250, 250, 250, 250, 153, 153, 182, 182, 387, 387, 182, 182, 182, 464, 387, 387, 250, 443, 360, 464, 35, 35, 35, 35, 35, 284, 35, 35, 35, 35, 171, 171, 240, 250, 35, 35, 35, 303, 267, 171, 171, 171, 171, 454, 35, 414, 414, 414, 98, 98, 98, 414, 48, 48, 48, 414, 414, 170, 170, 170, 170, 170, 170, 170, 170, 392, 392, 320, 132, 132, 132, 240, 240, 240, 250, 35, 250, 486, 321, 250, 244, 250, 250, 35, 303, 267, 267, 267, 267, 267, 267, 267, 374, 374, 374, 374, 374, 374, 374, 293, 293, 387, 387, 35, 35, 35, 35, 35, 35, 250, 250, 320, 98, 324, 324, 324, 464, 464, 464, 464, 464, 486, 486, 486, 486, 486, 315, 63, 63, 73, 73, 132, 250, 250, 250, 153, 35, 250, 244, 244, 244, 320, 324, 464, 464, 464, 464, 464, 464, 63, 63, 63, 63, 63, 303, 303, 303, 303, 374, 132, 132, 47, 170, 35, 250, 171, 267, 35, 35, 35, 35, 35, 48, 267, 267, 32, 374, 443, 413, 98, 98, 98, 98, 98, 414, 414, 414, 414, 414, 414, 414, 414, 414, 170, 170, 170, 170, 392, 392, 392, 392, 47, 244, 244, 244, 320, 320, 320, 320, 320, 320, 374, 374, 374, 132, 132, 250, 284, 284, 63, 73, 244, 320, 320, 7, 286, 464, 464, 464, 139, 139, 139, 284, 284, 374, 374, 374, 139, 139, 139, 240, 240, 240, 240, 250, 107, 320, 320, 98, 320, 374, 132, 143, 132, 267, 267, 293, 293, 303, 171, 171, 284, 284, 284, 284, 47, 486, 486, 132, 132, 35, 35, 35, 35, 35, 35, 35, 464, 464, 284, 35, 35, 98, 98, 98, 98, 414, 414, 170, 170, 414, 170, 170, 170, 170, 170, 244, 320, 2, 320, 80, 250, 250, 63, 63, 63, 73, 63, 63, 73, 73, 244, 320, 320, 320, 287, 287, 287, 486, 486, 486, 486, 460, 486, 486, 464, 374, 63, 63, 284, 284, 267, 443, 443, 19, 35, 464, 464, 464, 443, 443, 486, 486, 284, 35, 267, 267, 267, 387, 387, 303, 303, 486, 486, 240, 240, 35, 35, 284, 244, 244, 320, 320, 320, 374, 374, 374, 374, 374, 374, 374, 464, 464, 464, 464, 464, 464, 464, 464, 464, 153, 153, 387, 387, 387, 387, 387, 387, 35, 35, 267, 267, 19, 464, 387, 35, 35, 19, 19, 19, 19, 454, 454, 454, 414, 414, 414, 414, 414, 414, 47, 47, 170, 47, 392, 392, 392, 392, 392, 73, 244, 320, 320, 320, 7, 7, 7, 413, 413, 413, 267, 267, 267, 264, 264, 264, 264, 264, 264, 264, 264, 264, 264, 264, 264, 35, 35, 35, 35, 7, 320, 320, 250, 250, 19, 19, 19, 19, 454, 414, 284, 284, 392, 392, 392, 392, 392, 392, 392, 392, 392, 392, 392, 392, 392, 392, 392, 392, 392, 392, 392, 392, 392, 392, 392, 392, 392, 392, 392, 392, 392, 392, 392, 392, 392, 392, 392, 392, 392, 392, 392, 392, 392, 392, 392, 392, 392, 392, 392, 392, 392, 392, 392, 392, 392, 392, 392, 392, 392, 392, 392, 392, 392, 392, 392, 392, 392, 392, 392, 392, 392, 392, 392]

ep4
Train step Loss: [3.385577440261841, 3.128319263458252, 3.1518993377685547, 3.210096597671509, 3.244304656982422, 3.240013837814331, 3.2630295753479004, 3.2480359077453613, 3.290787935256958, 3.1819849014282227, 3.0673956871032715, 3.2022242546081543, 3.197788715362549, 3.0920867919921875, 3.2119405269622803, 3.118720531463623, 2.939415693283081, 3.0013439655303955, 3.183074474334717, 3.03366756439209, 2.916154146194458, 2.942783832550049, 2.9366018772125244, 3.015753984451294, 2.9949913024902344, 2.9879374504089355, 2.994067907333374, 2.8921139240264893, 2.8132526874542236, 2.8468425273895264, 2.7874722480773926, 2.8290250301361084, 2.8890867233276367, 2.857454538345337, 2.888704776763916, 2.8129491806030273, 2.880993366241455, 2.7060372829437256, 2.7162578105926514, 2.705516815185547, 2.8339943885803223, 2.736499547958374, 2.7409708499908447, 2.8190789222717285, 2.630511999130249, 2.6376535892486572, 2.5436480045318604, 2.6601505279541016, 2.699207067489624, 2.5890748500823975, 2.8302001953125, 2.6195695400238037, 2.61331844329834, 2.5586414337158203, 2.5258853435516357, 2.5743050575256348, 2.6847290992736816, 2.51094388961792, 2.5325376987457275, 2.6158440113067627, 2.5250251293182373, 2.4508278369903564, 2.4416584968566895]
val step Loss: [2.9010002613067627, 2.8239400386810303, 2.9462742805480957, 2.876404047012329, 2.9557132720947266, 2.8970189094543457, 2.845262289047241, 2.8334884643554688, 2.9530324935913086, 2.948852300643921, 2.9500977993011475, 2.9430816173553467, 2.930386543273926, 2.7865943908691406, 2.9217746257781982, 2.9534366130828857]
Train step Accs: [0.4369052544476624, 0.4704764490294557, 0.4811220420101037, 0.47250400427122263, 0.4711188479189745, 0.4740716505807296, 0.47673828455422096, 0.4655927431967469, 0.4641797371767698, 0.4742326105322444, 0.5001430205949656, 0.47524180742023964, 0.487880420145435, 0.5035676532769556, 0.4910230352303523, 0.4943897099069513, 0.5425594364543587, 0.5298595616222601, 0.4955075511374498, 0.5142156862745098, 0.5388314148331633, 0.5281545943178909, 0.5446388515029161, 0.518109090909091, 0.5336884989031652, 0.539651837524178, 0.5234817813765182, 0.5450851695577434, 0.5668472063854048, 0.5471544715447154, 0.5675591044308752, 0.5676178660049628, 0.554422835633626, 0.5553728070175439, 0.5435679127311427, 0.5643682065217391, 0.552479815455594, 0.5864283719631388, 0.577562142762196, 0.5945427121897711, 0.5711915535444947, 0.5745948192270398, 0.5809610864455471, 0.5613782051282051, 0.6089547677261614, 0.5968850848884524, 0.6108197626276567, 0.6029275808936826, 0.5930391888188545, 0.6245412478059678, 0.5740789129866737, 0.605896259212905, 0.610795847750865, 0.6139534883720931, 0.6218509679130204, 0.6129725855581437, 0.5873937677053824, 0.6161040479321935, 0.6243342210386151, 0.607576166082502, 0.6228607316690218, 0.6253240020736133, 0.6240778990852759]
val step Accs: [0.555774370516247, 0.5730677089900391, 0.5470405789609718, 0.5603389367227005, 0.5557338780274292, 0.5576549760579785, 0.5675945753033548, 0.5662141779788838, 0.5531070956368445, 0.5413455838767042, 0.5459196725505244, 0.5480457005411906, 0.5488250652741514, 0.5695909813556872, 0.5532356532356533, 0.5557742782152231]
Preds: [17, 17, 360, 360, 360, 360, 143, 17, 321, 321, 320, 7, 7, 395, 473, 267, 267, 360, 360, 434, 434, 434, 19, 19, 454, 454, 454, 454, 454, 284, 284, 80, 80, 80, 80, 132, 132, 115, 115, 267, 267, 267, 139, 139, 139, 443, 443, 443, 443, 443, 146, 240, 240, 240, 240, 276, 240, 324, 324, 324, 324, 301, 387, 250, 321, 321, 321, 98, 80, 80, 401, 187, 187, 250, 250, 250, 47, 170, 267, 267, 267, 360, 246, 246, 434, 246, 3, 3, 14, 14, 321, 320, 145, 145, 145, 460, 460, 460, 460, 259, 443, 100, 100, 497, 497, 413, 35, 434, 263, 35, 293, 106, 106, 460, 486, 443, 213, 219, 354, 32, 32, 264, 139, 139, 374, 143, 324, 324, 324, 246, 434, 434, 339, 339, 413, 398, 398, 398, 398, 434, 434, 434, 434, 240, 331, 32, 284, 282, 282, 263, 263, 263, 17, 392, 392, 392, 7, 7, 7, 7, 7, 7, 7, 7, 7, 7, 7, 7, 7, 7, 7, 7, 7, 7, 7, 7, 7, 7, 7, 7, 7, 7, 7, 7, 7, 7, 7, 7, 7, 7, 7, 7, 7, 7, 7, 7, 7, 7, 7, 7, 7, 7, 7, 7, 7, 7, 7, 7, 7, 7, 7, 7, 7, 7, 7, 7, 7, 7, 7, 7, 7, 7, 7, 7, 7, 7, 7, 7, 7, 7, 7, 7, 7, 7, 7, 7, 7, 7, 7, 7, 7, 7, 7, 7, 7, 7, 7, 7, 7, 7, 7, 7, 7, 7, 7, 7, 7, 7, 7, 7, 7, 7, 7, 7, 7, 7, 7, 7, 7, 7, 7, 7, 7, 7, 7, 7, 7, 7, 7, 7, 7, 7, 7, 7, 7, 7, 7, 7, 7, 7, 7, 7, 7, 7, 7, 7, 7, 7, 7, 7, 7, 7, 7, 7, 7, 7, 7, 7, 7, 7, 7, 7, 7, 7, 7, 7, 7, 7, 7, 7, 7, 7, 7, 7, 7, 7, 7, 7, 7, 7, 7, 7, 7, 7, 7, 7, 7, 7, 7, 7, 7, 7, 7, 7, 7, 7, 7, 7, 7, 7, 7, 7, 7, 7, 7, 7, 7, 7, 7, 7, 7, 7, 7, 7, 7, 7, 7, 7, 7, 7, 7, 7, 7, 7, 7, 7, 7, 7, 7, 7, 7, 7, 7, 7, 7, 7, 7, 7, 7, 7, 7, 7, 7, 7, 7, 7, 7, 7, 7, 7, 7, 7, 7, 7, 7, 7, 7, 7, 7, 7, 7, 7, 7, 7, 7, 7, 7, 7, 7, 7, 7, 7, 7, 7, 7, 7, 7, 7, 7, 7, 7, 7, 7, 7, 7, 7, 7, 7, 7, 7, 7, 7, 7, 7, 7, 7, 7, 7, 7, 7, 7, 7, 7, 7, 7, 7, 7, 7, 7, 7, 7, 7, 7, 7, 7, 7, 7, 7, 7, 7, 7, 7, 7, 7, 7, 7, 7, 7, 7, 7, 7, 7, 7, 7, 7, 7, 7, 7, 7, 7, 7, 7, 7, 7, 7, 7, 7, 7, 7, 7, 7, 7, 7, 7, 7, 7, 7, 7, 7, 7, 7, 7, 7, 7, 7, 7, 7, 7, 7, 7, 7, 7, 7, 7, 7, 7, 7, 7, 7, 7, 7, 7, 7, 7, 7, 7, 7, 7, 7, 7, 7, 7, 7, 7, 7, 7, 7, 7, 7, 7, 7, 7, 7, 7, 7, 7, 7, 7, 7, 7, 7, 7, 7, 7, 7, 7, 7, 7, 7, 7, 7, 7, 7, 7, 7, 7, 7, 7, 7, 7, 7, 7, 7, 7, 7, 7, 7, 7, 7, 7, 7, 7, 7, 7, 7, 7, 7, 7, 7, 7]

ep5
Train step Loss: [2.4164958000183105, 2.423405885696411, 2.486067533493042, 2.308715343475342, 2.4642388820648193, 2.5047006607055664, 2.340406894683838, 2.323002338409424, 2.309863805770874, 2.2929561138153076, 2.3254764080047607, 2.234818935394287, 2.414827823638916, 2.2325313091278076, 2.2523975372314453, 2.3815431594848633, 2.3685333728790283, 2.23746395111084, 2.2322537899017334, 2.1397736072540283, 2.2657887935638428, 2.1497015953063965, 2.139946699142456, 2.256916046142578, 2.2590291500091553, 2.188241720199585, 2.155827522277832, 2.1620428562164307, 2.120490312576294, 2.090970993041992, 2.121392250061035, 1.9029498100280762, 2.136569023132324, 2.126671314239502, 2.074373722076416, 2.0262176990509033, 2.045267343521118, 2.0279347896575928, 2.1184585094451904, 1.9746440649032593, 2.1034204959869385, 1.9145801067352295, 1.9663821458816528, 2.0386962890625, 2.016012668609619, 1.937056541442871, 1.8799335956573486, 1.9187309741973877, 2.026423215866089, 1.8798192739486694, 2.0569660663604736, 1.8556983470916748, 1.8721592426300049, 1.9142467975616455, 1.8965190649032593, 1.9555306434631348, 1.8403866291046143, 1.8366307020187378, 1.7766138315200806, 1.8729910850524902, 1.71226167678833, 1.8643686771392822, 1.8444671630859375]
val step Loss: [2.0480875968933105, 2.196387767791748, 2.152791738510132, 2.1913561820983887, 2.0998435020446777, 2.20902419090271, 2.0442497730255127, 2.108412981033325, 2.191746234893799, 2.1412134170532227, 2.0174663066864014, 2.115471363067627, 2.218136787414551, 2.112001419067383, 2.105407476425171, 2.0500316619873047]
Train step Accs: [0.6377952755905512, 0.638260097647581, 0.619413300568269, 0.6631353260184134, 0.6211128155069028, 0.6254602095723591, 0.6508113267578747, 0.6497878359264498, 0.6572213387306636, 0.6598510494245091, 0.654974946313529, 0.6674873478320339, 0.6390868111094954, 0.6693129330254042, 0.67610596372178, 0.6534068530917684, 0.6520961145194274, 0.6680080482897385, 0.6797954932777883, 0.6914815359717522, 0.6717228165415935, 0.6966006423982869, 0.6895480664699487, 0.671898355754858, 0.6706331717349787, 0.6845378151260504, 0.6900279827016026, 0.6876854599406528, 0.6983369010373786, 0.7001900538485905, 0.6877038717912353, 0.7336233367451381, 0.6969301110385369, 0.6921192323397305, 0.7026984625039222, 0.7138562839965645, 0.7190708634909948, 0.7130941139439723, 0.7051676933607118, 0.7244451391059706, 0.697208402432283, 0.730693963570676, 0.7205176093916755, 0.7086801426872771, 0.7095676824946846, 0.7228975853455454, 0.7403167842406495, 0.7297960237541957, 0.7025457793657883, 0.7385959236493045, 0.7025480310669029, 0.7368579152898769, 0.7337078651685394, 0.7296394264234999, 0.7352903142376827, 0.7215864759427828, 0.741733106783427, 0.7451930133568179, 0.7511318619128466, 0.7335655202437963, 0.7605006619328439, 0.7359300476947536, 0.7362270450751253]
val step Accs: [0.7138026437134952, 0.6839837810440953, 0.6913716814159292, 0.682915786296408, 0.6945002007226013, 0.6833356043057637, 0.7107601184600197, 0.7043551088777219, 0.6898626553302812, 0.7025044970250449, 0.713194868662187, 0.7021302202431099, 0.6749969223193402, 0.7085885201538242, 0.7012646146504414, 0.7099958000839983]
Preds: [17, 17, 287, 287, 284, 319, 319, 319, 413, 293, 43, 43, 43, 153, 153, 153, 153, 153, 138, 297, 182, 182, 182, 182, 182, 293, 293, 497, 98, 98, 98, 197, 197, 197, 197, 197, 287, 287, 287, 111, 111, 111, 171, 171, 293, 293, 479, 479, 398, 398, 324, 301, 301, 301, 132, 132, 250, 250, 70, 138, 138, 138, 138, 138, 346, 426, 426, 426, 426, 426, 426, 426, 450, 450, 413, 413, 250, 250, 276, 250, 138, 138, 138, 138, 138, 182, 182, 98, 98, 98, 14, 14, 287, 287, 287, 111, 111, 240, 251, 251, 251, 241, 241, 431, 428, 428, 428, 428, 146, 146, 146, 252, 252, 32, 143, 54, 54, 54, 115, 115, 473, 401, 115, 115, 109, 290, 290, 290, 464, 464, 464, 464, 464, 139, 139, 32, 32, 239, 239, 239, 324, 324, 143, 497, 398, 10, 10, 250, 473, 331, 331, 284, 284, 43, 80, 80, 282, 240, 240, 276, 276, 77, 342, 342, 172, 172, 115, 267, 267, 267, 213, 213, 246, 246, 246, 246, 246, 246, 8, 32, 32, 354, 354, 401, 324, 324, 143, 143, 129, 401, 401, 68, 68, 115, 115, 115, 276, 486, 376, 376, 376, 460, 460, 460, 460, 143, 35, 401, 401, 75, 68, 342, 342, 267, 267, 321, 464, 464, 464, 180, 180, 284, 284, 85, 85, 85, 85, 85, 146, 240, 35, 314, 129, 259, 259, 259, 106, 106, 106, 206, 406, 35, 35, 35, 35, 259, 68, 115, 115, 115, 284, 486, 376, 376, 460, 460, 263, 263, 263, 263, 170, 170, 170, 170, 170, 170, 170, 170, 187, 187, 2, 2, 2, 2, 2, 2, 2, 2, 2, 2, 80, 80, 80, 73, 73, 73, 73, 73, 172, 172, 115, 115, 7, 7, 153, 153, 153, 153, 153, 387, 387, 387, 387, 348, 348, 139, 293, 84, 293, 324, 324, 464, 464, 180, 315, 319, 319, 319, 319, 413, 348, 413, 413, 65, 250, 250, 250, 473, 43, 43, 324, 324, 324, 19, 301, 276, 129, 129, 259, 354, 106, 106, 284, 319, 319, 240, 240, 240, 129, 259, 401, 401, 75, 68, 68, 68, 68, 68, 68, 115, 371, 360, 213, 213, 213, 213, 246, 246, 246, 246, 246, 246, 246, 19, 454, 414, 414, 414, 414, 414, 414, 414, 414, 47, 47, 47, 47, 47, 47, 47, 47, 47, 47, 80, 80, 73, 73, 73, 73, 320, 287, 287, 287, 460, 460, 240, 35, 35, 77, 342, 342, 342, 75, 244, 100, 286, 486, 330, 54, 473, 115, 115, 115, 115, 106, 106, 153, 153, 182, 182, 182, 182, 375, 98, 98, 98, 197, 197, 197, 80, 80, 80, 80, 320, 7, 7, 7, 7, 398, 360, 213, 360, 246, 246, 246, 246, 246, 197, 197, 197, 188, 324, 324, 301, 143, 401, 338, 338, 338, 338, 338, 400, 400, 286, 286, 286, 278, 139, 203, 8, 8, 8, 8, 100, 100, 100, 100, 375, 98, 98, 48, 48, 48, 48, 414, 414, 170, 170, 170, 47, 47, 28, 47, 2, 2, 47, 47, 47, 2, 2, 2, 2, 73, 73, 73, 73, 73, 321, 244, 287, 287, 287, 111, 240, 240, 35, 35, 35, 77, 68, 342, 172, 115, 267, 267, 213, 213, 213, 246, 246, 246, 301, 301, 301, 43, 43, 43, 276, 276, 346, 346, 428, 428, 428, 428, 428, 146, 240, 240, 35, 35, 35, 75, 75, 371, 371, 371, 106, 374, 374, 7, 330, 473, 19, 197, 251, 374, 374, 276, 219, 473, 19, 278, 301, 301, 251, 251, 241, 374, 374, 132, 132, 132, 132, 132, 132, 374, 374, 374, 337]

ep6
Train step Loss: [1.799276351928711, 1.762239933013916, 1.7815885543823242, 1.7621383666992188, 1.6512272357940674, 1.752644419670105, 1.7143279314041138, 1.8315221071243286, 1.6638374328613281, 1.6124213933944702, 1.6048400402069092, 1.5663185119628906, 1.5868412256240845, 1.569291591644287, 1.5407905578613281, 1.5745673179626465, 1.591845989227295, 1.6781775951385498, 1.4705872535705566, 1.53291916847229, 1.4536497592926025, 1.6053845882415771, 1.6166990995407104, 1.4606225490570068, 1.510307788848877, 1.4325190782546997, 1.456987738609314, 1.5241141319274902, 1.5904179811477661, 1.504324197769165, 1.4367884397506714, 1.5525972843170166, 1.4243907928466797, 1.3680145740509033, 1.3890985250473022, 1.3728270530700684, 1.4061285257339478, 1.411076545715332, 1.525987982749939, 1.2759795188903809, 1.3470021486282349, 1.4477287530899048, 1.3898069858551025, 1.344476342201233, 1.311345100402832, 1.3673272132873535, 1.4004853963851929, 1.1843087673187256, 1.2760785818099976, 1.2809544801712036, 1.1670438051223755, 1.3146164417266846, 1.2720545530319214, 1.2214847803115845, 1.3324978351593018, 1.3130253553390503, 1.2088009119033813, 1.255579948425293, 1.237237811088562, 1.2551665306091309, 1.2703022956848145, 1.2135672569274902, 1.202135682106018]
val step Loss: [1.52472984790802, 1.5161423683166504, 1.5970299243927002, 1.412305235862732, 1.424328327178955, 1.4752780199050903, 1.4285423755645752, 1.512017846107483, 1.4854459762573242, 1.4809163808822632, 1.42747163772583, 1.4318273067474365, 1.5150225162506104, 1.4389359951019287, 1.4018124341964722, 1.4491561651229858]
Train step Accs: [0.7463208509398223, 0.7539738359825573, 0.752986900820498, 0.7540704738760632, 0.7697132616487455, 0.7505904581955598, 0.7648836506497432, 0.7420003091667955, 0.7620350109409191, 0.7745841844178581, 0.7790097988653946, 0.7936195947989114, 0.7817327065144393, 0.7872200263504612, 0.7855481469995348, 0.7789125034501794, 0.7817931034482759, 0.7628732150584163, 0.7996683750376846, 0.7890446224256293, 0.8037383177570093, 0.7769396551724138, 0.7744256850262939, 0.8059114983769007, 0.7964729690662041, 0.8044977924944813, 0.7988089073019161, 0.7849808429118774, 0.7744252873563219, 0.7883316568472482, 0.7999700329637399, 0.783638501595834, 0.8062847536531748, 0.8151524677774284, 0.8141971664698937, 0.8117355853232382, 0.8097305389221557, 0.8028668748225943, 0.7899960820164555, 0.8311204286047054, 0.8174603174603174, 0.7992103778905809, 0.8114912846998064, 0.816364772017489, 0.820561017929439, 0.8087049155379699, 0.8075232046897899, 0.8406608046895817, 0.8292241259228305, 0.8254272480434436, 0.8467471983699607, 0.8204387990762124, 0.8237623762376237, 0.8354591836734694, 0.8195078827169588, 0.8239517050089737, 0.8362671137189159, 0.8270306258322238, 0.8308996702779087, 0.8277875072971396, 0.824928318434812, 0.8383473208521627, 0.8423895773752781]
val step Accs: [0.7866295264623956, 0.7919940696812454, 0.7754524886877828, 0.8050120611096221, 0.8053952489598711, 0.793908493224205, 0.8118514814351794, 0.7872556486417872, 0.7922006338707455, 0.7980667216786514, 0.7988443966675625, 0.803138166497167, 0.7939371624938635, 0.804439900686432, 0.8015529341496193, 0.7992171310154271]
Preds: [17, 434, 479, 199, 199, 360, 360, 360, 252, 143, 35, 35, 259, 70, 65, 65, 106, 106, 106, 460, 460, 460, 35, 77, 342, 342, 342, 115, 115, 273, 486, 486, 486, 460, 460, 460, 460, 35, 129, 35, 445, 451, 213, 213, 213, 213, 246, 19, 19, 19, 19, 454, 454, 454, 414, 414, 414, 414, 414, 47, 187, 187, 187, 187, 187, 187, 132, 122, 122, 467, 76, 73, 244, 401, 401, 401, 73, 73, 73, 321, 320, 287, 287, 287, 287, 287, 284, 284, 284, 111, 111, 111, 111, 171, 240, 240, 285, 285, 250, 250, 250, 65, 32, 32, 88, 88, 109, 106, 284, 284, 284, 284, 206, 206, 206, 169, 169, 35, 35, 259, 259, 127, 114, 114, 114, 264, 264, 264, 264, 264, 264, 264, 264, 264, 264, 264, 264, 264, 264, 264, 264, 264, 468, 468, 468, 406, 406, 467, 337, 319, 319, 290, 290, 290, 330, 330, 65, 330, 250, 250, 70, 65, 65, 426, 426, 426, 426, 319, 319, 85, 348, 348, 293, 479, 331, 331, 486, 486, 486, 460, 169, 150, 150, 150, 342, 342, 342, 224, 224, 224, 100, 100, 100, 286, 486, 486, 206, 285, 482, 482, 2, 208, 486, 172, 273, 106, 106, 106, 109, 106, 355, 355, 355, 169, 169, 169, 150, 150, 169, 443, 443, 120, 398, 321, 321, 20, 20, 240, 494, 236, 259, 259, 35, 109, 115, 115, 115, 172, 403, 403, 403, 171, 171, 252, 252, 285, 285, 350, 403, 403, 171, 171, 171, 171, 171, 246, 246, 246, 252, 143, 143, 143, 143, 172, 309, 473, 473, 473, 309, 309, 434, 434, 434, 246, 19, 19, 19, 454, 454, 454, 454, 414, 229, 414, 414, 414, 170, 170, 80, 408, 115, 115, 115, 115, 408, 408, 408, 408, 408, 408, 408, 401, 244, 244, 66, 66, 66, 66, 68, 172, 115, 267, 267, 267, 267, 464, 464, 464, 464, 443, 443, 443, 240, 240, 240, 240, 240, 285, 324, 324, 324, 324, 301, 301, 301, 349, 349, 80, 321, 321, 395, 420, 324, 324, 324, 99, 99, 338, 338, 338, 338, 338, 338, 400, 400, 400, 213, 213, 213, 213, 246, 246, 246, 246, 246, 246, 3, 3, 14, 14, 197, 145, 145, 486, 460, 460, 169, 169, 35, 35, 441, 100, 100, 153, 387, 387, 122, 401, 401, 99, 107, 395, 395, 395, 395, 139, 139, 139, 497, 497, 43, 8, 8, 354, 473, 473, 109, 109, 290, 290, 290, 171, 434, 434, 434, 339, 339, 339, 398, 398, 398, 246, 246, 246, 246, 246, 246, 286, 464, 464, 264, 282, 282, 282, 282, 282, 263, 263, 263, 13, 414, 414, 414, 414, 414, 414, 80, 187, 187, 187, 187, 23, 23, 23, 23, 23, 23, 80, 180, 180, 320, 320, 7, 7, 251, 251, 241, 241, 241, 403, 403, 403, 403, 290, 290, 290, 290, 360, 434, 434, 434, 360, 360, 434, 434, 434, 434, 434, 339, 339, 10, 10, 309, 309, 479, 331, 331, 331, 331, 284, 426, 426, 426, 426, 426, 426, 282, 282, 282, 355, 355, 355, 452, 263, 263, 13, 13, 414, 414, 414, 414, 170, 170, 244, 244, 249, 244, 2, 2, 2, 2, 244, 2, 2, 73, 73, 73, 73, 244, 321, 321, 287, 287, 287, 287, 284, 284, 284, 206, 206, 206, 169, 150, 150, 54, 54, 54, 54, 54, 482, 482, 172, 65, 172, 273, 106, 106, 153, 153, 153, 182, 182, 182, 182, 182, 182, 387, 387, 387, 387, 293, 293, 293, 122, 122, 276, 276, 278, 267, 267, 321, 371, 444, 444, 278, 301, 301, 301, 8, 8]

ep7
Train step Loss: [1.1584489345550537, 1.110416293144226, 1.248893141746521, 1.0924328565597534, 1.1668648719787598, 1.0945696830749512, 1.0908316373825073, 1.136759877204895, 1.0612590312957764, 1.0736595392227173, 1.1636284589767456, 1.24466872215271, 1.0866682529449463, 1.1251567602157593, 1.051722764968872, 1.074191689491272, 1.0747177600860596, 0.9976902604103088, 0.9936971068382263, 1.0891212224960327, 1.1876013278961182, 0.9837761521339417, 0.9952874183654785, 0.9635851979255676, 0.931834876537323, 0.9176867008209229, 1.0030992031097412, 1.0094388723373413, 0.9242451190948486, 0.9947814345359802, 0.9111956357955933, 0.9540525078773499, 0.8735935091972351, 0.9838263392448425, 0.9005722999572754, 0.8609237670898438, 1.0011686086654663, 0.8608790636062622, 0.8673800826072693, 0.7898637652397156, 0.9493117332458496, 0.9098167419433594, 0.8463572859764099, 0.8479310274124146, 0.7755699157714844, 0.8033784627914429, 0.8986859321594238, 0.8304743766784668, 0.8259784579277039, 0.7946836948394775, 0.7676161527633667, 0.8081567883491516, 0.777561604976654, 0.8527191281318665, 0.8787970542907715, 0.7435640692710876, 0.8333747386932373, 0.7168502807617188, 0.7362740635871887, 0.7872048020362854, 0.6406753063201904, 0.8132455945014954, 0.8367677927017212]
val step Loss: [0.9991927742958069, 0.9184768795967102, 0.9644398093223572, 0.933355450630188, 0.9980815052986145, 0.9389041066169739, 0.9721658229827881, 0.9757792949676514, 0.9728564620018005, 0.9874794483184814, 0.9875561594963074, 0.909478485584259, 0.9115362763404846, 0.9588305354118347, 0.9675403833389282, 1.0113071203231812]
Train step Accs: [0.8441180969863852, 0.8547314578005115, 0.8300459736022542, 0.8578354484528732, 0.8405778408358054, 0.8531323877068558, 0.8563777307963355, 0.8453172205438066, 0.8580607476635514, 0.8580792248503847, 0.8382004735595896, 0.8302337485070806, 0.8623247033441208, 0.8479773254315898, 0.8629978276611151, 0.8540423911663917, 0.8620635419943379, 0.8714550755367082, 0.8697995620683847, 0.8540175557056043, 0.8367765336697682, 0.8713096139288418, 0.871204857782039, 0.8749388154674498, 0.877913752913753, 0.8851490589366672, 0.8709677419354839, 0.8715475089203119, 0.8778409090909091, 0.8723209618400418, 0.8854363293161028, 0.8756910204691468, 0.8915838690824079, 0.8757718318141723, 0.8836633663366337, 0.8938804895608351, 0.8723809523809524, 0.8875783816064496, 0.8959197324414716, 0.9034423828125, 0.8821428571428571, 0.8808064296417382, 0.896361273554256, 0.8976892672544846, 0.9107989167230873, 0.9009744535159336, 0.883903450318377, 0.8987919463087248, 0.903, 0.9029068909546997, 0.9054927302100162, 0.8992204899777283, 0.9061707523245984, 0.8932765707574868, 0.8949574151683115, 0.911937645289211, 0.8969950881248194, 0.9217081850533808, 0.9174743443557583, 0.9072990452725593, 0.9320190346702923, 0.9072517896047307, 0.9011370814908402]
val step Accs: [0.8830897703549061, 0.8874290833084503, 0.8836089050904831, 0.8849097472924188, 0.8745902807467578, 0.8846725185685348, 0.8841819416157501, 0.8778322106552358, 0.8818170152701142, 0.8756998880179171, 0.8796955561011539, 0.8877744646245596, 0.8906495136491999, 0.8841849804503168, 0.8789817065370347, 0.8742411101474414]
Preds: [17, 479, 398, 360, 360, 171, 360, 360, 171, 434, 252, 252, 252, 252, 143, 107, 337, 441, 441, 148, 148, 346, 346, 346, 313, 473, 203, 203, 467, 65, 65, 84, 319, 319, 319, 175, 175, 251, 251, 251, 251, 81, 219, 219, 398, 398, 360, 464, 464, 464, 464, 264, 264, 468, 468, 315, 315, 351, 84, 84, 84, 426, 426, 450, 413, 98, 98, 263, 263, 13, 48, 417, 414, 414, 170, 170, 170, 170, 28, 47, 2, 2, 2, 2, 2, 2, 2, 2, 2, 316, 316, 73, 73, 73, 217, 320, 320, 320, 83, 145, 19, 219, 219, 219, 219, 219, 219, 310, 444, 444, 360, 213, 360, 213, 213, 246, 246, 246, 19, 19, 454, 454, 454, 414, 414, 414, 414, 414, 249, 249, 249, 47, 249, 249, 2, 244, 107, 316, 316, 244, 73, 73, 244, 244, 320, 320, 320, 7, 479, 398, 360, 360, 360, 171, 171, 252, 252, 169, 280, 34, 324, 324, 324, 324, 422, 143, 77, 371, 342, 342, 232, 172, 172, 115, 115, 267, 444, 171, 171, 252, 252, 301, 301, 208, 368, 19, 19, 19, 208, 208, 25, 444, 213, 213, 213, 213, 213, 246, 246, 246, 246, 19, 454, 454, 454, 454, 197, 197, 197, 197, 80, 80, 7, 7, 7, 310, 7, 7, 172, 395, 395, 171, 470, 403, 403, 403, 403, 403, 171, 207, 422, 122, 122, 225, 225, 225, 414, 197, 197, 451, 451, 451, 30, 213, 360, 360, 360, 116, 374, 374, 273, 196, 398, 398, 360, 360, 360, 360, 464, 464, 315, 315, 315, 315, 315, 315, 315, 450, 450, 450, 450, 175, 175, 43, 43, 43, 276, 276, 153, 153, 424, 497, 497, 497, 497, 175, 413, 250, 250, 413, 426, 426, 319, 319, 413, 413, 413, 381, 250, 250, 250, 88, 241, 431, 431, 426, 426, 426, 426, 426, 426, 480, 480, 480, 426, 426, 85, 85, 299, 299, 299, 299, 116, 399, 217, 473, 398, 324, 324, 324, 324, 464, 464, 464, 264, 264, 264, 106, 139, 106, 349, 349, 349, 234, 41, 155, 25, 148, 148, 153, 153, 153, 153, 387, 387, 387, 285, 134, 134, 134, 88, 88, 88, 88, 387, 497, 175, 175, 431, 431, 481, 265, 428, 85, 85, 146, 146, 146, 464, 464, 464, 464, 171, 171, 171, 171, 325, 464, 464, 464, 120, 443, 120, 120, 263, 263, 263, 263, 229, 229, 229, 312, 312, 312, 312, 249, 482, 408, 408, 23, 23, 23, 23, 23, 23, 23, 23, 75, 289, 289, 391, 391, 391, 73, 73, 244, 73, 320, 321, 320, 320, 287, 284, 284, 284, 284, 284, 284, 284, 284, 284, 284, 480, 85, 480, 85, 85, 85, 85, 85, 85, 146, 146, 207, 207, 207, 324, 464, 464, 464, 464, 464, 486, 315, 315, 315, 315, 282, 450, 450, 175, 43, 43, 276, 153, 153, 153, 297, 297, 182, 182, 182, 182, 182, 182, 182, 182, 372, 372, 372, 392, 392, 392, 467, 467, 467, 467, 134, 134, 331, 431, 431, 431, 431, 431, 276, 480, 480, 85, 85, 85, 85, 85, 299, 468, 468, 406, 467, 467, 206, 275, 275, 303, 303, 303, 303, 98, 98, 98, 14, 233, 414, 170, 170, 188, 188, 188, 19, 19, 303, 303, 282, 282, 282, 282, 303, 303, 303, 48, 48, 170, 170, 170, 249, 249, 249, 249, 249, 249, 249, 249, 98, 249, 249, 249, 249, 249, 249, 249, 249, 249, 249, 249, 249, 249, 249, 249, 441, 441, 346, 346, 284, 206, 206, 206, 167, 167, 167, 233, 170, 170, 170, 170, 352, 337, 422, 337, 381, 381, 47]

ep8
Train step Loss: [0.7944755554199219, 0.695351779460907, 0.6986709833145142, 0.7510044574737549, 0.7316716909408569, 0.6827406287193298, 0.666019082069397, 0.6886599063873291, 0.7077063322067261, 0.6783642172813416, 0.6371556520462036, 0.7084646224975586, 0.5966828465461731, 0.6585675477981567, 0.6219097971916199, 0.6305190324783325, 0.633200466632843, 0.6563485264778137, 0.657475471496582, 0.7462916970252991, 0.6785975694656372, 0.60484778881073, 0.6764259338378906, 0.5821182727813721, 0.6751386523246765, 0.5366061329841614, 0.5251424908638, 0.618999719619751, 0.5697804093360901, 0.554355800151825, 0.5648711919784546, 0.6420990824699402, 0.5463526248931885, 0.6625911593437195, 0.5470572113990784, 0.567549467086792, 0.5929097533226013, 0.5402406454086304, 0.5308276414871216, 0.5263835787773132, 0.5523131489753723, 0.5609326362609863, 0.5527433156967163, 0.5159279704093933, 0.4894750416278839, 0.505199670791626, 0.523082435131073, 0.48512619733810425, 0.4749244451522827, 0.49601197242736816, 0.4975666105747223, 0.5469264388084412, 0.44828858971595764, 0.4957434833049774, 0.47731998562812805, 0.4723948836326599, 0.48295271396636963, 0.5145972371101379, 0.49236735701560974, 0.44794490933418274, 0.42762160301208496, 0.4216003715991974, 0.4114743173122406]
val step Loss: [0.5267530679702759, 0.6261676549911499, 0.6468474864959717, 0.6155067682266235, 0.6086305379867554, 0.6215155720710754, 0.5703420639038086, 0.5567641258239746, 0.6022529006004333, 0.6617663502693176, 0.5709164142608643, 0.6017643809318542, 0.5872479677200317, 0.6063305735588074, 0.6308314204216003, 0.6142207384109497]
Train step Accs: [0.9074074074074074, 0.9233061277367535, 0.9204588910133843, 0.9107508263812372, 0.9199195171026157, 0.9249102187397976, 0.9294634280225058, 0.923696937130575, 0.916986301369863, 0.921292941005943, 0.9326996197718631, 0.9130087789305666, 0.9395725865880619, 0.9272531321568099, 0.9322474678346564, 0.9298194525334886, 0.9315804353972293, 0.9272754312908983, 0.9265812203956534, 0.9148595805190188, 0.9268660812294183, 0.9350614283785608, 0.9273127753303965, 0.9397607724455973, 0.9222365038560412, 0.9432750136686714, 0.9486380268329042, 0.9377141077545936, 0.9404958677685951, 0.943906100723352, 0.9369035749893178, 0.9272342503662706, 0.9389807162534435, 0.9256399256399256, 0.9420591913297207, 0.9403832505322924, 0.9337474120082816, 0.943336355394379, 0.94864, 0.9429166047272187, 0.9417020653288414, 0.9371232714809125, 0.9367392937640872, 0.9455782312925171, 0.9527665317139001, 0.9485756026296567, 0.9405005509208249, 0.9509296798546064, 0.9502366050984582, 0.9493651753325272, 0.9461222174961009, 0.9385432473444613, 0.9539420211324844, 0.9469040012171003, 0.9489458093744555, 0.950936176028427, 0.9507110313406048, 0.9455966336038473, 0.9504068785505911, 0.9539030955585465, 0.9567087553767171, 0.9574401008827238, 0.9594786058373477]
val step Accs: [0.9449591280653951, 0.9272997032640949, 0.9233333333333333, 0.9303607214428857, 0.9304574762050967, 0.931164681963404, 0.9369976665802437, 0.9413642960812773, 0.9325604411140959, 0.9243296191992164, 0.9362583790371725, 0.9315200883611763, 0.9324899647244861, 0.9318114438185592, 0.9234773555439875, 0.9283752376927953]
Preds: [17, 17, 287, 287, 284, 284, 319, 450, 450, 450, 169, 169, 76, 76, 349, 234, 234, 234, 234, 234, 234, 76, 25, 106, 25, 106, 284, 428, 428, 330, 388, 388, 10, 10, 10, 309, 479, 398, 398, 324, 324, 422, 186, 162, 162, 232, 232, 172, 172, 115, 273, 267, 267, 267, 324, 324, 3, 3, 14, 14, 411, 188, 188, 171, 443, 443, 271, 178, 143, 143, 54, 232, 232, 232, 238, 6, 336, 336, 85, 145, 145, 145, 486, 486, 460, 468, 406, 406, 406, 406, 132, 32, 32, 32, 32, 239, 82, 310, 107, 107, 107, 395, 395, 286, 286, 264, 264, 264, 120, 120, 120, 120, 120, 207, 178, 178, 143, 233, 233, 170, 170, 170, 312, 312, 170, 170, 82, 170, 170, 187, 187, 187, 244, 2, 2, 2, 2, 244, 392, 316, 316, 392, 244, 73, 73, 73, 244, 287, 287, 100, 293, 293, 43, 43, 8, 129, 144, 208, 27, 346, 106, 174, 426, 319, 348, 348, 348, 199, 199, 250, 250, 98, 197, 129, 401, 7, 7, 217, 473, 109, 109, 313, 313, 406, 285, 337, 337, 337, 324, 324, 116, 94, 94, 199, 398, 252, 340, 116, 94, 94, 479, 331, 331, 138, 138, 138, 138, 138, 182, 497, 497, 43, 416, 32, 239, 208, 208, 27, 441, 346, 426, 426, 319, 348, 348, 94, 250, 250, 303, 375, 98, 98, 98, 13, 414, 414, 170, 170, 170, 170, 170, 28, 2, 2, 244, 2, 2, 2, 2, 2, 244, 244, 73, 73, 73, 73, 244, 320, 7, 70, 473, 106, 284, 405, 206, 206, 240, 385, 35, 82, 77, 68, 323, 323, 395, 321, 106, 153, 153, 153, 153, 387, 169, 349, 349, 349, 234, 234, 234, 76, 25, 25, 100, 100, 100, 302, 497, 497, 98, 98, 98, 197, 226, 226, 226, 226, 226, 442, 209, 287, 287, 284, 284, 284, 480, 480, 480, 480, 480, 480, 480, 480, 480, 282, 282, 282, 388, 388, 388, 388, 195, 195, 195, 250, 250, 250, 250, 250, 109, 109, 109, 403, 403, 403, 207, 207, 207, 252, 416, 32, 32, 239, 75, 131, 180, 106, 153, 153, 387, 349, 349, 349, 349, 234, 76, 25, 25, 148, 148, 148, 148, 153, 182, 182, 182, 182, 406, 132, 132, 42, 77, 134, 132, 132, 98, 98, 98, 98, 13, 13, 78, 78, 170, 170, 170, 170, 312, 187, 187, 187, 187, 391, 391, 392, 392, 73, 73, 73, 244, 310, 310, 323, 323, 323, 323, 273, 106, 106, 153, 153, 153, 182, 182, 182, 182, 182, 182, 182, 182, 182, 182, 182, 345, 122, 122, 236, 129, 129, 82, 75, 310, 310, 323, 323, 273, 106, 106, 106, 100, 375, 98, 98, 98, 98, 17, 17, 451, 451, 451, 451, 451, 451, 451, 451, 451, 451, 451, 451, 451, 451, 451, 451, 451, 451, 451, 451, 451, 451, 451, 451, 451, 451, 451, 451, 451, 451, 451, 451, 451, 451, 451, 451, 451, 451, 451, 451, 451, 451, 451, 451, 451, 451, 451, 451, 451, 451, 451, 451, 451, 451, 451, 451, 451, 451, 451, 451, 451, 451, 451, 451, 451, 451, 451, 451, 451, 451, 451, 451, 451, 451, 451, 451, 451, 451, 451, 451, 451, 451, 451, 451, 451, 451, 451, 451, 451, 451, 451, 451, 451, 451, 451, 451, 451, 451, 451, 451, 451, 451, 451, 451, 451, 451, 451, 451, 451, 451, 451, 451, 451, 451, 451, 451, 451, 451, 451, 451, 451, 451, 451, 451, 451, 451, 451, 451, 451, 451, 451, 451, 451, 451, 451, 451, 451, 451, 451, 451, 451, 451, 451, 451]

ep9
Train step Loss: [0.3872155249118805, 0.3543541133403778, 0.4618155360221863, 0.4137340486049652, 0.38705700635910034, 0.45022547245025635, 0.4245145618915558, 0.46754008531570435, 0.42640912532806396, 0.36300238966941833, 0.39969122409820557, 0.35368311405181885, 0.3860236406326294, 0.346752405166626, 0.37543806433677673, 0.37104296684265137, 0.32181593775749207, 0.3814358115196228, 0.4215877652168274, 0.3974592387676239, 0.3442325294017792, 0.3979673683643341, 0.3804989755153656, 0.3679100275039673, 0.4191071391105652, 0.3574446439743042, 0.3234145939350128, 0.34977957606315613, 0.3202919363975525, 0.35619696974754333, 0.29089057445526123, 0.30364295840263367, 0.35063719749450684, 0.3121393024921417, 0.3280507028102875, 0.32784464955329895, 0.33442118763923645, 0.2974604368209839, 0.27468377351760864, 0.29483047127723694, 0.32757362723350525, 0.31790482997894287, 0.3141788840293884, 0.35142821073532104, 0.310366690158844, 0.36881691217422485, 0.28230980038642883, 0.2767016291618347, 0.3259259760379791, 0.30611926317214966, 0.2962956428527832, 0.30912190675735474, 0.2763684391975403, 0.22898678481578827, 0.2546547055244446, 0.2749813497066498, 0.27391502261161804, 0.24018259346485138, 0.26627063751220703, 0.23390601575374603, 0.3028301000595093, 0.23444603383541107, 0.2642531991004944]
val step Loss: [0.3285489082336426, 0.3473603129386902, 0.38316744565963745, 0.3833635449409485, 0.35262399911880493, 0.39426225423812866, 0.390776664018631, 0.3783366084098816, 0.3763936758041382, 0.3984212875366211, 0.3406461775302887, 0.37908971309661865, 0.3277502655982971, 0.3653780519962311, 0.32985204458236694, 0.3425860106945038]
Train step Accs: [0.9620891636836967, 0.9685230024213075, 0.9510031986042454, 0.9578915014599662, 0.9616228070175439, 0.9523197532450842, 0.955078125, 0.9500775995861356, 0.9568058076225046, 0.9665215433118151, 0.9607460685115202, 0.9657316750463085, 0.960617651225386, 0.9674079103717536, 0.9647183525136281, 0.9627252530239447, 0.9692804039837284, 0.9615276607694467, 0.9525211159457384, 0.9592070148684713, 0.9658432064532392, 0.9599943254362321, 0.9640582347588716, 0.9624940655166957, 0.9530796517252499, 0.9638534510958456, 0.9686415799306112, 0.9682777195870118, 0.9719412101546097, 0.9627798778714742, 0.9744668504279704, 0.9706574394463667, 0.9646901072705601, 0.9701280227596017, 0.9662530266343826, 0.9695003244646333, 0.9661805771020788, 0.9736673910264604, 0.9752933909820877, 0.970050618672666, 0.9618145715594929, 0.9685296646603612, 0.968358395989975, 0.9614297824244137, 0.9675052410901468, 0.961304082876295, 0.9759016120990527, 0.9737552121658082, 0.9663250366032211, 0.9720506485484868, 0.9714697868248117, 0.9716609480238912, 0.9739520958083833, 0.9801203975920482, 0.9765563948945037, 0.9730182926829268, 0.9743956743002544, 0.9771297006907137, 0.9769765421372719, 0.9787980232743504, 0.9702578705900965, 0.9782572887497941, 0.9743276283618582]
val step Accs: [0.9659759529291378, 0.961040676175383, 0.9575796178343949, 0.9561667382896433, 0.9632116788321168, 0.9543864370290636, 0.9553594601609136, 0.9583448657625242, 0.9582466181061394, 0.9577677224736049, 0.9642577206458692, 0.9587064676616915, 0.9641238181582696, 0.9599254426840633, 0.9654471544715447, 0.9627536604161315]
Preds: [17, 287, 111, 111, 319, 319, 348, 216, 8, 43, 345, 276, 100, 497, 497, 497, 122, 42, 42, 77, 406, 380, 380, 499, 499, 284, 481, 426, 426, 481, 481, 16, 293, 293, 293, 348, 348, 250, 250, 250, 65, 65, 65, 426, 426, 426, 426, 206, 206, 169, 169, 77, 77, 342, 342, 342, 115, 267, 267, 448, 324, 464, 464, 464, 180, 315, 315, 319, 319, 319, 282, 330, 388, 299, 116, 250, 250, 250, 10, 479, 479, 331, 180, 486, 486, 486, 460, 169, 150, 150, 342, 342, 224, 494, 494, 422, 99, 99, 338, 338, 338, 400, 400, 400, 213, 213, 324, 246, 246, 422, 186, 99, 338, 338, 338, 338, 395, 395, 400, 400, 374, 374, 374, 374, 374, 374, 139, 302, 497, 497, 497, 122, 129, 259, 74, 74, 183, 420, 213, 213, 213, 252, 143, 143, 259, 192, 192, 420, 420, 213, 324, 324, 301, 301, 173, 465, 280, 280, 420, 213, 213, 213, 213, 246, 246, 19, 19, 19, 454, 454, 414, 414, 414, 414, 170, 312, 187, 126, 126, 408, 408, 408, 408, 408, 408, 391, 391, 391, 148, 289, 478, 66, 66, 66, 68, 172, 172, 115, 115, 267, 267, 267, 267, 213, 246, 246, 246, 246, 246, 246, 246, 246, 246, 301, 301, 8, 259, 354, 106, 106, 284, 284, 376, 206, 460, 169, 169, 150, 77, 342, 342, 172, 172, 224, 196, 485, 309, 479, 331, 84, 84, 153, 153, 497, 497, 497, 43, 43, 276, 276, 346, 346, 346, 284, 486, 376, 376, 376, 460, 460, 460, 263, 263, 263, 414, 414, 414, 414, 414, 170, 170, 244, 47, 47, 73, 244, 244, 244, 321, 321, 320, 7, 7, 479, 398, 290, 290, 290, 290, 434, 434, 378, 378, 250, 406, 406, 467, 337, 337, 476, 360, 434, 434, 422, 99, 99, 99, 338, 338, 338, 400, 400, 400, 30, 464, 464, 464, 464, 240, 240, 416, 8, 259, 100, 100, 100, 100, 497, 497, 122, 122, 239, 445, 445, 445, 464, 171, 171, 171, 171, 171, 252, 416, 183, 192, 464, 464, 443, 443, 240, 203, 8, 8, 183, 183, 420, 213, 213, 213, 246, 246, 246, 246, 246, 19, 19, 19, 454, 229, 414, 414, 414, 126, 187, 408, 408, 391, 391, 73, 244, 321, 320, 320, 7, 276, 276, 346, 346, 346, 346, 387, 293, 293, 167, 35, 35, 164, 192, 192, 351, 180, 139, 139, 139, 139, 293, 122, 122, 178, 269, 9, 168, 168, 494, 88, 465, 216, 216, 144, 114, 145, 443, 443, 240, 240, 94, 199, 199, 34, 434, 58, 443, 216, 216, 216, 487, 76, 278, 99, 99, 99, 436, 60, 60, 60, 298, 496, 413, 413, 169, 186, 99, 99, 338, 338, 338, 338, 400, 400, 400, 400, 213, 213, 324, 324, 422, 186, 99, 99, 338, 338, 338, 115, 273, 273, 273, 302, 275, 396, 116, 94, 199, 331, 331, 486, 443, 120, 85, 299, 299, 251, 219, 219, 246, 41, 41, 246, 246, 246, 19, 19, 19, 19, 454, 454, 414, 414, 414, 414, 170, 170, 244, 187, 421, 73, 73, 244, 320, 321, 320, 7, 7, 374, 374, 132, 217, 217, 473, 473, 337, 41, 41, 41, 19, 19, 19, 17, 451, 209, 442, 442, 442, 442, 442, 442, 442, 442, 442, 442, 442, 442, 442, 442, 442, 442, 442, 442, 442, 442, 442, 442, 442, 442, 442, 442, 442, 442, 442, 442, 442, 442, 442, 442, 442, 442, 442, 442, 442, 442, 442, 442, 442, 442, 442, 442, 442, 442, 442, 442, 442, 442, 442, 442, 442, 442, 442, 442, 442, 442, 442]

ep10
Train step Loss: [0.23950111865997314, 0.24142667651176453, 0.2232288122177124, 0.23641930520534515, 0.23890729248523712, 0.2690972685813904, 0.22084783017635345, 0.21898220479488373, 0.2158016860485077, 0.21906018257141113, 0.20364516973495483, 0.20302841067314148, 0.2424072027206421, 0.23719359934329987, 0.2107565551996231, 0.2345193773508072, 0.20223259925842285, 0.21973882615566254, 0.21102124452590942, 0.20185133814811707, 0.21427160501480103, 0.24270246922969818, 0.21598510444164276, 0.18427039682865143, 0.20049792528152466, 0.18860936164855957, 0.20665580034255981, 0.1937118023633957, 0.16549579799175262, 0.20967112481594086, 0.1587332785129547, 0.17842820286750793, 0.1836760938167572, 0.2046622335910797, 0.2110525518655777, 0.18636447191238403, 0.17848524451255798, 0.17318695783615112, 0.18162855505943298, 0.17887865006923676, 0.17580264806747437, 0.17028415203094482, 0.153953418135643, 0.16860073804855347, 0.1427307426929474, 0.13179323077201843, 0.1721258908510208, 0.1437198668718338, 0.14866836369037628, 0.19475047290325165, 0.1732768416404724, 0.12281560897827148, 0.1410030573606491, 0.14646488428115845, 0.18849118053913116, 0.15562096238136292, 0.15034618973731995, 0.13681107759475708, 0.13768982887268066, 0.17268851399421692, 0.14299693703651428, 0.14149770140647888, 0.15233032405376434]
val step Loss: [0.2070567011833191, 0.2120736688375473, 0.18817445635795593, 0.18681596219539642, 0.21304386854171753, 0.21228139102458954, 0.24049857258796692, 0.22034023702144623, 0.20223917067050934, 0.2010352611541748, 0.20148363709449768, 0.22118301689624786, 0.20716725289821625, 0.2378261238336563, 0.22457897663116455, 0.21700836718082428]
Train step Accs: [0.9776999044281618, 0.978104746890874, 0.9803722012212852, 0.9785906706366085, 0.979538056115331, 0.9740173217854764, 0.9784537389100126, 0.9803817603393425, 0.9793797150041911, 0.9797683397683398, 0.9816394390631776, 0.9822261072261073, 0.9781970649895179, 0.9770723104056437, 0.9810827437711473, 0.9762779308233853, 0.9804892253931276, 0.9787996416840848, 0.9795151043692467, 0.980394754272089, 0.9790678659035159, 0.9754239724058638, 0.9793982510745517, 0.9823687752355317, 0.9835925238978456, 0.9843298341700898, 0.9813314547375837, 0.9833047277266345, 0.9850244498777506, 0.9792299089311391, 0.9855930846806467, 0.9833854018744674, 0.9846804014791336, 0.9784501845018451, 0.976416045152187, 0.9815727057106367, 0.9838488913222009, 0.9811871080647514, 0.9825763216679076, 0.9823432967587338, 0.9814330543933054, 0.9844137931034482, 0.9869483315392895, 0.9844245348035837, 0.9879500992344769, 0.9886997957794418, 0.9819064430714917, 0.9888161483906165, 0.9880484352885673, 0.9810177061732334, 0.9829119199777716, 0.9900645161290322, 0.9892734553775744, 0.9883124287343216, 0.9831808793154323, 0.9871794871794872, 0.9869262865090404, 0.9878411910669975, 0.9876965140123035, 0.9836721626380662, 0.9878266033254157, 0.9867627592292985, 0.985271074898151]
val step Accs: [0.9754901960784313, 0.9734087694483734, 0.9791846109675567, 0.9778842090435272, 0.9762172987858305, 0.9731790691559296, 0.9723876556578235, 0.9740535440500059, 0.9767088607594937, 0.9758647194465796, 0.9784073717507908, 0.9728612756578041, 0.9782666666666666, 0.9723038187159043, 0.9742658189524674, 0.9733973766857565]
Preds: [17, 17, 145, 145, 486, 460, 460, 169, 169, 349, 205, 205, 234, 234, 155, 25, 25, 148, 148, 387, 348, 348, 348, 398, 398, 398, 324, 360, 434, 434, 339, 200, 248, 473, 398, 398, 360, 360, 360, 360, 360, 360, 434, 434, 434, 246, 19, 19, 19, 454, 454, 454, 414, 414, 414, 414, 249, 80, 80, 80, 80, 321, 320, 188, 188, 188, 171, 171, 434, 434, 339, 339, 250, 345, 43, 153, 43, 43, 43, 285, 285, 285, 285, 285, 84, 139, 139, 496, 496, 293, 274, 122, 8, 75, 354, 354, 420, 420, 360, 360, 360, 360, 434, 434, 19, 19, 19, 454, 454, 48, 414, 414, 414, 414, 102, 414, 82, 82, 47, 288, 306, 66, 321, 320, 7, 7, 7, 309, 473, 473, 398, 398, 360, 360, 360, 360, 434, 434, 434, 246, 246, 246, 246, 19, 19, 454, 454, 197, 197, 197, 7, 7, 7, 219, 219, 219, 219, 219, 219, 485, 286, 286, 286, 378, 468, 406, 467, 380, 499, 180, 486, 315, 315, 315, 315, 282, 282, 388, 348, 348, 250, 250, 250, 250, 138, 138, 153, 497, 497, 349, 349, 349, 349, 234, 234, 234, 261, 261, 25, 25, 148, 148, 153, 153, 182, 98, 98, 98, 98, 98, 197, 197, 197, 440, 188, 188, 155, 155, 212, 368, 368, 31, 342, 342, 342, 168, 168, 273, 444, 444, 444, 171, 324, 324, 324, 252, 422, 77, 478, 342, 172, 115, 115, 273, 273, 486, 486, 460, 460, 460, 178, 35, 35, 35, 411, 100, 100, 100, 182, 182, 182, 182, 182, 182, 182, 182, 182, 375, 375, 375, 98, 98, 98, 13, 226, 259, 321, 209, 287, 287, 426, 426, 426, 426, 98, 98, 98, 98, 13, 17, 209, 442, 442, 442, 442, 442, 442, 442, 442, 442, 442, 442, 442, 442, 442, 442, 442, 442, 442, 442, 442, 442, 442, 442, 442, 442, 442, 442, 442, 442, 442, 442, 442, 442, 442, 442, 442, 442, 442, 442, 442, 442, 442, 442, 442, 442, 442, 442, 442, 442, 442, 442, 442, 442, 442, 442, 442, 442, 442, 442, 442, 442, 442, 442, 442, 442, 442, 442, 442, 442, 442, 442, 442, 442, 442, 442, 442, 442, 442, 442, 442, 442, 442, 442, 442, 442, 442, 442, 442, 442, 442, 442, 442, 442, 442, 442, 442, 442, 442, 442, 442, 442, 442, 442, 442, 442, 442, 442, 442, 442, 442, 442, 442, 442, 442, 442, 442, 442, 442, 442, 442, 442, 442, 442, 442, 442, 442, 442, 442, 442, 442, 442, 442, 442, 442, 442, 442, 442, 442, 442, 442, 442, 442, 442, 442, 442, 442, 442, 442, 442, 442, 442, 442, 442, 442, 442, 442, 442, 442, 442, 442, 442, 442, 442, 442, 442, 442, 442, 442, 442, 442, 442, 442, 442, 442, 442, 442, 442, 442, 442, 442, 442, 442, 442, 442, 442, 442, 442, 442, 442, 442, 442, 442, 442, 442, 442, 442, 442, 442, 442, 442, 442, 442, 442, 442, 442, 442, 442, 442, 442, 442, 442, 442, 442, 442, 442, 442, 442, 442, 442, 442, 442, 442, 442, 442, 442, 442, 442, 442, 442, 442, 442, 442, 442, 442, 442, 442, 442, 442, 442, 442, 442, 442, 442, 442, 442, 442, 442, 442, 442, 442, 442, 442, 442, 442, 442, 442, 442, 442, 442, 442, 442, 442, 442, 442, 442, 442, 442, 442, 442, 442, 442, 442, 442, 442, 442, 442, 442, 442, 442, 442, 442, 442, 442, 442, 442, 442, 442, 442, 442, 442, 442, 442, 442, 442, 442, 442, 442, 442, 442, 442, 442, 442, 442, 442, 442, 442, 442, 442, 442]

ep11
Train step Loss: [0.11706774681806564, 0.13243597745895386, 0.1266213357448578, 0.14664925634860992, 0.13032802939414978, 0.11978404223918915, 0.12621814012527466, 0.12782005965709686, 0.10929196327924728, 0.11010538786649704, 0.10069572925567627, 0.12269071489572525, 0.11733262985944748, 0.14161492884159088, 0.12664353847503662, 0.11699002236127853, 0.12428384274244308, 0.10892588645219803, 0.1152677983045578, 0.10977373272180557, 0.11004071682691574, 0.10310769826173782, 0.11806738376617432, 0.11409538239240646, 0.10155491530895233, 0.12102700769901276, 0.09366066753864288, 0.10344036668539047, 0.10381566733121872, 0.1275794357061386, 0.10286063700914383, 0.10812393575906754, 0.09597271680831909, 0.12127618491649628, 0.09736746549606323, 0.11434114724397659, 0.09343842417001724, 0.08473442494869232, 0.10513845831155777, 0.0976424589753151, 0.09844345599412918, 0.09647732973098755, 0.08614712208509445, 0.08500062674283981, 0.07186540216207504, 0.08720750361680984, 0.0745687261223793, 0.07989200949668884, 0.07227247208356857, 0.09769126027822495, 0.0817219689488411, 0.09439660608768463, 0.08195970207452774, 0.06905407458543777, 0.07475744187831879, 0.06693767756223679, 0.08043236285448074, 0.07568418979644775, 0.07782343775033951, 0.09293091297149658, 0.07081709802150726, 0.08492577075958252, 0.09434226155281067]
val step Loss: [0.10887718945741653, 0.13598233461380005, 0.12104903906583786, 0.10926585644483566, 0.13601581752300262, 0.12516345083713531, 0.0931055098772049, 0.13084137439727783, 0.11974664032459259, 0.12456490844488144, 0.13682124018669128, 0.09880678355693817, 0.11787866055965424, 0.10030654072761536, 0.12013670057058334, 0.1286190152168274]
Train step Accs: [0.9915356711003628, 0.989803457957736, 0.9907215067165213, 0.987454412837345, 0.988157338220781, 0.9890679747722495, 0.9882352941176471, 0.9888638073739654, 0.9919310722100656, 0.9907970675401654, 0.9926729986431478, 0.9915413533834586, 0.9903334267301765, 0.9869541583620222, 0.9885732941560561, 0.9892769163889291, 0.9894901960784314, 0.9912993039443155, 0.9895319276207567, 0.9919989151071331, 0.9921259842519685, 0.9918764149687043, 0.988295165394402, 0.9905487004463114, 0.9921348314606742, 0.9910196186791932, 0.9930202123018759, 0.9913540649839632, 0.990698680510491, 0.9882952354723217, 0.9922718187874751, 0.9891508751627369, 0.9920391061452514, 0.9889196675900277, 0.9918229918229918, 0.9914205905826018, 0.993028880352824, 0.993918561607615, 0.9918138041733547, 0.9919928825622776, 0.9930404523705959, 0.9918564319107224, 0.9940812483185365, 0.9935021880387217, 0.9947769621682665, 0.9931401537551745, 0.9949177477597967, 0.9928285753689147, 0.9937613724980504, 0.9911800080181745, 0.9933054393305439, 0.991337973704563, 0.9943059402893198, 0.9950960901259112, 0.9935464945731887, 0.9952712465519507, 0.9930565814743685, 0.9960595446584939, 0.9937632884479093, 0.991926719453501, 0.9950602647698084, 0.9929088072613813, 0.9916948631190403]
val step Accs: [0.9894722814498934, 0.9837990487514863, 0.9879075463033828, 0.9872719558761137, 0.9852631578947368, 0.9877903118779031, 0.9910018802041365, 0.9855051868694046, 0.9891994917407878, 0.9867565055762082, 0.9862951119232526, 0.9904086738949124, 0.9880695702170476, 0.9895109479480791, 0.9860856829000366, 0.9837782340862423]
Preds: [17, 17, 287, 287, 319, 319, 319, 319, 348, 348, 348, 348, 250, 250, 250, 331, 138, 138, 138, 138, 182, 182, 182, 182, 182, 182, 182, 497, 497, 497, 98, 14, 14, 14, 287, 287, 287, 111, 111, 111, 111, 111, 438, 299, 388, 94, 94, 398, 398, 398, 324, 324, 301, 301, 378, 43, 88, 65, 138, 138, 153, 182, 297, 182, 297, 481, 426, 426, 284, 284, 284, 426, 426, 426, 426, 413, 413, 350, 182, 242, 497, 275, 116, 43, 43, 43, 364, 276, 346, 346, 346, 265, 111, 111, 111, 85, 438, 438, 240, 175, 175, 241, 431, 431, 428, 428, 428, 146, 146, 146, 438, 186, 186, 186, 162, 54, 482, 482, 482, 131, 115, 273, 273, 470, 288, 403, 403, 290, 171, 171, 171, 434, 252, 252, 339, 314, 212, 354, 420, 420, 324, 301, 301, 301, 301, 250, 42, 147, 380, 380, 499, 426, 426, 426, 426, 319, 282, 282, 169, 169, 77, 77, 342, 342, 115, 115, 267, 267, 267, 267, 213, 324, 246, 246, 246, 246, 434, 434, 339, 339, 398, 398, 398, 324, 324, 324, 422, 422, 422, 478, 478, 342, 115, 115, 273, 273, 273, 265, 265, 265, 265, 85, 85, 282, 282, 169, 169, 77, 77, 342, 224, 224, 267, 448, 448, 464, 464, 464, 464, 180, 58, 58, 58, 486, 486, 486, 486, 85, 85, 146, 240, 58, 58, 58, 72, 110, 110, 139, 139, 293, 293, 293, 122, 77, 342, 342, 115, 273, 273, 273, 284, 486, 486, 376, 376, 460, 460, 460, 263, 263, 229, 229, 414, 312, 312, 312, 312, 292, 292, 292, 292, 292, 23, 23, 23, 1, 1, 260, 408, 391, 391, 391, 148, 66, 66, 66, 66, 68, 172, 115, 115, 273, 273, 378, 378, 153, 153, 88, 174, 174, 174, 426, 319, 319, 293, 348, 219, 219, 219, 464, 464, 464, 180, 315, 315, 319, 319, 319, 319, 348, 348, 348, 250, 495, 495, 81, 467, 337, 337, 41, 324, 324, 3, 301, 301, 301, 8, 354, 354, 106, 106, 284, 284, 405, 206, 206, 282, 388, 169, 77, 77, 77, 453, 198, 198, 198, 198, 127, 384, 371, 267, 267, 267, 213, 213, 213, 246, 246, 246, 246, 246, 246, 246, 246, 246, 19, 454, 454, 454, 414, 414, 414, 414, 249, 249, 249, 47, 187, 187, 2, 47, 244, 73, 73, 244, 321, 320, 287, 287, 287, 284, 284, 460, 460, 460, 169, 169, 150, 453, 168, 168, 494, 480, 480, 31, 31, 31, 162, 323, 323, 224, 273, 273, 106, 106, 424, 424, 424, 424, 182, 182, 497, 497, 497, 122, 122, 122, 197, 197, 197, 197, 7, 7, 7, 309, 473, 473, 473, 398, 398, 360, 360, 360, 434, 434, 434, 434, 434, 246, 246, 246, 422, 99, 99, 338, 338, 338, 338, 338, 338, 400, 400, 400, 286, 286, 286, 374, 374, 374, 203, 203, 216, 216, 81, 275, 275, 275, 275, 275, 303, 303, 48, 48, 48, 13, 414, 414, 414, 414, 170, 170, 170, 187, 187, 12, 26, 26, 26, 408, 408, 391, 148, 244, 321, 320, 287, 287, 287, 287, 284, 284, 460, 460, 460, 460, 169, 35, 77, 77, 342, 342, 168, 267, 267, 267, 267, 213, 213, 246, 246, 246, 301, 301, 301, 378, 364, 345, 109, 346, 346, 284, 284, 428, 376, 428, 428, 146, 240, 167, 169, 35, 449, 449, 449, 449, 485, 30, 301, 301, 314, 196, 196, 250, 250, 250, 196, 196, 309, 398, 398, 398, 398, 286, 286, 374, 374, 374, 374, 374, 132, 132, 132, 132, 132, 132, 285, 285, 288, 288, 288]

ep12
Train step Loss: [0.07760753482580185, 0.08208679407835007, 0.09053836017847061, 0.07375967502593994, 0.06617998331785202, 0.07467109709978104, 0.06355050951242447, 0.0859229564666748, 0.062186937779188156, 0.05287985876202583, 0.08102799206972122, 0.06427571922540665, 0.06825036555528641, 0.0719238817691803, 0.050132691860198975, 0.05870845168828964, 0.0526316873729229, 0.06052917242050171, 0.0573662668466568, 0.06349194049835205, 0.059862297028303146, 0.046733129769563675, 0.055718906223773956, 0.05436592176556587, 0.05017166957259178, 0.055186524987220764, 0.059545572847127914, 0.046680957078933716, 0.056526847183704376, 0.05388232693076134, 0.05120934545993805, 0.052532535046339035, 0.05322982743382454, 0.05537048354744911, 0.04947987571358681, 0.03965058550238609, 0.05396101996302605, 0.04353608936071396, 0.04829239845275879, 0.05252120643854141, 0.04819813370704651, 0.056523002684116364, 0.045617058873176575, 0.04129236936569214, 0.041510649025440216, 0.06885088235139847, 0.05234609171748161, 0.04313542693853378, 0.039039041846990585, 0.04155678674578667, 0.04355680197477341, 0.051623936742544174, 0.04640687257051468, 0.042323626577854156, 0.049297068268060684, 0.04647098109126091, 0.04704613611102104, 0.0381288081407547, 0.040380220860242844, 0.045476414263248444, 0.04743136093020439, 0.038955140858888626, 0.04340098798274994]
val step Loss: [0.06458999216556549, 0.05045303329825401, 0.08362328261137009, 0.053354233503341675, 0.0574803501367569, 0.07791612297296524, 0.06645820289850235, 0.055444490164518356, 0.07105284184217453, 0.06822027266025543, 0.07379012554883957, 0.05150676518678665, 0.056680984795093536, 0.06614966690540314, 0.07156501710414886, 0.06210319325327873]
Train step Accs: [0.9944281933416911, 0.993304181470347, 0.991677545691906, 0.9943272469420316, 0.9953741496598639, 0.9936055805842174, 0.995866590649943, 0.9919782460910945, 0.9959822069163438, 0.9970913321698662, 0.9906015037593985, 0.9947194719471947, 0.9938842269947376, 0.9936658749010293, 0.9971432458168956, 0.9947320891029501, 0.9963592233009708, 0.9962645914396887, 0.9952270977675135, 0.9946444510562332, 0.9951973001038421, 0.9969674915089762, 0.9954726299903965, 0.9957480733457348, 0.9960535588442565, 0.9958431230797036, 0.995699243660092, 0.9976019184652278, 0.994770839741618, 0.9960999566661852, 0.9959916014506586, 0.9962732919254659, 0.9959075907590759, 0.9951720915745211, 0.9965232507605389, 0.9978858350951374, 0.9961904761904762, 0.9974107386208776, 0.9969128179797481, 0.9963509439949231, 0.9954838709677419, 0.9950441381446492, 0.9969895287958115, 0.9972903225806452, 0.998273381294964, 0.9929798356982823, 0.9968354430379747, 0.9971566676144441, 0.9978840457046128, 0.9979556074766355, 0.9974588576960309, 0.9959432048681541, 0.9967567567567568, 0.996742209631728, 0.9971913869198876, 0.9967041198501873, 0.9960142935678944, 0.9978608100399315, 0.9976375764313508, 0.9965333333333334, 0.9953800923981521, 0.9980759139408781, 0.9976517946997652]
val step Accs: [0.9957960401410361, 0.9972990353697749, 0.9932703507182606, 0.9964554090457961, 0.9959788891681327, 0.9929815089755702, 0.9949815498154981, 0.9958378088077336, 0.9943642611683848, 0.9948495090938355, 0.9943766287203402, 0.9973718791064389, 0.9958074114146606, 0.9948253557567918, 0.9957671957671957, 0.9953664700926707]
Preds: [17, 7, 217, 217, 473, 473, 473, 476, 213, 360, 360, 252, 143, 36, 36, 75, 107, 107, 395, 395, 213, 171, 171, 171, 246, 3, 3, 3, 143, 197, 259, 354, 29, 109, 109, 288, 454, 313, 285, 337, 337, 337, 171, 360, 360, 434, 434, 200, 199, 398, 340, 340, 116, 116, 33, 466, 250, 250, 250, 250, 250, 250, 250, 43, 76, 129, 259, 441, 100, 100, 100, 497, 497, 497, 497, 43, 43, 208, 208, 106, 346, 346, 346, 306, 306, 372, 372, 396, 396, 396, 396, 396, 406, 406, 467, 303, 275, 275, 303, 303, 303, 303, 303, 48, 48, 48, 48, 417, 414, 414, 414, 170, 47, 170, 2, 244, 392, 392, 392, 244, 392, 392, 321, 321, 66, 66, 66, 66, 172, 172, 115, 115, 267, 267, 286, 286, 374, 468, 468, 139, 139, 274, 274, 399, 399, 10, 398, 398, 398, 324, 324, 324, 324, 3, 3, 3, 3, 440, 440, 145, 111, 111, 460, 240, 216, 280, 65, 111, 111, 111, 438, 253, 368, 281, 453, 9, 168, 273, 443, 443, 443, 460, 240, 240, 35, 26, 183, 183, 183, 41, 213, 213, 213, 246, 246, 246, 246, 246, 246, 246, 3, 197, 197, 259, 259, 354, 287, 287, 284, 284, 284, 376, 376, 376, 460, 460, 263, 263, 263, 13, 78, 78, 170, 170, 421, 421, 109, 109, 187, 341, 477, 132, 132, 73, 244, 73, 73, 321, 321, 320, 219, 219, 213, 213, 324, 301, 301, 143, 259, 259, 354, 437, 437, 284, 319, 319, 282, 17, 451, 442, 442, 442, 442, 442, 442, 442, 442, 442, 442, 442, 442, 442, 442, 442, 442, 442, 442, 442, 442, 442, 442, 442, 442, 442, 442, 442, 442, 442, 442, 442, 442, 442, 442, 442, 442, 442, 442, 442, 442, 442, 442, 442, 442, 442, 442, 442, 442, 442, 442, 442, 442, 442, 442, 442, 442, 442, 442, 442, 442, 442, 442, 442, 442, 442, 442, 442, 442, 442, 442, 442, 442, 442, 442, 442, 442, 442, 442, 442, 442, 442, 442, 442, 442, 442, 442, 442, 442, 442, 442, 442, 442, 442, 442, 442, 442, 442, 442, 442, 442, 442, 442, 442, 442, 442, 442, 442, 442, 442, 442, 442, 442, 442, 442, 442, 442, 442, 442, 442, 442, 442, 442, 442, 442, 442, 442, 442, 442, 442, 442, 442, 442, 442, 442, 442, 442, 442, 442, 442, 442, 442, 442, 442, 442, 442, 442, 442, 442, 442, 442, 442, 442, 442, 442, 442, 442, 442, 442, 442, 442, 442, 442, 442, 442, 442, 442, 442, 442, 442, 442, 442, 442, 442, 442, 442, 442, 442, 442, 442, 442, 442, 442, 442, 442, 442, 442, 442, 442, 442, 442, 442, 442, 442, 442, 442, 442, 442, 442, 442, 442, 442, 442, 442, 442, 442, 442, 442, 442, 442, 442, 442, 442, 442, 442, 442, 442, 442, 442, 442, 442, 442, 442, 442, 442, 442, 442, 442, 442, 442, 442, 442, 442, 442, 442, 442, 442, 442, 442, 442, 442, 442, 442, 442, 442, 442, 442, 442, 442, 442, 442, 442, 442, 442, 442, 442, 442, 442, 442, 442, 442, 442, 442, 442, 442, 442, 442, 442, 442, 442, 442, 442, 442, 442, 442, 442, 442, 442, 442, 442, 442, 442, 442, 442, 442, 442, 442, 442, 442, 442, 442, 442, 442, 442, 442, 442, 442, 442, 442, 442, 442, 442, 442, 442, 442, 442, 442, 442, 442, 442, 442, 442, 442, 442, 442, 442, 442, 442, 442, 442, 442, 442, 442, 442, 442, 442, 442, 442, 442, 442, 442, 442, 442, 442, 442, 442, 442, 442, 442, 442, 442, 442]

ep13
Train step Loss: [0.044979654252529144, 0.03784950450062752, 0.04117568954825401, 0.03605016693472862, 0.032660845667123795, 0.03221002221107483, 0.03384028375148773, 0.04065263643860817, 0.03896631672978401, 0.032944560050964355, 0.043823547661304474, 0.03302696719765663, 0.03828158602118492, 0.045829229056835175, 0.029784701764583588, 0.033583514392375946, 0.03126214072108269, 0.038414519280195236, 0.03553827106952667, 0.0342751182615757, 0.02633943036198616, 0.04033730924129486, 0.02546967938542366, 0.029036466032266617, 0.030621951445937157, 0.02962566167116165, 0.03646313026547432, 0.034040018916130066, 0.028320107609033585, 0.02836635150015354, 0.031688887625932693, 0.029120733961462975, 0.027975281700491905, 0.025072215124964714, 0.025515438988804817, 0.033344559371471405, 0.02213924191892147, 0.022010525688529015, 0.03226347640156746, 0.024126745760440826, 0.02765553817152977, 0.022030431777238846, 0.02411726862192154, 0.022883780300617218, 0.020784273743629456, 0.031553108245134354, 0.021675650030374527, 0.02610108256340027, 0.0251763928681612, 0.02227950468659401, 0.01684705913066864, 0.023524049669504166, 0.020359834656119347, 0.023500127717852592, 0.025491362437605858, 0.02152670919895172, 0.025618189945816994, 0.020220568403601646, 0.02108629234135151, 0.017539585009217262, 0.019023433327674866, 0.01994742453098297, 0.05075562000274658]
val step Loss: [0.03232082352042198, 0.028619395568966866, 0.04418204352259636, 0.040339041501283646, 0.058360159397125244, 0.034370213747024536, 0.04102156311273575, 0.02891330048441887, 0.04969731718301773, 0.04432801902294159, 0.04841350018978119, 0.03715888783335686, 0.033726613968610764, 0.03134777024388313, 0.04005890339612961, 0.023606864735484123]
Train step Accs: [0.9962663347853142, 0.9979463106938536, 0.9971853010164191, 0.9973770491803279, 0.9982974771707166, 0.9988380537400146, 0.9984622481931417, 0.9975233902036323, 0.9974807350326023, 0.9981620246005938, 0.9969286611754852, 0.9985121261717006, 0.9980589377095465, 0.9963648952743639, 0.9983708932935107, 0.9989881468632553, 0.9976974129757551, 0.9975207816829518, 0.9981891087828224, 0.9980098337625849, 0.9988599348534202, 0.997186435658226, 0.9991267646630767, 0.9981099156731608, 0.9985207100591716, 0.9982154445165476, 0.9977109720738593, 0.998641304347826, 0.9985025864416008, 0.9989079989079989, 0.9984690327070286, 0.9981924360400445, 0.9989314608456724, 0.9989235737351991, 0.9990344827586207, 0.9981177735950524, 0.9998605494352252, 0.9994141769185706, 0.9984109327824567, 0.9987937273823885, 0.9985707479752263, 0.9989192527404662, 0.9991370383154988, 0.9992961711711712, 0.9986774673499752, 0.9980632666236281, 0.9993997599039616, 0.998211091234347, 0.9987181313203247, 0.999289166903611, 0.9994055580323971, 0.9988317757009346, 0.9989405376771289, 0.9992228985882657, 0.998102766798419, 0.9988304093567252, 0.998683440608543, 0.9993848992772566, 0.9987171263630532, 0.9996050032916393, 0.9992227979274612, 0.9990772475612971, 0.9941077441077442]
val step Accs: [0.9978139090039623, 0.9980931626259875, 0.9970579994396189, 0.9971371314056685, 0.9955142582505607, 0.9974672857745884, 0.9968918918918919, 0.9982194219969868, 0.9961224762668806, 0.9965147799148057, 0.9961201322029027, 0.9973151086160605, 0.9977070407337469, 0.9978739369684843, 0.9970614539414846, 0.9989772959705461]
Preds: [17, 17, 287, 287, 284, 284, 111, 85, 85, 330, 388, 67, 67, 212, 34, 242, 359, 250, 250, 217, 217, 217, 473, 473, 398, 290, 171, 171, 246, 246, 246, 246, 246, 318, 471, 471, 49, 49, 269, 323, 9, 395, 219, 219, 213, 246, 246, 246, 246, 19, 19, 19, 454, 229, 229, 417, 170, 392, 392, 392, 392, 392, 392, 392, 392, 392, 244, 435, 289, 201, 289, 66, 66, 323, 323, 397, 106, 302, 274, 274, 122, 129, 129, 321, 75, 144, 445, 445, 351, 351, 403, 403, 290, 290, 290, 171, 434, 434, 434, 434, 434, 434, 246, 246, 19, 19, 143, 129, 401, 82, 75, 445, 445, 445, 180, 171, 171, 171, 416, 143, 458, 445, 445, 464, 464, 171, 171, 171, 301, 143, 129, 259, 75, 74, 74, 420, 213, 213, 213, 213, 246, 246, 246, 246, 246, 19, 117, 48, 197, 197, 197, 197, 197, 7, 188, 422, 31, 162, 162, 68, 68, 68, 68, 68, 115, 115, 267, 444, 286, 286, 286, 374, 374, 132, 42, 42, 42, 42, 42, 147, 147, 337, 337, 213, 213, 324, 246, 246, 143, 422, 422, 49, 323, 323, 219, 219, 219, 324, 464, 464, 464, 464, 180, 315, 315, 315, 315, 315, 450, 450, 450, 413, 303, 43, 43, 276, 276, 153, 182, 182, 182, 182, 182, 375, 98, 98, 98, 98, 233, 414, 170, 170, 392, 392, 392, 63, 63, 63, 63, 63, 63, 63, 63, 63, 63, 63, 63, 63, 63, 392, 73, 289, 320, 320, 82, 287, 287, 353, 353, 467, 499, 376, 376, 376, 460, 460, 169, 150, 150, 342, 224, 224, 494, 494, 236, 129, 36, 77, 66, 68, 115, 273, 273, 319, 319, 319, 388, 388, 348, 64, 64, 64, 64, 473, 473, 398, 324, 324, 464, 464, 464, 139, 319, 319, 282, 319, 203, 53, 53, 70, 70, 65, 46, 46, 46, 438, 438, 175, 175, 81, 166, 324, 324, 301, 301, 339, 10, 479, 398, 398, 464, 464, 464, 464, 486, 376, 376, 460, 460, 263, 263, 78, 78, 78, 170, 170, 392, 392, 392, 392, 63, 63, 63, 63, 63, 63, 63, 63, 63, 63, 63, 63, 63, 63, 63, 63, 63, 73, 392, 244, 289, 289, 321, 7, 309, 479, 473, 331, 290, 171, 171, 171, 171, 434, 434, 434, 3, 3, 335, 14, 14, 287, 287, 145, 111, 450, 450, 43, 43, 43, 182, 182, 43, 88, 109, 109, 207, 207, 324, 324, 324, 301, 8, 32, 239, 239, 75, 354, 371, 420, 213, 213, 246, 246, 19, 19, 454, 129, 401, 401, 401, 80, 80, 320, 321, 354, 380, 380, 499, 499, 288, 288, 288, 120, 120, 120, 282, 282, 37, 37, 37, 243, 243, 233, 310, 310, 107, 107, 107, 338, 338, 447, 447, 439, 17, 451, 377, 442, 442, 442, 442, 442, 442, 442, 442, 442, 442, 442, 442, 442, 442, 442, 442, 442, 442, 442, 442, 442, 442, 442, 442, 442, 442, 442, 442, 442, 442, 442, 442, 442, 442, 442, 442, 442, 442, 442, 442, 442, 442, 442, 442, 442, 442, 442, 442, 442, 442, 442, 442, 442, 442, 442, 442, 442, 442, 442, 442, 442, 442, 442, 442, 442, 442, 442, 442, 442, 442, 442, 442, 442, 442, 442, 442, 442, 442, 442, 442, 442, 442, 442, 442, 442, 442, 442, 442, 442, 442, 442, 442, 442, 442, 442, 442, 442, 442, 442, 442, 442, 442, 442, 442, 442, 442, 442, 442, 442, 442, 442, 442, 442, 442, 442, 442, 442, 442, 442, 442, 442, 442, 442, 442, 442, 442, 442, 442, 442, 442, 442, 442, 442]

ep14
Train step Loss: [0.019676057621836662, 0.01907031051814556, 0.022856447845697403, 0.015935925766825676, 0.015499720349907875, 0.02025085873901844, 0.0203840509057045, 0.02749544382095337, 0.01651795022189617, 0.025137528777122498, 0.023238180205225945, 0.01639399491250515, 0.017076924443244934, 0.02146901749074459, 0.019197095185518265, 0.0183298010379076, 0.021993285045027733, 0.016352392733097076, 0.016849925741553307, 0.013567209243774414, 0.01776891015470028, 0.019539451226592064, 0.012424925342202187, 0.021250031888484955, 0.02539120614528656, 0.013703941367566586, 0.016191180795431137, 0.016538474708795547, 0.016522116959095, 0.014240141026675701, 0.01670563966035843, 0.013303538784384727, 0.021359965205192566, 0.010461735539138317, 0.011128413490951061, 0.013315852731466293, 0.015669165179133415, 0.021506795659661293, 0.014734607189893723, 0.02186097763478756, 0.01581386849284172, 0.01150092575699091, 0.01591143012046814, 0.01188917737454176, 0.021370932459831238, 0.018772542476654053, 0.013585228472948074, 0.0098366504535079, 0.013851689174771309, 0.013011141680181026, 0.013321399688720703, 0.013451365754008293, 0.016695069149136543, 0.013675784692168236, 0.009856311604380608, 0.009194094687700272, 0.009116384200751781, 0.010779337026178837, 0.012281166389584541, 0.014502172358334064, 0.007641264703124762, 0.015887195244431496, 0.013634519651532173]
val step Loss: [0.020134614780545235, 0.022261526435613632, 0.025938399136066437, 0.026056846603751183, 0.03100643679499626, 0.022515052929520607, 0.020044827833771706, 0.022591043263673782, 0.020735450088977814, 0.018731677904725075, 0.0253889262676239, 0.03417779505252838, 0.02872426249086857, 0.044064659625291824, 0.01695338636636734, 0.03900332748889923]
Train step Accs: [0.9990160708428993, 0.999129677980853, 0.9987917841320982, 0.999434948439045, 0.9996998799519808, 0.9989187519308002, 0.9989874150151887, 0.9977578475336323, 0.9992301770592764, 0.9976670554907515, 0.998237626670583, 0.9992819187131984, 0.9993984057753046, 0.9984366857738406, 0.99914099889557, 0.9985265225933202, 0.9984922728986053, 0.9992763062671878, 0.9994389901823282, 0.9995544995544996, 0.9990812442577766, 0.9986500674966252, 0.9998293224099676, 0.998501872659176, 0.997414614233229, 0.9997232216994187, 0.9990096208262592, 0.9990572390572391, 0.998796992481203, 0.9992437991530551, 0.9990424076607387, 0.9992965672481711, 0.9980331553807249, 0.9997009122177359, 0.9997264021887825, 0.999346832135859, 0.9992480072191307, 0.9979316218518068, 0.9989081266573078, 0.9980282615839632, 0.9990262901655307, 0.9996460803397629, 0.9984819210598951, 0.9994634233589698, 0.9977360500732454, 0.9985683607730852, 0.9987544976473844, 0.9998476306567119, 0.9990981512099805, 0.9990241182211069, 0.9991434689507495, 0.9992719860221316, 0.9983399310432894, 0.9996606142881385, 0.9997288503253796, 0.9997126023854002, 0.9995777621393385, 0.9993052660830902, 0.9990914990266061, 0.9992577197149644, 1.0, 0.9988214496169712, 0.998719590268886]
val step Accs: [0.9984229042824214, 0.9981511154936522, 0.9974279139028022, 0.9979166666666667, 0.9972807613868117, 0.9977814753189129, 0.9979919678714859, 0.9978917779339423, 0.9981518339493887, 0.9987698195735375, 0.9976382846488502, 0.9957916122478595, 0.9974726200505476, 0.994965034965035, 0.9990272373540856, 0.995769316410599]
Preds: [17, 309, 479, 479, 331, 278, 443, 443, 271, 169, 150, 478, 54, 54, 224, 224, 273, 273, 273, 494, 494, 498, 264, 468, 468, 468, 468, 468, 467, 337, 337, 337, 337, 328, 434, 339, 33, 10, 309, 479, 331, 331, 331, 84, 84, 84, 426, 426, 426, 16, 375, 375, 375, 375, 98, 98, 98, 263, 13, 13, 13, 414, 102, 102, 442, 187, 187, 187, 187, 187, 187, 341, 341, 341, 341, 341, 341, 341, 341, 341, 163, 163, 163, 163, 244, 63, 366, 63, 163, 63, 63, 63, 63, 73, 244, 73, 7, 7, 7, 7, 7, 7, 7, 7, 354, 420, 420, 213, 213, 213, 213, 213, 213, 213, 246, 246, 246, 246, 246, 246, 246, 246, 246, 3, 3, 3, 188, 188, 188, 177, 177, 301, 143, 143, 8, 259, 354, 354, 109, 109, 278, 278, 171, 171, 171, 171, 171, 171, 246, 246, 246, 246, 246, 246, 246, 246, 422, 186, 338, 338, 338, 338, 338, 338, 400, 400, 400, 400, 267, 324, 324, 464, 464, 434, 434, 339, 143, 77, 77, 478, 108, 54, 172, 395, 395, 400, 286, 286, 464, 464, 464, 264, 264, 443, 315, 315, 315, 282, 282, 282, 282, 282, 203, 203, 203, 43, 43, 43, 43, 43, 276, 182, 182, 182, 182, 182, 182, 182, 182, 182, 182, 497, 497, 81, 89, 89, 275, 275, 59, 59, 59, 406, 406, 406, 406, 495, 134, 134, 302, 302, 375, 375, 375, 375, 122, 130, 130, 130, 196, 196, 309, 479, 398, 398, 464, 464, 464, 84, 84, 88, 88, 43, 43, 43, 43, 43, 276, 153, 174, 174, 387, 426, 319, 413, 348, 348, 348, 64, 219, 398, 398, 464, 464, 464, 365, 120, 120, 282, 282, 282, 282, 263, 263, 263, 263, 414, 414, 414, 414, 187, 187, 187, 187, 187, 187, 2, 2, 392, 392, 392, 392, 392, 392, 73, 244, 73, 73, 75, 75, 310, 323, 323, 323, 377, 397, 106, 106, 106, 153, 153, 153, 424, 182, 182, 182, 182, 182, 182, 182, 182, 182, 182, 182, 497, 497, 497, 122, 122, 122, 36, 310, 310, 323, 323, 115, 273, 106, 106, 106, 481, 387, 387, 293, 293, 293, 175, 81, 35, 207, 188, 324, 324, 324, 301, 143, 143, 35, 259, 354, 354, 345, 109, 109, 109, 355, 355, 355, 355, 376, 376, 376, 376, 376, 376, 376, 376, 376, 486, 460, 460, 460, 460, 169, 35, 259, 75, 354, 114, 180, 486, 486, 486, 460, 460, 169, 150, 150, 449, 449, 449, 119, 351, 486, 486, 486, 460, 240, 240, 368, 449, 449, 449, 371, 324, 324, 324, 464, 464, 464, 378, 88, 88, 375, 375, 98, 98, 263, 417, 129, 259, 208, 441, 441, 441, 100, 100, 100, 182, 182, 375, 98, 98, 98, 48, 13, 13, 414, 170, 170, 170, 170, 170, 28, 28, 28, 63, 63, 63, 63, 392, 63, 63, 63, 2, 2, 2, 2, 2, 63, 63, 63, 63, 63, 63, 63, 63, 63, 63, 316, 316, 73, 73, 73, 73, 244, 321, 321, 287, 287, 287, 287, 287, 284, 284, 284, 284, 284, 450, 450, 450, 450, 450, 88, 88, 43, 276, 174, 174, 174, 387, 387, 387, 250, 250, 248, 248, 394, 32, 239, 354, 219, 398, 398, 464, 171, 171, 171, 171, 171, 171, 246, 252, 143, 310, 310, 99, 107, 107, 447, 400, 400, 400, 30, 477, 477, 374, 374, 374, 132, 132, 274, 186, 186, 186, 162, 482, 482, 482, 482, 482, 482, 482, 115, 273, 273, 106, 106, 424, 424, 293, 497, 497, 122, 122, 75, 310, 310, 445, 107, 107]

ep15
Train step Loss: [0.01261808630079031, 0.011018031276762486, 0.012896119616925716, 0.009771406650543213, 0.00980820506811142, 0.008158965967595577, 0.013439095579087734, 0.010998053476214409, 0.012854904867708683, 0.008865853771567345, 0.008542893454432487, 0.008642701432108879, 0.016659513115882874, 0.010052569210529327, 0.008792749606072903, 0.008833236992359161, 0.009320155717432499, 0.010469147004187107, 0.011173654347658157, 0.01398575771600008, 0.014543091878294945, 0.007652439642697573, 0.008867711760103703, 0.007029280997812748, 0.006308746058493853, 0.009589526802301407, 0.01033033523708582, 0.006615576334297657, 0.012909493409097195, 0.006472989451140165, 0.009145237505435944, 0.007963242009282112, 0.006457006558775902, 0.009685810655355453, 0.008753761649131775, 0.011975900270044804, 0.006209984887391329, 0.015645699575543404, 0.006908379029482603, 0.011204700917005539, 0.007176446728408337, 0.009114423766732216, 0.006095250602811575, 0.00582029577344656, 0.008122588507831097, 0.009916730225086212, 0.01606149412691593, 0.011366615071892738, 0.010100862011313438, 0.005788469687104225, 0.008001291193068027, 0.012857606634497643, 0.016927238553762436, 0.01024647243320942, 0.008106409572064877, 0.0065923589281737804, 0.006350493989884853, 0.007935723289847374, 0.010694636031985283, 0.009427820332348347, 0.007274228613823652, 0.005827274173498154, 0.007796153426170349]
val step Loss: [0.038773953914642334, 0.00925447978079319, 0.025141535326838493, 0.02353081665933132, 0.005974074825644493, 0.032570548355579376, 0.01838897354900837, 0.018149850890040398, 0.009179473854601383, 0.016644611954689026, 0.017685918137431145, 0.015558291226625443, 0.01648210734128952, 0.016867943108081818, 0.013798249885439873, 0.023067248985171318]
Train step Accs: [0.9992613384547201, 0.9994724347137959, 0.9992836676217765, 0.9994711792702274, 0.9995194617972128, 0.9998598261844688, 0.9989026493180749, 0.9994481236203091, 0.9988740323715694, 0.9995936611133686, 0.9997059255991766, 0.9995241871530531, 0.9983136593591906, 0.9991290463057048, 0.9993290391841116, 0.9996932044792146, 0.9994877923851802, 0.9989569363731188, 0.9993482794577685, 0.9986128236744759, 0.9984633115635805, 0.9998240366003871, 0.9994371746165752, 0.999716151007664, 0.9998582967266544, 0.9994123696195093, 0.9991760828625236, 1.0, 0.9989877078814172, 1.0, 0.9993298485457713, 0.9995854063018242, 1.0, 0.9993515756711192, 0.9993071913537481, 0.9989708909144369, 0.9996847911741529, 0.997615894039735, 0.9996425379803396, 0.998776675275248, 0.9997242140099283, 0.9992114808389844, 0.9996627887371439, 0.9998527896363903, 0.9995841419462157, 0.9991466363248471, 0.9977151561309977, 0.9987749387469373, 0.9991323210412147, 0.9997042295178941, 0.9992649220817407, 0.998762184743927, 0.9979140592407175, 0.9988757026858214, 0.9993123366799614, 0.9996914056472767, 0.9996743731683491, 0.9994324631101021, 0.9989525662127787, 0.9987968115506091, 0.9995902758809069, 0.9997138769670959, 0.9993638676844784]
val step Accs: [0.994391244870041, 0.9990622906898862, 0.9966933039404795, 0.997027069316226, 0.9997409326424871, 0.9961267118550283, 0.9979013641133263, 0.9977472136589993, 0.9993047830923248, 0.9980729525120441, 0.9980874316939891, 0.9983195449844882, 0.9982208840837553, 0.9981015662078785, 0.9984759969519938, 0.9969350224765018]
Preds: [17, 287, 100, 387, 387, 98, 98, 35, 129, 129, 129, 401, 414, 458, 144, 27, 437, 426, 426, 426, 426, 426, 426, 426, 167, 263, 263, 414, 414, 414, 414, 414, 414, 414, 225, 225, 225, 7, 7, 7, 473, 109, 286, 286, 286, 286, 264, 264, 468, 468, 468, 406, 406, 467, 337, 337, 337, 171, 171, 171, 171, 3, 3, 3, 3, 3, 3, 197, 197, 197, 196, 196, 479, 398, 398, 360, 360, 116, 33, 33, 465, 309, 479, 331, 374, 374, 132, 153, 182, 182, 182, 182, 98, 98, 43, 8, 197, 440, 100, 100, 100, 497, 497, 43, 8, 129, 259, 144, 27, 27, 106, 106, 284, 426, 426, 426, 206, 206, 285, 285, 382, 382, 406, 406, 406, 467, 467, 134, 134, 100, 375, 375, 98, 98, 98, 48, 263, 263, 263, 13, 414, 414, 237, 237, 170, 47, 47, 47, 47, 80, 80, 80, 80, 289, 320, 320, 7, 309, 479, 331, 324, 324, 422, 143, 143, 458, 465, 144, 27, 351, 180, 486, 315, 319, 319, 282, 388, 348, 466, 64, 212, 76, 465, 354, 420, 448, 324, 464, 464, 464, 180, 355, 376, 460, 460, 263, 263, 13, 229, 229, 229, 82, 312, 312, 312, 292, 292, 292, 292, 292, 23, 23, 23, 23, 23, 260, 149, 391, 391, 391, 391, 244, 73, 73, 73, 244, 209, 287, 287, 111, 111, 460, 460, 178, 35, 35, 77, 232, 232, 68, 232, 172, 115, 267, 267, 267, 267, 324, 246, 246, 246, 19, 454, 197, 197, 197, 197, 197, 197, 7, 196, 473, 331, 443, 443, 443, 330, 330, 143, 76, 76, 36, 259, 310, 107, 395, 395, 106, 106, 88, 88, 88, 405, 405, 405, 405, 206, 206, 206, 206, 240, 35, 35, 36, 77, 342, 342, 172, 115, 115, 267, 267, 444, 213, 324, 246, 3, 301, 197, 197, 197, 197, 197, 414, 82, 209, 287, 100, 100, 182, 182, 182, 182, 182, 182, 182, 182, 182, 387, 387, 206, 206, 122, 122, 314, 239, 401, 401, 259, 75, 384, 371, 93, 171, 171, 171, 171, 385, 314, 314, 32, 239, 354, 473, 470, 264, 264, 290, 264, 264, 264, 264, 264, 468, 468, 94, 199, 41, 41, 41, 19, 19, 454, 454, 454, 414, 414, 414, 414, 170, 170, 170, 312, 126, 126, 292, 408, 408, 408, 408, 408, 149, 73, 244, 73, 244, 209, 83, 287, 284, 284, 460, 240, 240, 240, 35, 35, 77, 77, 342, 342, 224, 224, 267, 444, 324, 324, 324, 301, 3, 335, 14, 14, 14, 226, 411, 411, 100, 424, 424, 424, 43, 43, 43, 32, 32, 239, 208, 208, 100, 100, 100, 497, 497, 98, 98, 98, 48, 13, 414, 414, 414, 170, 170, 244, 80, 244, 209, 287, 100, 481, 481, 375, 98, 178, 129, 129, 401, 82, 144, 208, 441, 441, 346, 346, 405, 206, 206, 452, 263, 17, 451, 320, 320, 320, 320, 320, 320, 320, 320, 320, 320, 320, 320, 320, 320, 320, 320, 320, 320, 320, 320, 320, 320, 320, 320, 320, 320, 320, 320, 320, 320, 320, 320, 320, 320, 320, 320, 320, 320, 320, 320, 320, 320, 320, 320, 320, 320, 320, 320, 320, 320, 320, 320, 320, 320, 320, 320, 320, 320, 320, 320, 320, 320, 320, 320, 320, 320, 320, 320, 320, 320, 320, 320, 320, 320, 320, 320, 320, 320, 320, 320, 320, 320, 320, 320, 320, 320, 320, 320, 320, 320, 320, 320, 320, 320, 320, 320, 320, 320, 320, 320, 320, 320, 320, 320, 320, 320, 320, 320, 320, 320, 320, 320, 320, 320, 320, 320, 320, 320]

ep16
Train step Loss: [0.009889520704746246, 0.009571926668286324, 0.006774251814931631, 0.009916490875184536, 0.0051559945568442345, 0.004369742702692747, 0.009152852930128574, 0.007330333348363638, 0.007544263731688261, 0.005852145608514547, 0.0042417459189891815, 0.0043972874991595745, 0.008688333444297314, 0.006906694266945124, 0.004613188561052084, 0.0063245948404073715, 0.004975465126335621, 0.010188798420131207, 0.006056695710867643, 0.00502191623672843, 0.004769430961459875, 0.008083987981081009, 0.009111696854233742, 0.006133134476840496, 0.005927523132413626, 0.010650708340108395, 0.0074820369482040405, 0.00577568868175149, 0.005800996441394091, 0.005138114560395479, 0.0052250525914132595, 0.004894292913377285, 0.007037261035293341, 0.004724537488073111, 0.005981943570077419, 0.005587290972471237, 0.006203906144946814, 0.007844839245080948, 0.003446362679824233, 0.0036001834087073803, 0.004182466305792332, 0.006220286712050438, 0.007299474440515041, 0.006593126803636551, 0.008283102884888649, 0.0034366801846772432, 0.005461208056658506, 0.00484350835904479, 0.0038458178751170635, 0.006487101782113314, 0.0038309358060359955, 0.0038690033834427595, 0.0035486517008394003, 0.005500967148691416, 0.007662419695407152, 0.004328285343945026, 0.00612421240657568, 0.006942668464034796, 0.003356700064614415, 0.0035595083609223366, 0.0032116484362632036, 0.009356196969747543, 0.00296595087274909]
val step Loss: [0.018488410860300064, 0.018305420875549316, 0.021859265863895416, 0.007449164986610413, 0.00706209521740675, 0.021995043382048607, 0.010315850377082825, 0.0177779458463192, 0.015657560899853706, 0.016353847458958626, 0.011609992943704128, 0.017703833058476448, 0.008572316728532314, 0.01689285784959793, 0.010081308893859386, 0.008305481635034084]
Train step Accs: [0.9990446294527091, 0.9993741198560475, 0.99952556043174, 0.9987489574645538, 0.9998630136986302, 0.9998478161619236, 0.9991775188485263, 0.9994488080474025, 0.999453327866612, 0.9996604990663724, 0.999861476658817, 1.0, 0.9995536378515102, 0.999533073929961, 0.9998653742595585, 0.9994455994455994, 0.999865010799136, 0.9985730963808536, 0.9996929689898679, 0.9998522021874077, 0.9998649196271782, 0.9991101883434673, 0.9993668214436471, 0.999551703526599, 0.9996820855189954, 0.9982384823848238, 0.9996942830938551, 0.9998710509348807, 0.999578947368421, 0.9997000599880024, 0.9996943298181262, 0.9997051886792453, 0.9995714285714286, 0.9997167941093175, 0.9995801847187238, 0.999715018523796, 0.9993803253292022, 0.9990535424553812, 1.0, 1.0, 0.9998575701467027, 0.999601593625498, 0.9992159322565469, 0.999597747385358, 0.9990615615615616, 1.0, 0.9995767494356659, 0.9998411185255799, 0.9998768776163507, 0.9994850669412977, 0.9998341350140986, 1.0, 0.999858276643991, 0.9994643813604713, 0.999241964827168, 0.9997205142537731, 0.9994413407821229, 0.9993548387096775, 1.0, 1.0, 0.999870867768595, 0.9990519829356929, 1.0]
val step Accs: [0.9973854581673307, 0.9979559748427673, 0.9971389850926066, 0.9991116751269036, 0.9988947222989776, 0.9965522195086913, 0.9984972677595628, 0.9975161450571287, 0.9985084745762712, 0.9983243103892756, 0.9979768006474238, 0.9969048580271834, 0.9986647082387502, 0.9980700303280948, 0.9990198823858863, 0.9989985980372521]
Preds: [17, 17, 486, 486, 460, 460, 169, 178, 35, 35, 259, 208, 208, 441, 100, 153, 153, 497, 122, 129, 129, 129, 458, 208, 208, 437, 346, 346, 405, 405, 206, 98, 263, 263, 263, 439, 417, 414, 249, 249, 249, 249, 249, 249, 305, 237, 237, 237, 237, 170, 28, 249, 82, 305, 249, 82, 28, 40, 289, 40, 435, 435, 435, 53, 53, 53, 53, 53, 487, 455, 260, 260, 260, 391, 391, 228, 289, 82, 320, 287, 287, 287, 111, 111, 460, 169, 169, 99, 338, 338, 338, 338, 338, 338, 400, 400, 400, 444, 213, 213, 213, 246, 246, 246, 246, 246, 246, 422, 99, 99, 338, 338, 338, 338, 338, 400, 400, 400, 485, 286, 286, 286, 374, 374, 374, 132, 132, 134, 132, 132, 132, 132, 132, 132, 132, 132, 132, 132, 132, 132, 132, 132, 197, 197, 197, 197, 197, 197, 197, 414, 414, 414, 82, 354, 420, 213, 213, 213, 213, 246, 246, 434, 434, 374, 132, 132, 43, 43, 43, 250, 364, 276, 346, 174, 480, 480, 480, 480, 282, 282, 282, 282, 388, 303, 303, 217, 473, 473, 398, 324, 464, 301, 457, 129, 401, 197, 7, 7, 354, 276, 109, 265, 428, 428, 428, 146, 207, 207, 207, 3, 3, 3, 454, 197, 197, 197, 197, 197, 197, 7, 79, 147, 456, 456, 456, 456, 374, 374, 42, 42, 42, 147, 132, 132, 132, 132, 132, 132, 132, 399, 196, 479, 479, 331, 134, 153, 98, 457, 457, 197, 7, 217, 473, 473, 398, 213, 324, 324, 324, 246, 19, 19, 454, 454, 454, 454, 229, 229, 82, 247, 126, 126, 126, 126, 292, 292, 23, 23, 23, 23, 23, 23, 260, 391, 391, 391, 228, 392, 392, 392, 83, 287, 287, 319, 319, 319, 203, 348, 250, 250, 250, 276, 174, 109, 109, 403, 171, 324, 324, 324, 464, 301, 26, 251, 251, 251, 241, 241, 431, 486, 319, 319, 330, 388, 348, 466, 466, 250, 199, 199, 81, 290, 290, 290, 171, 324, 324, 3, 301, 301, 8, 129, 259, 259, 354, 354, 106, 284, 405, 206, 240, 385, 35, 77, 77, 342, 323, 142, 142, 485, 152, 477, 374, 374, 153, 153, 153, 182, 43, 43, 43, 276, 346, 346, 346, 428, 428, 428, 330, 388, 388, 94, 199, 398, 398, 340, 340, 116, 94, 94, 199, 134, 153, 43, 43, 43, 276, 276, 276, 153, 387, 387, 387, 387, 240, 240, 385, 35, 36, 483, 483, 14, 440, 411, 287, 302, 302, 302, 293, 497, 122, 122, 36, 269, 449, 224, 494, 494, 416, 416, 144, 27, 180, 443, 330, 388, 94, 199, 199, 464, 464, 464, 120, 330, 253, 368, 453, 453, 168, 168, 494, 278, 99, 99, 436, 436, 60, 395, 106, 125, 426, 426, 413, 388, 64, 394, 76, 239, 310, 107, 395, 485, 485, 286, 464, 139, 496, 496, 496, 496, 274, 416, 129, 129, 144, 208, 441, 437, 153, 426, 426, 372, 396, 348, 199, 250, 413, 375, 98, 98, 98, 197, 414, 320, 7, 473, 473, 286, 286, 286, 468, 468, 406, 406, 337, 337, 41, 324, 19, 454, 454, 13, 229, 229, 414, 170, 170, 170, 170, 82, 28, 187, 244, 187, 187, 187, 12, 40, 40, 12, 163, 392, 435, 435, 435, 392, 73, 73, 73, 320, 320, 7, 188, 324, 340, 340, 116, 94, 479, 331, 331, 153, 153, 387, 387, 387, 497, 43, 416, 129, 458, 208, 208, 106, 106, 387, 372, 372, 406, 406, 406, 413, 413, 375, 375, 98, 98, 98, 414, 414, 414, 414, 414, 414, 170, 47, 47, 47, 244, 80]

ep17
Train step Loss: [0.003965172916650772, 0.005299726966768503, 0.003083087271079421, 0.00498031172901392, 0.004420486744493246, 0.005637139547616243, 0.003968251869082451, 0.0032623005099594593, 0.004078347235918045, 0.002663462655618787, 0.0041461545042693615, 0.008135931566357613, 0.003936276771128178, 0.003872217144817114, 0.0038840947672724724, 0.002360437996685505, 0.0038871360011398792, 0.00405410211533308, 0.005251830443739891, 0.003926669247448444, 0.003446891438215971, 0.0036227144300937653, 0.0061591328121721745, 0.00402052653953433, 0.0040771737694740295, 0.003979736939072609, 0.007644248194992542, 0.004219579976052046, 0.0029453099705278873, 0.0022916982416063547, 0.0030187175143510103, 0.0027038713451474905, 0.0038187105674296618, 0.0036168687511235476, 0.004086195025593042, 0.0025041813496500254, 0.0031777680851519108, 0.0046817222610116005, 0.002555673476308584, 0.0022909916006028652, 0.002029349096119404, 0.0037183850072324276, 0.00377222360111773, 0.004329419229179621, 0.00213778018951416, 0.0018587220693007112, 0.004115728195756674, 0.007851946167647839, 0.0019436613656580448, 0.00480608781799674, 0.004236903507262468, 0.0031908503733575344, 0.005254495423287153, 0.0030856786761432886, 0.0027498158160597086, 0.0041183894500136375, 0.004503269214183092, 0.004554086830466986, 0.005420789122581482, 0.0019153282046318054, 0.00233975937590003, 0.002610983792692423, 0.007039440795779228]
val step Loss: [0.005007357802242041, 0.020034078508615494, 0.009307433851063251, 0.011233958415687084, 0.007200330030173063, 0.010359360836446285, 0.01108927745372057, 0.007183273788541555, 0.00392478983849287, 0.005202517844736576, 0.015294911339879036, 0.022006483748555183, 0.007541031576693058, 0.00560611579567194, 0.02137785404920578, 0.014381708577275276]
Train step Accs: [0.9997103548153512, 0.9996246715876392, 1.0, 0.9995538370017847, 0.9997267386254953, 0.9995883644346871, 1.0, 0.9998467432950191, 0.9997060552616108, 1.0, 0.9995776432493313, 0.9990262901655307, 0.9998378203048979, 0.9998351195383347, 0.9998546511627907, 1.0, 0.9998614958448754, 0.9996012229163898, 0.9998482549317147, 0.9998423458931105, 0.9997440491425647, 0.9997079865673821, 0.9997038353324449, 0.9996806642184257, 0.9997151402934055, 0.9998576512455516, 0.9993158884898239, 0.9997043606799705, 0.9998581560283688, 1.0, 0.9998602571268865, 1.0, 0.9996635828427249, 0.9998559077809799, 0.9997113997113997, 0.9998658438422323, 0.9998446239900559, 0.9997024252343402, 1.0, 1.0, 1.0, 0.9994259471871412, 0.9996749553063546, 0.9994746519569214, 1.0, 1.0, 0.9995410036719706, 0.9991911566459962, 1.0, 0.9995501574448943, 0.999709386806161, 0.999713590147501, 0.9992552874590408, 0.9997037914691943, 1.0, 0.9997322265363503, 0.9996946564885496, 0.9997091332169866, 0.9993343096791373, 1.0, 0.9998439450686641, 0.9998689384010485, 0.9994479712945074]
val step Accs: [0.9995942107398891, 0.9983976693372177, 0.9993354598617756, 0.9988355544054859, 0.9993196353245339, 0.9992015968063872, 0.9990796134376438, 0.998846098370114, 0.9998672331386086, 1.0, 0.998666311016271, 0.9977304964539007, 0.9992224957885188, 0.9996001066382298, 0.998114224137931, 0.9972504230118443]
Preds: [17, 309, 479, 479, 398, 278, 17, 17, 465, 77, 77, 54, 142, 108, 119, 351, 351, 494, 498, 468, 468, 468, 468, 467, 337, 337, 337, 337, 434, 339, 339, 94, 479, 331, 331, 84, 84, 84, 426, 426, 16, 375, 375, 375, 98, 98, 98, 98, 13, 13, 414, 259, 170, 187, 187, 442, 442, 187, 341, 2, 2, 244, 341, 341, 341, 2, 163, 2, 163, 244, 63, 63, 63, 244, 73, 73, 73, 73, 320, 320, 320, 7, 7, 7, 7, 219, 420, 420, 213, 213, 213, 213, 213, 213, 246, 246, 246, 246, 246, 246, 246, 3, 3, 3, 464, 188, 177, 177, 301, 216, 259, 354, 109, 109, 109, 403, 171, 171, 171, 171, 171, 246, 246, 246, 246, 246, 324, 422, 186, 99, 338, 338, 338, 338, 338, 400, 400, 400, 30, 464, 171, 171, 252, 252, 143, 36, 310, 310, 54, 107, 395, 395, 485, 286, 286, 464, 365, 365, 315, 315, 315, 315, 282, 282, 282, 282, 282, 413, 413, 43, 43, 43, 276, 138, 138, 138, 182, 182, 182, 182, 182, 182, 182, 426, 282, 282, 282, 282, 303, 303, 94, 199, 331, 84, 302, 302, 496, 375, 375, 130, 130, 130, 402, 196, 196, 309, 398, 398, 464, 464, 264, 468, 406, 406, 88, 43, 43, 43, 276, 276, 174, 174, 387, 413, 348, 348, 33, 398, 398, 398, 398, 464, 464, 443, 355, 355, 282, 460, 263, 263, 263, 263, 414, 414, 414, 187, 187, 187, 187, 187, 47, 47, 244, 392, 392, 73, 73, 73, 244, 75, 75, 310, 310, 323, 377, 397, 106, 106, 374, 153, 153, 424, 182, 182, 182, 182, 182, 182, 182, 497, 497, 497, 497, 122, 122, 129, 36, 310, 323, 108, 119, 437, 106, 106, 481, 481, 139, 293, 81, 81, 299, 299, 146, 324, 324, 422, 301, 143, 259, 354, 345, 109, 109, 109, 355, 355, 355, 355, 355, 355, 355, 355, 355, 355, 287, 287, 460, 460, 169, 215, 35, 259, 354, 431, 265, 111, 428, 428, 438, 438, 368, 31, 449, 449, 351, 486, 486, 443, 443, 240, 240, 449, 449, 449, 324, 324, 324, 477, 464, 464, 132, 132, 132, 381, 465, 465, 465, 259, 441, 441, 100, 100, 100, 100, 100, 375, 98, 98, 98, 48, 13, 13, 414, 170, 170, 170, 170, 28, 28, 28, 28, 63, 63, 63, 63, 244, 2, 2, 2, 2, 2, 63, 63, 63, 63, 63, 63, 244, 73, 73, 73, 73, 244, 321, 412, 287, 287, 287, 287, 284, 284, 284, 284, 450, 450, 450, 450, 16, 43, 43, 276, 276, 174, 387, 497, 497, 43, 43, 43, 8, 239, 219, 219, 464, 464, 476, 171, 171, 171, 171, 252, 252, 143, 99, 99, 338, 338, 445, 219, 219, 30, 477, 477, 374, 374, 132, 132, 186, 186, 186, 162, 482, 482, 482, 482, 482, 115, 273, 273, 106, 106, 424, 497, 497, 122, 122, 259, 310, 445, 445, 445, 351, 213, 213, 213, 324, 324, 19, 19, 19, 454, 197, 259, 7, 7, 188, 398, 398, 464, 171, 171, 252, 457, 457, 8, 364, 345, 109, 109, 109, 284, 284, 376, 376, 206, 206, 206, 167, 167, 35, 411, 100, 100, 100, 375, 98, 98, 98, 233, 259, 259, 441, 441, 100, 100, 100, 481, 387, 375, 98, 98, 98, 98, 13, 414, 414, 170, 170, 170, 170, 28, 2, 2, 2, 244, 2, 244, 63, 63, 63, 244, 63, 63, 392, 63, 73, 244, 73, 73, 73, 321, 320, 320, 7, 7, 487, 374, 374, 374, 374, 374, 374, 132, 132, 274, 274, 88, 288, 337, 337]

ep18
Train step Loss: [0.0034435950219631195, 0.0043604690581560135, 0.001983057474717498, 0.0038656038232147694, 0.0028482854831963778, 0.0029365450609475374, 0.0015457595000043511, 0.0029099034145474434, 0.0019499112386256456, 0.0027637011371552944, 0.0023276316933333874, 0.00484440429136157, 0.0028685033321380615, 0.0017399375792592764, 0.001318783382885158, 0.0032056462951004505, 0.002670993097126484, 0.002523628529161215, 0.0022359532304108143, 0.002866316819563508, 0.0018575785215944052, 0.00175389158539474, 0.0014198245480656624, 0.002142499200999737, 0.0016282305587083101, 0.003358519868925214, 0.0017825638642534614, 0.0025233416818082333, 0.001576213981024921, 0.00408128323033452, 0.0032047457061707973, 0.0024599689058959484, 0.0014592502266168594, 0.0015183232026174664, 0.0032837558537721634, 0.0034393116366118193, 0.0021535404957830906, 0.0028674202039837837, 0.004516091663390398, 0.002216447377577424, 0.001386280870065093, 0.002409189473837614, 0.0026058850344270468, 0.0023653763346374035, 0.001804571133106947, 0.0017625779146328568, 0.005602926481515169, 0.0018678996711969376, 0.003948869649320841, 0.004166552796959877, 0.0014472085749730468, 0.0016687028110027313, 0.001522685051895678, 0.0024435666855424643, 0.0032527039293199778, 0.004435764160007238, 0.001321899821050465, 0.002330299699679017, 0.002248012460768223, 0.0015751839382573962, 0.0026940028183162212, 0.001821056823246181, 0.0012905187904834747]
val step Loss: [0.005740412510931492, 0.0020547097083181143, 0.004741739481687546, 0.0032656011171638966, 0.003031240776181221, 0.011280843988060951, 0.013446436263620853, 0.0053228773176670074, 0.02349688671529293, 0.009091372601687908, 0.009772459976375103, 0.010518170893192291, 0.007173133082687855, 0.00790327601134777, 0.014137697406113148, 0.009884820319712162]
Train step Accs: [0.9998171512159444, 0.999604064933351, 1.0, 0.9995573262505534, 0.99974173553719, 0.9998528113040919, 1.0, 0.9997275946608554, 1.0, 0.9998605494352252, 1.0, 0.9993359011820959, 0.999829030603522, 1.0, 1.0, 1.0, 1.0, 1.0, 0.9998666488865182, 0.9998329435349148, 1.0, 1.0, 1.0, 1.0, 1.0, 0.9996307237813885, 1.0, 0.9998328597693464, 1.0, 0.9994496422674739, 0.9995174521473379, 1.0, 1.0, 1.0, 0.9994830037482229, 0.9998660774072586, 1.0, 0.9997456118036123, 0.9994320602016187, 1.0, 1.0, 1.0, 0.9998658978141344, 1.0, 1.0, 0.9998575904300769, 0.9995428919701356, 0.999833582958895, 0.9995647758595677, 1.0, 1.0, 0.9998547145140201, 1.0, 0.9998610145934677, 0.99971119133574, 0.9990789069696039, 1.0, 0.999731182795699, 0.9998437011566115, 1.0, 0.9998349017665511, 1.0, 1.0]
val step Accs: [0.9996948893974066, 0.9998638900231387, 0.9993811881188119, 0.9997112330349408, 1.0, 0.9990716385579452, 0.9986045213508233, 0.9993918014840044, 0.9978322720498577, 0.998851399856425, 0.9991100940757691, 0.9991007194244604, 0.9993580690717678, 0.9990103209387813, 0.9977263038226517, 0.9986274509803922]
Preds: [17, 17, 17, 284, 486, 486, 460, 460, 169, 150, 349, 234, 234, 234, 261, 25, 25, 332, 332, 399, 399, 53, 473, 473, 473, 398, 360, 360, 360, 360, 434, 434, 434, 339, 339, 216, 81, 398, 398, 324, 360, 360, 360, 360, 360, 360, 434, 434, 434, 434, 434, 19, 19, 454, 454, 454, 417, 414, 414, 414, 249, 249, 249, 82, 80, 80, 80, 320, 321, 188, 188, 188, 290, 171, 171, 171, 434, 339, 399, 53, 345, 345, 100, 497, 497, 497, 122, 285, 285, 285, 285, 285, 241, 431, 431, 139, 139, 139, 293, 175, 122, 216, 458, 192, 192, 180, 470, 403, 290, 290, 171, 434, 434, 434, 19, 19, 19, 19, 454, 454, 414, 414, 414, 414, 414, 414, 102, 414, 47, 47, 140, 140, 73, 244, 244, 321, 7, 7, 7, 309, 309, 309, 309, 398, 398, 360, 360, 360, 360, 360, 434, 434, 434, 434, 434, 434, 434, 434, 19, 19, 454, 454, 197, 197, 197, 197, 7, 321, 7, 219, 219, 219, 219, 451, 30, 30, 286, 286, 286, 468, 468, 468, 468, 467, 380, 180, 486, 315, 315, 315, 315, 315, 315, 315, 450, 450, 203, 203, 53, 250, 250, 250, 138, 138, 138, 345, 345, 387, 186, 186, 186, 349, 349, 234, 234, 234, 234, 261, 25, 25, 374, 374, 153, 153, 153, 182, 182, 98, 98, 98, 98, 197, 259, 259, 183, 183, 183, 257, 171, 171, 257, 422, 31, 31, 342, 342, 342, 342, 115, 273, 26, 359, 171, 171, 171, 171, 171, 171, 252, 422, 143, 478, 342, 342, 342, 115, 115, 273, 273, 486, 486, 486, 460, 460, 460, 169, 35, 35, 35, 441, 441, 100, 100, 424, 424, 182, 182, 182, 182, 182, 182, 182, 182, 182, 182, 375, 375, 98, 98, 98, 13, 13, 226, 321, 75, 437, 437, 437, 405, 405, 405, 206, 98, 98, 98, 98, 13, 13, 17, 320, 320, 320, 320, 320, 320, 320, 320, 320, 320, 320, 320, 320, 320, 320, 320, 320, 320, 320, 320, 320, 320, 320, 320, 320, 320, 320, 320, 320, 320, 320, 320, 320, 320, 320, 320, 320, 320, 320, 320, 320, 320, 320, 320, 320, 320, 320, 320, 320, 320, 320, 320, 320, 320, 320, 320, 320, 320, 320, 320, 320, 320, 320, 320, 320, 320, 320, 320, 320, 320, 320, 320, 320, 320, 320, 320, 320, 320, 320, 320, 320, 320, 320, 320, 320, 320, 320, 320, 320, 320, 320, 320, 320, 320, 320, 320, 320, 320, 320, 320, 320, 320, 320, 320, 320, 320, 320, 320, 320, 320, 320, 320, 320, 320, 320, 320, 320, 320, 320, 320, 320, 320, 320, 320, 320, 320, 320, 320, 320, 320, 320, 320, 320, 320, 320, 320, 320, 320, 320, 320, 320, 320, 320, 320, 320, 320, 320, 320, 320, 320, 320, 320, 320, 320, 320, 320, 320, 320, 320, 320, 320, 320, 320, 320, 320, 320, 320, 320, 320, 320, 320, 320, 320, 320, 320, 320, 320, 320, 320, 320, 320, 320, 320, 320, 320, 320, 320, 320, 320, 320, 320, 320, 320, 320, 320, 320, 320, 320, 320, 320, 320, 320, 320, 320, 320, 320, 320, 320, 320, 320, 320, 320, 320, 320, 320, 320, 320, 320, 320, 320, 320, 320, 320, 320, 320, 320, 320, 320, 320, 320, 320, 320, 320, 320, 320, 320, 320, 320, 320, 320, 320, 320, 320, 320, 320, 320, 320, 320, 320, 320, 320, 320, 320, 320, 320, 320, 320, 320, 320, 320, 320, 320, 320, 320, 320, 320, 320, 320, 320, 320, 320, 320, 320, 320, 320, 320, 320, 320, 320, 320, 320]

ep19
Train step Loss: [0.001437606057152152, 0.0013856522273272276, 0.001195345539599657, 0.0018849829211831093, 0.0043042805045843124, 0.0011606111656874418, 0.002214790554717183, 0.001954878680408001, 0.002474717330187559, 0.002934841439127922, 0.0014188034692779183, 0.001732735661789775, 0.0013878331519663334, 0.001853258698247373, 0.003154546720907092, 0.0028370069339871407, 0.0011112199863418937, 0.0010139542864635587, 0.0030725819524377584, 0.002557934494689107, 0.0012856194516643882, 0.002084657084196806, 0.003973450977355242, 0.002617225283756852, 0.003567023202776909, 0.0014349649427458644, 0.0011347237741574645, 0.0024328595027327538, 0.0014376095496118069, 0.001044430653564632, 0.0010136328637599945, 0.0013841800391674042, 0.0012005963362753391, 0.0021640427876263857, 0.001224655075930059, 0.0009223726810887456, 0.0013155980268493295, 0.0013669226318597794, 0.0009782968554645777, 0.001975600142031908, 0.001147463801316917, 0.000990147702395916, 0.0013261043932288885, 0.0010280560236424208, 0.0009767863666638732, 0.0012000614078715444, 0.0012448140187188983, 0.0038786244112998247, 0.001175965298898518, 0.0009894444374367595, 0.0010548214195296168, 0.0035451108124107122, 0.0027971791569143534, 0.0012897514970973134, 0.0014486846048384905, 0.0015254411846399307, 0.0018468259368091822, 0.0008191870874725282, 0.001171523006632924, 0.0009448921191506088, 0.0008155580144375563, 0.0012550204992294312, 0.0007986891432665288]
val step Loss: [0.0019929276313632727, 0.013613522984087467, 0.007254970725625753, 0.0028736540116369724, 0.0015315038617700338, 0.005960358306765556, 0.01789768785238266, 0.0015684127574786544, 0.011189370416104794, 0.012407111935317516, 0.008094978518784046, 0.001585020567290485, 0.007312965113669634, 0.005196989513933659, 0.005559465382248163, 0.01601390354335308]
Train step Accs: [1.0, 1.0, 1.0, 0.9998262078554049, 0.999855637361051, 1.0, 0.9998687319506432, 0.999845797995374, 0.9998244073748902, 0.9997323340471093, 0.999856938483548, 1.0, 1.0, 0.9998389953308646, 0.9998591350894492, 0.9996955396559598, 1.0, 1.0, 0.9995549621717846, 0.9998723186925434, 1.0, 0.9998426188227888, 0.9993932038834952, 0.9996761133603239, 0.9995769881556683, 0.9998677773370356, 1.0, 0.9996980676328503, 0.9998522458628841, 1.0, 1.0, 1.0, 1.0, 0.999861802100608, 1.0, 1.0, 1.0, 1.0, 1.0, 1.0, 1.0, 1.0, 1.0, 1.0, 1.0, 1.0, 1.0, 0.9996918810660915, 1.0, 1.0, 1.0, 0.9992953776775648, 0.9996840442338073, 1.0, 1.0, 1.0, 0.9998583770004249, 1.0, 1.0, 1.0, 1.0, 1.0, 1.0]
val step Accs: [1.0, 0.9989688063934004, 0.9994173343044428, 0.9998660594695955, 1.0, 0.9995949230353767, 0.9983008757025226, 1.0, 0.9990245261984393, 0.9985919459307238, 0.9992348890589136, 1.0, 0.9993682082385645, 0.9997152619589977, 0.9995892661555312, 0.9984981763570049]
Preds: [17, 17, 287, 284, 319, 319, 319, 319, 450, 413, 203, 76, 76, 349, 349, 234, 234, 234, 234, 261, 25, 25, 106, 499, 499, 265, 265, 480, 85, 85, 299, 299, 388, 388, 67, 219, 324, 246, 324, 324, 324, 422, 31, 162, 162, 232, 232, 172, 172, 115, 267, 267, 267, 267, 213, 213, 252, 3, 3, 14, 411, 188, 188, 443, 443, 120, 271, 271, 31, 31, 342, 232, 232, 86, 86, 238, 336, 336, 110, 110, 486, 486, 486, 486, 468, 468, 468, 468, 203, 379, 303, 394, 243, 76, 465, 478, 310, 107, 107, 107, 395, 395, 470, 286, 264, 264, 264, 264, 264, 264, 264, 207, 207, 207, 207, 454, 454, 454, 454, 414, 170, 170, 170, 170, 170, 170, 82, 28, 2, 2, 2, 2, 2, 2, 392, 244, 392, 63, 63, 244, 73, 73, 244, 321, 320, 320, 287, 287, 106, 481, 293, 293, 293, 497, 58, 58, 72, 437, 437, 284, 284, 426, 426, 319, 348, 348, 348, 348, 348, 195, 250, 250, 76, 32, 320, 7, 354, 109, 109, 104, 104, 104, 468, 467, 337, 337, 290, 290, 360, 328, 434, 434, 324, 464, 464, 464, 340, 340, 116, 94, 479, 331, 331, 331, 138, 138, 182, 182, 182, 497, 497, 497, 497, 98, 58, 441, 437, 437, 284, 284, 426, 426, 319, 319, 348, 348, 53, 381, 381, 334, 275, 452, 452, 98, 48, 414, 414, 170, 170, 170, 170, 392, 2, 244, 392, 392, 392, 392, 392, 392, 73, 73, 73, 321, 320, 7, 7, 7, 345, 109, 109, 346, 284, 376, 376, 460, 460, 169, 271, 150, 269, 323, 323, 224, 168, 494, 106, 153, 153, 153, 387, 349, 349, 349, 349, 349, 349, 234, 261, 25, 25, 148, 100, 302, 153, 53, 274, 274, 497, 98, 98, 197, 197, 197, 321, 321, 209, 287, 287, 287, 284, 284, 284, 315, 480, 480, 480, 480, 480, 480, 282, 282, 282, 282, 282, 282, 282, 388, 388, 94, 195, 195, 195, 250, 250, 250, 250, 473, 109, 109, 290, 290, 290, 290, 207, 464, 434, 434, 252, 143, 458, 131, 192, 34, 222, 222, 134, 134, 255, 349, 349, 349, 349, 155, 261, 25, 148, 148, 148, 148, 153, 182, 182, 182, 182, 387, 406, 134, 134, 134, 134, 302, 302, 375, 132, 98, 98, 98, 98, 13, 13, 78, 170, 170, 170, 170, 28, 187, 187, 187, 187, 163, 163, 392, 73, 244, 75, 373, 373, 205, 205, 261, 261, 25, 106, 106, 106, 106, 153, 153, 182, 182, 182, 182, 182, 182, 182, 182, 182, 182, 182, 345, 345, 274, 122, 122, 122, 36, 310, 310, 310, 107, 395, 395, 84, 84, 84, 84, 84, 274, 274, 98, 98, 193, 17, 320, 320, 320, 320, 320, 320, 320, 320, 320, 320, 320, 320, 320, 320, 320, 320, 320, 320, 320, 320, 320, 320, 320, 320, 320, 320, 320, 320, 320, 320, 320, 320, 320, 320, 320, 320, 320, 320, 320, 320, 320, 320, 320, 320, 320, 320, 320, 320, 320, 320, 320, 320, 320, 320, 320, 320, 320, 320, 320, 320, 320, 320, 320, 320, 320, 320, 320, 320, 320, 320, 320, 320, 320, 320, 320, 320, 320, 320, 320, 320, 320, 320, 320, 320, 320, 320, 320, 320, 320, 320, 320, 320, 320, 320, 320, 320, 320, 320, 320, 320, 320, 320, 320, 320, 320, 320, 320, 320, 320, 320, 320, 320, 320, 320, 320, 320, 320, 320, 320, 320, 320, 320, 320, 320, 320, 320, 320, 320, 320, 320, 320, 320, 320, 320, 320, 320, 320, 320, 320, 320, 320, 320, 320, 320, 320]

ep20
Train step Loss: [0.0007134752813726664, 0.001232351758517325, 0.0007689511403441429, 0.0008646863861940801, 0.0008873034967109561, 0.0010938869090750813, 0.003027962055057287, 0.0008027087314985693, 0.0014999236445873976, 0.001585935358889401, 0.0014809780986979604, 0.0018058479763567448, 0.0021962346509099007, 0.0010560217779129744, 0.0028462016489356756, 0.002829353790730238, 0.0032378844916820526, 0.0017970736371353269, 0.0007233347278088331, 0.0009578897152096033, 0.0011629568180069327, 0.001154148718342185, 0.0007252397481352091, 0.0008971438510343432, 0.0006812430801801383, 0.0009673949098214507, 0.0016438313759863377, 0.000665050174575299, 0.0008971644565463066, 0.0007989692385308444, 0.000804700015578419, 0.0007904695812612772, 0.0007499296916648746, 0.0006358231767080724, 0.0006958905723877251, 0.0013927350519225001, 0.000865484238602221, 0.0007394840358756483, 0.0007160957320593297, 0.0007952162413857877, 0.0014051639009267092, 0.0006093771662563086, 0.0008651366224512458, 0.0016827838262543082, 0.0030595038551837206, 0.001782168517820537, 0.0006156357121653855, 0.0006013865931890905, 0.001565105514600873, 0.0010915228631347418, 0.0007913481094874442, 0.0010989068541675806, 0.0007876019808463752, 0.000569292635191232, 0.0016777963610365987, 0.0007144811097532511, 0.0004921284271404147, 0.0008386751869693398, 0.0005290154367685318, 0.0006091770483180881, 0.0007810416864231229, 0.0005843653925694525, 0.0018506934866309166]
val step Loss: [0.004606899339705706, 0.005088286940008402, 0.005070139653980732, 0.0008255043067038059, 0.006256185006350279, 0.006110156886279583, 0.0230895783752203, 0.0011985277524217963, 0.0014955209335312247, 0.001823736703954637, 0.002083837753161788, 0.005637502763420343, 0.008980408310890198, 0.02474350668489933, 0.006665599532425404, 0.0008207359933294356]
Train step Accs: [1.0, 1.0, 1.0, 1.0, 1.0, 1.0, 0.9998509464897898, 1.0, 0.9998505678421996, 0.9998540145985402, 1.0, 0.999860588317301, 0.9997547516860822, 1.0, 0.9998719426302983, 0.9995077932731747, 0.9995796553173603, 0.9998516980572445, 1.0, 1.0, 1.0, 1.0, 1.0, 1.0, 1.0, 1.0, 0.9998601007274762, 1.0, 1.0, 1.0, 1.0, 1.0, 1.0, 1.0, 1.0, 1.0, 1.0, 1.0, 1.0, 1.0, 0.9998401278976818, 1.0, 1.0, 0.9998374776531773, 0.999597099113618, 0.999847258286238, 1.0, 1.0, 0.9998547567175018, 1.0, 1.0, 1.0, 1.0, 1.0, 1.0, 1.0, 1.0, 1.0, 1.0, 1.0, 1.0, 1.0, 0.9997251992305578]
val step Accs: [0.9995986622073578, 0.9997348886532343, 0.9995853489979267, 1.0, 0.9994795732500651, 0.9994959042218021, 0.9977342396374783, 1.0, 1.0, 0.9998723838693211, 0.9995218361491871, 0.9993720170811354, 0.9991830065359477, 0.9976119402985074, 0.9994299558215761, 1.0]
Preds: [17, 17, 17, 145, 284, 284, 284, 450, 450, 450, 43, 43, 43, 43, 276, 276, 153, 153, 138, 182, 182, 182, 182, 182, 182, 182, 98, 98, 98, 98, 98, 197, 226, 226, 226, 209, 287, 287, 110, 145, 111, 111, 322, 322, 67, 10, 10, 479, 398, 398, 398, 301, 399, 43, 43, 250, 138, 138, 138, 153, 387, 387, 109, 146, 146, 324, 324, 422, 99, 99, 338, 338, 338, 338, 338, 338, 395, 395, 395, 278, 278, 278, 374, 378, 416, 8, 259, 208, 100, 100, 100, 375, 122, 122, 122, 233, 82, 75, 75, 66, 68, 68, 68, 224, 25, 267, 444, 448, 324, 464, 464, 58, 315, 486, 319, 319, 72, 72, 203, 7, 364, 276, 276, 276, 276, 153, 153, 182, 182, 182, 182, 375, 98, 98, 98, 98, 426, 426, 282, 282, 59, 282, 282, 282, 413, 413, 413, 303, 413, 303, 303, 303, 303, 303, 309, 309, 479, 479, 331, 331, 106, 481, 481, 481, 481, 182, 387, 293, 375, 98, 263, 263, 263, 78, 170, 170, 170, 170, 170, 392, 392, 392, 392, 392, 392, 392, 392, 63, 63, 63, 63, 63, 63, 63, 63, 63, 63, 63, 392, 392, 392, 392, 244, 244, 289, 289, 321, 7, 7, 420, 324, 324, 324, 464, 464, 464, 110, 486, 486, 460, 460, 169, 349, 349, 234, 234, 234, 234, 261, 25, 25, 485, 324, 324, 324, 464, 464, 464, 139, 139, 426, 426, 426, 413, 348, 10, 10, 473, 398, 398, 340, 340, 116, 94, 199, 302, 88, 274, 122, 122, 129, 129, 75, 342, 68, 115, 273, 273, 151, 151, 151, 240, 215, 35, 129, 259, 354, 354, 420, 286, 286, 286, 286, 374, 374, 374, 374, 374, 246, 246, 246, 477, 132, 132, 132, 375, 375, 375, 98, 98, 98, 13, 401, 82, 401, 321, 75, 208, 208, 441, 437, 437, 437, 481, 481, 375, 375, 98, 98, 98, 263, 13, 193, 17, 320, 320, 320, 320, 320, 320, 320, 320, 320, 320, 320, 320, 320, 320, 320, 320, 320, 320, 320, 320, 320, 320, 320, 320, 320, 320, 320, 320, 320, 320, 320, 320, 320, 320, 320, 320, 320, 320, 320, 320, 320, 320, 320, 320, 320, 320, 320, 320, 320, 320, 320, 320, 320, 320, 320, 320, 320, 320, 320, 320, 320, 320, 320, 320, 320, 320, 320, 320, 320, 320, 320, 320, 320, 320, 320, 320, 320, 320, 320, 320, 320, 320, 320, 320, 320, 320, 320, 320, 320, 320, 320, 320, 320, 320, 320, 320, 320, 320, 320, 320, 320, 320, 320, 320, 320, 320, 320, 320, 320, 320, 320, 320, 320, 320, 320, 320, 320, 320, 320, 320, 320, 320, 320, 320, 320, 320, 320, 320, 320, 320, 320, 320, 320, 320, 320, 320, 320, 320, 320, 320, 320, 320, 320, 320, 320, 320, 320, 320, 320, 320, 320, 320, 320, 320, 320, 320, 320, 320, 320, 320, 320, 320, 320, 320, 320, 320, 320, 320, 320, 320, 320, 320, 320, 320, 320, 320, 320, 320, 320, 320, 320, 320, 320, 320, 320, 320, 320, 320, 320, 320, 320, 320, 320, 320, 320, 320, 320, 320, 320, 320, 320, 320, 320, 320, 320, 320, 320, 320, 320, 320, 320, 320, 320, 320, 320, 320, 320, 320, 320, 320, 320, 320, 320, 320, 320, 320, 320, 320, 320, 320, 320, 320, 320, 320, 320, 320, 320, 320, 320, 320, 320, 320, 320, 320, 320, 320, 320, 320, 320, 320, 320, 320, 320, 320, 320, 320, 320, 320, 320, 320, 320, 320, 320, 320, 320, 320, 320, 320, 320, 320, 320, 320, 320, 320, 320, 320]

ep21
Train step Loss: [0.0014934578211978078, 0.0006249386933632195, 0.0005846538115292788, 0.0004977296339347959, 0.0010427498491480947, 0.0005847408319823444, 0.0014652370009571314, 0.0017402255907654762, 0.0004421330231707543, 0.0006516473949886858, 0.0007440440240316093, 0.00046208244748413563, 0.0005993993254378438, 0.00044734322000294924, 0.00070145633071661, 0.0015007848851382732, 0.0005731699638999999, 0.0010023361537605524, 0.0013803921174257994, 0.001736953854560852, 0.0004330009687691927, 0.0006167995743453503, 0.0016053923172876239, 0.0017219528090208769, 0.0005529785412363708, 0.0009228599956259131, 0.0010706977918744087, 0.0004582898400258273, 0.0004591189790517092, 0.001088152639567852, 0.0004590087046381086, 0.0008137358818203211, 0.0013565485132858157, 0.000449866201961413, 0.0005768340779468417, 0.0005278936587274075, 0.0006602812209166586, 0.0003926983627025038, 0.0006209034472703934, 0.0008584646275267005, 0.0017226454801857471, 0.0020868845749646425, 0.00043883713078685105, 0.0007186555303633213, 0.00039240423939190805, 0.0005514091462828219, 0.0018893562955781817, 0.0006086250650696456, 0.0005198459257371724, 0.0010989834554493427, 0.0003469803777989, 0.0003935009299311787, 0.00044533784966915846, 0.00035811541602015495, 0.00040769102633930743, 0.0003631817235145718, 0.00035411168937571347, 0.000410404842114076, 0.0003597358299884945, 0.0003334548673592508, 0.0004470004641916603, 0.0014291887637227774, 0.0003421111323405057]
val step Loss: [0.0007047459948807955, 0.003754903795197606, 0.0007651768974028528, 0.023192116990685463, 0.004516599699854851, 0.0006236512563191354, 0.014669272117316723, 0.004853688646107912, 0.0004848387907259166, 0.00667237164452672, 0.0008682249463163316, 0.0023441382218152285, 0.0034264870919287205, 0.006587253417819738, 0.022740976884961128, 0.008638529106974602]
Train step Accs: [0.9998528546203649, 1.0, 1.0, 1.0, 1.0, 1.0, 0.9998603936897947, 0.9998660953401178, 1.0, 1.0, 1.0, 1.0, 1.0, 1.0, 1.0, 0.999844768705371, 1.0, 0.9998683170924414, 1.0, 0.9997366341848828, 1.0, 1.0, 0.9998405866411605, 0.9997148560022812, 1.0, 0.9998507685420086, 0.9998371865841745, 1.0, 1.0, 0.9998440667394355, 1.0, 1.0, 1.0, 1.0, 1.0, 1.0, 1.0, 1.0, 1.0, 1.0, 1.0, 0.9997042295178941, 1.0, 1.0, 1.0, 1.0, 0.9998320174701831, 1.0, 1.0, 0.9998393832316094, 1.0, 1.0, 1.0, 1.0, 1.0, 1.0, 1.0, 1.0, 1.0, 1.0, 1.0, 0.999859075535513, 1.0]
val step Accs: [1.0, 0.9997285190715353, 1.0, 0.9977483816493105, 0.9995994124716251, 1.0, 0.9983995732195252, 0.9996024910560488, 1.0, 0.9993870295451759, 1.0, 0.9997368074746678, 0.9997320471596999, 0.9994273443092341, 0.9973890339425587, 0.9993082776112521]
Preds: [17, 188, 324, 324, 422, 143, 143, 14, 14, 209, 287, 145, 145, 111, 111, 85, 85, 146, 146, 438, 438, 335, 14, 14, 14, 287, 145, 145, 145, 486, 265, 428, 85, 85, 85, 207, 207, 207, 19, 19, 454, 454, 454, 454, 414, 56, 56, 170, 170, 312, 187, 187, 187, 187, 1, 1, 1, 1, 1, 408, 408, 391, 391, 391, 228, 73, 73, 321, 321, 287, 287, 287, 287, 284, 284, 284, 284, 284, 426, 284, 450, 450, 450, 450, 450, 293, 293, 98, 169, 349, 349, 349, 234, 234, 234, 234, 261, 25, 25, 106, 346, 426, 426, 480, 85, 85, 85, 299, 330, 330, 388, 388, 116, 309, 398, 398, 398, 398, 464, 464, 464, 330, 330, 139, 139, 315, 319, 319, 450, 450, 450, 450, 413, 413, 43, 43, 43, 276, 276, 174, 174, 174, 284, 284, 284, 355, 355, 355, 355, 426, 426, 450, 450, 293, 293, 43, 43, 43, 276, 276, 346, 346, 346, 428, 428, 85, 146, 285, 285, 285, 285, 285, 285, 337, 337, 324, 324, 422, 422, 31, 162, 232, 232, 172, 172, 115, 115, 267, 267, 267, 267, 213, 3, 3, 3, 14, 188, 188, 464, 120, 120, 120, 271, 271, 271, 31, 162, 232, 232, 232, 232, 172, 172, 115, 115, 273, 273, 273, 273, 84, 84, 84, 84, 355, 355, 355, 452, 452, 452, 263, 48, 48, 414, 414, 170, 170, 170, 170, 170, 244, 28, 2, 2, 2, 2, 2, 63, 63, 2, 63, 63, 63, 63, 63, 63, 63, 63, 63, 63, 244, 63, 244, 73, 320, 249, 441, 441, 441, 441, 441, 153, 153, 424, 497, 497, 497, 122, 122, 216, 198, 127, 371, 114, 180, 443, 443, 486, 486, 460, 240, 240, 285, 285, 285, 285, 300, 134, 134, 134, 88, 42, 42, 42, 147, 147, 380, 380, 288, 288, 288, 213, 213, 213, 246, 246, 246, 246, 246, 246, 246, 246, 19, 19, 19, 454, 454, 454, 414, 414, 170, 170, 170, 170, 170, 28, 28, 28, 28, 2, 2, 244, 2, 63, 244, 63, 63, 63, 63, 63, 63, 63, 63, 63, 63, 63, 366, 63, 63, 63, 163, 244, 63, 63, 316, 63, 73, 73, 244, 73, 321, 7, 7, 7, 7, 7, 7, 398, 398, 374, 374, 374, 374, 374, 378, 378, 378, 43, 43, 276, 276, 276, 346, 346, 346, 284, 284, 284, 405, 405, 405, 206, 206, 206, 206, 206, 206, 98, 167, 197, 197, 226, 321, 75, 287, 287, 287, 287, 284, 284, 284, 284, 284, 284, 284, 426, 426, 426, 426, 426, 426, 426, 450, 450, 282, 413, 388, 94, 94, 94, 199, 467, 337, 337, 337, 207, 207, 207, 464, 464, 464, 468, 467, 467, 467, 467, 313, 200, 375, 76, 76, 465, 349, 393, 155, 155, 155, 441, 441, 148, 148, 153, 153, 153, 182, 182, 182, 182, 182, 182, 132, 88, 88, 88, 182, 497, 497, 497, 43, 399, 70, 70, 70, 65, 65, 46, 46, 46, 46, 146, 146, 146, 464, 464, 464, 324, 324, 464, 464, 286, 468, 406, 406, 406, 359, 324, 464, 464, 464, 355, 355, 355, 355, 263, 263, 17, 320, 320, 320, 320, 320, 320, 320, 320, 320, 320, 320, 320, 320, 320, 320, 320, 320, 320, 320, 320, 320, 320, 320, 320, 320, 320, 320, 320, 320, 320, 320, 320, 320, 320, 320, 320, 320, 320, 320, 320, 320, 320, 320, 320, 320, 320, 320, 320, 320, 320, 320, 320, 320, 320, 320, 320, 320, 320, 320, 320, 320, 320, 320, 320, 320, 320, 320, 320, 320, 320, 320, 320, 320, 320, 320]

ep22
Train step Loss: [0.0015662629157304764, 0.00041298556607216597, 0.0003327553567942232, 0.0014917213702574372, 0.00043731482583098114, 0.0008165027247741818, 0.00033458301913924515, 0.00032862776424735785, 0.0002958531549666077, 0.00035320158349350095, 0.0017949154134839773, 0.00045974995009601116, 0.00130839750636369, 0.000335011602146551, 0.00032847546390257776, 0.00036193011328577995, 0.0008299389155581594, 0.00027638120809569955, 0.0010328597854822874, 0.00041638841503299773, 0.0002802530652843416, 0.0003387382603250444, 0.0008134479867294431, 0.0003070987295359373, 0.0002727970713749528, 0.0002939976693596691, 0.0002734861627686769, 0.0003335819928906858, 0.00038322879117913544, 0.0006957096629776061, 0.0002390703884884715, 0.000747793703339994, 0.00029861010261811316, 0.00029137232922948897, 0.0003122960915789008, 0.0006403189618140459, 0.00026742025511339307, 0.000511564314365387, 0.000637919525615871, 0.00021603683126159012, 0.0003119382308796048, 0.0010312504600733519, 0.0003358171379659325, 0.0011767985997721553, 0.00029354915022850037, 0.0007584743434563279, 0.00036964830360375345, 0.00024215712619479746, 0.0002492385683581233, 0.00022950730635784566, 0.0006164771621115506, 0.0002928163739852607, 0.001161682535894215, 0.0002674366405699402, 0.00025663807173259556, 0.0011525996960699558, 0.00024039341951720417, 0.0002635411801747978, 0.00025371689116582274, 0.00030838625389151275, 0.00021265560644678771, 0.0007658954709768295, 0.0018669773126021028]
val step Loss: [0.0011860434897243977, 0.006987049710005522, 0.005039369221776724, 0.010444230400025845, 0.003540994366630912, 0.0077901906333863735, 0.01289328932762146, 0.010638671927154064, 0.004285380244255066, 0.005708010867238045, 0.005052628926932812, 0.0003957840381190181, 0.004300430882722139, 0.00904342532157898, 0.00042697557364590466, 0.007168865762650967]
Train step Accs: [0.9997456118036123, 1.0, 1.0, 1.0, 1.0, 1.0, 1.0, 1.0, 1.0, 1.0, 0.9997287399972874, 1.0, 0.9998534369045874, 1.0, 1.0, 1.0, 1.0, 1.0, 0.9998703487618307, 1.0, 1.0, 1.0, 0.999848782700741, 1.0, 1.0, 1.0, 1.0, 1.0, 1.0, 0.999848828420257, 1.0, 0.9998552403011002, 1.0, 1.0, 1.0, 1.0, 1.0, 1.0, 1.0, 1.0, 1.0, 1.0, 1.0, 0.999844768705371, 1.0, 0.9998629010145325, 1.0, 1.0, 1.0, 1.0, 1.0, 1.0, 0.9998688008396747, 1.0, 1.0, 0.9998665421059656, 1.0, 1.0, 1.0, 1.0, 1.0, 1.0, 0.9997277429893819]
val step Accs: [0.9998573262947639, 0.9993597951344431, 0.9992669696525436, 0.9990002856326764, 0.9997189037245257, 0.9992599171107164, 0.998734533183352, 0.9989859297756369, 0.9996190476190476, 0.999479979199168, 0.9995617879053462, 1.0, 0.9996149897330595, 0.9991362290227048, 1.0, 0.9993560849967804]
Preds: [17, 17, 17, 309, 309, 309, 473, 398, 324, 324, 434, 301, 339, 8, 8, 259, 354, 354, 420, 213, 213, 213, 324, 19, 19, 19, 454, 454, 454, 439, 78, 170, 170, 170, 170, 392, 237, 237, 237, 237, 237, 237, 237, 28, 244, 244, 244, 28, 63, 392, 63, 63, 63, 63, 63, 63, 63, 63, 63, 63, 63, 63, 63, 63, 63, 63, 63, 63, 63, 63, 63, 63, 63, 63, 63, 63, 63, 63, 63, 392, 244, 289, 289, 289, 287, 287, 287, 284, 284, 284, 284, 111, 85, 240, 240, 240, 314, 314, 243, 197, 414, 414, 414, 414, 47, 392, 392, 244, 80, 102, 321, 102, 102, 102, 102, 320, 320, 479, 331, 331, 307, 307, 61, 61, 167, 167, 457, 35, 401, 7, 196, 479, 473, 65, 429, 360, 171, 171, 171, 171, 171, 246, 3, 19, 3, 3, 197, 226, 320, 188, 188, 188, 340, 203, 399, 70, 70, 70, 138, 65, 174, 319, 319, 240, 251, 251, 241, 431, 443, 486, 486, 264, 264, 468, 468, 443, 443, 240, 271, 150, 150, 35, 342, 68, 68, 224, 26, 26, 494, 444, 448, 324, 324, 324, 464, 464, 464, 464, 459, 50, 271, 143, 458, 96, 96, 66, 68, 68, 68, 261, 25, 25, 106, 499, 284, 284, 306, 306, 306, 85, 59, 59, 452, 452, 48, 414, 170, 82, 170, 392, 392, 392, 392, 392, 392, 392, 392, 392, 392, 73, 289, 320, 320, 345, 345, 345, 132, 122, 236, 32, 32, 239, 259, 75, 371, 180, 180, 319, 319, 319, 319, 240, 388, 64, 64, 199, 374, 132, 132, 132, 132, 132, 359, 325, 34, 444, 324, 324, 324, 246, 246, 246, 246, 246, 246, 3, 3, 14, 14, 440, 440, 287, 284, 284, 265, 306, 85, 85, 59, 59, 59, 59, 59, 406, 42, 42, 147, 147, 147, 337, 41, 324, 324, 324, 301, 301, 8, 32, 32, 259, 259, 354, 354, 284, 284, 265, 376, 460, 17, 320, 320, 320, 320, 320, 320, 320, 320, 320, 320, 320, 320, 320, 320, 320, 320, 320, 320, 320, 320, 320, 320, 320, 320, 320, 320, 320, 320, 320, 320, 320, 320, 320, 320, 320, 320, 320, 320, 320, 320, 320, 320, 320, 320, 320, 320, 320, 320, 320, 320, 320, 320, 320, 320, 320, 320, 320, 320, 320, 320, 320, 320, 320, 320, 320, 320, 320, 320, 320, 320, 320, 320, 320, 320, 320, 320, 320, 320, 320, 320, 320, 320, 320, 320, 320, 320, 320, 320, 320, 320, 320, 320, 320, 320, 320, 320, 320, 320, 320, 320, 320, 320, 320, 320, 320, 320, 320, 320, 320, 320, 320, 320, 320, 320, 320, 320, 320, 320, 320, 320, 320, 320, 320, 320, 320, 320, 320, 320, 320, 320, 320, 320, 320, 320, 320, 320, 320, 320, 320, 320, 320, 320, 320, 320, 320, 320, 320, 320, 320, 320, 320, 320, 320, 320, 320, 320, 320, 320, 320, 320, 320, 320, 320, 320, 320, 320, 320, 320, 320, 320, 320, 320, 320, 320, 320, 320, 320, 320, 320, 320, 320, 320, 320, 320, 320, 320, 320, 320, 320, 320, 320, 320, 320, 320, 320, 320, 320, 320, 320, 320, 320, 320, 320, 320, 320, 320, 320, 320, 320, 320, 320, 320, 320, 320, 320, 320, 320, 320, 320, 320, 320, 320, 320, 320, 320, 320, 320, 320, 320, 320, 320, 320, 320, 320, 320, 320, 320, 320, 320, 320, 320, 320, 320, 320, 320, 320, 320, 320, 320, 320, 320, 320, 320, 320, 320, 320, 320, 320, 320, 320, 320, 320, 320, 320, 320, 320, 320, 320, 320, 320, 320]

ep23
Train step Loss: [0.0004368326917756349, 0.0003139472973998636, 0.0011154076782986522, 0.001129197422415018, 0.00022068904945626855, 0.00023443596728611737, 0.0004974422045052052, 0.00022518556215800345, 0.0004425829101819545, 0.00024482113076373935, 0.0002247225638711825, 0.00020740700711030513, 0.00027569220401346684, 0.00018289221043232828, 0.0005168477073311806, 0.0006228794809430838, 0.0002259097236674279, 0.0002770661667454988, 0.00022339621500577778, 0.0002708753745537251, 0.00021814764477312565, 0.00028852897230535746, 0.0001701985311228782, 0.00016269362822640687, 0.00021028031187597662, 0.0009404688025824726, 0.0010882328497245908, 0.00021746747370343655, 0.0014850706793367863, 0.00020716400467790663, 0.00018556040595285594, 0.00021605129586532712, 0.0015049513895064592, 0.00017789722187444568, 0.0003845624451059848, 0.00036915234522894025, 0.00018809334142133594, 0.00017754216969478875, 0.00018038589041680098, 0.00020590923668351024, 0.00017356337048113346, 0.00017986072634812444, 0.0011942345881834626, 0.00015698836068622768, 0.0001875639136414975, 0.00014571542851626873, 0.000236465988564305, 0.00014041303074918687, 0.0001502498344052583, 0.001446579466573894, 0.00019683255231939256, 0.00015997193986549973, 0.00019860838074237108, 0.00017894056509248912, 0.0003533683193381876, 0.0001575960050104186, 0.00046083854977041483, 0.0016680361004546285, 0.00015114845882635564, 0.00015572374104522169, 0.00016322257579304278, 0.00013960874639451504, 0.00011457398068159819]
val step Loss: [0.006401739548891783, 0.004731748253107071, 0.012730184942483902, 0.0044114780612289906, 0.0005740362103097141, 0.004794357810169458, 0.014102994464337826, 0.010254714637994766, 0.00018841883866116405, 0.004347107373178005, 0.0003225636901333928, 0.00015344475104939193, 0.0002396841300651431, 0.012060089036822319, 0.008455582894384861, 0.014496825635433197]
Train step Accs: [1.0, 1.0, 0.9998501423647534, 1.0, 1.0, 1.0, 1.0, 1.0, 1.0, 1.0, 1.0, 1.0, 1.0, 1.0, 1.0, 1.0, 1.0, 1.0, 1.0, 1.0, 1.0, 1.0, 1.0, 1.0, 1.0, 0.999863481228669, 0.9998350923482849, 1.0, 0.9997306397306397, 1.0, 1.0, 1.0, 0.9996892479801118, 1.0, 1.0, 1.0, 1.0, 1.0, 1.0, 1.0, 1.0, 1.0, 0.9998327759197324, 1.0, 1.0, 1.0, 1.0, 1.0, 1.0, 0.9996960486322188, 1.0, 1.0, 1.0, 1.0, 1.0, 1.0, 1.0, 0.9998516540572615, 1.0, 1.0, 1.0, 1.0, 1.0]
val step Accs: [0.9994220488368732, 0.9995215311004785, 0.9987709954936501, 0.9996151872755259, 1.0, 0.9992878338278932, 0.9986561146782141, 0.9990215264187867, 1.0, 0.9995948136142626, 1.0, 1.0, 1.0, 0.9988580750407831, 0.9991443588803325, 0.99867197875166]
Preds: [17, 17, 296, 217, 479, 331, 360, 360, 360, 360, 143, 465, 458, 458, 458, 192, 445, 351, 351, 351, 432, 432, 330, 330, 330, 434, 434, 434, 200, 219, 219, 219, 19, 19, 19, 19, 19, 19, 454, 454, 102, 102, 102, 102, 102, 102, 170, 82, 170, 102, 392, 392, 392, 63, 63, 63, 63, 63, 63, 63, 63, 63, 73, 244, 289, 320, 321, 7, 7, 309, 479, 479, 398, 324, 177, 143, 143, 129, 401, 196, 196, 70, 65, 46, 46, 46, 46, 85, 438, 285, 251, 359, 34, 191, 191, 191, 301, 314, 10, 251, 251, 251, 251, 241, 331, 106, 106, 153, 153, 153, 182, 182, 182, 182, 182, 497, 122, 143, 129, 259, 208, 345, 100, 100, 122, 122, 236, 36, 36, 449, 224, 377, 87, 490, 236, 236, 129, 401, 75, 108, 108, 377, 273, 106, 106, 405, 405, 206, 167, 215, 215, 401, 401, 321, 7, 7, 345, 109, 109, 109, 403, 403, 403, 403, 207, 207, 207, 207, 207, 207, 19, 454, 454, 454, 78, 78, 78, 392, 392, 392, 392, 392, 392, 392, 63, 63, 63, 63, 63, 63, 63, 392, 392, 244, 228, 289, 209, 209, 287, 287, 284, 284, 284, 450, 450, 215, 175, 88, 88, 153, 153, 153, 387, 387, 387, 109, 146, 207, 207, 207, 207, 246, 246, 19, 19, 422, 99, 99, 338, 338, 338, 338, 338, 338, 400, 400, 400, 30, 286, 464, 464, 464, 464, 318, 318, 99, 99, 338, 338, 338, 338, 338, 400, 400, 400, 485, 286, 464, 313, 116, 10, 10, 10, 309, 479, 479, 331, 106, 106, 284, 284, 284, 426, 426, 375, 375, 375, 98, 413, 413, 37, 303, 243, 32, 239, 478, 310, 310, 107, 395, 395, 180, 264, 264, 264, 468, 139, 139, 139, 293, 293, 375, 375, 375, 98, 98, 233, 233, 75, 209, 208, 287, 100, 481, 375, 375, 98, 98, 98, 13, 170, 170, 170, 170, 392, 63, 63, 63, 63, 63, 63, 63, 63, 63, 63, 63, 63, 63, 63, 63, 63, 63, 63, 63, 63, 63, 63, 63, 63, 63, 63, 73, 244, 289, 289, 321, 287, 287, 287, 284, 284, 284, 111, 111, 240, 388, 348, 348, 251, 251, 466, 466, 309, 479, 114, 166, 324, 324, 324, 324, 246, 246, 246, 246, 246, 246, 246, 246, 422, 186, 99, 338, 338, 338, 338, 338, 400, 400, 219, 485, 477, 374, 374, 374, 374, 132, 88, 88, 302, 302, 387, 497, 497, 122, 129, 129, 401, 401, 401, 75, 354, 420, 420, 213, 213, 324, 422, 143, 129, 82, 401, 401, 261, 25, 420, 325, 325, 34, 41, 41, 324, 324, 19, 19, 32, 32, 32, 259, 75, 445, 445, 445, 180, 443, 171, 171, 416, 143, 458, 192, 445, 188, 464, 464, 443, 443, 240, 236, 314, 129, 401, 75, 354, 420, 420, 213, 213, 246, 246, 303, 442, 303, 117, 48, 48, 170, 82, 170, 244, 392, 392, 392, 392, 392, 392, 392, 289, 289, 320, 320, 127, 420, 213, 213, 213, 246, 246, 246, 246, 19, 454, 454, 197, 197, 197, 32, 32, 32, 32, 82, 310, 107, 395, 395, 395, 264, 264, 443, 120, 120, 240, 178, 178, 314, 401, 32, 32, 196, 217, 473, 473, 429, 324, 324, 324, 422, 24, 239, 310, 310, 107, 107, 107, 395, 400, 213, 19, 19, 454, 17, 17, 320, 320, 320, 320, 320, 320, 320, 320, 320, 320, 320, 320, 320, 320, 320, 320, 320, 320, 320, 320, 320, 320, 320, 320, 320, 320, 320, 320, 320, 320, 320, 320, 320, 320, 320, 320, 320, 320, 320]

ep24
Train step Loss: [0.00017337090685032308, 0.00017253050464205444, 0.00013101035438012332, 0.0007487955735996366, 0.00014952714263927191, 0.00015007889305707067, 0.0001438179606338963, 0.0006318240775726736, 0.00014838678180240095, 0.00015619720215909183, 0.00012058385618729517, 0.00170343357603997, 0.00013163716357667, 0.00012335409701336175, 0.00015969283413141966, 0.001271122950129211, 0.0001430548873031512, 0.00011747697135433555, 0.00012001147115370259, 0.00012178379984106869, 0.00012392006465233862, 0.0008871575118973851, 0.00011563119187485427, 0.00014599892892874777, 0.00011105814337497577, 0.0001291155203944072, 0.00022484127839561552, 0.00011847422865685076, 0.00015551353862974793, 0.0007984352996572852, 0.00014587763871531934, 0.00032792973797768354, 0.0008665000787004828, 0.00010770365770440549, 0.00011417443602113053, 0.0003919025184586644, 0.0010185932042077184, 0.0001129588927142322, 0.00011731174890883267, 0.00010968092828989029, 0.00010350866068620235, 0.00010428782115923241, 0.00010847251542145386, 9.056775161297992e-05, 8.935312507674098e-05, 0.00022320995049085468, 0.00011338970944052562, 0.00014527537859976292, 8.71615920914337e-05, 9.799985855352134e-05, 0.00011234419071115553, 8.036004146561027e-05, 0.0002607649948913604, 9.027132182382047e-05, 8.622533641755581e-05, 0.00010430335532873869, 0.00011874868505401537, 0.0008929414907470345, 0.0001289636129513383, 0.0012225235113874078, 8.389275899389759e-05, 0.0003475525591056794, 7.485720561817288e-05]
val step Loss: [0.010628853924572468, 0.006128327455371618, 0.0031053402926772833, 0.0008574247476644814, 0.005219884682446718, 0.00013246822345536202, 0.000144727440783754, 0.004215840250253677, 0.007340976502746344, 0.006373220589011908, 0.0059602647088468075, 0.004543058108538389, 0.009148460812866688, 0.019172897562384605, 0.006484164856374264, 8.580854046158493e-05]
Train step Accs: [1.0, 1.0, 1.0, 0.9998702646600934, 1.0, 1.0, 1.0, 1.0, 1.0, 1.0, 1.0, 0.9996537396121884, 1.0, 1.0, 1.0, 0.9997090062563655, 1.0, 1.0, 1.0, 1.0, 1.0, 1.0, 1.0, 1.0, 1.0, 1.0, 1.0, 1.0, 1.0, 0.9998512568793694, 1.0, 1.0, 0.9998699609882965, 1.0, 1.0, 1.0, 0.9998647552069245, 1.0, 1.0, 1.0, 1.0, 1.0, 1.0, 1.0, 1.0, 1.0, 1.0, 1.0, 1.0, 1.0, 1.0, 1.0, 1.0, 1.0, 1.0, 1.0, 1.0, 0.9998446239900559, 1.0, 0.9998471649090631, 1.0, 1.0, 1.0]
val step Accs: [0.999001711351968, 0.9993560849967804, 0.9997268132768747, 0.9998592342342343, 0.9995093830491844, 1.0, 1.0, 0.9996336996336996, 0.9993120528343423, 0.999444521594223, 0.9994760969220694, 0.9995762711864407, 0.999129677980853, 0.9981896671772733, 0.999051104785143, 1.0]
Preds: [17, 17, 30, 324, 422, 143, 164, 164, 164, 14, 287, 287, 145, 111, 111, 111, 330, 438, 438, 335, 14, 14, 14, 411, 287, 145, 145, 486, 486, 428, 85, 85, 299, 207, 207, 19, 19, 454, 454, 454, 56, 56, 56, 170, 312, 312, 187, 187, 187, 1, 1, 1, 1, 408, 408, 391, 391, 228, 228, 321, 321, 320, 287, 287, 287, 287, 284, 284, 284, 284, 284, 284, 426, 426, 426, 450, 293, 293, 293, 122, 349, 349, 349, 234, 234, 234, 261, 25, 25, 106, 346, 346, 426, 480, 480, 85, 85, 299, 388, 388, 116, 10, 398, 398, 398, 398, 464, 464, 464, 139, 315, 315, 315, 315, 426, 450, 450, 450, 450, 413, 413, 250, 250, 43, 276, 346, 346, 284, 284, 284, 284, 426, 426, 426, 426, 426, 426, 413, 413, 413, 43, 43, 276, 276, 346, 346, 499, 428, 428, 146, 240, 240, 285, 285, 406, 337, 337, 324, 324, 422, 368, 31, 162, 232, 232, 172, 115, 115, 267, 267, 267, 267, 324, 3, 3, 3, 188, 188, 464, 464, 120, 120, 271, 271, 31, 162, 232, 232, 232, 232, 172, 172, 115, 273, 273, 273, 273, 151, 84, 84, 84, 355, 355, 355, 452, 452, 452, 263, 263, 414, 414, 170, 170, 170, 170, 28, 28, 244, 2, 2, 2, 2, 2, 2, 2, 63, 63, 63, 63, 63, 63, 63, 63, 63, 244, 321, 249, 249, 249, 249, 320, 7, 7, 345, 153, 497, 497, 497, 122, 122, 216, 58, 58, 110, 110, 110, 443, 443, 486, 460, 240, 240, 285, 285, 285, 300, 134, 134, 88, 88, 88, 42, 42, 42, 147, 380, 288, 288, 213, 213, 213, 246, 246, 246, 246, 246, 246, 246, 19, 19, 19, 454, 454, 454, 454, 414, 170, 170, 170, 170, 28, 40, 40, 40, 40, 2, 40, 40, 63, 63, 63, 63, 2, 63, 63, 2, 63, 244, 63, 63, 63, 63, 63, 63, 63, 63, 63, 63, 244, 73, 73, 321, 102, 102, 320, 7, 7, 7, 152, 152, 152, 152, 374, 374, 378, 378, 43, 43, 43, 276, 276, 346, 346, 346, 284, 284, 284, 284, 284, 405, 405, 206, 206, 206, 206, 206, 167, 35, 35, 259, 259, 74, 437, 437, 437, 284, 284, 284, 284, 284, 284, 426, 426, 426, 426, 426, 426, 426, 206, 282, 282, 388, 388, 348, 94, 199, 467, 337, 337, 264, 207, 207, 464, 464, 468, 468, 467, 467, 467, 467, 245, 245, 497, 349, 349, 349, 155, 155, 155, 155, 441, 148, 148, 148, 153, 153, 182, 182, 182, 182, 182, 182, 182, 182, 182, 497, 497, 497, 43, 43, 276, 70, 70, 65, 46, 46, 46, 428, 146, 146, 146, 146, 219, 219, 464, 464, 286, 374, 374, 374, 132, 337, 324, 324, 464, 464, 355, 355, 355, 355, 263, 263, 17, 320, 320, 320, 320, 320, 320, 320, 320, 320, 320, 320, 320, 320, 320, 320, 320, 320, 320, 320, 320, 320, 320, 320, 320, 320, 320, 320, 320, 320, 320, 320, 320, 320, 320, 320, 320, 320, 320, 320, 320, 320, 320, 320, 320, 320, 320, 320, 320, 320, 320, 320, 320, 320, 320, 320, 320, 320, 320, 320, 320, 320, 320, 320, 320, 320, 320, 320, 320, 320, 320, 320, 320, 320, 320, 320, 320, 320, 320, 320, 320, 320, 320, 320, 320, 320, 320, 320, 320, 320, 320, 320, 320, 320, 320, 320, 320, 320, 320, 320, 320, 320, 320, 320, 320, 320, 320, 320, 320, 320, 320, 320, 320, 320, 320, 320, 320, 320, 320, 320, 320, 320, 320, 320, 320, 320, 320, 320]

ep25
Train step Loss: [0.00010268512414768338, 0.00017742060299497098, 9.948072693077847e-05, 8.012872422114015e-05, 7.508435373893008e-05, 0.0010595772182568908, 8.655505371280015e-05, 9.56264411797747e-05, 0.0009958125883713365, 7.88081088103354e-05, 8.241266186814755e-05, 0.000691457069478929, 7.847780943848193e-05, 7.467211980838329e-05, 9.805634908843786e-05, 0.0009515197016298771, 6.652915908489376e-05, 7.288872438948601e-05, 9.471036901231855e-05, 0.0006729929009452462, 7.908348925411701e-05, 7.920655480120331e-05, 6.85479462845251e-05, 6.410261994460598e-05, 6.2677645473741e-05, 9.621374192647636e-05, 0.00012511538807302713, 0.00010886244126595557, 0.0002084280422423035, 0.0008003772818483412, 0.0004127769498154521, 0.00016838499868754297, 6.550374382641166e-05, 6.012428639223799e-05, 0.000149567102198489, 0.00010267901234328747, 0.0008226042264141142, 0.0001250268251169473, 7.001939957262948e-05, 0.0002865428978111595, 6.3569430494681e-05, 0.0005112849758006632, 8.713736315257847e-05, 0.00010984542313963175, 7.126237323973328e-05, 7.699934940319508e-05, 5.2250812586862594e-05, 6.232332088984549e-05, 6.631574797211215e-05, 7.228171307360753e-05, 6.952877447474748e-05, 5.2323001000331715e-05, 5.477363811223768e-05, 7.809732051100582e-05, 6.713795301038772e-05, 5.6562741519883275e-05, 8.388783317059278e-05, 0.0012049621436744928, 5.3011583077022806e-05, 5.5565535149071366e-05, 6.599447078770027e-05, 4.8822177632246166e-05, 5.589283682638779e-05]
val step Loss: [0.011055821552872658, 0.012698818929493427, 0.018180152401328087, 0.004777101334184408, 0.00550915626809001, 0.0008897923398762941, 0.00548065360635519, 0.007085371762514114, 0.0036338134668767452, 0.003109909361228347, 9.393288928549737e-05, 0.0035157809033989906, 8.027401781873778e-05, 0.004387906286865473, 0.004100607242435217, 0.011482932604849339]
Train step Accs: [1.0, 1.0, 1.0, 1.0, 1.0, 0.9997105225068751, 1.0, 1.0, 0.999829001367989, 1.0, 1.0, 0.9998515880083111, 1.0, 1.0, 1.0, 0.999859865470852, 1.0, 1.0, 1.0, 0.9998680390604381, 1.0, 1.0, 1.0, 1.0, 1.0, 1.0, 1.0, 1.0, 1.0, 0.9998514998514999, 1.0, 1.0, 1.0, 1.0, 1.0, 1.0, 0.9998618593728416, 1.0, 1.0, 1.0, 1.0, 1.0, 1.0, 1.0, 1.0, 1.0, 1.0, 1.0, 1.0, 1.0, 1.0, 1.0, 1.0, 1.0, 1.0, 1.0, 1.0, 0.9997340779151709, 1.0, 1.0, 1.0, 1.0, 1.0]
val step Accs: [0.9989868287740629, 0.9988304093567252, 0.9982866933181039, 0.9995011846863698, 0.9994874423372629, 0.9998663280310119, 0.9995078134613018, 0.9993419320873914, 0.9992710307625018, 0.9997228765414993, 1.0, 0.9996941428352959, 1.0, 0.9996152366294728, 0.9996212599419265, 0.998928475756764]
Preds: [17, 17, 287, 287, 284, 284, 319, 450, 450, 450, 169, 169, 76, 76, 349, 234, 234, 234, 234, 234, 234, 261, 25, 106, 25, 106, 284, 428, 428, 330, 388, 388, 10, 10, 10, 309, 479, 398, 398, 324, 324, 422, 186, 162, 162, 232, 232, 172, 172, 115, 273, 267, 267, 267, 324, 324, 3, 3, 14, 14, 411, 188, 188, 171, 443, 443, 271, 178, 143, 96, 54, 232, 232, 86, 238, 6, 336, 336, 440, 145, 145, 145, 486, 486, 460, 468, 406, 406, 406, 42, 132, 32, 32, 32, 32, 239, 82, 310, 107, 107, 107, 395, 395, 286, 286, 264, 264, 264, 120, 120, 120, 120, 120, 207, 178, 178, 143, 233, 233, 170, 170, 170, 312, 312, 170, 170, 82, 170, 170, 187, 187, 187, 244, 2, 2, 2, 2, 244, 392, 316, 316, 392, 244, 73, 73, 73, 244, 287, 287, 100, 293, 293, 43, 43, 8, 129, 144, 208, 27, 346, 106, 174, 426, 319, 348, 348, 348, 199, 199, 250, 250, 98, 197, 129, 401, 7, 7, 217, 473, 109, 109, 313, 313, 406, 285, 337, 337, 337, 324, 340, 116, 94, 94, 199, 398, 340, 340, 116, 94, 94, 479, 331, 331, 138, 138, 138, 138, 138, 182, 497, 497, 43, 416, 32, 239, 208, 208, 27, 441, 346, 426, 426, 319, 348, 348, 94, 250, 250, 303, 375, 98, 98, 98, 13, 414, 414, 170, 170, 170, 170, 170, 28, 2, 2, 244, 2, 2, 2, 2, 2, 244, 244, 73, 73, 73, 73, 244, 320, 7, 70, 473, 106, 284, 405, 206, 206, 240, 385, 35, 82, 77, 270, 323, 323, 142, 397, 106, 153, 153, 153, 153, 387, 169, 349, 349, 349, 234, 234, 234, 261, 25, 25, 100, 100, 100, 302, 497, 497, 98, 98, 98, 197, 226, 226, 226, 226, 226, 442, 209, 287, 287, 284, 284, 284, 480, 480, 480, 480, 480, 480, 480, 480, 480, 282, 282, 282, 388, 388, 388, 388, 195, 195, 195, 250, 250, 250, 250, 250, 109, 109, 109, 403, 403, 403, 207, 207, 207, 252, 416, 32, 32, 239, 75, 131, 180, 106, 153, 153, 387, 349, 349, 349, 349, 234, 261, 261, 25, 148, 148, 148, 148, 153, 182, 182, 182, 182, 406, 132, 42, 42, 495, 134, 132, 132, 98, 98, 98, 98, 13, 13, 78, 78, 170, 170, 170, 170, 312, 187, 187, 187, 187, 391, 391, 392, 392, 73, 73, 73, 244, 310, 310, 323, 323, 323, 323, 273, 106, 106, 153, 153, 153, 182, 182, 182, 182, 182, 182, 182, 182, 182, 182, 182, 345, 122, 122, 236, 129, 129, 82, 75, 310, 310, 323, 323, 273, 106, 106, 106, 100, 375, 98, 98, 98, 98, 17, 320, 320, 320, 320, 320, 320, 320, 320, 320, 320, 320, 320, 320, 320, 320, 320, 320, 320, 320, 320, 320, 320, 320, 320, 320, 320, 320, 320, 320, 320, 320, 320, 320, 320, 320, 320, 320, 320, 320, 320, 320, 320, 320, 320, 320, 320, 320, 320, 320, 320, 320, 320, 320, 320, 320, 320, 320, 320, 320, 320, 320, 320, 320, 320, 320, 320, 320, 320, 320, 320, 320, 320, 320, 320, 320, 320, 320, 320, 320, 320, 320, 320, 320, 320, 320, 320, 320, 320, 320, 320, 320, 320, 320, 320, 320, 320, 320, 320, 320, 320, 320, 320, 320, 320, 320, 320, 320, 320, 320, 320, 320, 320, 320, 320, 320, 320, 320, 320, 320, 320, 320, 320, 320, 320, 320, 320, 320, 320, 320, 320, 320, 320, 320, 320, 320, 320, 320, 320, 320, 320, 320, 320, 320, 320, 320]

ep26
Train step Loss: [5.416984640760347e-05, 4.644252476282418e-05, 4.518178684520535e-05, 4.82990981254261e-05, 0.00011376381007721648, 5.1155220717191696e-05, 5.8793561038328335e-05, 5.9588495787465945e-05, 4.8278438043780625e-05, 4.802256080438383e-05, 5.4884771088836715e-05, 5.368375786929391e-05, 0.00014257998554967344, 0.0012320218374952674, 4.364601045381278e-05, 4.917798287351616e-05, 0.0003227359848096967, 6.992842099862173e-05, 4.9154656153405085e-05, 5.8297642681282014e-05, 0.00022367254132404923, 4.621418338501826e-05, 4.61175040982198e-05, 0.000353069044649601, 5.02586190123111e-05, 3.618576374719851e-05, 4.5687058445764706e-05, 0.001374043757095933, 0.0014111079508438706, 4.50943989562802e-05, 5.905496800551191e-05, 5.4014770284993574e-05, 4.330695446697064e-05, 3.8738304283469915e-05, 4.0563820220995694e-05, 4.15604081354104e-05, 3.8292222598101944e-05, 0.0010415730066597462, 0.0002276049053762108, 4.2829749872907996e-05, 4.2058829421876e-05, 0.00010287603072356433, 4.150204767938703e-05, 4.114472176297568e-05, 3.840927092824131e-05, 4.177361915935762e-05, 4.5696029701502994e-05, 4.063095911988057e-05, 4.514276224654168e-05, 3.092820770689286e-05, 4.1085393604589626e-05, 5.086150486022234e-05, 9.326548024546355e-05, 8.69353607413359e-05, 0.0008083562715910375, 3.559587639756501e-05, 3.1426177883986384e-05, 3.438859130255878e-05, 3.156534512527287e-05, 2.9848872145521455e-05, 3.195493627572432e-05, 0.0006695113843306899, 4.7139707021415234e-05]
val step Loss: [0.003215440083295107, 0.003267503809183836, 0.014017410576343536, 0.011622646823525429, 0.0030347444117069244, 0.005613585468381643, 0.0007091556908562779, 0.0006064636399969459, 5.742405483033508e-05, 0.008238730952143669, 0.004708379972726107, 0.026773110032081604, 0.009467978030443192, 7.004359940765426e-05, 0.0032753280829638243, 0.00010349520744057372]
Train step Accs: [1.0, 1.0, 1.0, 1.0, 1.0, 1.0, 1.0, 1.0, 1.0, 1.0, 1.0, 1.0, 1.0, 0.9996883278790712, 1.0, 1.0, 1.0, 1.0, 1.0, 1.0, 1.0, 1.0, 1.0, 1.0, 1.0, 1.0, 1.0, 0.99970001499925, 0.9997021593447506, 1.0, 1.0, 1.0, 1.0, 1.0, 1.0, 1.0, 1.0, 0.9996987498117186, 1.0, 1.0, 1.0, 1.0, 1.0, 1.0, 1.0, 1.0, 1.0, 1.0, 1.0, 1.0, 1.0, 1.0, 1.0, 1.0, 0.999822032390105, 1.0, 1.0, 1.0, 1.0, 1.0, 1.0, 0.999842321034374, 1.0]
val step Accs: [0.9997307122660563, 0.9997018040852841, 0.9987186788154897, 0.9989422186962845, 0.9993569958847737, 0.9994844696481505, 0.9998652835780681, 0.9998717126363054, 1.0, 0.9992592592592593, 0.9995876855415063, 0.9975050678309684, 0.9991394148020654, 1.0, 0.9997193770169777, 1.0]
Preds: [17, 17, 17, 251, 251, 241, 331, 443, 443, 432, 330, 330, 330, 360, 200, 434, 434, 324, 324, 324, 324, 324, 301, 301, 303, 303, 303, 309, 479, 479, 331, 331, 106, 284, 284, 284, 284, 426, 426, 426, 375, 98, 98, 98, 263, 13, 13, 82, 82, 170, 170, 392, 392, 392, 63, 63, 63, 63, 63, 63, 63, 63, 63, 63, 63, 63, 63, 63, 73, 244, 289, 289, 20, 320, 241, 431, 486, 486, 460, 460, 169, 150, 35, 77, 164, 224, 494, 494, 422, 186, 99, 99, 338, 338, 338, 338, 400, 400, 400, 444, 213, 324, 246, 246, 246, 246, 422, 99, 99, 338, 338, 338, 400, 400, 400, 485, 374, 374, 374, 132, 132, 345, 132, 132, 497, 122, 122, 129, 401, 401, 401, 82, 259, 354, 74, 420, 420, 324, 324, 301, 301, 239, 196, 309, 217, 473, 398, 398, 324, 324, 252, 252, 143, 36, 36, 310, 107, 107, 107, 395, 41, 41, 19, 19, 454, 454, 454, 237, 237, 237, 237, 237, 237, 237, 237, 170, 20, 170, 392, 392, 392, 392, 392, 392, 392, 392, 392, 392, 392, 73, 73, 289, 321, 209, 287, 287, 145, 486, 460, 460, 167, 215, 35, 401, 320, 196, 473, 473, 429, 324, 324, 324, 143, 143, 129, 401, 401, 82, 445, 445, 445, 445, 485, 485, 374, 374, 132, 132, 132, 122, 196, 10, 64, 473, 398, 324, 301, 301, 129, 129, 259, 196, 196, 70, 65, 46, 46, 46, 85, 146, 146, 146, 324, 324, 422, 99, 99, 338, 338, 338, 400, 400, 400, 485, 374, 374, 374, 132, 88, 182, 182, 182, 182, 497, 497, 43, 122, 122, 197, 259, 188, 188, 324, 301, 301, 8, 217, 70, 70, 276, 138, 174, 174, 319, 348, 94, 251, 251, 241, 431, 486, 486, 486, 85, 264, 468, 468, 468, 467, 467, 499, 486, 460, 167, 167, 169, 150, 342, 68, 68, 68, 68, 68, 336, 115, 267, 444, 444, 213, 213, 246, 246, 3, 14, 188, 188, 188, 171, 171, 171, 37, 385, 233, 36, 270, 433, 68, 68, 68, 97, 336, 321, 209, 287, 287, 284, 284, 284, 306, 306, 59, 59, 59, 452, 452, 452, 263, 17, 17, 320, 320, 320, 320, 320, 320, 320, 320, 320, 320, 320, 320, 320, 320, 320, 320, 320, 320, 320, 320, 320, 320, 320, 320, 320, 320, 320, 320, 320, 320, 320, 320, 320, 320, 320, 320, 320, 320, 320, 320, 320, 320, 320, 320, 320, 320, 320, 320, 320, 320, 320, 320, 320, 320, 320, 320, 320, 320, 320, 320, 320, 320, 320, 320, 320, 320, 320, 320, 320, 320, 320, 320, 320, 320, 320, 320, 320, 320, 320, 320, 320, 320, 320, 320, 320, 320, 320, 320, 320, 320, 320, 320, 320, 320, 320, 320, 320, 320, 320, 320, 320, 320, 320, 320, 320, 320, 320, 320, 320, 320, 320, 320, 320, 320, 320, 320, 320, 320, 320, 320, 320, 320, 320, 320, 320, 320, 320, 320, 320, 320, 320, 320, 320, 320, 320, 320, 320, 320, 320, 320, 320, 320, 320, 320, 320, 320, 320, 320, 320, 320, 320, 320, 320, 320, 320, 320, 320, 320, 320, 320, 320, 320, 320, 320, 320, 320, 320, 320, 320, 320, 320, 320, 320, 320, 320, 320, 320, 320, 320, 320, 320, 320, 320, 320, 320, 320, 320, 320, 320, 320, 320, 320, 320, 320, 320, 320, 320, 320, 320, 320, 320, 320, 320, 320, 320, 320, 320, 320, 320, 320, 320, 320, 320, 320, 320, 320, 320, 320, 320, 320, 320, 320, 320, 320, 320, 320, 320, 320, 320, 320, 320]

