ep1
Train step Loss: [6.216244220733643, 6.211872100830078, 6.209057331085205, 6.203915119171143, 6.194465637207031, 6.1943769454956055, 6.1834001541137695, 6.178496837615967, 6.17608118057251, 6.169646263122559, 6.161181449890137, 6.1466779708862305, 6.128224849700928, 6.108157157897949, 6.10931921005249, 6.095534801483154, 6.088424205780029, 6.04937744140625, 6.033670902252197, 6.028643608093262, 6.021877765655518, 5.978940486907959, 5.9644012451171875, 5.941446304321289, 5.91007137298584, 5.888236045837402, 5.86035680770874, 5.824437141418457, 5.82620906829834, 5.789500713348389, 5.7233428955078125, 5.736728668212891, 5.739010334014893, 5.69427490234375, 5.7063117027282715, 5.665689468383789, 5.645317554473877, 5.604135036468506, 5.644282817840576, 5.624292850494385, 5.604406833648682, 5.597212791442871, 5.501071929931641, 5.514168739318848, 5.599173545837402, 5.533012390136719, 5.5218963623046875, 5.52832555770874, 5.5021071434021, 5.6023850440979, 5.445079803466797, 5.562222957611084, 5.497683525085449, 5.437314510345459, 5.489180564880371, 5.477647304534912, 5.424436092376709, 5.425075054168701, 5.502427577972412, 5.375478267669678, 5.501885414123535, 5.473299026489258, 5.407811641693115]
val step Loss: [5.708806037902832, 5.612061023712158, 5.6351776123046875, 5.684380531311035, 5.651156902313232, 5.672521591186523, 5.639766693115234, 5.64387845993042, 5.752239227294922, 5.6324896812438965, 5.725864887237549, 5.64511251449585, 5.667154312133789, 5.635468482971191, 5.651148796081543, 5.728471755981445]
Train step Accs: [0.005711249833975296, 0.004202988792029888, 0.01080680977054034, 0.035052377115229655, 0.052262855541544063, 0.031498297389330306, 0.04677754677754678, 0.02930232558139535, 0.02462292123243522, 0.03559925411086625, 0.0433825840930525, 0.03297644539614561, 0.028473049927161966, 0.05043362241494329, 0.023918647951876253, 0.03221895028581327, 0.026048284625158832, 0.03910191725529768, 0.03374777975133215, 0.035954168312919796, 0.024126586244712516, 0.03257942918686053, 0.027788649706457925, 0.027201346045989904, 0.02919203099059214, 0.029146537842190016, 0.03490423387096774, 0.049508043104794626, 0.03693887692562531, 0.030332544872686797, 0.0628722700198544, 0.03285787060621498, 0.02407566638005159, 0.053145647802355644, 0.04016521862982481, 0.03653460767689225, 0.0432550178932628, 0.05055469737396433, 0.028929188255613126, 0.022111582955044663, 0.03, 0.026629509211952316, 0.054917692626919354, 0.05053661187338677, 0.028140229523659802, 0.03819759160947818, 0.03635526921306949, 0.03413709021945272, 0.03654850233580654, 0.024193548387096774, 0.04461457233368532, 0.022029778182923124, 0.036851683348498636, 0.04334455996485576, 0.03683083511777302, 0.02291448255204433, 0.047187880898485114, 0.0337546468401487, 0.02507462686567164, 0.05188536953242836, 0.023507355062013267, 0.030918881361820392, 0.031071655041217502]
val step Accs: [0.007415931466564378, 0.011725067385444744, 0.0075570411277430605, 0.005523408732246186, 0.019063896923481462, 0.018710493046776234, 0.016308568470100957, 0.0015727766657134686, 0.0010464355788096795, 0.01238390092879257, 0.005626344530862155, 0.02033476276110112, 0.007147673634524612, 0.020533095268460654, 0.011216963736939152, 0.010717896865520727]
Preds: [63, 63, 63, 63, 63, 63, 63, 63, 63, 63, 63, 63, 63, 63, 63, 63, 63, 63, 63, 63, 63, 63, 63, 63, 63, 63, 63, 63, 63, 63, 63, 63, 63, 63, 63, 63, 63, 63, 63, 63, 63, 63, 63, 63, 63, 63, 63, 63, 63, 63, 63, 63, 63, 63, 63, 63, 63, 63, 63, 63, 63, 63, 63, 63, 63, 63, 63, 63, 63, 63, 63, 63, 63, 63, 63, 63, 63, 63, 63, 63, 63, 63, 63, 63, 63, 63, 63, 63, 63, 63, 63, 63, 63, 63, 63, 63, 63, 63, 63, 63, 63, 63, 63, 63, 63, 63, 63, 63, 63, 63, 63, 63, 63, 63, 63, 63, 63, 63, 63, 63, 63, 63, 63, 63, 63, 63, 63, 63, 63, 63, 63, 63, 63, 63, 63, 63, 63, 63, 63, 63, 63, 63, 63, 63, 63, 63, 63, 63, 63, 63, 63, 63, 63, 63, 63, 63, 63, 63, 63, 63, 63, 63, 63, 63, 63, 63, 63, 63, 63, 63, 63, 63, 63, 63, 63, 63, 63, 63, 63, 63, 63, 63, 63, 63, 63, 63, 63, 63, 63, 63, 63, 63, 63, 63, 63, 63, 63, 63, 63, 63, 63, 63, 63, 63, 63, 63, 63, 63, 63, 63, 63, 63, 63, 63, 63, 63, 63, 63, 63, 63, 63, 63, 63, 63, 63, 63, 63, 63, 63, 63, 63, 63, 63, 63, 63, 63, 63, 63, 63, 63, 63, 63, 63, 63, 63, 63, 63, 63, 63, 63, 63, 63, 63, 63, 63, 63, 63, 63, 63, 63, 63, 63, 63, 63, 63, 63, 63, 63, 63, 63, 63, 63, 63, 63, 63, 63, 63, 63, 63, 63, 63, 63, 63, 63, 63, 63, 63, 63, 63, 63, 63, 63, 63, 63, 63, 63, 63, 63, 63, 63, 63, 63, 63, 63, 63, 63, 63, 63, 63, 63, 63, 63, 63, 63, 63, 63, 63, 63, 63, 63, 63, 63, 63, 63, 63, 63, 63, 63, 63, 63, 63, 63, 63, 63, 63, 63, 63, 63, 63, 63, 63, 63, 63, 63, 63, 63, 63, 63, 63, 63, 63, 63, 63, 63, 63, 63, 63, 63, 63, 63, 63, 63, 63, 63, 63, 63, 63, 63, 63, 63, 63, 63, 63, 63, 63, 63, 63, 63, 63, 63, 63, 63, 63, 63, 63, 63, 63, 63, 63, 63, 63, 63, 63, 63, 63, 63, 63, 63, 63, 63, 63, 63, 63, 63, 63, 63, 63, 63, 63, 63, 63, 63, 63, 63, 63, 63, 63, 63, 63, 63, 63, 63, 63, 63, 63, 63, 63, 63, 63, 63, 63, 63, 63, 63, 63, 63, 63, 63, 63, 63, 63, 63, 63, 63, 63, 63, 63, 63, 63, 63, 63, 63, 63, 63, 63, 63, 63, 63, 63, 63, 63, 63, 63, 63, 63, 63, 63, 63, 63, 63, 63, 63, 63, 63, 63, 63, 63, 63, 63, 63, 63, 63, 63, 63, 63, 63, 63, 63, 63, 63, 63, 63, 63, 63, 63, 63, 63, 63, 63, 63, 63, 63, 63, 63, 63, 63, 63, 63, 63, 63, 63, 63, 63, 63, 63, 63, 63, 63, 63, 63, 63, 63, 63, 63, 63, 63, 63, 63, 63, 63, 63, 63, 63, 63, 63, 63, 63, 63, 63, 63, 63, 63, 63, 63, 63, 63, 63, 63, 63, 63, 63, 63, 63, 63, 63, 63, 63, 63, 63, 63, 63, 63, 63, 63, 63, 63, 63, 63, 63, 63, 63, 63, 63, 63, 63, 63, 63, 63, 63, 63, 63, 63, 63, 63, 63, 63, 63, 63, 63, 63, 63, 63, 63, 63, 63, 63, 63, 63, 63, 63]

ep2
Train step Loss: [5.405920028686523, 5.49179220199585, 5.4564714431762695, 5.412074089050293, 5.351332664489746, 5.398340702056885, 5.358237266540527, 5.410238742828369, 5.456974506378174, 5.426625728607178, 5.391239166259766, 5.414358139038086, 5.3954010009765625, 5.419336795806885, 5.423952102661133, 5.3997602462768555, 5.447226047515869, 5.40847110748291, 5.392823696136475, 5.408263683319092, 5.490548610687256, 5.414011478424072, 5.412684440612793, 5.438745498657227, 5.3838348388671875, 5.429833889007568, 5.403756618499756, 5.382654666900635, 5.4012885093688965, 5.383584499359131, 5.281305313110352, 5.369489669799805, 5.404759883880615, 5.366720676422119, 5.4036993980407715, 5.37786865234375, 5.417267799377441, 5.388639450073242, 5.4170989990234375, 5.4155449867248535, 5.418351173400879, 5.408346176147461, 5.338347434997559, 5.363524913787842, 5.4573974609375, 5.395466327667236, 5.400851249694824, 5.411582946777344, 5.382295608520508, 5.505444526672363, 5.368072509765625, 5.4653096199035645, 5.417786121368408, 5.366204738616943, 5.408416748046875, 5.409290790557861, 5.368556976318359, 5.358041286468506, 5.4427595138549805, 5.320657253265381, 5.445578575134277, 5.429304599761963, 5.359453201293945]
val step Loss: [5.672830581665039, 5.57292366027832, 5.588660717010498, 5.6389055252075195, 5.600337028503418, 5.626577854156494, 5.5930657386779785, 5.598572254180908, 5.711416721343994, 5.591862678527832, 5.687716960906982, 5.603719711303711, 5.620012283325195, 5.58627462387085, 5.612044811248779, 5.684039115905762]
Train step Accs: [0.028423429406295657, 0.022571606475716065, 0.01628423390081421, 0.0351866774106903, 0.06066974919433936, 0.03064699205448354, 0.04351054351054351, 0.02930232558139535, 0.02462292123243522, 0.03559925411086625, 0.0433825840930525, 0.03297644539614561, 0.028473049927161966, 0.05043362241494329, 0.023918647951876253, 0.03221895028581327, 0.026048284625158832, 0.03910191725529768, 0.03374777975133215, 0.035954168312919796, 0.024126586244712516, 0.03257942918686053, 0.027788649706457925, 0.027201346045989904, 0.02919203099059214, 0.029146537842190016, 0.03490423387096774, 0.049508043104794626, 0.03693887692562531, 0.030332544872686797, 0.0628722700198544, 0.03285787060621498, 0.02407566638005159, 0.053145647802355644, 0.04016521862982481, 0.03653460767689225, 0.0432550178932628, 0.05055469737396433, 0.028929188255613126, 0.022111582955044663, 0.03, 0.026629509211952316, 0.054917692626919354, 0.05053661187338677, 0.028140229523659802, 0.03819759160947818, 0.03635526921306949, 0.03413709021945272, 0.03654850233580654, 0.024193548387096774, 0.04461457233368532, 0.022029778182923124, 0.036851683348498636, 0.04334455996485576, 0.03683083511777302, 0.02291448255204433, 0.047187880898485114, 0.0337546468401487, 0.02507462686567164, 0.05188536953242836, 0.023507355062013267, 0.030918881361820392, 0.032339885859226376]
val step Accs: [0.009078123002173635, 0.01293800539083558, 0.00886499055369859, 0.006838506049447659, 0.02011569813305285, 0.019342604298356512, 0.017344033134869274, 0.0027166142407778096, 0.001962066710268149, 0.013415892672858616, 0.006784709581333774, 0.021441416516807303, 0.007687120701281187, 0.021425838541002423, 0.011677934849416103, 0.011526794742163803]
Preds: [17, 63, 63, 63, 63, 63, 63, 63, 63, 63, 63, 63, 63, 63, 63, 63, 63, 63, 63, 63, 63, 63, 63, 63, 63, 63, 63, 63, 63, 63, 63, 63, 63, 63, 63, 63, 63, 63, 63, 63, 63, 63, 63, 63, 63, 63, 63, 63, 63, 63, 63, 63, 63, 63, 63, 63, 63, 63, 63, 63, 63, 63, 63, 63, 63, 63, 63, 63, 63, 63, 63, 63, 63, 63, 63, 63, 63, 63, 63, 63, 63, 63, 63, 63, 63, 63, 63, 63, 63, 63, 63, 63, 63, 63, 63, 63, 63, 63, 63, 63, 63, 63, 63, 63, 63, 63, 63, 63, 63, 63, 63, 63, 63, 63, 63, 63, 63, 63, 63, 63, 63, 63, 63, 63, 63, 63, 63, 63, 63, 63, 63, 63, 63, 63, 63, 63, 63, 63, 63, 63, 63, 63, 63, 63, 63, 63, 63, 63, 63, 63, 63, 63, 63, 63, 63, 63, 63, 63, 63, 63, 63, 63, 63, 63, 63, 63, 63, 63, 63, 63, 63, 63, 63, 63, 63, 63, 63, 63, 63, 63, 63, 63, 63, 63, 63, 63, 63, 63, 63, 63, 63, 63, 63, 63, 63, 63, 63, 63, 63, 63, 63, 63, 63, 63, 63, 63, 63, 63, 63, 63, 63, 63, 63, 63, 63, 63, 63, 63, 63, 63, 63, 63, 63, 63, 63, 63, 63, 63, 63, 63, 63, 63, 63, 63, 63, 63, 63, 63, 63, 63, 63, 63, 63, 63, 63, 63, 63, 63, 63, 63, 63, 63, 63, 63, 63, 63, 63, 63, 63, 63, 63, 63, 63, 63, 63, 63, 63, 63, 63, 63, 63, 63, 63, 63, 63, 63, 63, 63, 63, 63, 63, 63, 63, 63, 63, 63, 63, 63, 63, 63, 63, 63, 63, 63, 63, 63, 63, 63, 63, 63, 63, 63, 63, 63, 63, 63, 63, 63, 63, 63, 63, 63, 63, 63, 63, 63, 63, 63, 63, 63, 63, 63, 63, 63, 63, 63, 63, 63, 63, 63, 63, 63, 63, 63, 63, 63, 63, 63, 63, 63, 63, 63, 63, 63, 63, 63, 63, 63, 63, 63, 63, 63, 63, 63, 63, 63, 63, 63, 63, 63, 63, 63, 63, 63, 63, 63, 63, 63, 63, 63, 63, 63, 63, 63, 63, 63, 63, 63, 63, 63, 63, 63, 63, 63, 63, 63, 63, 63, 63, 63, 63, 63, 63, 63, 63, 63, 63, 63, 63, 63, 63, 63, 63, 63, 63, 63, 63, 63, 63, 63, 63, 63, 63, 63, 63, 63, 63, 63, 63, 63, 63, 63, 63, 63, 63, 63, 63, 63, 63, 63, 63, 63, 63, 63, 63, 63, 63, 63, 63, 63, 63, 63, 63, 63, 63, 63, 63, 63, 63, 63, 63, 63, 63, 63, 63, 63, 63, 63, 63, 63, 63, 63, 63, 63, 63, 63, 63, 63, 63, 63, 63, 63, 63, 63, 63, 63, 63, 63, 63, 63, 63, 63, 63, 63, 63, 63, 63, 63, 63, 63, 63, 63, 63, 63, 63, 63, 63, 63, 63, 63, 63, 63, 63, 63, 63, 63, 63, 63, 63, 63, 63, 63, 63, 63, 63, 63, 63, 63, 63, 63, 63, 63, 63, 63, 63, 63, 63, 63, 63, 63, 63, 63, 63, 63, 63, 63, 63, 63, 63, 63, 63, 63, 63, 63, 63, 63, 63, 63, 63, 63, 63, 63, 63, 63, 63, 63, 63, 63, 63, 63, 63, 63, 63, 63, 63, 63, 63, 63, 63, 63, 63, 63, 63, 63, 63, 63, 63, 63, 63, 63, 63, 63, 63, 63, 63, 63, 63, 63, 63, 63, 63, 63, 63, 63, 63, 63, 63, 63, 63, 63]

ep3
Train step Loss: [5.396366119384766, 5.4074387550354, 5.450276851654053, 5.33749532699585, 5.402523994445801, 5.3673272132873535, 5.3580451011657715, 5.396358489990234, 5.428205490112305, 5.3873291015625, 5.425660610198975, 5.430452823638916, 5.331162929534912, 5.390444278717041, 5.423053741455078, 5.379826545715332, 5.346695899963379, 5.454370021820068, 5.3769917488098145, 5.412874698638916, 5.428817272186279, 5.374631881713867, 5.396972179412842, 5.331533908843994, 5.391698360443115, 5.351825714111328, 5.329017639160156, 5.323745250701904, 5.378465175628662, 5.39670991897583, 5.376977443695068, 5.37648344039917, 5.397352695465088, 5.345668792724609, 5.386569976806641, 5.385618209838867, 5.42442512512207, 5.418083190917969, 5.385791301727295, 5.38348388671875, 5.3859477043151855, 5.408603191375732, 5.363410949707031, 5.328011989593506, 5.351227760314941, 5.4598822593688965, 5.3689494132995605, 5.365596294403076, 5.367664813995361, 5.357676029205322, 5.350843906402588, 5.426858901977539, 5.424396514892578, 5.4342474937438965, 5.358224391937256, 5.368292808532715, 5.387124538421631, 5.451128959655762, 5.309911727905273, 5.327090263366699, 5.417917251586914, 5.321934700012207, 5.439601898193359]
val step Loss: [5.644036293029785, 5.639279365539551, 5.648347854614258, 5.622345447540283, 5.672298908233643, 5.564480781555176, 5.651336669921875, 5.662660121917725, 5.679904460906982, 5.647138595581055, 5.629270076751709, 5.605112075805664, 5.5970025062561035, 5.592869758605957, 5.5628204345703125, 5.587310791015625]
Train step Accs: [0.026185844680532696, 0.026469390525315595, 0.031918142944410505, 0.05826155050900548, 0.02337334175615919, 0.05651302605210421, 0.04305705059203445, 0.023675762439807384, 0.019508057675996608, 0.036151689538143725, 0.027462257368799425, 0.023742580443611373, 0.048162230671736375, 0.031245479531317805, 0.03331852509995557, 0.040308954863625394, 0.03864734299516908, 0.015154248601840158, 0.05378973105134474, 0.03388776620550288, 0.02561408117693419, 0.03630907726931733, 0.026764333004648543, 0.04134029590948651, 0.029661607018521097, 0.048034934497816595, 0.06635268042665189, 0.046553144740455916, 0.04444105070250458, 0.04474053295932679, 0.02869846402586904, 0.04327645051194539, 0.03591624637016659, 0.0540439806187104, 0.04231927710843374, 0.05023196288593825, 0.033836858006042296, 0.03467446964155084, 0.045185505991049514, 0.03733852415501681, 0.041870071348103645, 0.0387511766551616, 0.03116073747078681, 0.05203276699029126, 0.047762832830085096, 0.017303822937625755, 0.04558011049723757, 0.03851463279955825, 0.030074191838897722, 0.055075915451027094, 0.0393204548568297, 0.03129470672389127, 0.03306681122103266, 0.02690863579474343, 0.04281949934123847, 0.06274445893089961, 0.03751233958538993, 0.020225464190981434, 0.07162610619469026, 0.04281834158811312, 0.033553025763930495, 0.036976778583049846, 0.02710753649091451]
val step Accs: [0.006508533410471507, 0.016303583977512297, 0.009872531867033242, 0.00842548709847288, 0.009128191559730122, 0.026833631484794274, 0.010363373999737637, 0.017055655296229804, 0.009148486980999296, 0.014119705110583532, 0.011241446725317693, 0.018810087780409643, 0.02758514408999846, 0.01820114255347416, 0.014433302947432392, 0.023415421881308032]
Preds: [17, 17, 17, 63, 63, 63, 63, 63, 63, 63, 63, 63, 63, 63, 63, 63, 63, 63, 63, 63, 63, 63, 63, 63, 63, 63, 63, 63, 63, 63, 63, 63, 63, 63, 63, 63, 63, 63, 63, 63, 63, 63, 63, 63, 63, 63, 63, 63, 63, 63, 63, 63, 63, 63, 63, 63, 63, 63, 63, 63, 63, 63, 63, 63, 63, 63, 63, 63, 63, 63, 63, 63, 63, 63, 63, 63, 63, 63, 63, 63, 63, 63, 63, 63, 63, 63, 63, 63, 63, 63, 63, 63, 63, 63, 63, 63, 63, 63, 63, 63, 63, 63, 63, 63, 63, 63, 63, 63, 63, 63, 63, 63, 63, 63, 63, 63, 63, 63, 63, 63, 63, 63, 63, 63, 63, 63, 63, 63, 63, 63, 63, 63, 63, 63, 63, 63, 63, 63, 63, 63, 63, 63, 63, 63, 63, 63, 63, 63, 63, 63, 63, 63, 63, 63, 63, 63, 63, 63, 63, 63, 63, 63, 63, 63, 63, 63, 63, 63, 63, 63, 63, 63, 63, 63, 63, 63, 63, 63, 63, 63, 63, 63, 63, 63, 63, 63, 63, 63, 63, 63, 63, 63, 63, 63, 63, 63, 63, 63, 63, 63, 63, 63, 63, 63, 63, 63, 63, 63, 63, 63, 63, 63, 63, 63, 63, 63, 63, 63, 63, 63, 63, 63, 63, 63, 63, 63, 63, 63, 63, 63, 63, 63, 63, 63, 63, 63, 63, 63, 63, 63, 63, 63, 63, 63, 63, 63, 63, 63, 63, 63, 63, 63, 63, 63, 63, 63, 63, 63, 63, 63, 63, 63, 63, 63, 63, 63, 63, 63, 63, 63, 63, 63, 63, 63, 63, 63, 63, 63, 63, 63, 63, 63, 63, 63, 63, 63, 63, 63, 63, 63, 63, 63, 63, 63, 63, 63, 63, 63, 63, 63, 63, 63, 63, 63, 63, 63, 63, 63, 63, 63, 63, 63, 63, 63, 63, 63, 63, 63, 63, 63, 63, 63, 63, 63, 63, 63, 63, 63, 63, 63, 63, 63, 63, 63, 63, 63, 63, 63, 63, 63, 63, 63, 63, 63, 63, 63, 63, 63, 63, 63, 63, 63, 63, 63, 63, 63, 63, 63, 63, 63, 63, 63, 63, 63, 63, 63, 63, 63, 63, 63, 63, 63, 63, 63, 63, 63, 63, 63, 63, 63, 63, 63, 63, 63, 63, 63, 63, 63, 63, 63, 63, 63, 63, 63, 63, 63, 63, 63, 63, 63, 63, 63, 63, 63, 63, 63, 63, 63, 63, 63, 63, 63, 63, 63, 63, 63, 63, 63, 63, 63, 63, 63, 63, 63, 63, 63, 63, 63, 63, 63, 63, 63, 63, 63, 63, 63, 63, 63, 63, 63, 63, 63, 63, 63, 63, 63, 63, 63, 63, 63, 63, 63, 63, 63, 63, 63, 63, 63, 63, 63, 63, 63, 63, 63, 63, 63, 63, 63, 63, 63, 63, 63, 63, 63, 63, 63, 63, 63, 63, 63, 63, 63, 63, 63, 63, 63, 63, 63, 63, 63, 63, 63, 63, 63, 63, 63, 63, 63, 63, 63, 63, 63, 63, 63, 63, 63, 63, 63, 63, 63, 63, 63, 63, 63, 63, 63, 63, 63, 63, 63, 63, 63, 63, 63, 63, 63, 63, 63, 63, 63, 63, 63, 63, 63, 63, 63, 63, 63, 63, 63, 63, 63, 63, 63, 63, 63, 63, 63, 63, 63, 63, 63, 63, 63, 63, 63, 63, 63, 63, 63, 63, 63, 63, 63, 63, 63, 63, 63, 63, 63, 63, 63, 63, 63, 63, 63, 63, 63, 63, 63, 63, 63, 63, 63, 63, 63, 63, 63, 63, 63, 63, 63, 63, 63, 63, 63, 63, 63, 63, 63]

ep4
Train step Loss: [5.427193641662598, 5.307392597198486, 5.3345046043396, 5.353167533874512, 5.3812174797058105, 5.390005111694336, 5.4054741859436035, 5.401166915893555, 5.454523086547852, 5.416347503662109, 5.330777645111084, 5.403601169586182, 5.435452938079834, 5.382076263427734, 5.441320896148682, 5.401823043823242, 5.3090081214904785, 5.357685089111328, 5.44569206237793, 5.374979496002197, 5.332019329071045, 5.328511714935303, 5.350955009460449, 5.3949737548828125, 5.416719913482666, 5.395467281341553, 5.414707660675049, 5.3471856117248535, 5.328467845916748, 5.347606182098389, 5.310599327087402, 5.385470390319824, 5.392958164215088, 5.364647388458252, 5.391698837280273, 5.370821475982666, 5.4218878746032715, 5.337060928344727, 5.32811164855957, 5.353240013122559, 5.400687217712402, 5.357812881469727, 5.399862766265869, 5.423837661743164, 5.309020042419434, 5.340672969818115, 5.315655708312988, 5.355709075927734, 5.406546592712402, 5.36538553237915, 5.495349884033203, 5.368923187255859, 5.399775981903076, 5.33695125579834, 5.359523296356201, 5.369288444519043, 5.441750526428223, 5.352768898010254, 5.367993354797363, 5.417425155639648, 5.396520137786865, 5.34940767288208, 5.354991912841797]
val step Loss: [5.616605281829834, 5.566230297088623, 5.616467475891113, 5.586623191833496, 5.651127338409424, 5.627477645874023, 5.608885765075684, 5.563016891479492, 5.659101486206055, 5.63757848739624, 5.628059387207031, 5.641884803771973, 5.625541687011719, 5.5472517013549805, 5.619753360748291, 5.634576797485352]
Train step Accs: [0.03475382705833678, 0.05130989547984254, 0.037490029247540545, 0.05605979711692472, 0.033866118056654536, 0.04793063962048094, 0.0526137709355439, 0.029871754770096966, 0.03052140737600678, 0.023514502956913545, 0.05820938215102975, 0.03710119820990328, 0.026528413681659035, 0.03144820295983087, 0.022865853658536585, 0.033524904214559385, 0.06105077781039037, 0.042000262501640635, 0.032880902313133245, 0.03071895424836601, 0.039924231385691386, 0.06373176350140773, 0.049349484073575596, 0.04, 0.022563459730492008, 0.039212238438544045, 0.027125506072874495, 0.042819190498515396, 0.04119156214367161, 0.0443089430894309, 0.048849224988257396, 0.02977667493796526, 0.03089711417816813, 0.04756030701754386, 0.03964347479047493, 0.024966032608695652, 0.030709342560553632, 0.03434794750069813, 0.061943373654127346, 0.03345673933909228, 0.04057315233785822, 0.04432746917855659, 0.030295116218333768, 0.020512820512820513, 0.06127750611246944, 0.03928721762312334, 0.036157880209770905, 0.03266563944530046, 0.025075363113181693, 0.032551460028721876, 0.021557355631042593, 0.058128215825337226, 0.03709342560553633, 0.06661665416354089, 0.027313709891275524, 0.04318222540763304, 0.023087818696883852, 0.03653368405670028, 0.051098535286284955, 0.05001348072256673, 0.025592714711885695, 0.04341627786417833, 0.04485098849218058]
val step Accs: [0.015473343648895766, 0.021056613289622998, 0.018997156888084777, 0.01940686073527402, 0.008462211847096586, 0.009965057590267891, 0.006995003568879372, 0.031825037707390647, 0.005876303804906714, 0.015263781861292234, 0.014709644410335124, 0.008659049909801564, 0.011488250652741514, 0.014452955629426218, 0.015384615384615385, 0.022965879265091863]
Preds: [17, 17, 17, 17, 17, 63, 63, 63, 63, 63, 63, 63, 63, 63, 63, 63, 63, 63, 63, 63, 63, 63, 63, 63, 63, 63, 63, 63, 63, 63, 63, 63, 63, 63, 63, 63, 63, 63, 63, 63, 63, 63, 63, 63, 63, 63, 63, 63, 63, 63, 63, 63, 63, 63, 63, 63, 63, 63, 63, 63, 63, 63, 63, 63, 63, 63, 63, 63, 63, 63, 63, 63, 63, 63, 63, 63, 63, 63, 63, 63, 63, 63, 63, 63, 63, 63, 63, 63, 63, 63, 63, 63, 63, 63, 63, 63, 63, 63, 63, 63, 63, 63, 63, 63, 63, 63, 63, 63, 63, 63, 63, 63, 63, 63, 63, 63, 63, 63, 63, 63, 63, 63, 63, 63, 63, 63, 63, 63, 63, 63, 63, 63, 63, 63, 63, 63, 63, 63, 63, 63, 63, 63, 63, 63, 63, 63, 63, 63, 63, 63, 63, 63, 63, 63, 63, 63, 63, 63, 63, 63, 63, 63, 63, 63, 63, 63, 63, 63, 63, 63, 63, 63, 63, 63, 63, 63, 63, 63, 63, 63, 63, 63, 63, 63, 63, 63, 63, 63, 63, 63, 63, 63, 63, 63, 63, 63, 63, 63, 63, 63, 63, 63, 63, 63, 63, 63, 63, 63, 63, 63, 63, 63, 63, 63, 63, 63, 63, 63, 63, 63, 63, 63, 63, 63, 63, 63, 63, 63, 63, 63, 63, 63, 63, 63, 63, 63, 63, 63, 63, 63, 63, 63, 63, 63, 63, 63, 63, 63, 63, 63, 63, 63, 63, 63, 63, 63, 63, 63, 63, 63, 63, 63, 63, 63, 63, 63, 63, 63, 63, 63, 63, 63, 63, 63, 63, 63, 63, 63, 63, 63, 63, 63, 63, 63, 63, 63, 63, 63, 63, 63, 63, 63, 63, 63, 63, 63, 63, 63, 63, 63, 63, 63, 63, 63, 63, 63, 63, 63, 63, 63, 63, 63, 63, 63, 63, 63, 63, 63, 63, 63, 63, 63, 63, 63, 63, 63, 63, 63, 63, 63, 63, 63, 63, 63, 63, 63, 63, 63, 63, 63, 63, 63, 63, 63, 63, 63, 63, 63, 63, 63, 63, 63, 63, 63, 63, 63, 63, 63, 63, 63, 63, 63, 63, 63, 63, 63, 63, 63, 63, 63, 63, 63, 63, 63, 63, 63, 63, 63, 63, 63, 63, 63, 63, 63, 63, 63, 63, 63, 63, 63, 63, 63, 63, 63, 63, 63, 63, 63, 63, 63, 63, 63, 63, 63, 63, 63, 63, 63, 63, 63, 63, 63, 63, 63, 63, 63, 63, 63, 63, 63, 63, 63, 63, 63, 63, 63, 63, 63, 63, 63, 63, 63, 63, 63, 63, 63, 63, 63, 63, 63, 63, 63, 63, 63, 63, 63, 63, 63, 63, 63, 63, 63, 63, 63, 63, 63, 63, 63, 63, 63, 63, 63, 63, 63, 63, 63, 63, 63, 63, 63, 63, 63, 63, 63, 63, 63, 63, 63, 63, 63, 63, 63, 63, 63, 63, 63, 63, 63, 63, 63, 63, 63, 63, 63, 63, 63, 63, 63, 63, 63, 63, 63, 63, 63, 63, 63, 63, 63, 63, 63, 63, 63, 63, 63, 63, 63, 63, 63, 63, 63, 63, 63, 63, 63, 63, 63, 63, 63, 63, 63, 63, 63, 63, 63, 63, 63, 63, 63, 63, 63, 63, 63, 63, 63, 63, 63, 63, 63, 63, 63, 63, 63, 63, 63, 63, 63, 63, 63, 63, 63, 63, 63, 63, 63, 63, 63, 63, 63, 63, 63, 63, 63, 63, 63, 63, 63, 63, 63, 63, 63, 63, 63, 63, 63, 63, 63, 63, 63, 63, 63, 63, 63, 63, 63, 63, 63, 63, 63, 63, 63]

ep5
Train step Loss: [5.352533340454102, 5.367244243621826, 5.369571685791016, 5.3031816482543945, 5.358572959899902, 5.424643039703369, 5.337703704833984, 5.338248252868652, 5.3753252029418945, 5.324249267578125, 5.347275733947754, 5.302135467529297, 5.42303466796875, 5.332551002502441, 5.355715751647949, 5.426241397857666, 5.420039653778076, 5.341331481933594, 5.375875949859619, 5.302656650543213, 5.426252365112305, 5.343507289886475, 5.344603538513184, 5.40460729598999, 5.403677463531494, 5.364546775817871, 5.3838887214660645, 5.375863075256348, 5.36039400100708, 5.329885482788086, 5.377910614013672, 5.2763447761535645, 5.4167962074279785, 5.390922546386719, 5.352144718170166, 5.35454797744751, 5.377079010009766, 5.360726356506348, 5.418533802032471, 5.345775604248047, 5.440075397491455, 5.349399089813232, 5.355537414550781, 5.383486270904541, 5.3975982666015625, 5.337589263916016, 5.354523658752441, 5.371798515319824, 5.419354438781738, 5.349547863006592, 5.464572906494141, 5.348260402679443, 5.4028639793396, 5.404387474060059, 5.387679100036621, 5.431050777435303, 5.358895301818848, 5.401727199554443, 5.358495712280273, 5.38987922668457, 5.345820426940918, 5.384532928466797, 5.380999565124512]
val step Loss: [5.557368278503418, 5.631564617156982, 5.618427753448486, 5.632359027862549, 5.600573539733887, 5.67022180557251, 5.548738479614258, 5.596693515777588, 5.648035049438477, 5.624577522277832, 5.561555862426758, 5.619483947753906, 5.64105224609375, 5.618180274963379, 5.623477935791016, 5.5671820640563965]
Train step Accs: [0.04466989703210176, 0.02663115845539281, 0.04561511288588543, 0.04716862151595409, 0.05536187421559057, 0.03540073633531578, 0.0539293668469615, 0.037057991513437055, 0.02313141535347694, 0.05389302640487475, 0.03775948460987831, 0.053891396525783064, 0.03431728951577723, 0.0447459584295612, 0.033276784549132195, 0.02940790337403177, 0.028757668711656442, 0.043027395140071194, 0.035788676387047906, 0.048109460055907015, 0.020916493693118314, 0.03185224839400428, 0.033856188849200185, 0.03572496263079223, 0.041574849419714996, 0.05260504201680672, 0.03370643602136861, 0.04154302670623145, 0.03507327515231352, 0.06430155210643015, 0.037866969224223515, 0.04414022517911975, 0.020574787720444153, 0.033346944331019465, 0.051615939755255726, 0.03406813627254509, 0.028446389496717725, 0.03336480956877558, 0.026180698151950718, 0.052672710221944356, 0.0316473189607518, 0.02830046665663104, 0.039087513340448236, 0.050997489760866696, 0.030333097094259392, 0.05445462114904247, 0.029016371622520964, 0.040278853601859024, 0.03870775643888641, 0.04513102555807182, 0.02956806104373893, 0.04115349954941424, 0.02345505617977528, 0.03772796881525825, 0.04138109401267296, 0.03094928478543563, 0.06077636910207816, 0.0361074416556583, 0.03183361629881155, 0.05035553620664635, 0.03141172222890841, 0.05898251192368839, 0.035058430717863104]
val step Accs: [0.02843529050107593, 0.016725798276735936, 0.012168141592920354, 0.018110473890733475, 0.015254917703733441, 0.013353317890720806, 0.02665350444225074, 0.010050251256281407, 0.008633093525179856, 0.011761450117614501, 0.014660965180207697, 0.015404982549043206, 0.0184660839591284, 0.009400370317618574, 0.006084466714387974, 0.014699706005879883]
Preds: [17, 17, 17, 17, 17, 17, 17, 63, 63, 63, 63, 63, 63, 63, 63, 63, 63, 63, 63, 63, 63, 63, 63, 63, 63, 63, 63, 63, 63, 63, 63, 63, 63, 63, 63, 63, 63, 63, 63, 63, 63, 63, 63, 63, 63, 63, 63, 63, 63, 63, 63, 63, 63, 63, 63, 63, 63, 63, 63, 63, 63, 63, 63, 63, 63, 63, 63, 63, 63, 63, 63, 63, 63, 63, 63, 63, 63, 63, 63, 63, 63, 63, 63, 63, 63, 63, 63, 63, 63, 63, 63, 63, 63, 63, 63, 63, 63, 63, 63, 63, 63, 63, 63, 63, 63, 63, 63, 63, 63, 63, 63, 63, 63, 63, 63, 63, 63, 63, 63, 63, 63, 63, 63, 63, 63, 63, 63, 63, 63, 63, 63, 63, 63, 63, 63, 63, 63, 63, 63, 63, 63, 63, 63, 63, 63, 63, 63, 63, 63, 63, 63, 63, 63, 63, 63, 63, 63, 63, 63, 63, 63, 63, 63, 63, 63, 63, 63, 63, 63, 63, 63, 63, 63, 63, 63, 63, 63, 63, 63, 63, 63, 63, 63, 63, 63, 63, 63, 63, 63, 63, 63, 63, 63, 63, 63, 63, 63, 63, 63, 63, 63, 63, 63, 63, 63, 63, 63, 63, 63, 63, 63, 63, 63, 63, 63, 63, 63, 63, 63, 63, 63, 63, 63, 63, 63, 63, 63, 63, 63, 63, 63, 63, 63, 63, 63, 63, 63, 63, 63, 63, 63, 63, 63, 63, 63, 63, 63, 63, 63, 63, 63, 63, 63, 63, 63, 63, 63, 63, 63, 63, 63, 63, 63, 63, 63, 63, 63, 63, 63, 63, 63, 63, 63, 63, 63, 63, 63, 63, 63, 63, 63, 63, 63, 63, 63, 63, 63, 63, 63, 63, 63, 63, 63, 63, 63, 63, 63, 63, 63, 63, 63, 63, 63, 63, 63, 63, 63, 63, 63, 63, 63, 63, 63, 63, 63, 63, 63, 63, 63, 63, 63, 63, 63, 63, 63, 63, 63, 63, 63, 63, 63, 63, 63, 63, 63, 63, 63, 63, 63, 63, 63, 63, 63, 63, 63, 63, 63, 63, 63, 63, 63, 63, 63, 63, 63, 63, 63, 63, 63, 63, 63, 63, 63, 63, 63, 63, 63, 63, 63, 63, 63, 63, 63, 63, 63, 63, 63, 63, 63, 63, 63, 63, 63, 63, 63, 63, 63, 63, 63, 63, 63, 63, 63, 63, 63, 63, 63, 63, 63, 63, 63, 63, 63, 63, 63, 63, 63, 63, 63, 63, 63, 63, 63, 63, 63, 63, 63, 63, 63, 63, 63, 63, 63, 63, 63, 63, 63, 63, 63, 63, 63, 63, 63, 63, 63, 63, 63, 63, 63, 63, 63, 63, 63, 63, 63, 63, 63, 63, 63, 63, 63, 63, 63, 63, 63, 63, 63, 63, 63, 63, 63, 63, 63, 63, 63, 63, 63, 63, 63, 63, 63, 63, 63, 63, 63, 63, 63, 63, 63, 63, 63, 63, 63, 63, 63, 63, 63, 63, 63, 63, 63, 63, 63, 63, 63, 63, 63, 63, 63, 63, 63, 63, 63, 63, 63, 63, 63, 63, 63, 63, 63, 63, 63, 63, 63, 63, 63, 63, 63, 63, 63, 63, 63, 63, 63, 63, 63, 63, 63, 63, 63, 63, 63, 63, 63, 63, 63, 63, 63, 63, 63, 63, 63, 63, 63, 63, 63, 63, 63, 63, 63, 63, 63, 63, 63, 63, 63, 63, 63, 63, 63, 63, 63, 63, 63, 63, 63, 63, 63, 63, 63, 63, 63, 63, 63, 63, 63, 63, 63, 63, 63, 63, 63, 63, 63, 63, 63, 63, 63, 63, 63, 63, 63, 63, 63, 63, 63, 63, 63, 63]

ep6
Train step Loss: [5.355459213256836, 5.392419815063477, 5.413699150085449, 5.357418537139893, 5.361466884613037, 5.385360240936279, 5.400150299072266, 5.420627593994141, 5.335836887359619, 5.3620924949646, 5.356420516967773, 5.3275580406188965, 5.370628356933594, 5.332756042480469, 5.314671516418457, 5.324302673339844, 5.383742332458496, 5.378416538238525, 5.251720905303955, 5.354433059692383, 5.314816951751709, 5.401071548461914, 5.4044294357299805, 5.319840431213379, 5.389575958251953, 5.348031520843506, 5.359559059143066, 5.380993843078613, 5.381369590759277, 5.3802571296691895, 5.359768390655518, 5.4516825675964355, 5.365478992462158, 5.34506893157959, 5.357075214385986, 5.339229583740234, 5.350838661193848, 5.356605052947998, 5.473168849945068, 5.324726581573486, 5.346548557281494, 5.402017116546631, 5.401259899139404, 5.364190578460693, 5.359980583190918, 5.364048004150391, 5.400366306304932, 5.257181167602539, 5.310582637786865, 5.351950645446777, 5.28139591217041, 5.3840413093566895, 5.383842468261719, 5.381561756134033, 5.450881481170654, 5.420891761779785, 5.397376537322998, 5.348249435424805, 5.3814568519592285, 5.374110698699951, 5.347589492797852, 5.412385940551758, 5.408493518829346]
val step Loss: [5.627310752868652, 5.643631935119629, 5.679215908050537, 5.603544235229492, 5.572375297546387, 5.595983982086182, 5.5934739112854, 5.61551570892334, 5.63334321975708, 5.628282070159912, 5.568981170654297, 5.5931267738342285, 5.63883638381958, 5.589434623718262, 5.597038745880127, 5.583259582519531]
Train step Accs: [0.04997814366894944, 0.02588268392178928, 0.028645458471282567, 0.05443499392466586, 0.016427718040621268, 0.030231459612659425, 0.027954064672106378, 0.0439016849590354, 0.06154266958424508, 0.026116136562591187, 0.040226921093347086, 0.04052010885999395, 0.0325721961047683, 0.044631093544137024, 0.04434796092417429, 0.049406569141595365, 0.031310344827586205, 0.05336795038222991, 0.07491709375942117, 0.03732837528604119, 0.04031245640954108, 0.03596443965517242, 0.040548021035150844, 0.04578848453784384, 0.031078346342873663, 0.035044150110375274, 0.03780424650440187, 0.04168582375478927, 0.05220306513409962, 0.033050725678976864, 0.031015882529217862, 0.018142113220225096, 0.024311392732445362, 0.03630933668657655, 0.034681227863046046, 0.02781013395457193, 0.03937125748502994, 0.04257734885041158, 0.02494449523312002, 0.03505706964826462, 0.035480859010270774, 0.048223350253807105, 0.03408650742414461, 0.0443472829481574, 0.029786003470213998, 0.048242276670217625, 0.04070998208760788, 0.06261657340794032, 0.06212564424014487, 0.05238779747644146, 0.045553776742832196, 0.032909930715935336, 0.029278642149929278, 0.020691609977324263, 0.024311183144246355, 0.02969489313101648, 0.02137468566638726, 0.0659121171770972, 0.0326581880986026, 0.06217162872154115, 0.05920053972002024, 0.022336991607488702, 0.02542103590721322]
val step Accs: [0.02116991643454039, 0.007412898443291327, 0.012867647058823529, 0.016215491825247924, 0.021473627700979735, 0.013819938279887294, 0.017877234654331792, 0.019548108657019548, 0.007992283312663636, 0.00895909465990805, 0.024052674012362267, 0.010315269504576494, 0.014482081492390771, 0.022345552796845334, 0.005226220695833956, 0.011282523601197329]
Preds: [17, 17, 17, 17, 17, 63, 63, 63, 63, 63, 63, 63, 63, 63, 63, 63, 63, 63, 63, 63, 63, 63, 63, 63, 63, 63, 63, 63, 63, 63, 63, 63, 63, 63, 63, 63, 63, 63, 63, 63, 63, 63, 63, 63, 63, 63, 63, 63, 63, 63, 63, 63, 63, 63, 63, 63, 63, 63, 63, 63, 63, 63, 63, 63, 63, 63, 63, 63, 63, 63, 63, 63, 63, 63, 63, 63, 63, 63, 63, 63, 63, 63, 63, 63, 63, 63, 63, 63, 63, 63, 63, 63, 63, 63, 63, 63, 63, 63, 63, 63, 63, 63, 63, 63, 63, 63, 63, 63, 63, 63, 63, 63, 63, 63, 63, 63, 63, 63, 63, 63, 63, 63, 63, 63, 63, 63, 63, 63, 63, 63, 63, 63, 63, 63, 63, 63, 63, 63, 63, 63, 63, 63, 63, 63, 63, 63, 63, 63, 63, 63, 63, 63, 63, 63, 63, 63, 63, 63, 63, 63, 63, 63, 63, 63, 63, 63, 63, 63, 63, 63, 63, 63, 63, 63, 63, 63, 63, 63, 63, 63, 63, 63, 63, 63, 63, 63, 63, 63, 63, 63, 63, 63, 63, 63, 63, 63, 63, 63, 63, 63, 63, 63, 63, 63, 63, 63, 63, 63, 63, 63, 63, 63, 63, 63, 63, 63, 63, 63, 63, 63, 63, 63, 63, 63, 63, 63, 63, 63, 63, 63, 63, 63, 63, 63, 63, 63, 63, 63, 63, 63, 63, 63, 63, 63, 63, 63, 63, 63, 63, 63, 63, 63, 63, 63, 63, 63, 63, 63, 63, 63, 63, 63, 63, 63, 63, 63, 63, 63, 63, 63, 63, 63, 63, 63, 63, 63, 63, 63, 63, 63, 63, 63, 63, 63, 63, 63, 63, 63, 63, 63, 63, 63, 63, 63, 63, 63, 63, 63, 63, 63, 63, 63, 63, 63, 63, 63, 63, 63, 63, 63, 63, 63, 63, 63, 63, 63, 63, 63, 63, 63, 63, 63, 63, 63, 63, 63, 63, 63, 63, 63, 63, 63, 63, 63, 63, 63, 63, 63, 63, 63, 63, 63, 63, 63, 63, 63, 63, 63, 63, 63, 63, 63, 63, 63, 63, 63, 63, 63, 63, 63, 63, 63, 63, 63, 63, 63, 63, 63, 63, 63, 63, 63, 63, 63, 63, 63, 63, 63, 63, 63, 63, 63, 63, 63, 63, 63, 63, 63, 63, 63, 63, 63, 63, 63, 63, 63, 63, 63, 63, 63, 63, 63, 63, 63, 63, 63, 63, 63, 63, 63, 63, 63, 63, 63, 63, 63, 63, 63, 63, 63, 63, 63, 63, 63, 63, 63, 63, 63, 63, 63, 63, 63, 63, 63, 63, 63, 63, 63, 63, 63, 63, 63, 63, 63, 63, 63, 63, 63, 63, 63, 63, 63, 63, 63, 63, 63, 63, 63, 63, 63, 63, 63, 63, 63, 63, 63, 63, 63, 63, 63, 63, 63, 63, 63, 63, 63, 63, 63, 63, 63, 63, 63, 63, 63, 63, 63, 63, 63, 63, 63, 63, 63, 63, 63, 63, 63, 63, 63, 63, 63, 63, 63, 63, 63, 63, 63, 63, 63, 63, 63, 63, 63, 63, 63, 63, 63, 63, 63, 63, 63, 63, 63, 63, 63, 63, 63, 63, 63, 63, 63, 63, 63, 63, 63, 63, 63, 63, 63, 63, 63, 63, 63, 63, 63, 63, 63, 63, 63, 63, 63, 63, 63, 63, 63, 63, 63, 63, 63, 63, 63, 63, 63, 63, 63, 63, 63, 63, 63, 63, 63, 63, 63, 63, 63, 63, 63, 63, 63, 63, 63, 63, 63, 63, 63, 63, 63, 63, 63, 63, 63, 63, 63, 63, 63, 63, 63, 63, 63, 63, 63]

ep7
Train step Loss: [5.344878196716309, 5.333492279052734, 5.419581890106201, 5.3139238357543945, 5.362997531890869, 5.314242362976074, 5.361836910247803, 5.361548900604248, 5.314970970153809, 5.363280296325684, 5.422699451446533, 5.452171802520752, 5.3721537590026855, 5.418417453765869, 5.3606367111206055, 5.3496012687683105, 5.425863742828369, 5.323596477508545, 5.336055755615234, 5.412542343139648, 5.443915367126465, 5.310877799987793, 5.376992225646973, 5.328217029571533, 5.2346343994140625, 5.345184803009033, 5.407485485076904, 5.401711463928223, 5.335516929626465, 5.367854118347168, 5.361160755157471, 5.386930465698242, 5.334176063537598, 5.389853000640869, 5.331758499145508, 5.357565402984619, 5.454453468322754, 5.331039905548096, 5.342372417449951, 5.316387176513672, 5.449999809265137, 5.360398769378662, 5.341825008392334, 5.355605125427246, 5.320309162139893, 5.366520881652832, 5.401179313659668, 5.345997333526611, 5.369143962860107, 5.348287582397461, 5.344328880310059, 5.343283653259277, 5.38331937789917, 5.375438690185547, 5.405389308929443, 5.310743808746338, 5.317337989807129, 5.331552028656006, 5.391047954559326, 5.351283550262451, 5.324252128601074, 5.405580043792725, 5.422636985778809]
val step Loss: [5.645454406738281, 5.578774452209473, 5.629029273986816, 5.594789505004883, 5.605087757110596, 5.556842803955078, 5.6547088623046875, 5.585259437561035, 5.602778434753418, 5.61605978012085, 5.6164703369140625, 5.59445333480835, 5.592698574066162, 5.602217674255371, 5.586733818054199, 5.6410040855407715]
Train step Accs: [0.03059507419305492, 0.03529411764705882, 0.04449058282663503, 0.04976472265792101, 0.04553076228556688, 0.057180851063829786, 0.035377026074700495, 0.04063444108761329, 0.04278621495327103, 0.031062980906241093, 0.035674822415153906, 0.030370243985667976, 0.032766990291262135, 0.030791033238855965, 0.035191889934829836, 0.05546389135677116, 0.02186222082415854, 0.05155049032600053, 0.0382347987198922, 0.026603646185010127, 0.04541870367449929, 0.048145344436033306, 0.029881751358261426, 0.048091042584434654, 0.0981934731934732, 0.03462014012913862, 0.02608695652173913, 0.0241839566538919, 0.03735795454545455, 0.04090433873497125, 0.031073036155074778, 0.03795009711639026, 0.0363822326125073, 0.0348426933254925, 0.048071912454403336, 0.025341972642188626, 0.01391941391941392, 0.03807106598984772, 0.03705685618729097, 0.0360107421875, 0.027795031055900622, 0.05326249829723471, 0.04710851202079272, 0.036333231985405896, 0.02234258632362898, 0.036212799578614695, 0.037020583444395086, 0.05892617449664429, 0.04285714285714286, 0.0398406374501992, 0.02924071082390953, 0.048162583518930956, 0.025190194420963652, 0.04286553141514973, 0.0356901446532378, 0.05032134554902229, 0.0791678705576423, 0.03032647377378926, 0.022234891676168756, 0.047582383738835846, 0.02736233854520734, 0.02583255524431995, 0.0445356917245736]
val step Accs: [0.011175242539604568, 0.00791280979396835, 0.008462439786486135, 0.011985559566787004, 0.02123414564628759, 0.03160027008777853, 0.005159538357094365, 0.03490508266993264, 0.01860644167842936, 0.012442453651860147, 0.016940829855143627, 0.008403361344537815, 0.009413241292751805, 0.011999460698395577, 0.02289881028527568, 0.00997398091934085]
Preds: [17, 17, 17, 17, 17, 17, 17, 17, 17, 284, 284, 284, 284, 284, 63, 63, 63, 63, 63, 63, 63, 63, 63, 63, 63, 63, 63, 63, 63, 63, 63, 63, 63, 63, 63, 63, 63, 63, 63, 63, 63, 63, 63, 63, 63, 63, 63, 63, 63, 63, 63, 63, 63, 63, 63, 63, 63, 63, 63, 63, 63, 63, 63, 63, 63, 63, 63, 63, 63, 63, 63, 63, 63, 63, 63, 63, 63, 63, 63, 63, 63, 63, 63, 63, 63, 63, 63, 63, 63, 63, 63, 63, 63, 63, 63, 63, 63, 63, 63, 63, 63, 63, 63, 63, 63, 63, 63, 63, 63, 63, 63, 63, 63, 63, 63, 63, 63, 63, 63, 63, 63, 63, 63, 63, 63, 63, 63, 63, 63, 63, 63, 63, 63, 63, 63, 63, 63, 63, 63, 63, 63, 63, 63, 63, 63, 63, 63, 63, 63, 63, 63, 63, 63, 63, 63, 63, 63, 63, 63, 63, 63, 63, 63, 63, 63, 63, 63, 63, 63, 63, 63, 63, 63, 63, 63, 63, 63, 63, 63, 63, 63, 63, 63, 63, 63, 63, 63, 63, 63, 63, 63, 63, 63, 63, 63, 63, 63, 63, 63, 63, 63, 63, 63, 63, 63, 63, 63, 63, 63, 63, 63, 63, 63, 63, 63, 63, 63, 63, 63, 63, 63, 63, 63, 63, 63, 63, 63, 63, 63, 63, 63, 63, 63, 63, 63, 63, 63, 63, 63, 63, 63, 63, 63, 63, 63, 63, 63, 63, 63, 63, 63, 63, 63, 63, 63, 63, 63, 63, 63, 63, 63, 63, 63, 63, 63, 63, 63, 63, 63, 63, 63, 63, 63, 63, 63, 63, 63, 63, 63, 63, 63, 63, 63, 63, 63, 63, 63, 63, 63, 63, 63, 63, 63, 63, 63, 63, 63, 63, 63, 63, 63, 63, 63, 63, 63, 63, 63, 63, 63, 63, 63, 63, 63, 63, 63, 63, 63, 63, 63, 63, 63, 63, 63, 63, 63, 63, 63, 63, 63, 63, 63, 63, 63, 63, 63, 63, 63, 63, 63, 63, 63, 63, 63, 63, 63, 63, 63, 63, 63, 63, 63, 63, 63, 63, 63, 63, 63, 63, 63, 63, 63, 63, 63, 63, 63, 63, 63, 63, 63, 63, 63, 63, 63, 63, 63, 63, 63, 63, 63, 63, 63, 63, 63, 63, 63, 63, 63, 63, 63, 63, 63, 63, 63, 63, 63, 63, 63, 63, 63, 63, 63, 63, 63, 63, 63, 63, 63, 63, 63, 63, 63, 63, 63, 63, 63, 63, 63, 63, 63, 63, 63, 63, 63, 63, 63, 63, 63, 63, 63, 63, 63, 63, 63, 63, 63, 63, 63, 63, 63, 63, 63, 63, 63, 63, 63, 63, 63, 63, 63, 63, 63, 63, 63, 63, 63, 63, 63, 63, 63, 63, 63, 63, 63, 63, 63, 63, 63, 63, 63, 63, 63, 63, 63, 63, 63, 63, 63, 63, 63, 63, 63, 63, 63, 63, 63, 63, 63, 63, 63, 63, 63, 63, 63, 63, 63, 63, 63, 63, 63, 63, 63, 63, 63, 63, 63, 63, 63, 63, 63, 63, 63, 63, 63, 63, 63, 63, 63, 63, 63, 63, 63, 63, 63, 63, 63, 63, 63, 63, 63, 63, 63, 63, 63, 63, 63, 63, 63, 63, 63, 63, 63, 63, 63, 63, 63, 63, 63, 63, 63, 63, 63, 63, 63, 63, 63, 63, 63, 63, 63, 63, 63, 63, 63, 63, 63, 63, 63, 63, 63, 63, 63, 63, 63, 63, 63, 63, 63, 63, 63, 63, 63, 63, 63, 63, 63, 63, 63, 63, 63, 63, 63, 63, 63, 63, 63, 63, 63, 63, 63, 63]

ep8
Train step Loss: [5.364011764526367, 5.301050186157227, 5.348052501678467, 5.399874210357666, 5.391567707061768, 5.3607916831970215, 5.316788673400879, 5.386685371398926, 5.405070781707764, 5.3377227783203125, 5.284627437591553, 5.3339362144470215, 5.309081554412842, 5.307687282562256, 5.33311653137207, 5.3168792724609375, 5.376643657684326, 5.35758113861084, 5.374090194702148, 5.428154945373535, 5.376195907592773, 5.347005844116211, 5.426845073699951, 5.3566813468933105, 5.40188455581665, 5.317765712738037, 5.32194709777832, 5.44331693649292, 5.333995342254639, 5.367088317871094, 5.329524040222168, 5.389405250549316, 5.254941463470459, 5.4926042556762695, 5.333070755004883, 5.380442142486572, 5.379093647003174, 5.369130611419678, 5.360240459442139, 5.32830810546875, 5.381593227386475, 5.370488166809082, 5.365728855133057, 5.334476470947266, 5.374413967132568, 5.350780010223389, 5.379501819610596, 5.358191013336182, 5.318317413330078, 5.350320816040039, 5.3547234535217285, 5.404752731323242, 5.333423614501953, 5.4035444259643555, 5.318586826324463, 5.361290454864502, 5.351700782775879, 5.388981819152832, 5.467195510864258, 5.343924045562744, 5.330471515655518, 5.324146270751953, 5.349743366241455]
val step Loss: [5.520514011383057, 5.593822956085205, 5.639442443847656, 5.632932662963867, 5.590051174163818, 5.622634410858154, 5.587366104125977, 5.562769412994385, 5.612743377685547, 5.691370010375977, 5.595322132110596, 5.578484058380127, 5.5716681480407715, 5.595074653625488, 5.658717155456543, 5.581169605255127]
Train step Accs: [0.041005291005291, 0.05739085373753077, 0.03441682600382409, 0.027073823390524162, 0.02937625754527163, 0.03542278811622592, 0.05269658295594895, 0.0315690488984417, 0.021369863013698632, 0.03957095231192927, 0.05868187579214195, 0.05426975259377494, 0.0393515106853353, 0.06210427051057524, 0.04311524774158226, 0.056639487478159584, 0.030817076618603337, 0.03837001784651993, 0.03566453050989134, 0.033949520085318166, 0.048435784851811194, 0.028081544484946673, 0.03386563876651982, 0.030407839746361146, 0.024582262210796915, 0.037452159650082015, 0.03672584361024529, 0.017907194020554344, 0.05289256198347107, 0.04012556298621537, 0.04472297393533685, 0.03467361224157578, 0.07079889807162534, 0.030173030173030174, 0.059747116854244824, 0.038750887154009934, 0.03674948240165631, 0.0385312783318223, 0.03344, 0.046231603983945296, 0.042038962941262636, 0.04030256470866328, 0.04087152516904583, 0.03976975405546834, 0.026450742240215923, 0.042512783053323594, 0.03037934833936723, 0.02879910527051587, 0.043352159975576246, 0.03793833131801693, 0.03899050049624273, 0.03338391502276176, 0.04348415063668382, 0.029362543739540545, 0.06046349538247081, 0.03348366817001503, 0.04694187491370979, 0.04448452058911933, 0.01704283740211884, 0.051816958277254375, 0.030248369640627167, 0.04555485498108449, 0.019835647492207426]
val step Accs: [0.024795640326975475, 0.01795252225519288, 0.015833333333333335, 0.011272545090180362, 0.020724593183911576, 0.01045599767644496, 0.023852735286492094, 0.012772133526850507, 0.017672840378905697, 0.005265091220766499, 0.008653260207190738, 0.019467071655391414, 0.017272837854275636, 0.02090127482952861, 0.007157730348776679, 0.01605746883583351]
Preds: [17, 17, 17, 17, 17, 17, 17, 284, 284, 284, 284, 284, 284, 284, 284, 284, 284, 284, 284, 284, 63, 63, 63, 63, 63, 63, 63, 63, 63, 63, 63, 63, 63, 63, 63, 63, 63, 63, 63, 63, 63, 63, 63, 63, 63, 63, 63, 63, 63, 63, 63, 63, 63, 63, 63, 63, 63, 63, 63, 63, 63, 63, 63, 63, 63, 63, 63, 63, 63, 63, 63, 63, 63, 63, 63, 63, 63, 63, 63, 63, 63, 63, 63, 63, 63, 63, 63, 63, 63, 63, 63, 63, 63, 63, 63, 63, 63, 63, 63, 63, 63, 63, 63, 63, 63, 63, 63, 63, 63, 63, 63, 63, 63, 63, 63, 63, 63, 63, 63, 63, 63, 63, 63, 63, 63, 63, 63, 63, 63, 63, 63, 63, 63, 63, 63, 63, 63, 63, 63, 63, 63, 63, 63, 63, 63, 63, 63, 63, 63, 63, 63, 63, 63, 63, 63, 63, 63, 63, 63, 63, 63, 63, 63, 63, 63, 63, 63, 63, 63, 63, 63, 63, 63, 63, 63, 63, 63, 63, 63, 63, 63, 63, 63, 63, 63, 63, 63, 63, 63, 63, 63, 63, 63, 63, 63, 63, 63, 63, 63, 63, 63, 63, 63, 63, 63, 63, 63, 63, 63, 63, 63, 63, 63, 63, 63, 63, 63, 63, 63, 63, 63, 63, 63, 63, 63, 63, 63, 63, 63, 63, 63, 63, 63, 63, 63, 63, 63, 63, 63, 63, 63, 63, 63, 63, 63, 63, 63, 63, 63, 63, 63, 63, 63, 63, 63, 63, 63, 63, 63, 63, 63, 63, 63, 63, 63, 63, 63, 63, 63, 63, 63, 63, 63, 63, 63, 63, 63, 63, 63, 63, 63, 63, 63, 63, 63, 63, 63, 63, 63, 63, 63, 63, 63, 63, 63, 63, 63, 63, 63, 63, 63, 63, 63, 63, 63, 63, 63, 63, 63, 63, 63, 63, 63, 63, 63, 63, 63, 63, 63, 63, 63, 63, 63, 63, 63, 63, 63, 63, 63, 63, 63, 63, 63, 63, 63, 63, 63, 63, 63, 63, 63, 63, 63, 63, 63, 63, 63, 63, 63, 63, 63, 63, 63, 63, 63, 63, 63, 63, 63, 63, 63, 63, 63, 63, 63, 63, 63, 63, 63, 63, 63, 63, 63, 63, 63, 63, 63, 63, 63, 63, 63, 63, 63, 63, 63, 63, 63, 63, 63, 63, 63, 63, 63, 63, 63, 63, 63, 63, 63, 63, 63, 63, 63, 63, 63, 63, 63, 63, 63, 63, 63, 63, 63, 63, 63, 63, 63, 63, 63, 63, 63, 63, 63, 63, 63, 63, 63, 63, 63, 63, 63, 63, 63, 63, 63, 63, 63, 63, 63, 63, 63, 63, 63, 63, 63, 63, 63, 63, 63, 63, 63, 63, 63, 63, 63, 63, 63, 63, 63, 63, 63, 63, 63, 63, 63, 63, 63, 63, 63, 63, 63, 63, 63, 63, 63, 63, 63, 63, 63, 63, 63, 63, 63, 63, 63, 63, 63, 63, 63, 63, 63, 63, 63, 63, 63, 63, 63, 63, 63, 63, 63, 63, 63, 63, 63, 63, 63, 63, 63, 63, 63, 63, 63, 63, 63, 63, 63, 63, 63, 63, 63, 63, 63, 63, 63, 63, 63, 63, 63, 63, 63, 63, 63, 63, 63, 63, 63, 63, 63, 63, 63, 63, 63, 63, 63, 63, 63, 63, 63, 63, 63, 63, 63, 63, 63, 63, 63, 63, 63, 63, 63, 63, 63, 63, 63, 63, 63, 63, 63, 63, 63, 63, 63, 63, 63, 63, 63, 63, 63, 63, 63, 63, 63, 63, 63, 63, 63, 63, 63, 63, 63, 63, 63, 63, 63, 63, 63, 63, 63, 63]

ep9
Train step Loss: [5.265606880187988, 5.2817583084106445, 5.396589279174805, 5.38547420501709, 5.327958106994629, 5.407981872558594, 5.376170635223389, 5.404529571533203, 5.357285976409912, 5.289957523345947, 5.33070707321167, 5.3012614250183105, 5.343449115753174, 5.340446472167969, 5.397895812988281, 5.343851089477539, 5.262831687927246, 5.3737406730651855, 5.39670991897583, 5.370736598968506, 5.299015045166016, 5.376811981201172, 5.363981246948242, 5.378334999084473, 5.424077987670898, 5.317208290100098, 5.246100425720215, 5.387528419494629, 5.309395790100098, 5.375490188598633, 5.334994316101074, 5.309902667999268, 5.404346942901611, 5.308685779571533, 5.388272285461426, 5.3502197265625, 5.388814449310303, 5.335600852966309, 5.31292724609375, 5.335085391998291, 5.387682914733887, 5.402379512786865, 5.355774879455566, 5.438401699066162, 5.3651275634765625, 5.418457984924316, 5.3090386390686035, 5.343678951263428, 5.36240291595459, 5.400663375854492, 5.387430667877197, 5.416827201843262, 5.299526214599609, 5.315491676330566, 5.326330661773682, 5.366443157196045, 5.397042274475098, 5.330571174621582, 5.409859657287598, 5.33442497253418, 5.416851043701172, 5.369256019592285, 5.379489421844482]
val step Loss: [5.610229969024658, 5.602855205535889, 5.607615947723389, 5.630953311920166, 5.580284118652344, 5.631042957305908, 5.632007598876953, 5.60698938369751, 5.622974872589111, 5.621237277984619, 5.5921149253845215, 5.624602794647217, 5.527313232421875, 5.628176689147949, 5.557918548583984, 5.554866790771484]
Train step Accs: [0.059062805076472505, 0.04144708730950007, 0.030968304739749927, 0.017212232979867834, 0.03101503759398496, 0.035856573705179286, 0.04743303571428571, 0.04190377651319193, 0.042831215970961886, 0.06020117099534605, 0.044739729367304644, 0.04472082561524213, 0.039524011899702505, 0.03462909523001188, 0.01499091459721381, 0.04245865218464576, 0.05204095946135503, 0.03243470935130581, 0.04709495776810852, 0.0472741136103698, 0.053819006806150746, 0.04880124840402894, 0.04746739460115256, 0.04225352112676056, 0.035794904869396967, 0.058554138043833824, 0.081531892180411, 0.0288792458476732, 0.04447413628555068, 0.03474847339342832, 0.033947482953721166, 0.045674740484429065, 0.02637067938021454, 0.04480796586059744, 0.024213075060532687, 0.045165476963011035, 0.03304374806081291, 0.04473986961523712, 0.046016059295861646, 0.030089988751406074, 0.023522223919352374, 0.030266552020636286, 0.039160401002506263, 0.02189884148064425, 0.03743635819107517, 0.0517976843388178, 0.05318264916071132, 0.03850870738287957, 0.04714494875549048, 0.03474366893143916, 0.03333867606988299, 0.02884737577837082, 0.053293413173652694, 0.027019459610807785, 0.05027350872623079, 0.045579268292682926, 0.02767175572519084, 0.04389869531849578, 0.02403706921517521, 0.025346724055475847, 0.043031165954753994, 0.02421347389227475, 0.0308679706601467]
val step Accs: [0.004860578152980302, 0.005678816693079768, 0.03528662420382166, 0.01303538175046555, 0.009343065693430658, 0.013858988159311088, 0.012198287049052686, 0.014392471630224191, 0.007934443288241414, 0.02824626354038119, 0.01128703558551497, 0.016791044776119403, 0.028623235332210853, 0.004260418053521502, 0.01937669376693767, 0.02594400205497046]
Preds: [17, 17, 17, 17, 17, 17, 17, 17, 17, 284, 284, 284, 284, 284, 284, 284, 284, 284, 284, 284, 284, 284, 284, 284, 63, 63, 63, 63, 63, 63, 63, 63, 63, 63, 63, 63, 63, 63, 63, 63, 63, 63, 63, 63, 63, 63, 63, 63, 63, 63, 63, 63, 63, 63, 63, 63, 63, 63, 63, 63, 63, 63, 63, 63, 63, 63, 63, 63, 63, 63, 63, 63, 63, 63, 63, 63, 63, 63, 63, 63, 63, 63, 63, 63, 63, 63, 63, 63, 63, 63, 63, 63, 63, 63, 63, 63, 63, 63, 63, 63, 63, 63, 63, 63, 63, 63, 63, 63, 63, 63, 63, 63, 63, 63, 63, 63, 63, 63, 63, 63, 63, 63, 63, 63, 63, 63, 63, 63, 63, 63, 63, 63, 63, 63, 63, 63, 63, 63, 63, 63, 63, 63, 63, 63, 63, 63, 63, 63, 63, 63, 63, 63, 63, 63, 63, 63, 63, 63, 63, 63, 63, 63, 63, 63, 63, 63, 63, 63, 63, 63, 63, 63, 63, 63, 63, 63, 63, 63, 63, 63, 63, 63, 63, 63, 63, 63, 63, 63, 63, 63, 63, 63, 63, 63, 63, 63, 63, 63, 63, 63, 63, 63, 63, 63, 63, 63, 63, 63, 63, 63, 63, 63, 63, 63, 63, 63, 63, 63, 63, 63, 63, 63, 63, 63, 63, 63, 63, 63, 63, 63, 63, 63, 63, 63, 63, 63, 63, 63, 63, 63, 63, 63, 63, 63, 63, 63, 63, 63, 63, 63, 63, 63, 63, 63, 63, 63, 63, 63, 63, 63, 63, 63, 63, 63, 63, 63, 63, 63, 63, 63, 63, 63, 63, 63, 63, 63, 63, 63, 63, 63, 63, 63, 63, 63, 63, 63, 63, 63, 63, 63, 63, 63, 63, 63, 63, 63, 63, 63, 63, 63, 63, 63, 63, 63, 63, 63, 63, 63, 63, 63, 63, 63, 63, 63, 63, 63, 63, 63, 63, 63, 63, 63, 63, 63, 63, 63, 63, 63, 63, 63, 63, 63, 63, 63, 63, 63, 63, 63, 63, 63, 63, 63, 63, 63, 63, 63, 63, 63, 63, 63, 63, 63, 63, 63, 63, 63, 63, 63, 63, 63, 63, 63, 63, 63, 63, 63, 63, 63, 63, 63, 63, 63, 63, 63, 63, 63, 63, 63, 63, 63, 63, 63, 63, 63, 63, 63, 63, 63, 63, 63, 63, 63, 63, 63, 63, 63, 63, 63, 63, 63, 63, 63, 63, 63, 63, 63, 63, 63, 63, 63, 63, 63, 63, 63, 63, 63, 63, 63, 63, 63, 63, 63, 63, 63, 63, 63, 63, 63, 63, 63, 63, 63, 63, 63, 63, 63, 63, 63, 63, 63, 63, 63, 63, 63, 63, 63, 63, 63, 63, 63, 63, 63, 63, 63, 63, 63, 63, 63, 63, 63, 63, 63, 63, 63, 63, 63, 63, 63, 63, 63, 63, 63, 63, 63, 63, 63, 63, 63, 63, 63, 63, 63, 63, 63, 63, 63, 63, 63, 63, 63, 63, 63, 63, 63, 63, 63, 63, 63, 63, 63, 63, 63, 63, 63, 63, 63, 63, 63, 63, 63, 63, 63, 63, 63, 63, 63, 63, 63, 63, 63, 63, 63, 63, 63, 63, 63, 63, 63, 63, 63, 63, 63, 63, 63, 63, 63, 63, 63, 63, 63, 63, 63, 63, 63, 63, 63, 63, 63, 63, 63, 63, 63, 63, 63, 63, 63, 63, 63, 63, 63, 63, 63, 63, 63, 63, 63, 63, 63, 63, 63, 63, 63, 63, 63, 63, 63, 63, 63, 63, 63, 63, 63, 63, 63, 63, 63, 63, 63, 63, 63, 63, 63, 63, 63, 63, 63, 63, 63, 63, 63]

ep10
Train step Loss: [5.31119441986084, 5.379298686981201, 5.309033393859863, 5.329188346862793, 5.3746514320373535, 5.344875812530518, 5.294188499450684, 5.3389716148376465, 5.334805011749268, 5.353625774383545, 5.330389976501465, 5.34065580368042, 5.394279479980469, 5.343268871307373, 5.338030815124512, 5.373098850250244, 5.393970489501953, 5.37949800491333, 5.354499816894531, 5.327310562133789, 5.347082138061523, 5.389286994934082, 5.387741565704346, 5.295356750488281, 5.355706691741943, 5.3327107429504395, 5.357977867126465, 5.355841636657715, 5.289051532745361, 5.367171287536621, 5.300981521606445, 5.33620023727417, 5.420900821685791, 5.426600456237793, 5.412528038024902, 5.393581390380859, 5.312161922454834, 5.319139003753662, 5.373030185699463, 5.376755714416504, 5.4067535400390625, 5.3777947425842285, 5.315158367156982, 5.357625484466553, 5.312015056610107, 5.302178382873535, 5.3082146644592285, 5.349743843078613, 5.3600850105285645, 5.4380364418029785, 5.32811164855957, 5.290872097015381, 5.39117956161499, 5.3591084480285645, 5.434959411621094, 5.309658050537109, 5.339313507080078, 5.326836109161377, 5.3407063484191895, 5.410740852355957, 5.331031322479248, 5.361834526062012, 5.424536228179932]
val step Loss: [5.592711925506592, 5.56264591217041, 5.55893087387085, 5.574153900146484, 5.598450183868408, 5.58404016494751, 5.621207237243652, 5.610054969787598, 5.576999187469482, 5.61356782913208, 5.607411861419678, 5.621699333190918, 5.630289077758789, 5.628652572631836, 5.67417573928833, 5.605667591094971]
Train step Accs: [0.05590952532653711, 0.030303030303030304, 0.03314917127071823, 0.05331064795122643, 0.03487831343977678, 0.05676215856095936, 0.045345725954090976, 0.038441145281018024, 0.041575859178541494, 0.03691119691119691, 0.047419401474627726, 0.040355477855477856, 0.037037037037037035, 0.047779381112714445, 0.04475545985850508, 0.04744413835322926, 0.026790914385556204, 0.030158256195879366, 0.03902502268896668, 0.04821830706053782, 0.0428454619787408, 0.03808565679793044, 0.03675707721950496, 0.04401076716016151, 0.04066200599229562, 0.046401947360413816, 0.05447927674063637, 0.04056795131845842, 0.053942542787286066, 0.03834478351174309, 0.051864895149671845, 0.0448736154501562, 0.021130480718436345, 0.025977859778597786, 0.031445273130417256, 0.015873015873015872, 0.0568026279770052, 0.05293860288756016, 0.031422189128816086, 0.04401563879429941, 0.022620292887029287, 0.02703448275862069, 0.03498385360602799, 0.029496898690558236, 0.040119081372271055, 0.03471749489448604, 0.056340100029420415, 0.037506819421713036, 0.031608743513131, 0.023608230977827403, 0.0666851903306474, 0.03935483870967742, 0.028175057208237986, 0.04888825541619156, 0.02670404249041015, 0.06451172940534643, 0.049235048678720444, 0.03138957816377171, 0.04073820915926179, 0.029133984312469986, 0.04453681710213777, 0.03471098690983968, 0.019429645879034785]
val step Accs: [0.01834733893557423, 0.01881188118811881, 0.01435544071202986, 0.014649950697281307, 0.012392039053698836, 0.018143570865106495, 0.021521386031402273, 0.01710107323976884, 0.021772151898734177, 0.015833973866256727, 0.008664557832485216, 0.02507232401157184, 0.009733333333333333, 0.01174989509022241, 0.006811989100817439, 0.015887677812673195]
Preds: [17, 17, 17, 17, 17, 17, 284, 284, 284, 284, 284, 284, 284, 284, 284, 284, 284, 284, 284, 284, 284, 284, 284, 284, 284, 284, 284, 284, 284, 63, 63, 63, 63, 63, 63, 63, 63, 63, 63, 63, 63, 63, 63, 63, 63, 63, 63, 63, 63, 63, 63, 63, 63, 63, 63, 63, 63, 63, 63, 63, 63, 63, 63, 63, 63, 63, 63, 63, 63, 63, 63, 63, 63, 63, 63, 63, 63, 63, 63, 63, 63, 63, 63, 63, 63, 63, 63, 63, 63, 63, 63, 63, 63, 63, 63, 63, 63, 63, 63, 63, 63, 63, 63, 63, 63, 63, 63, 63, 63, 63, 63, 63, 63, 63, 63, 63, 63, 63, 63, 63, 63, 63, 63, 63, 63, 63, 63, 63, 63, 63, 63, 63, 63, 63, 63, 63, 63, 63, 63, 63, 63, 63, 63, 63, 63, 63, 63, 63, 63, 63, 63, 63, 63, 63, 63, 63, 63, 63, 63, 63, 63, 63, 63, 63, 63, 63, 63, 63, 63, 63, 63, 63, 63, 63, 63, 63, 63, 63, 63, 63, 63, 63, 63, 63, 63, 63, 63, 63, 63, 63, 63, 63, 63, 63, 63, 63, 63, 63, 63, 63, 63, 63, 63, 63, 63, 63, 63, 63, 63, 63, 63, 63, 63, 63, 63, 63, 63, 63, 63, 63, 63, 63, 63, 63, 63, 63, 63, 63, 63, 63, 63, 63, 63, 63, 63, 63, 63, 63, 63, 63, 63, 63, 63, 63, 63, 63, 63, 63, 63, 63, 63, 63, 63, 63, 63, 63, 63, 63, 63, 63, 63, 63, 63, 63, 63, 63, 63, 63, 63, 63, 63, 63, 63, 63, 63, 63, 63, 63, 63, 63, 63, 63, 63, 63, 63, 63, 63, 63, 63, 63, 63, 63, 63, 63, 63, 63, 63, 63, 63, 63, 63, 63, 63, 63, 63, 63, 63, 63, 63, 63, 63, 63, 63, 63, 63, 63, 63, 63, 63, 63, 63, 63, 63, 63, 63, 63, 63, 63, 63, 63, 63, 63, 63, 63, 63, 63, 63, 63, 63, 63, 63, 63, 63, 63, 63, 63, 63, 63, 63, 63, 63, 63, 63, 63, 63, 63, 63, 63, 63, 63, 63, 63, 63, 63, 63, 63, 63, 63, 63, 63, 63, 63, 63, 63, 63, 63, 63, 63, 63, 63, 63, 63, 63, 63, 63, 63, 63, 63, 63, 63, 63, 63, 63, 63, 63, 63, 63, 63, 63, 63, 63, 63, 63, 63, 63, 63, 63, 63, 63, 63, 63, 63, 63, 63, 63, 63, 63, 63, 63, 63, 63, 63, 63, 63, 63, 63, 63, 63, 63, 63, 63, 63, 63, 63, 63, 63, 63, 63, 63, 63, 63, 63, 63, 63, 63, 63, 63, 63, 63, 63, 63, 63, 63, 63, 63, 63, 63, 63, 63, 63, 63, 63, 63, 63, 63, 63, 63, 63, 63, 63, 63, 63, 63, 63, 63, 63, 63, 63, 63, 63, 63, 63, 63, 63, 63, 63, 63, 63, 63, 63, 63, 63, 63, 63, 63, 63, 63, 63, 63, 63, 63, 63, 63, 63, 63, 63, 63, 63, 63, 63, 63, 63, 63, 63, 63, 63, 63, 63, 63, 63, 63, 63, 63, 63, 63, 63, 63, 63, 63, 63, 63, 63, 63, 63, 63, 63, 63, 63, 63, 63, 63, 63, 63, 63, 63, 63, 63, 63, 63, 63, 63, 63, 63, 63, 63, 63, 63, 63, 63, 63, 63, 63, 63, 63, 63, 63, 63, 63, 63, 63, 63, 63, 63, 63, 63, 63, 63, 63, 63, 63, 63, 63, 63, 63, 63, 63, 63, 63, 63, 63, 63, 63, 63, 63, 63, 63, 63, 63, 63, 63]

ep11
Train step Loss: [5.312122344970703, 5.348123073577881, 5.381138801574707, 5.363770961761475, 5.370482444763184, 5.319161891937256, 5.3273234367370605, 5.382146835327148, 5.313324928283691, 5.350793361663818, 5.306727886199951, 5.367069244384766, 5.305533409118652, 5.408700466156006, 5.394654750823975, 5.385263442993164, 5.322050094604492, 5.29978084564209, 5.378799915313721, 5.36100435256958, 5.352890491485596, 5.301726341247559, 5.33223295211792, 5.314172744750977, 5.37031364440918, 5.386566638946533, 5.3187384605407715, 5.353318214416504, 5.346874237060547, 5.412843704223633, 5.3764448165893555, 5.332947254180908, 5.342385768890381, 5.402537822723389, 5.395473957061768, 5.396048545837402, 5.251889705657959, 5.276397705078125, 5.40824556350708, 5.378943920135498, 5.320699691772461, 5.388492584228516, 5.340092658996582, 5.326716423034668, 5.370759963989258, 5.25594425201416, 5.344409465789795, 5.372745990753174, 5.29832649230957, 5.41212797164917, 5.302390098571777, 5.363698959350586, 5.353150844573975, 5.279116153717041, 5.313847541809082, 5.315185546875, 5.344479560852051, 5.396609783172607, 5.354174613952637, 5.270260810852051, 5.4158616065979, 5.307885646820068, 5.418304443359375]
val step Loss: [5.570136547088623, 5.60584020614624, 5.649775505065918, 5.543854713439941, 5.606611251831055, 5.5998735427856445, 5.569912910461426, 5.679274082183838, 5.620847225189209, 5.6020636558532715, 5.598416805267334, 5.575818061828613, 5.6475677490234375, 5.554779052734375, 5.571377277374268, 5.5998921394348145]
Train step Accs: [0.05078597339782346, 0.046992758977390275, 0.029912754466140425, 0.044201312910284465, 0.027914845622444662, 0.04849334267694464, 0.03359319631467045, 0.0200150489089541, 0.0413019693654267, 0.03400405552955857, 0.04559023066485753, 0.045112781954887216, 0.055757915382460076, 0.019749954701938757, 0.029872673849167482, 0.03216925083321258, 0.04533333333333334, 0.04799883990719257, 0.030357409899805593, 0.03688635747219962, 0.035061655028970434, 0.05979491277134106, 0.033206106870229006, 0.06261485954318718, 0.022150882825040127, 0.037717601547388784, 0.04362367311327614, 0.03625714684144471, 0.04196409258057538, 0.04957312035251997, 0.028647568287808126, 0.046723564299146536, 0.03952513966480447, 0.03469893570491325, 0.027577360910694244, 0.03651237031125299, 0.06729264475743349, 0.057773664727657326, 0.02520064205457464, 0.029804270462633453, 0.038132521386109904, 0.03046297692655708, 0.03753026634382567, 0.03898687176767007, 0.020186335403726708, 0.0657599053814311, 0.02206767420088271, 0.03061646669424907, 0.04860930595269041, 0.02953360951490044, 0.05550906555090655, 0.03882443928847641, 0.04339796860572484, 0.06441351888667993, 0.033000880023467294, 0.039668987258636546, 0.04077411729945339, 0.025102159953298307, 0.038837703756201276, 0.08073280546498991, 0.02627939142461964, 0.05800595660190044, 0.024300215318363582]
val step Accs: [0.02038912579957356, 0.020362663495838287, 0.0042859329557630495, 0.03846697779663414, 0.017105263157894738, 0.0069011280690112805, 0.01813053988718775, 0.01008952678698309, 0.010546378653113088, 0.014521375464684015, 0.01812090756814375, 0.013483458437586878, 0.012792870490153803, 0.019273633145404485, 0.018186256560478457, 0.0075975359342915815]
Preds: [17, 17, 17, 17, 17, 17, 284, 284, 284, 284, 284, 284, 284, 284, 284, 284, 284, 284, 284, 284, 284, 284, 284, 284, 284, 284, 284, 284, 63, 63, 63, 63, 63, 63, 63, 63, 63, 63, 63, 63, 63, 63, 63, 63, 63, 63, 63, 63, 63, 63, 63, 63, 63, 63, 63, 63, 63, 63, 63, 63, 63, 63, 63, 63, 63, 63, 63, 63, 63, 63, 63, 63, 63, 63, 63, 63, 63, 63, 63, 63, 63, 63, 63, 63, 63, 63, 63, 63, 63, 63, 63, 63, 63, 63, 63, 63, 63, 63, 63, 63, 63, 63, 63, 63, 63, 63, 63, 63, 63, 63, 63, 63, 63, 63, 63, 63, 63, 63, 63, 63, 63, 63, 63, 63, 63, 63, 63, 63, 63, 63, 63, 63, 63, 63, 63, 63, 63, 63, 63, 63, 63, 63, 63, 63, 63, 63, 63, 63, 63, 63, 63, 63, 63, 63, 63, 63, 63, 63, 63, 63, 63, 63, 63, 63, 63, 63, 63, 63, 63, 63, 63, 63, 63, 63, 63, 63, 63, 63, 63, 63, 63, 63, 63, 63, 63, 63, 63, 63, 63, 63, 63, 63, 63, 63, 63, 63, 63, 63, 63, 63, 63, 63, 63, 63, 63, 63, 63, 63, 63, 63, 63, 63, 63, 63, 63, 63, 63, 63, 63, 63, 63, 63, 63, 63, 63, 63, 63, 63, 63, 63, 63, 63, 63, 63, 63, 63, 63, 63, 63, 63, 63, 63, 63, 63, 63, 63, 63, 63, 63, 63, 63, 63, 63, 63, 63, 63, 63, 63, 63, 63, 63, 63, 63, 63, 63, 63, 63, 63, 63, 63, 63, 63, 63, 63, 63, 63, 63, 63, 63, 63, 63, 63, 63, 63, 63, 63, 63, 63, 63, 63, 63, 63, 63, 63, 63, 63, 63, 63, 63, 63, 63, 63, 63, 63, 63, 63, 63, 63, 63, 63, 63, 63, 63, 63, 63, 63, 63, 63, 63, 63, 63, 63, 63, 63, 63, 63, 63, 63, 63, 63, 63, 63, 63, 63, 63, 63, 63, 63, 63, 63, 63, 63, 63, 63, 63, 63, 63, 63, 63, 63, 63, 63, 63, 63, 63, 63, 63, 63, 63, 63, 63, 63, 63, 63, 63, 63, 63, 63, 63, 63, 63, 63, 63, 63, 63, 63, 63, 63, 63, 63, 63, 63, 63, 63, 63, 63, 63, 63, 63, 63, 63, 63, 63, 63, 63, 63, 63, 63, 63, 63, 63, 63, 63, 63, 63, 63, 63, 63, 63, 63, 63, 63, 63, 63, 63, 63, 63, 63, 63, 63, 63, 63, 63, 63, 63, 63, 63, 63, 63, 63, 63, 63, 63, 63, 63, 63, 63, 63, 63, 63, 63, 63, 63, 63, 63, 63, 63, 63, 63, 63, 63, 63, 63, 63, 63, 63, 63, 63, 63, 63, 63, 63, 63, 63, 63, 63, 63, 63, 63, 63, 63, 63, 63, 63, 63, 63, 63, 63, 63, 63, 63, 63, 63, 63, 63, 63, 63, 63, 63, 63, 63, 63, 63, 63, 63, 63, 63, 63, 63, 63, 63, 63, 63, 63, 63, 63, 63, 63, 63, 63, 63, 63, 63, 63, 63, 63, 63, 63, 63, 63, 63, 63, 63, 63, 63, 63, 63, 63, 63, 63, 63, 63, 63, 63, 63, 63, 63, 63, 63, 63, 63, 63, 63, 63, 63, 63, 63, 63, 63, 63, 63, 63, 63, 63, 63, 63, 63, 63, 63, 63, 63, 63, 63, 63, 63, 63, 63, 63, 63, 63, 63, 63, 63, 63, 63, 63, 63, 63, 63, 63, 63, 63, 63, 63, 63, 63, 63, 63, 63, 63, 63, 63, 63, 63, 63, 63, 63, 63, 63, 63]

ep12
Train step Loss: [5.3495330810546875, 5.363579750061035, 5.321882247924805, 5.3071818351745605, 5.324357032775879, 5.33302116394043, 5.302713394165039, 5.349597454071045, 5.323119163513184, 5.364851474761963, 5.294137001037598, 5.298839569091797, 5.367249488830566, 5.3282599449157715, 5.345109462738037, 5.31847620010376, 5.328755855560303, 5.309499263763428, 5.324422836303711, 5.356273651123047, 5.307516574859619, 5.324020862579346, 5.38411283493042, 5.32839298248291, 5.307924270629883, 5.339219570159912, 5.310763359069824, 5.349763870239258, 5.329437255859375, 5.369994640350342, 5.309582233428955, 5.301323413848877, 5.257943630218506, 5.34881067276001, 5.366197109222412, 5.329115867614746, 5.291406154632568, 5.380899429321289, 5.314358234405518, 5.397653579711914, 5.307103633880615, 5.394074440002441, 5.324876308441162, 5.364455699920654, 5.333539962768555, 5.43998908996582, 5.414555549621582, 5.236869812011719, 5.267978668212891, 5.305478096008301, 5.271023273468018, 5.425088405609131, 5.355985641479492, 5.388503551483154, 5.386440753936768, 5.415900230407715, 5.287439346313477, 5.276820182800293, 5.33628511428833, 5.320133209228516, 5.277991771697998, 5.325872421264648, 5.403995990753174]
val step Loss: [5.6058502197265625, 5.539310455322266, 5.642219543457031, 5.573151588439941, 5.578217506408691, 5.6011176109313965, 5.595576763153076, 5.5924248695373535, 5.546329498291016, 5.582100868225098, 5.6277079582214355, 5.509955883026123, 5.567203998565674, 5.60111141204834, 5.655463218688965, 5.573209762573242]
Train step Accs: [0.04736035659562613, 0.029106313200327957, 0.05890992167101828, 0.03811380960822549, 0.04585034013605442, 0.047522162476384244, 0.04532497149372862, 0.0451393609789259, 0.03874300473525613, 0.018179173938336242, 0.05536568694463431, 0.05412541254125412, 0.0368368653107666, 0.05352335708630245, 0.03550537341858251, 0.04786273329319687, 0.03950916936353829, 0.045914396887159536, 0.03356428021555043, 0.04135673906575424, 0.051661474558670824, 0.029961183891314896, 0.026341061874056798, 0.03587563114536274, 0.049753347427766034, 0.03741189228266763, 0.040783034257748776, 0.027225278600648894, 0.05629037219317133, 0.030478116423515816, 0.029585798816568046, 0.03878536922015183, 0.06943894389438944, 0.040959352125837095, 0.03824424163407214, 0.030787526427061312, 0.06349206349206349, 0.02698282910874898, 0.05001234872808101, 0.02268760907504363, 0.037580645161290324, 0.02803159361932786, 0.046204188481675394, 0.028129032258064516, 0.02014388489208633, 0.021508588498879763, 0.028656821378340365, 0.04449815183394939, 0.05868246579207222, 0.0397196261682243, 0.06945788964181994, 0.019659853331252926, 0.04288288288288288, 0.02209631728045326, 0.03022602648120904, 0.020823970037453184, 0.0471412864211105, 0.06175128351397604, 0.047387437465258475, 0.053066666666666665, 0.054878902421951564, 0.039706139583697744, 0.016437437101643745]
val step Accs: [0.016680227827502035, 0.026109324758842443, 0.014365212889866702, 0.016730469303842338, 0.01721538074893189, 0.012417330273991093, 0.004870848708487085, 0.008190118152524168, 0.032989690721649485, 0.008208594881699663, 0.010560965573995336, 0.02457293035479632, 0.014200703272923993, 0.010866752910737387, 0.013227513227513227, 0.019165964616680707]
Preds: [17, 17, 17, 17, 17, 284, 284, 284, 284, 284, 284, 284, 284, 284, 284, 284, 284, 284, 284, 284, 63, 63, 63, 63, 63, 63, 63, 63, 63, 63, 63, 63, 63, 63, 63, 63, 63, 63, 63, 63, 63, 63, 63, 63, 63, 63, 63, 63, 63, 63, 63, 63, 63, 63, 63, 63, 63, 63, 63, 63, 63, 63, 63, 63, 63, 63, 63, 63, 63, 63, 63, 63, 63, 63, 63, 63, 63, 63, 63, 63, 63, 63, 63, 63, 63, 63, 63, 63, 63, 63, 63, 63, 63, 63, 63, 63, 63, 63, 63, 63, 63, 63, 63, 63, 63, 63, 63, 63, 63, 63, 63, 63, 63, 63, 63, 63, 63, 63, 63, 63, 63, 63, 63, 63, 63, 63, 63, 63, 63, 63, 63, 63, 63, 63, 63, 63, 63, 63, 63, 63, 63, 63, 63, 63, 63, 63, 63, 63, 63, 63, 63, 63, 63, 63, 63, 63, 63, 63, 63, 63, 63, 63, 63, 63, 63, 63, 63, 63, 63, 63, 63, 63, 63, 63, 63, 63, 63, 63, 63, 63, 63, 63, 63, 63, 63, 63, 63, 63, 63, 63, 63, 63, 63, 63, 63, 63, 63, 63, 63, 63, 63, 63, 63, 63, 63, 63, 63, 63, 63, 63, 63, 63, 63, 63, 63, 63, 63, 63, 63, 63, 63, 63, 63, 63, 63, 63, 63, 63, 63, 63, 63, 63, 63, 63, 63, 63, 63, 63, 63, 63, 63, 63, 63, 63, 63, 63, 63, 63, 63, 63, 63, 63, 63, 63, 63, 63, 63, 63, 63, 63, 63, 63, 63, 63, 63, 63, 63, 63, 63, 63, 63, 63, 63, 63, 63, 63, 63, 63, 63, 63, 63, 63, 63, 63, 63, 63, 63, 63, 63, 63, 63, 63, 63, 63, 63, 63, 63, 63, 63, 63, 63, 63, 63, 63, 63, 63, 63, 63, 63, 63, 63, 63, 63, 63, 63, 63, 63, 63, 63, 63, 63, 63, 63, 63, 63, 63, 63, 63, 63, 63, 63, 63, 63, 63, 63, 63, 63, 63, 63, 63, 63, 63, 63, 63, 63, 63, 63, 63, 63, 63, 63, 63, 63, 63, 63, 63, 63, 63, 63, 63, 63, 63, 63, 63, 63, 63, 63, 63, 63, 63, 63, 63, 63, 63, 63, 63, 63, 63, 63, 63, 63, 63, 63, 63, 63, 63, 63, 63, 63, 63, 63, 63, 63, 63, 63, 63, 63, 63, 63, 63, 63, 63, 63, 63, 63, 63, 63, 63, 63, 63, 63, 63, 63, 63, 63, 63, 63, 63, 63, 63, 63, 63, 63, 63, 63, 63, 63, 63, 63, 63, 63, 63, 63, 63, 63, 63, 63, 63, 63, 63, 63, 63, 63, 63, 63, 63, 63, 63, 63, 63, 63, 63, 63, 63, 63, 63, 63, 63, 63, 63, 63, 63, 63, 63, 63, 63, 63, 63, 63, 63, 63, 63, 63, 63, 63, 63, 63, 63, 63, 63, 63, 63, 63, 63, 63, 63, 63, 63, 63, 63, 63, 63, 63, 63, 63, 63, 63, 63, 63, 63, 63, 63, 63, 63, 63, 63, 63, 63, 63, 63, 63, 63, 63, 63, 63, 63, 63, 63, 63, 63, 63, 63, 63, 63, 63, 63, 63, 63, 63, 63, 63, 63, 63, 63, 63, 63, 63, 63, 63, 63, 63, 63, 63, 63, 63, 63, 63, 63, 63, 63, 63, 63, 63, 63, 63, 63, 63, 63, 63, 63, 63, 63, 63, 63, 63, 63, 63, 63, 63, 63, 63, 63, 63, 63, 63, 63, 63, 63, 63, 63, 63, 63, 63, 63, 63, 63, 63, 63, 63, 63, 63, 63, 63, 63, 63, 63, 63, 63, 63, 63]

ep13
Train step Loss: [5.272360801696777, 5.378433704376221, 5.365818023681641, 5.309811592102051, 5.273482322692871, 5.373745441436768, 5.408595561981201, 5.36653470993042, 5.233730316162109, 5.297046661376953, 5.359333515167236, 5.363876819610596, 5.367877006530762, 5.298348426818848, 5.23416805267334, 5.331271171569824, 5.2922282218933105, 5.352149486541748, 5.343227386474609, 5.307156085968018, 5.240232944488525, 5.414794921875, 5.183330535888672, 5.273059368133545, 5.312494277954102, 5.271538734436035, 5.431686878204346, 5.349390506744385, 5.266700267791748, 5.30217981338501, 5.3831071853637695, 5.278864860534668, 5.349034309387207, 5.379600524902344, 5.320572376251221, 5.327273368835449, 5.307819843292236, 5.256601810455322, 5.427362442016602, 5.300106048583984, 5.313046932220459, 5.329336166381836, 5.317622661590576, 5.352632999420166, 5.230020523071289, 5.32977294921875, 5.313652038574219, 5.277041435241699, 5.292974472045898, 5.296782970428467, 5.278622627258301, 5.306418418884277, 5.2914814949035645, 5.20270299911499, 5.303009986877441, 5.330904960632324, 5.331982135772705, 5.304208278656006, 5.285555839538574, 5.219974994659424, 5.245331764221191, 5.344550132751465, 5.3511810302734375]
val step Loss: [5.506004810333252, 5.584951400756836, 5.627871990203857, 5.627674579620361, 5.653409957885742, 5.502419471740723, 5.5885772705078125, 5.526301383972168, 5.614651203155518, 5.587093830108643, 5.589171409606934, 5.534091949462891, 5.590933322906494, 5.596013069152832, 5.623057842254639, 5.5583038330078125]
Train step Accs: [0.045892968263845674, 0.026697960979903183, 0.028146989835809225, 0.03442622950819672, 0.0535520817210958, 0.027450980392156862, 0.017222820236813777, 0.03260869565217391, 0.08713692946058091, 0.04637353315424855, 0.033086695518637445, 0.03154292515994644, 0.03529204164460914, 0.05366106975939069, 0.04941623676350801, 0.05536282162474704, 0.038331301638900174, 0.03908414758640805, 0.04359073858491786, 0.044603137438538984, 0.051954397394136806, 0.025025914408411076, 0.060398777470528305, 0.0498691480081419, 0.031804733727810654, 0.0499675535366645, 0.034488020753853196, 0.04559178743961353, 0.041246937108630546, 0.036582036582036584, 0.02268615170494085, 0.051446051167964406, 0.03907800335826592, 0.02166307857911733, 0.04579310344827586, 0.05189567087926862, 0.029424069167480128, 0.04510837727006444, 0.024471635150166853, 0.03694209891435465, 0.04367158964586311, 0.03798054654932839, 0.04694511563686572, 0.028153153153153154, 0.045627376425855515, 0.027437056165267915, 0.03706482593037215, 0.05251725019166879, 0.053268765133171914, 0.03909582030139323, 0.028979045920642, 0.03556593977154725, 0.027546020394649717, 0.07615593834995467, 0.0249802371541502, 0.032878492527615336, 0.04183733177296665, 0.042903275411348606, 0.045157152020525976, 0.05740618828176432, 0.03976683937823834, 0.03427366200896388, 0.041245791245791245]
val step Accs: [0.024730154392676597, 0.014437482974666304, 0.012188288035864388, 0.01603206412825651, 0.017462351810317207, 0.030392570704938792, 0.015, 0.014655526640186276, 0.013103356063644872, 0.018329676003614303, 0.022417013938784307, 0.018184037100317307, 0.015376315079579175, 0.01025512756378189, 0.007026957966015076, 0.004295356923706279]
Preds: [17, 17, 17, 17, 17, 284, 284, 284, 284, 284, 284, 284, 284, 284, 284, 284, 284, 284, 284, 284, 284, 284, 284, 284, 284, 284, 284, 284, 284, 324, 324, 324, 324, 324, 324, 63, 63, 63, 63, 63, 63, 63, 63, 63, 63, 63, 63, 63, 63, 63, 63, 63, 63, 63, 63, 63, 63, 63, 63, 63, 63, 63, 63, 63, 63, 63, 63, 63, 63, 63, 63, 63, 63, 63, 63, 63, 63, 63, 63, 63, 63, 63, 63, 63, 63, 63, 63, 63, 63, 63, 63, 63, 63, 63, 63, 63, 63, 63, 63, 63, 63, 63, 63, 63, 63, 63, 63, 63, 63, 63, 63, 63, 63, 63, 63, 63, 63, 63, 63, 63, 63, 63, 63, 63, 63, 63, 63, 63, 63, 63, 63, 63, 63, 63, 63, 63, 63, 63, 63, 63, 63, 63, 63, 63, 63, 63, 63, 63, 63, 63, 63, 63, 63, 63, 63, 63, 63, 63, 63, 63, 63, 63, 63, 63, 63, 63, 63, 63, 63, 63, 63, 63, 63, 63, 63, 63, 63, 63, 63, 63, 63, 63, 63, 63, 63, 63, 63, 63, 63, 63, 63, 63, 63, 63, 63, 63, 63, 63, 63, 63, 63, 63, 63, 63, 63, 63, 63, 63, 63, 63, 63, 63, 63, 63, 63, 63, 63, 63, 63, 63, 63, 63, 63, 63, 63, 63, 63, 63, 63, 63, 63, 63, 63, 63, 63, 63, 63, 63, 63, 63, 63, 63, 63, 63, 63, 63, 63, 63, 63, 63, 63, 63, 63, 63, 63, 63, 63, 63, 63, 63, 63, 63, 63, 63, 63, 63, 63, 63, 63, 63, 63, 63, 63, 63, 63, 63, 63, 63, 63, 63, 63, 63, 63, 63, 63, 63, 63, 63, 63, 63, 63, 63, 63, 63, 63, 63, 63, 63, 63, 63, 63, 63, 63, 63, 63, 63, 63, 63, 63, 63, 63, 63, 63, 63, 63, 63, 63, 63, 63, 63, 63, 63, 63, 63, 63, 63, 63, 63, 63, 63, 63, 63, 63, 63, 63, 63, 63, 63, 63, 63, 63, 63, 63, 63, 63, 63, 63, 63, 63, 63, 63, 63, 63, 63, 63, 63, 63, 63, 63, 63, 63, 63, 63, 63, 63, 63, 63, 63, 63, 63, 63, 63, 63, 63, 63, 63, 63, 63, 63, 63, 63, 63, 63, 63, 63, 63, 63, 63, 63, 63, 63, 63, 63, 63, 63, 63, 63, 63, 63, 63, 63, 63, 63, 63, 63, 63, 63, 63, 63, 63, 63, 63, 63, 63, 63, 63, 63, 63, 63, 63, 63, 63, 63, 63, 63, 63, 63, 63, 63, 63, 63, 63, 63, 63, 63, 63, 63, 63, 63, 63, 63, 63, 63, 63, 63, 63, 63, 63, 63, 63, 63, 63, 63, 63, 63, 63, 63, 63, 63, 63, 63, 63, 63, 63, 63, 63, 63, 63, 63, 63, 63, 63, 63, 63, 63, 63, 63, 63, 63, 63, 63, 63, 63, 63, 63, 63, 63, 63, 63, 63, 63, 63, 63, 63, 63, 63, 63, 63, 63, 63, 63, 63, 63, 63, 63, 63, 63, 63, 63, 63, 63, 63, 63, 63, 63, 63, 63, 63, 63, 63, 63, 63, 63, 63, 63, 63, 63, 63, 63, 63, 63, 63, 63, 63, 63, 63, 63, 63, 63, 63, 63, 63, 63, 63, 63, 63, 63, 63, 63, 63, 63, 63, 63, 63, 63, 63, 63, 63, 63, 63, 63, 63, 63, 63, 63, 63, 63, 63, 63, 63, 63, 63, 63, 63, 63, 63, 63, 63, 63, 63, 63, 63, 63, 63, 63, 63, 63, 63, 63, 63, 63, 63, 63, 63, 63, 63, 63, 63, 63, 63]

ep14
Train step Loss: [5.351408958435059, 5.207658290863037, 5.364480972290039, 5.239309310913086, 5.286592960357666, 5.3661394119262695, 5.296511650085449, 5.352548599243164, 5.317739009857178, 5.40244722366333, 5.3504109382629395, 5.282312870025635, 5.3377156257629395, 5.293529987335205, 5.371675968170166, 5.263425827026367, 5.336171627044678, 5.1812238693237305, 5.368098258972168, 5.266375541687012, 5.30100154876709, 5.334676742553711, 5.226914882659912, 5.2403645515441895, 5.250874996185303, 5.278871059417725, 5.220642566680908, 5.211764335632324, 5.286444664001465, 5.248732089996338, 5.208674430847168, 5.240978240966797, 5.242181777954102, 5.216853618621826, 5.2891435623168945, 5.3306403160095215, 5.304941177368164, 5.240525245666504, 5.291955471038818, 5.294897079467773, 5.256011009216309, 5.196798801422119, 5.281613826751709, 5.206814765930176, 5.228341579437256, 5.342739582061768, 5.237586975097656, 5.3279805183410645, 5.1938862800598145, 5.249970436096191, 5.298708438873291, 5.337214469909668, 5.255141735076904, 5.3031511306762695, 5.2429280281066895, 5.190515041351318, 5.166499614715576, 5.244198322296143, 5.199761867523193, 5.329526424407959, 5.182508945465088, 5.290730953216553, 5.220968246459961]
val step Loss: [5.576038837432861, 5.5780768394470215, 5.424293041229248, 5.577320575714111, 5.570339202880859, 5.521720886230469, 5.553427696228027, 5.54199743270874, 5.519693851470947, 5.58943510055542, 5.581058025360107, 5.566728591918945, 5.544872283935547, 5.578853130340576, 5.504065990447998, 5.620275020599365]
Train step Accs: [0.025746146277468022, 0.060922541340295906, 0.03195059739562357, 0.050007063144511935, 0.0349639855942377, 0.03367315415508187, 0.04513235932301461, 0.038266068759342305, 0.020785219399538105, 0.019330111648058656, 0.033631957703040095, 0.02527646129541864, 0.03729884193111746, 0.04950495049504951, 0.02196588538470978, 0.03945645055664702, 0.04158813921346903, 0.05369807497467072, 0.03338008415147265, 0.04855954855954856, 0.038456490353064705, 0.04244787760611969, 0.050520566649598905, 0.05368289637952559, 0.062185331337596954, 0.04954331580404096, 0.06395019807583475, 0.07097643097643097, 0.022105263157894735, 0.05353901996370236, 0.0692202462380301, 0.05951041080472707, 0.05436920483281821, 0.04755495737999103, 0.03255813953488372, 0.021881123448726322, 0.05203790043615581, 0.05304781603601411, 0.04195913274060209, 0.032369372329937564, 0.0392265961886215, 0.0527340293753318, 0.0328457079768148, 0.057413700590234304, 0.054734318817419095, 0.03750894774516822, 0.039579296983116526, 0.022855401493219563, 0.05350969487449271, 0.05116408755053674, 0.028122769450392576, 0.030867792661619105, 0.03703230749584983, 0.050398778211437296, 0.0595173535791757, 0.050007184940365, 0.06319493314567207, 0.048631374183687646, 0.06567164179104477, 0.038153206650831356, 0.06862044317369549, 0.0443429581614614, 0.05121638924455826]
val step Accs: [0.03493873589712483, 0.033772956982620485, 0.0599702179504535, 0.02277777777777778, 0.036437797416723317, 0.04991680532445923, 0.02356091030789826, 0.040196767392832046, 0.038384987205004266, 0.026243849097867686, 0.03592293349906774, 0.03236105064576984, 0.041280539174389216, 0.03426573426573427, 0.03543635352973874, 0.01603206412825651]
Preds: [17, 17, 17, 17, 17, 284, 284, 284, 284, 284, 284, 284, 284, 284, 284, 284, 284, 284, 284, 284, 284, 284, 284, 284, 284, 284, 284, 284, 284, 284, 284, 284, 284, 284, 284, 284, 284, 284, 284, 171, 246, 246, 246, 246, 246, 246, 246, 246, 246, 246, 246, 246, 246, 246, 246, 246, 246, 246, 246, 246, 246, 246, 392, 392, 392, 392, 63, 63, 63, 63, 63, 63, 63, 63, 63, 63, 63, 392, 392, 246, 246, 246, 246, 246, 246, 63, 63, 63, 63, 63, 63, 63, 63, 63, 63, 63, 63, 63, 63, 63, 63, 63, 63, 63, 63, 63, 392, 392, 246, 246, 246, 246, 246, 246, 246, 246, 246, 246, 246, 246, 246, 246, 246, 246, 246, 246, 246, 246, 246, 246, 246, 246, 246, 246, 246, 246, 246, 246, 246, 246, 246, 246, 246, 246, 246, 246, 246, 246, 246, 246, 246, 246, 246, 246, 246, 246, 246, 246, 246, 246, 246, 246, 246, 246, 246, 246, 246, 246, 246, 246, 246, 246, 246, 246, 246, 246, 246, 246, 246, 246, 246, 246, 392, 392, 392, 392, 392, 392, 392, 392, 63, 63, 63, 63, 63, 63, 392, 392, 392, 63, 63, 63, 63, 63, 63, 63, 63, 63, 63, 63, 63, 392, 392, 392, 246, 246, 246, 246, 246, 246, 246, 246, 246, 246, 246, 246, 246, 246, 246, 392, 392, 392, 392, 392, 392, 392, 392, 392, 246, 246, 246, 246, 392, 63, 63, 63, 63, 63, 63, 63, 63, 63, 63, 63, 63, 63, 63, 63, 63, 63, 63, 63, 63, 63, 63, 63, 392, 392, 392, 246, 246, 246, 246, 246, 246, 246, 246, 246, 246, 246, 246, 246, 246, 63, 63, 63, 63, 63, 63, 63, 63, 63, 63, 63, 63, 63, 63, 63, 63, 63, 63, 63, 63, 63, 63, 63, 63, 63, 63, 63, 63, 63, 63, 63, 63, 63, 63, 63, 63, 63, 63, 63, 63, 63, 63, 63, 63, 63, 63, 63, 63, 63, 63, 246, 246, 246, 246, 246, 246, 246, 246, 246, 246, 246, 246, 246, 246, 246, 63, 63, 63, 63, 63, 63, 63, 63, 63, 63, 63, 63, 63, 246, 246, 246, 246, 63, 246, 246, 246, 246, 246, 246, 246, 246, 246, 246, 246, 246, 246, 246, 246, 246, 246, 246, 246, 246, 246, 246, 246, 246, 246, 246, 246, 246, 246, 246, 246, 246, 246, 246, 246, 246, 246, 246, 246, 246, 246, 246, 246, 246, 246, 246, 246, 246, 246, 246, 246, 246, 246, 246, 246, 246, 246, 246, 246, 246, 246, 246, 246, 246, 246, 246, 63, 63, 246, 246, 246, 246, 63, 63, 63, 63, 63, 63, 63, 63, 63, 63, 63, 63, 63, 63, 246, 246, 246, 246, 246, 246, 246, 246, 246, 246, 246, 246, 246, 246, 63, 63, 63, 63, 63, 63, 63, 63, 63, 63, 63, 63, 63, 63, 63, 63, 63, 63, 63, 63, 63, 63, 63, 63, 63, 63, 63, 63, 63, 63, 63, 63, 63, 63, 63, 63, 63, 63, 63, 63, 63, 63, 63, 63, 63, 63, 63, 63, 63, 63, 63, 63, 63, 63, 63, 63, 63, 63, 63, 63, 246, 246, 246, 246, 246, 246, 246, 246, 246, 246, 246, 246, 246, 246, 246, 246, 246, 246, 246, 246, 246, 246, 246, 246, 246, 246, 246, 246, 246, 246, 246, 246, 63, 63, 63, 246, 246, 246, 246, 63, 63, 63, 246, 246, 246, 246, 246, 63, 63, 63, 63, 63, 63, 63, 63, 63, 63, 63, 63, 63, 63, 63, 63, 63, 63, 63, 63, 63, 63, 63, 63, 63, 63, 63]

ep15
Train step Loss: [5.29456090927124, 5.1914963722229, 5.2621235847473145, 5.239925861358643, 5.217740058898926, 5.221142768859863, 5.174623489379883, 5.267025947570801, 5.217105388641357, 5.156679630279541, 5.2036309242248535, 5.224594593048096, 5.2599568367004395, 5.224272727966309, 5.070431709289551, 5.159729480743408, 5.214593410491943, 5.240149021148682, 5.231700897216797, 5.266674041748047, 5.1720123291015625, 5.287435531616211, 5.281241416931152, 5.165651321411133, 5.148278713226318, 5.193658828735352, 5.255671977996826, 5.246704578399658, 5.302328109741211, 5.319064617156982, 5.228517055511475, 5.219241142272949, 5.1909708976745605, 5.204229831695557, 5.237464427947998, 5.2084736824035645, 5.237751007080078, 5.241127967834473, 5.176512718200684, 5.174458026885986, 5.209849834442139, 5.174373626708984, 5.1716437339782715, 5.179008960723877, 5.2910261154174805, 5.215874195098877, 5.223572731018066, 5.179567337036133, 5.311224460601807, 5.159058570861816, 5.170268535614014, 5.281702518463135, 5.268711090087891, 5.205924987792969, 5.137192249298096, 5.177071571350098, 5.152750015258789, 5.161845684051514, 5.231476783752441, 5.174094200134277, 5.21322774887085, 5.133943557739258, 5.152938365936279]
val step Loss: [5.493005275726318, 5.465887546539307, 5.496115684509277, 5.535223960876465, 5.415468692779541, 5.58253812789917, 5.511013031005859, 5.5535712242126465, 5.522388935089111, 5.48433256149292, 5.527073860168457, 5.442275047302246, 5.513537406921387, 5.518718719482422, 5.501395225524902, 5.5235819816589355]
Train step Accs: [0.04771753582508494, 0.07887101028752308, 0.050286532951289396, 0.055658381808566894, 0.059106198942815956, 0.052845528455284556, 0.0628625176359931, 0.05284216335540839, 0.06023926812104152, 0.07165109034267912, 0.06307895897662108, 0.05043616177636796, 0.05258316725433083, 0.056611990129191464, 0.08548040794417607, 0.07378432274888787, 0.06351374423766433, 0.05528237222470571, 0.056960375391032325, 0.06303945745992602, 0.07510564733000384, 0.034136899524898824, 0.05065428450823132, 0.0702526256031791, 0.06490009919229134, 0.06361098868811517, 0.05367231638418079, 0.06037270907130756, 0.04685466377440347, 0.046791647614692886, 0.0607157217531162, 0.055279159756771695, 0.06292728402734618, 0.062119050706782517, 0.05916585838991271, 0.06512790355777713, 0.05815602836879433, 0.056158940397351, 0.058981233243967826, 0.06809840967785782, 0.05543298400441258, 0.07222835514903012, 0.058506154105547124, 0.05535109671720889, 0.060438037149986135, 0.058028729910396815, 0.05864432597105865, 0.05775288764438222, 0.042805495300072306, 0.06285122744750074, 0.04925022052337548, 0.053690236732167725, 0.05340008343763037, 0.0650843222985634, 0.0746802365561821, 0.058324332664712236, 0.04542494301530446, 0.050936435868331444, 0.05626215771360168, 0.05579786434050233, 0.058317399617590825, 0.0648068669527897, 0.06297709923664122]
val step Accs: [0.0399452804377565, 0.04380442062960482, 0.03444475062000551, 0.027538726333907058, 0.04339378238341969, 0.03126296859869968, 0.03134837355718783, 0.03106473796537823, 0.041852057842046715, 0.041844459738472124, 0.03825136612021858, 0.05752326783867632, 0.032982071985767074, 0.03875968992248062, 0.038862077724155446, 0.044544340008173276]
Preds: [17, 17, 17, 17, 17, 284, 284, 284, 284, 284, 284, 284, 284, 284, 284, 284, 284, 284, 284, 284, 284, 284, 284, 284, 284, 284, 284, 284, 284, 392, 392, 63, 63, 63, 63, 63, 63, 63, 63, 63, 63, 392, 392, 324, 324, 324, 324, 324, 324, 324, 324, 324, 324, 324, 324, 324, 324, 324, 324, 324, 324, 324, 324, 324, 324, 324, 324, 324, 324, 324, 324, 324, 324, 324, 324, 324, 324, 324, 324, 324, 324, 324, 246, 246, 246, 246, 246, 246, 246, 246, 246, 246, 246, 246, 246, 246, 246, 246, 246, 246, 246, 246, 246, 246, 246, 246, 246, 246, 246, 246, 246, 246, 246, 246, 246, 246, 246, 246, 246, 246, 246, 246, 246, 246, 246, 246, 246, 246, 246, 246, 246, 246, 246, 246, 246, 246, 246, 213, 213, 392, 392, 392, 63, 63, 63, 63, 63, 63, 63, 63, 63, 63, 63, 63, 63, 63, 63, 63, 392, 392, 213, 213, 213, 246, 246, 246, 246, 246, 246, 246, 246, 246, 246, 246, 246, 246, 246, 246, 246, 246, 246, 246, 246, 246, 246, 246, 246, 246, 246, 246, 246, 246, 246, 246, 246, 246, 213, 213, 213, 392, 392, 392, 392, 392, 392, 392, 392, 392, 392, 392, 63, 63, 63, 63, 63, 63, 63, 392, 392, 392, 392, 63, 63, 63, 63, 63, 63, 63, 63, 63, 63, 392, 392, 213, 213, 213, 213, 213, 246, 246, 246, 246, 246, 246, 246, 246, 246, 246, 246, 246, 246, 246, 246, 246, 246, 246, 246, 246, 246, 246, 246, 246, 246, 246, 246, 246, 246, 246, 246, 246, 246, 246, 246, 246, 246, 246, 246, 246, 246, 246, 246, 246, 246, 246, 246, 246, 246, 246, 246, 246, 246, 246, 246, 246, 246, 246, 246, 246, 246, 246, 246, 246, 246, 246, 246, 246, 246, 246, 246, 246, 246, 246, 246, 246, 246, 246, 246, 246, 246, 246, 246, 246, 246, 246, 246, 246, 246, 246, 246, 246, 246, 246, 246, 246, 246, 246, 246, 246, 246, 246, 246, 246, 246, 246, 246, 246, 246, 246, 246, 246, 246, 246, 246, 246, 246, 246, 246, 246, 246, 246, 246, 246, 246, 246, 246, 246, 246, 246, 246, 246, 246, 246, 246, 246, 246, 246, 213, 392, 63, 63, 63, 63, 63, 63, 63, 63, 63, 63, 63, 63, 63, 63, 63, 63, 63, 63, 63, 63, 63, 63, 63, 63, 213, 213, 246, 246, 246, 246, 246, 246, 246, 246, 246, 246, 246, 246, 246, 246, 246, 246, 246, 246, 246, 246, 246, 246, 246, 246, 246, 246, 246, 246, 246, 246, 246, 246, 246, 246, 246, 246, 246, 246, 246, 246, 246, 246, 246, 246, 246, 246, 392, 63, 63, 63, 63, 63, 63, 63, 63, 63, 63, 63, 63, 63, 63, 63, 63, 213, 213, 213, 213, 213, 246, 246, 246, 246, 246, 246, 246, 246, 246, 246, 246, 246, 246, 246, 246, 246, 246, 246, 246, 246, 246, 246, 246, 246, 246, 246, 246, 246, 246, 246, 246, 246, 246, 246, 246, 246, 246, 246, 246, 246, 246, 246, 246, 246, 246, 246, 246, 246, 246, 246, 246, 246, 246, 246, 246, 246, 246, 246, 246, 246, 246, 246, 246, 246, 246, 246, 246, 246, 246, 246, 246, 246, 246, 246, 246, 246, 246, 246, 246, 246, 246, 246, 246, 246, 246, 246, 246, 246, 246, 246, 246, 246, 246, 246, 246, 246, 246, 246, 246, 246, 246, 246, 246, 246, 246, 246, 246, 246, 246, 246, 246, 246, 246, 246, 246, 246, 246, 246, 246, 246, 246, 246, 246, 246, 246, 246, 246, 246]

ep16
Train step Loss: [5.175600051879883, 5.26942777633667, 5.229682922363281, 5.1302876472473145, 5.110576152801514, 5.162349224090576, 5.13798713684082, 5.158464431762695, 5.217406749725342, 5.116679668426514, 5.128416061401367, 5.152324199676514, 5.142098903656006, 5.1629719734191895, 5.214569091796875, 5.169518947601318, 5.075424671173096, 5.304530143737793, 5.221033096313477, 5.110130786895752, 5.106029510498047, 5.135223388671875, 5.084972858428955, 5.166364669799805, 5.166720867156982, 5.222857475280762, 5.184796333312988, 5.1944379806518555, 5.141181945800781, 5.205777645111084, 5.127270221710205, 5.11290168762207, 5.086479187011719, 4.961296558380127, 5.144400119781494, 5.200796127319336, 5.1500163078308105, 5.058506488800049, 5.0735907554626465, 5.198573112487793, 5.001110553741455, 5.076759338378906, 5.056948661804199, 5.248154163360596, 5.084377288818359, 5.044867038726807, 5.192834854125977, 5.152182102203369, 5.086365699768066, 5.249632358551025, 5.022914409637451, 5.1390275955200195, 5.093567371368408, 4.891694068908691, 5.079054832458496, 5.106733322143555, 5.127458095550537, 5.160790920257568, 5.060351848602295, 5.005145072937012, 5.047038555145264, 4.935083866119385, 5.211355686187744]
val step Loss: [5.420646667480469, 5.407394886016846, 5.488128185272217, 5.447565078735352, 5.435087203979492, 5.376339912414551, 5.471096992492676, 5.450557708740234, 5.419849872589111, 5.371972560882568, 5.399688243865967, 5.440125942230225, 5.432734489440918, 5.479689121246338, 5.3919243812561035, 5.4760050773620605]
Train step Accs: [0.06496519721577726, 0.059458613675481144, 0.04329261060372435, 0.06658326383097025, 0.06273972602739726, 0.043068026175620146, 0.06305688827964359, 0.06159570070276974, 0.05767391007243406, 0.05669665591580377, 0.05042249619060812, 0.06506058857472591, 0.0809403362594852, 0.047315175097276264, 0.05263866451265482, 0.055994455994455995, 0.07586393088552916, 0.041380204955247114, 0.05419097328830212, 0.06310966597694354, 0.0638930163447251, 0.0665875722971971, 0.08146897425073871, 0.06530185295875672, 0.06056270863137816, 0.05230352303523035, 0.06221339040048915, 0.053771760154738876, 0.06428070175438597, 0.04604079184163167, 0.04248815528045239, 0.06883844339622641, 0.068, 0.10237892948173322, 0.06423173803526448, 0.051581647192932456, 0.056080557707203715, 0.06530557057869119, 0.0797872340425532, 0.06594360086767896, 0.08403361344537816, 0.06374501992031872, 0.06664575819350792, 0.042638777152051485, 0.0625, 0.07104413347685684, 0.04909706546275395, 0.06116936765173181, 0.07596651071164738, 0.0345005149330587, 0.07016088903632443, 0.05334562697576396, 0.06377551020408163, 0.10056239957150509, 0.06685870224378411, 0.06693683622135271, 0.06312849162011173, 0.053548387096774196, 0.08251606357795063, 0.07661588522407928, 0.07528409090909091, 0.10159582872491704, 0.03586295228946526]
val step Accs: [0.04818227091633466, 0.03930817610062893, 0.03147116398132811, 0.03883248730964467, 0.04614534401768444, 0.044533831346070966, 0.037295081967213116, 0.034401390958768006, 0.038372881355932205, 0.046790409899458624, 0.03587806851901807, 0.03525770421208451, 0.03391641073574576, 0.031017369727047148, 0.04704564547745729, 0.034448227518525935]
Preds: [17, 17, 17, 17, 17, 284, 284, 284, 284, 284, 284, 284, 284, 284, 284, 284, 284, 284, 284, 284, 284, 284, 284, 284, 284, 284, 284, 284, 284, 284, 284, 284, 284, 284, 284, 414, 414, 392, 392, 392, 392, 392, 392, 392, 63, 63, 63, 63, 63, 63, 63, 63, 63, 63, 63, 63, 63, 63, 392, 392, 392, 392, 246, 246, 246, 246, 246, 246, 246, 246, 246, 246, 246, 246, 246, 414, 414, 414, 414, 246, 246, 246, 246, 246, 246, 246, 246, 246, 246, 246, 246, 246, 246, 246, 246, 246, 246, 246, 246, 246, 246, 246, 246, 246, 246, 246, 246, 246, 246, 246, 246, 246, 246, 246, 246, 246, 246, 246, 246, 246, 246, 246, 246, 246, 246, 246, 246, 246, 246, 246, 246, 246, 246, 246, 246, 246, 246, 246, 246, 246, 246, 246, 246, 246, 246, 246, 246, 246, 246, 246, 392, 392, 392, 392, 392, 392, 392, 392, 246, 246, 246, 246, 246, 246, 246, 246, 246, 246, 246, 246, 246, 246, 246, 246, 246, 246, 246, 246, 246, 246, 246, 246, 246, 246, 246, 246, 246, 246, 246, 246, 246, 246, 246, 246, 246, 246, 246, 246, 246, 246, 246, 246, 246, 246, 246, 246, 246, 246, 246, 246, 246, 246, 246, 246, 246, 246, 246, 246, 246, 246, 246, 246, 246, 246, 246, 246, 246, 246, 246, 246, 246, 246, 246, 246, 246, 246, 246, 246, 246, 246, 246, 246, 246, 246, 246, 246, 246, 246, 246, 246, 246, 246, 246, 246, 246, 246, 246, 246, 246, 246, 246, 246, 246, 246, 246, 246, 246, 246, 414, 414, 392, 392, 392, 392, 392, 392, 392, 392, 392, 392, 392, 392, 392, 392, 392, 392, 392, 63, 63, 63, 63, 63, 63, 63, 63, 63, 392, 246, 246, 246, 246, 246, 246, 246, 246, 246, 246, 246, 246, 246, 246, 246, 246, 246, 246, 246, 246, 246, 246, 246, 246, 246, 246, 246, 246, 246, 246, 246, 246, 246, 246, 246, 246, 246, 246, 246, 246, 246, 246, 246, 246, 246, 246, 246, 246, 246, 246, 246, 246, 246, 246, 246, 246, 246, 246, 246, 246, 246, 246, 246, 246, 246, 246, 246, 246, 246, 246, 246, 246, 246, 246, 246, 246, 246, 246, 246, 246, 246, 246, 246, 246, 246, 246, 246, 246, 246, 246, 246, 246, 246, 246, 246, 246, 246, 246, 246, 246, 246, 246, 246, 246, 246, 246, 246, 246, 246, 246, 246, 246, 246, 246, 246, 246, 246, 246, 246, 246, 246, 246, 246, 246, 246, 246, 246, 246, 246, 246, 246, 246, 246, 246, 246, 246, 246, 246, 246, 246, 246, 246, 246, 246, 246, 246, 246, 246, 246, 246, 246, 246, 246, 246, 246, 246, 246, 246, 246, 246, 246, 246, 246, 246, 246, 246, 246, 246, 246, 246, 246, 246, 246, 246, 246, 246, 246, 246, 246, 246, 246, 246, 246, 246, 246, 246, 246, 246, 246, 246, 246, 246, 246, 246, 246, 246, 246, 246, 246, 246, 246, 246, 246, 246, 246, 246, 414, 414, 246, 246, 246, 246, 246, 246, 246, 246, 246, 246, 246, 246, 246, 246, 246, 246, 246, 246, 246, 414, 392, 392, 392, 63, 63, 63, 63, 63, 63, 63, 63, 63, 63, 63, 63, 63, 63, 63, 63, 63, 63, 63, 63, 63, 63, 63, 63, 392, 246, 246, 246, 246, 246, 246, 246, 246, 246, 246, 246, 246, 246, 246, 246, 246, 246, 246, 246, 246, 246, 246, 246, 246, 246, 246, 246, 246, 246, 246, 246, 246, 246, 246, 246, 414, 392, 392, 392, 63, 63, 63, 63, 63, 63, 63, 63]

ep17
Train step Loss: [5.04502534866333, 4.952127933502197, 5.070128917694092, 5.115340709686279, 5.190746784210205, 5.167242050170898, 5.032822608947754, 5.1075310707092285, 5.196260929107666, 5.004055023193359, 5.054769039154053, 5.111783027648926, 5.150929927825928, 5.018580436706543, 5.018965721130371, 4.956912517547607, 5.118650913238525, 4.986312389373779, 5.058741569519043, 5.126391887664795, 5.049672603607178, 5.060562610626221, 5.10355281829834, 5.055305004119873, 4.990826606750488, 5.0856099128723145, 5.199679851531982, 4.948167324066162, 5.115594863891602, 4.958471775054932, 5.029745578765869, 5.029047012329102, 5.078533172607422, 5.09765100479126, 4.979873180389404, 5.021364212036133, 4.919792175292969, 5.020452976226807, 5.015896797180176, 5.03450870513916, 4.97866678237915, 4.9870171546936035, 4.984697341918945, 4.880295753479004, 5.0329909324646, 5.03408145904541, 5.063304901123047, 5.002458095550537, 4.8784708976745605, 5.113304615020752, 4.989341735839844, 4.99915075302124, 4.916536331176758, 5.018994331359863, 5.001436233520508, 5.013163089752197, 4.893274784088135, 5.1024298667907715, 5.002968788146973, 5.007205009460449, 4.9069600105285645, 5.019899845123291, 4.957583427429199]
val step Loss: [5.3377604484558105, 5.349111557006836, 5.399301052093506, 5.3680195808410645, 5.332581996917725, 5.378406524658203, 5.375988483428955, 5.303952693939209, 5.324178218841553, 5.319133758544922, 5.311014652252197, 5.345659255981445, 5.399453639984131, 5.298442840576172, 5.370819568634033, 5.421379089355469]
Train step Accs: [0.06488052136133236, 0.09082947579131741, 0.057267557201428385, 0.05651397977394408, 0.048640524661839046, 0.05433589462129528, 0.06975289333750391, 0.05272030651340996, 0.05423280423280423, 0.07633089770354906, 0.05673659017316627, 0.05411044651550981, 0.05919558871229322, 0.06842539159109645, 0.07688953488372093, 0.08835758835758836, 0.04736842105263158, 0.08002126811112588, 0.06737481031866464, 0.05675547848021441, 0.07486562579984643, 0.056212585778945834, 0.041611135791500074, 0.073606897652882, 0.08175473579262213, 0.06562277580071174, 0.055242004446724814, 0.08558758314855876, 0.05815602836879433, 0.08046928916494134, 0.06959195081050866, 0.08631546613423437, 0.07619848612279226, 0.06239193083573487, 0.08311688311688312, 0.06023611483767105, 0.0812616532007458, 0.06621038535932153, 0.07476048374430658, 0.06618059450364554, 0.07105416423995341, 0.06257175660160735, 0.060945880058508047, 0.0956133438402942, 0.0694768639296993, 0.050360710321864594, 0.07374541003671971, 0.0796710703693718, 0.09579230080572963, 0.048582995951417005, 0.07076431269979658, 0.09165115279965631, 0.07402442657134346, 0.06842417061611375, 0.06673363949483352, 0.06614004552148882, 0.08122137404580153, 0.0462478184991274, 0.07655438689921448, 0.06352350765979926, 0.07709113607990012, 0.06592398427260812, 0.059619100193210046]
val step Accs: [0.03665629649668605, 0.04195193008011653, 0.038011695906432746, 0.04127312718333549, 0.047489454347530276, 0.041383898868928806, 0.03819604233778187, 0.046588778306649356, 0.045937334041423264, 0.046762589928057555, 0.049879967991464394, 0.04893617021276596, 0.043928987948684724, 0.05011996800853106, 0.0369073275862069, 0.03616751269035533]
Preds: [17, 17, 17, 17, 284, 284, 284, 284, 284, 284, 284, 284, 284, 284, 284, 284, 284, 284, 284, 284, 284, 284, 284, 284, 284, 284, 284, 284, 284, 284, 284, 284, 284, 284, 284, 284, 171, 171, 246, 246, 246, 246, 246, 246, 171, 414, 414, 414, 414, 414, 392, 392, 392, 392, 392, 392, 392, 63, 63, 63, 63, 63, 392, 392, 392, 392, 392, 392, 392, 392, 63, 63, 63, 63, 63, 63, 63, 63, 63, 392, 392, 287, 213, 213, 213, 246, 246, 246, 246, 246, 246, 246, 246, 246, 246, 246, 246, 246, 246, 246, 246, 246, 246, 246, 246, 246, 246, 246, 246, 246, 246, 246, 246, 246, 246, 246, 246, 246, 246, 246, 246, 246, 246, 246, 246, 246, 246, 246, 246, 246, 246, 246, 246, 246, 246, 246, 246, 246, 246, 246, 246, 246, 246, 246, 246, 246, 246, 246, 246, 246, 246, 246, 246, 246, 246, 246, 246, 246, 246, 246, 246, 246, 246, 246, 246, 246, 246, 246, 246, 246, 246, 246, 246, 246, 246, 246, 246, 246, 246, 246, 246, 246, 246, 246, 246, 246, 246, 246, 246, 246, 246, 246, 246, 246, 246, 246, 246, 246, 246, 246, 246, 246, 246, 246, 246, 246, 246, 246, 246, 246, 246, 246, 246, 246, 246, 246, 246, 246, 246, 246, 246, 246, 246, 246, 246, 246, 246, 246, 246, 246, 246, 246, 246, 246, 246, 246, 246, 246, 246, 414, 414, 414, 392, 392, 392, 392, 63, 63, 63, 63, 63, 63, 63, 63, 63, 63, 63, 63, 63, 63, 63, 392, 392, 320, 320, 213, 213, 213, 213, 246, 246, 246, 246, 246, 246, 246, 246, 246, 246, 246, 246, 246, 246, 246, 246, 246, 246, 246, 246, 246, 246, 246, 246, 246, 246, 246, 246, 246, 246, 246, 246, 246, 246, 246, 246, 246, 246, 246, 246, 246, 246, 246, 246, 246, 246, 246, 246, 246, 246, 246, 246, 246, 246, 246, 246, 246, 246, 246, 246, 246, 246, 246, 246, 246, 246, 246, 246, 246, 246, 246, 246, 246, 246, 246, 246, 246, 246, 246, 246, 246, 246, 246, 246, 246, 246, 246, 246, 246, 246, 246, 246, 246, 246, 246, 246, 246, 246, 246, 246, 246, 246, 246, 246, 246, 246, 246, 246, 246, 414, 414, 414, 414, 414, 392, 392, 392, 63, 63, 63, 63, 63, 63, 63, 63, 63, 63, 63, 63, 63, 63, 63, 63, 63, 63, 63, 63, 63, 63, 63, 63, 63, 63, 63, 63, 63, 63, 392, 320, 213, 213, 213, 213, 213, 246, 246, 246, 246, 246, 246, 246, 246, 246, 246, 246, 246, 246, 246, 246, 246, 246, 246, 246, 246, 246, 246, 246, 246, 246, 246, 246, 246, 246, 246, 246, 246, 246, 246, 246, 246, 246, 246, 246, 246, 246, 246, 246, 246, 246, 246, 246, 246, 414, 414, 414, 246, 246, 246, 246, 246, 246, 246, 246, 246, 246, 246, 246, 414, 414, 414, 414, 414, 414, 246, 246, 246, 246, 246, 246, 246, 246, 246, 246, 414, 414, 246, 246, 246, 246, 246, 246, 246, 246, 246, 246, 246, 246, 246, 246, 246, 246, 246, 246, 246, 246, 246, 246, 246, 246, 246, 246, 246, 246, 246, 246, 246, 246, 246, 414, 414, 414, 414, 414, 414, 414, 414, 246, 246, 246, 246, 246, 246, 414, 414, 414, 414, 392, 392, 392, 63, 63, 63, 63, 63, 63, 63, 63, 63, 63, 63, 63, 63, 63, 63, 63, 63, 63, 63, 63, 63, 63, 63, 63, 392, 320, 213, 213, 213, 213, 213, 213, 246, 246, 246, 246, 246, 246, 246, 246, 246, 246]

ep18
Train step Loss: [5.014005184173584, 4.904351711273193, 4.954746723175049, 5.015432834625244, 4.988728046417236, 4.994632720947266, 4.892045021057129, 4.90836238861084, 4.938745498657227, 4.865265846252441, 4.869192600250244, 5.038473606109619, 5.003803253173828, 5.003238201141357, 4.921637535095215, 5.047508716583252, 5.03171968460083, 5.011607646942139, 5.016357421875, 4.9497971534729, 5.032828330993652, 4.78440523147583, 4.866969108581543, 5.062470436096191, 4.951783180236816, 4.871353626251221, 4.917178153991699, 4.995765209197998, 4.9666595458984375, 4.859350204467773, 5.051957607269287, 4.901604652404785, 4.830690383911133, 4.907877445220947, 4.922335624694824, 4.92316198348999, 4.943335056304932, 5.081834316253662, 4.89492654800415, 4.744304180145264, 4.960780620574951, 4.997974872589111, 4.964567184448242, 4.953807353973389, 4.859273433685303, 4.927427768707275, 4.902751922607422, 4.783259391784668, 4.863824844360352, 4.8204169273376465, 4.783873558044434, 4.863644123077393, 4.921719074249268, 4.918922424316406, 4.958741664886475, 4.836784362792969, 4.934086799621582, 4.907312870025635, 4.910746097564697, 4.843536376953125, 4.930402755737305, 4.946899890899658, 5.0011820793151855]
val step Loss: [5.2497382164001465, 5.136298179626465, 5.211301803588867, 5.308315753936768, 5.279548168182373, 5.280990123748779, 5.2420854568481445, 5.231812000274658, 5.251418113708496, 5.30661678314209, 5.236473083496094, 5.2627363204956055, 5.245606422424316, 5.239170074462891, 5.281713008880615, 5.333837032318115]
Train step Accs: [0.06509416712378863, 0.08143064537415864, 0.07290214664064679, 0.0650730411686587, 0.07851239669421488, 0.06903149838092434, 0.08832175307322288, 0.09643149005720512, 0.08259041211101766, 0.08464649281829592, 0.09458023379383634, 0.0739806083145172, 0.06719097281586596, 0.06712395884370406, 0.08339440128975524, 0.06589916633584755, 0.07756438886407623, 0.0738483345145287, 0.06347513001733565, 0.06749081189442031, 0.05961227786752827, 0.08969188578803033, 0.08151120952117354, 0.05614500442086649, 0.061865874783469436, 0.09244214672575086, 0.08693072244474113, 0.05699481865284974, 0.07668161434977579, 0.10030269675288937, 0.05517130448769503, 0.090311986863711, 0.10217827457724277, 0.09161147902869757, 0.07974667183662919, 0.09213874380608009, 0.07647951441578149, 0.06423301958789113, 0.09456197643049837, 0.11154457448345614, 0.06489158163265306, 0.06582532625842535, 0.07737696124446829, 0.07363243404382173, 0.0937386018237082, 0.09228140131016804, 0.09843059576413225, 0.10417706773173573, 0.09009139706949079, 0.08862377503195569, 0.10021052631578947, 0.08673543513003051, 0.08364259206394518, 0.07533009034051424, 0.0908303249097473, 0.09717531470678538, 0.0787680566911965, 0.0814516129032258, 0.087527352297593, 0.08576419213973799, 0.06719498101370315, 0.07788679245283019, 0.06785137318255251]
val step Accs: [0.04698703279938978, 0.06369946917109025, 0.05952970297029703, 0.04071614207334681, 0.04889943324107025, 0.05693950177935943, 0.059168294725090706, 0.0603332927867656, 0.06083186560086709, 0.05283560660445082, 0.06864988558352403, 0.05973792394655704, 0.05815894209783028, 0.05188745935246713, 0.05513713230069632, 0.04450980392156863]
Preds: [17, 17, 17, 17, 284, 284, 284, 284, 284, 284, 284, 284, 284, 284, 284, 284, 284, 284, 284, 284, 284, 284, 284, 284, 284, 284, 284, 284, 284, 324, 324, 324, 324, 324, 324, 324, 324, 324, 324, 246, 246, 246, 246, 246, 246, 246, 246, 246, 246, 246, 246, 246, 324, 284, 414, 414, 414, 414, 414, 414, 170, 392, 392, 392, 392, 392, 392, 392, 392, 320, 287, 287, 213, 213, 246, 246, 246, 246, 246, 246, 246, 246, 246, 246, 324, 324, 324, 324, 171, 414, 414, 414, 414, 414, 414, 171, 324, 324, 324, 324, 324, 324, 324, 324, 246, 246, 246, 246, 246, 246, 246, 246, 246, 246, 246, 246, 324, 414, 414, 414, 414, 414, 170, 392, 392, 392, 392, 63, 392, 392, 392, 392, 392, 392, 73, 320, 320, 320, 287, 287, 213, 213, 213, 246, 246, 246, 246, 246, 246, 246, 246, 246, 246, 246, 246, 246, 246, 246, 246, 246, 324, 414, 414, 414, 414, 414, 414, 414, 414, 414, 213, 246, 246, 246, 246, 246, 246, 246, 246, 246, 246, 246, 246, 246, 246, 246, 246, 246, 246, 246, 246, 246, 246, 246, 246, 246, 246, 246, 246, 324, 324, 324, 324, 324, 324, 246, 246, 246, 246, 246, 246, 246, 414, 414, 414, 414, 414, 414, 246, 246, 246, 246, 246, 246, 246, 246, 246, 246, 246, 414, 414, 414, 414, 414, 414, 414, 414, 414, 414, 246, 246, 246, 246, 246, 246, 246, 246, 414, 414, 414, 414, 414, 414, 246, 246, 246, 246, 246, 246, 246, 246, 246, 246, 246, 246, 414, 414, 414, 414, 414, 246, 246, 246, 246, 246, 246, 246, 246, 246, 246, 246, 246, 246, 246, 246, 246, 246, 246, 246, 246, 246, 246, 246, 246, 246, 246, 246, 246, 414, 414, 414, 414, 414, 414, 414, 414, 414, 414, 246, 246, 246, 246, 246, 414, 414, 414, 414, 414, 414, 414, 414, 414, 414, 414, 213, 213, 246, 246, 246, 246, 246, 246, 246, 246, 246, 246, 246, 246, 246, 246, 246, 246, 246, 246, 246, 246, 246, 246, 246, 246, 246, 246, 246, 246, 246, 246, 246, 246, 246, 246, 246, 246, 246, 246, 246, 246, 246, 246, 246, 246, 246, 246, 246, 246, 246, 246, 246, 246, 246, 246, 246, 246, 246, 246, 246, 246, 246, 246, 246, 246, 246, 246, 246, 246, 246, 246, 246, 246, 246, 246, 246, 246, 246, 246, 246, 246, 246, 246, 246, 246, 246, 246, 246, 246, 246, 246, 246, 246, 246, 246, 246, 246, 246, 246, 246, 246, 246, 246, 246, 246, 246, 246, 246, 246, 246, 246, 246, 246, 246, 246, 246, 246, 246, 246, 246, 246, 246, 246, 246, 246, 246, 246, 246, 246, 246, 246, 246, 246, 246, 246, 246, 246, 246, 246, 246, 246, 246, 246, 246, 246, 246, 246, 246, 246, 246, 246, 246, 246, 246, 246, 246, 246, 246, 246, 246, 246, 246, 246, 246, 246, 246, 246, 246, 246, 246, 246, 246, 246, 246, 246, 246, 246, 246, 246, 246, 246, 246, 246, 246, 246, 246, 246, 246, 246, 246, 246, 246, 246, 246, 246, 246, 246, 246, 246, 246, 246, 246, 246, 246, 246, 246, 246, 246, 246, 246, 246, 246, 246, 246, 246, 246, 246, 246, 246, 246, 246, 246, 246, 246, 246, 246, 246, 246, 246, 246, 246, 246, 246, 246, 246, 246, 246, 246, 246, 246, 246, 246, 246, 246, 246, 246, 246, 246, 246, 246, 246, 246, 246, 246, 246, 246, 246, 246, 246, 246, 246, 246, 246, 246, 246, 246, 246, 246, 246, 246, 246, 246, 246, 246, 246]

ep19
Train step Loss: [4.815892219543457, 4.753864765167236, 4.853237152099609, 4.978921413421631, 4.88129997253418, 4.959603309631348, 4.861645698547363, 4.927800178527832, 4.739349365234375, 4.739070892333984, 4.884026050567627, 4.870062828063965, 4.821861267089844, 5.003692150115967, 4.950044631958008, 4.733036518096924, 4.837944030761719, 4.92630672454834, 4.903885841369629, 4.9000139236450195, 4.721139907836914, 4.862022399902344, 4.86706018447876, 4.921817302703857, 4.954038619995117, 4.836062431335449, 4.849386692047119, 4.876824378967285, 4.9857497215271, 4.842722415924072, 4.7810959815979, 4.6682329177856445, 4.789393424987793, 4.646951675415039, 4.814459800720215, 4.799206256866455, 4.802213668823242, 4.861919403076172, 4.741942882537842, 4.825047969818115, 4.915184497833252, 4.7613911628723145, 4.874677658081055, 4.784694194793701, 4.739707946777344, 4.789708137512207, 4.799765586853027, 4.856215953826904, 4.789394855499268, 4.712454319000244, 4.737889766693115, 4.895069599151611, 4.804703712463379, 4.770596504211426, 4.739995956420898, 4.846734523773193, 4.785907745361328, 4.728200435638428, 4.784973621368408, 4.843911647796631, 4.656652450561523, 4.764736652374268, 4.784199237823486]
val step Loss: [5.175030708312988, 5.111697196960449, 5.141204833984375, 5.191020965576172, 5.193930625915527, 5.185153484344482, 5.201897621154785, 5.251734733581543, 5.144881725311279, 5.143857955932617, 5.151804447174072, 5.116954803466797, 5.1587138175964355, 5.18985652923584, 5.063613414764404, 4.999721527099609]
Train step Accs: [0.10134345794392523, 0.09814763616256567, 0.08621166067974578, 0.08185610010427528, 0.08142052836725855, 0.08008867950672025, 0.08361774744027303, 0.07756360832690826, 0.1044776119402985, 0.11656852248394005, 0.09012875536480687, 0.09017912291537987, 0.09440608707904749, 0.06794397037514088, 0.0759261867868714, 0.10884457299436748, 0.09473501905091791, 0.08110964332892999, 0.08337041981901795, 0.08490806945863126, 0.09772872680742163, 0.08577274158010702, 0.08191747572815535, 0.06396761133603239, 0.07656514382402707, 0.08991141081581383, 0.08184340320591862, 0.08529589371980677, 0.07210401891252956, 0.07701637355973318, 0.09704090513489991, 0.11643026004728133, 0.10021577559338288, 0.136677722498618, 0.10072595281306715, 0.08768147189880696, 0.09439106725525838, 0.07594594594594595, 0.10672092412706748, 0.09554608261061297, 0.07511664074650078, 0.09954337899543379, 0.087073007367716, 0.09009135628952916, 0.10345781466113416, 0.09292706466289812, 0.0985423625873064, 0.08242181482052072, 0.10348086312805166, 0.1060279096532873, 0.10160342911573265, 0.0870913190529876, 0.08625592417061612, 0.09854581392065509, 0.09704708699122107, 0.09485578352661314, 0.09970259170089223, 0.11106661326925645, 0.10257831993346271, 0.08747622928552024, 0.11112880114631428, 0.10648392198207696, 0.07871042695323846]
val step Accs: [0.05743165632896853, 0.06071152358855375, 0.056664238892935176, 0.04553978033753014, 0.05514109633473889, 0.06035646772886848, 0.048228989674552344, 0.043949517446176686, 0.07093088071348941, 0.05618135736412278, 0.05496046926804387, 0.06874669487043893, 0.04624715693707354, 0.052818906605922554, 0.07461664841182913, 0.07273117356790389]
Preds: [17, 17, 17, 17, 284, 284, 284, 284, 284, 284, 284, 284, 284, 284, 284, 284, 284, 284, 284, 284, 284, 284, 284, 284, 284, 284, 284, 284, 284, 284, 284, 284, 284, 284, 284, 284, 246, 246, 246, 246, 246, 246, 246, 246, 246, 246, 284, 284, 414, 414, 414, 414, 267, 171, 246, 246, 246, 246, 246, 246, 246, 246, 246, 246, 246, 246, 246, 246, 246, 246, 284, 267, 267, 267, 267, 414, 414, 414, 414, 414, 414, 246, 246, 246, 246, 246, 246, 246, 246, 246, 246, 246, 246, 246, 267, 267, 267, 246, 246, 246, 246, 246, 246, 246, 246, 246, 246, 246, 246, 246, 246, 246, 246, 246, 246, 246, 414, 414, 414, 414, 414, 414, 392, 392, 392, 392, 392, 392, 392, 392, 392, 392, 392, 392, 392, 392, 392, 63, 63, 63, 63, 63, 73, 320, 320, 320, 320, 287, 287, 213, 213, 213, 213, 213, 213, 171, 171, 171, 171, 246, 246, 246, 246, 246, 246, 246, 246, 246, 246, 246, 246, 246, 246, 246, 246, 246, 246, 246, 246, 246, 246, 246, 246, 246, 246, 246, 246, 246, 246, 246, 246, 246, 246, 246, 246, 246, 246, 246, 246, 246, 246, 246, 246, 246, 246, 246, 246, 246, 246, 246, 246, 246, 246, 414, 414, 414, 414, 414, 267, 246, 246, 246, 246, 246, 246, 246, 246, 246, 246, 246, 414, 414, 414, 414, 414, 414, 414, 414, 392, 392, 392, 392, 392, 392, 392, 63, 63, 63, 63, 63, 63, 63, 63, 73, 320, 320, 320, 287, 287, 213, 213, 213, 246, 246, 246, 246, 246, 171, 267, 267, 414, 414, 414, 414, 414, 414, 414, 267, 246, 246, 246, 246, 246, 246, 246, 414, 414, 414, 414, 414, 267, 246, 246, 246, 246, 246, 246, 246, 267, 414, 414, 414, 414, 414, 414, 414, 320, 320, 320, 213, 246, 246, 246, 246, 246, 246, 246, 246, 246, 246, 246, 246, 246, 414, 414, 414, 414, 414, 414, 267, 246, 246, 246, 246, 246, 246, 246, 246, 246, 246, 246, 246, 246, 246, 246, 246, 246, 246, 246, 246, 246, 246, 246, 246, 246, 246, 246, 246, 246, 246, 246, 98, 414, 414, 414, 414, 414, 267, 246, 246, 246, 246, 246, 246, 246, 246, 246, 246, 246, 246, 246, 246, 246, 246, 246, 246, 414, 414, 414, 414, 414, 414, 414, 392, 392, 392, 392, 392, 392, 392, 392, 392, 392, 392, 392, 392, 320, 320, 320, 320, 320, 320, 320, 320, 213, 213, 213, 246, 246, 246, 246, 246, 246, 246, 246, 246, 246, 246, 246, 246, 246, 246, 246, 246, 246, 98, 414, 414, 414, 414, 267, 246, 246, 246, 246, 246, 246, 246, 246, 246, 246, 246, 414, 414, 414, 414, 414, 246, 246, 246, 246, 246, 246, 246, 246, 246, 246, 246, 246, 246, 246, 246, 246, 246, 246, 246, 246, 246, 246, 246, 246, 246, 246, 246, 246, 246, 246, 246, 246, 246, 246, 246, 246, 246, 246, 246, 246, 246, 246, 246, 246, 246, 246, 246, 246, 246, 246, 246, 246, 246, 246, 246, 246, 246, 246, 246, 246, 246, 246, 246, 246, 246, 246, 246, 246, 246, 246, 246, 246, 246, 246, 246, 246, 246, 246, 246, 246, 246, 246, 246, 246, 246, 246, 246, 246, 246, 246, 246, 246, 246, 246, 246, 246, 246, 246, 246, 246, 246, 246, 246, 246, 246, 246, 246, 246, 246, 246, 246, 246, 246, 246, 246, 246, 246, 246, 246, 246, 246, 246, 246, 246, 246, 246, 246, 246, 246, 246, 246, 246, 246, 246, 246, 246, 246, 246, 246, 246, 246, 246, 246]

ep20
Train step Loss: [4.706694602966309, 4.6911492347717285, 4.858713626861572, 4.760776996612549, 4.706876754760742, 4.8730034828186035, 4.782220840454102, 4.768448829650879, 4.869162559509277, 4.74856424331665, 4.821531772613525, 4.6785759925842285, 4.80836296081543, 4.605445384979248, 4.684144496917725, 4.787240505218506, 4.676923751831055, 4.76892614364624, 4.684508323669434, 4.657562255859375, 4.767161846160889, 4.759811878204346, 4.6453070640563965, 4.643832206726074, 4.709716320037842, 4.6951141357421875, 4.781721115112305, 4.724015235900879, 4.703691005706787, 4.735220909118652, 4.729701995849609, 4.666797161102295, 4.773100852966309, 4.68665885925293, 4.5963640213012695, 4.764416694641113, 4.646447658538818, 4.677996635437012, 4.689544677734375, 4.761315822601318, 4.695647716522217, 4.675063133239746, 4.74500846862793, 4.753459453582764, 4.769695281982422, 4.757719039916992, 4.7322998046875, 4.738482475280762, 4.788296699523926, 4.786327838897705, 4.70665979385376, 4.654811859130859, 4.719630241394043, 4.590811729431152, 4.755640506744385, 4.697658061981201, 4.611724376678467, 4.610142230987549, 4.591669082641602, 4.6920294761657715, 4.710489273071289, 4.622140884399414, 4.734242916107178]
val step Loss: [4.97180700302124, 5.057426929473877, 5.089838981628418, 5.009715557098389, 5.098001480102539, 5.014474868774414, 5.144708633422852, 5.0250043869018555, 5.028963565826416, 5.022914409637451, 4.961568355560303, 5.019176006317139, 4.989355564117432, 5.10432243347168, 5.123919486999512, 5.060643196105957]
Train step Accs: [0.09712287394690829, 0.10673106886880648, 0.07767593599502874, 0.09861712529682917, 0.11001835824809861, 0.08128715430343758, 0.0883887315546281, 0.09817523752073594, 0.07232516437537358, 0.10423357664233576, 0.09084652443220922, 0.10929875923602397, 0.09307173513182097, 0.12515767344078485, 0.11205019848892303, 0.08679245283018867, 0.1111111111111111, 0.10262494438677147, 0.11413597321298588, 0.11591461767089975, 0.09514954284828762, 0.10252296922852559, 0.11173184357541899, 0.11296534017971759, 0.10012674271229405, 0.1055993476488176, 0.10156687185226637, 0.10762264150943396, 0.10611620795107034, 0.10627637130801688, 0.09863496257155438, 0.11054149311118232, 0.10010024344837462, 0.09985036049517072, 0.11606502510160172, 0.11362984218077475, 0.121625720351835, 0.112565445026178, 0.1155852624714705, 0.099055330634278, 0.09800159872102318, 0.10052759161557108, 0.09431801917847431, 0.0931253047294003, 0.10005372011818427, 0.10035130594165266, 0.09452339134600032, 0.10044459081178989, 0.09092229484386347, 0.10184890022314314, 0.10537334263782275, 0.11452384627257292, 0.10263653483992467, 0.12315586914688903, 0.0913803317535545, 0.09859355022020173, 0.11211211211211211, 0.11558641975308642, 0.1297524015694764, 0.09802295036637633, 0.10504124656278643, 0.12772073921971253, 0.0989282769991756]
val step Accs: [0.08160535117056857, 0.06773594909862142, 0.06938493434692466, 0.07960544595721034, 0.06453291699193339, 0.06742281033396345, 0.059576169532187126, 0.07703585232573637, 0.06487301986421926, 0.07529351710056151, 0.0736372330251833, 0.07648831951770912, 0.07720588235294118, 0.06671641791044776, 0.060282171868319794, 0.07331097268806899]
Preds: [17, 17, 17, 17, 17, 284, 284, 284, 284, 284, 284, 284, 284, 284, 284, 284, 284, 284, 284, 284, 284, 284, 284, 284, 284, 284, 284, 414, 414, 414, 414, 414, 414, 414, 414, 392, 320, 320, 287, 287, 284, 284, 284, 324, 284, 284, 284, 267, 284, 284, 246, 246, 246, 324, 324, 284, 284, 284, 284, 284, 324, 246, 246, 246, 246, 246, 246, 246, 246, 246, 324, 324, 35, 250, 267, 267, 250, 284, 284, 324, 246, 246, 246, 246, 246, 324, 324, 324, 250, 250, 284, 250, 267, 267, 267, 414, 414, 414, 267, 267, 250, 250, 267, 267, 250, 250, 246, 246, 246, 246, 246, 246, 246, 246, 246, 246, 246, 246, 246, 246, 324, 324, 324, 250, 250, 250, 250, 324, 324, 324, 324, 182, 98, 414, 414, 414, 414, 414, 414, 414, 414, 414, 414, 414, 267, 267, 267, 267, 267, 267, 267, 267, 267, 267, 267, 267, 267, 267, 267, 267, 182, 284, 324, 324, 324, 324, 246, 246, 324, 98, 414, 414, 414, 414, 414, 414, 392, 392, 392, 392, 63, 63, 63, 63, 63, 63, 63, 63, 63, 63, 63, 63, 63, 63, 63, 63, 63, 63, 63, 63, 63, 63, 63, 63, 73, 320, 320, 320, 320, 287, 287, 213, 213, 213, 213, 246, 246, 246, 246, 246, 246, 324, 324, 98, 98, 267, 267, 267, 267, 267, 267, 182, 246, 246, 246, 246, 246, 246, 246, 246, 246, 246, 246, 246, 246, 324, 355, 324, 324, 246, 246, 246, 324, 324, 324, 324, 324, 324, 98, 98, 98, 414, 267, 267, 267, 48, 267, 267, 267, 267, 182, 324, 246, 324, 182, 98, 182, 324, 324, 246, 246, 246, 246, 246, 246, 246, 246, 246, 246, 246, 246, 246, 246, 246, 246, 324, 98, 98, 414, 414, 414, 414, 414, 414, 414, 414, 414, 414, 267, 267, 267, 182, 182, 182, 324, 182, 98, 98, 414, 414, 414, 414, 414, 414, 320, 320, 320, 287, 284, 324, 324, 324, 324, 324, 324, 324, 324, 324, 324, 324, 324, 324, 324, 324, 324, 324, 324, 324, 324, 324, 324, 324, 324, 324, 324, 324, 324, 324, 324, 324, 324, 324, 324, 324, 324, 324, 324, 324, 324, 324, 324, 324, 324, 324, 324, 324, 324, 324, 324, 324, 324, 324, 324, 324, 324, 324, 324, 324, 324, 324, 324, 324, 324, 324, 324, 324, 324, 324, 324, 324, 324, 324, 324, 324, 324, 324, 324, 324, 324, 324, 324, 324, 324, 324, 324, 324, 324, 324, 324, 324, 324, 324, 324, 324, 324, 324, 324, 324, 324, 324, 324, 324, 324, 324, 324, 324, 324, 324, 324, 324, 324, 324, 324, 324, 324, 324, 324, 324, 324, 324, 324, 324, 324, 324, 324, 324, 324, 324, 324, 324, 324, 324, 324, 324, 324, 324, 324, 324, 324, 324, 324, 324, 324, 324, 324, 324, 324, 324, 324, 324, 324, 324, 324, 324, 324, 324, 324, 324, 324, 324, 324, 324, 324, 324, 324, 324, 324, 324, 324, 324, 324, 324, 324, 324, 324, 324, 324, 324, 324, 324, 324, 324, 324, 324, 324, 324, 324, 324, 324, 324, 324, 324, 324, 324, 324, 324, 324, 324, 324, 324, 324, 324, 324, 324, 324, 324, 324, 324, 324, 324, 324, 324, 324, 324, 324, 324, 324, 324, 324, 324, 324, 324, 324, 324, 324, 324, 324, 324, 324, 324, 324, 324, 324, 324, 324, 324, 324, 324, 324, 324, 324, 324, 324, 324, 324, 324, 324, 324, 324, 324, 324, 324, 324, 324, 324, 324, 324, 324, 324, 324, 324, 324, 324, 324, 324, 324, 324, 324, 324, 324]

ep21
Train step Loss: [4.63544225692749, 4.603274345397949, 4.588258266448975, 4.6641035079956055, 4.596983909606934, 4.626489162445068, 4.592644691467285, 4.731553077697754, 4.598410129547119, 4.731734752655029, 4.699793338775635, 4.600282669067383, 4.655929088592529, 4.666576385498047, 4.688363552093506, 4.693405628204346, 4.595835208892822, 4.623865127563477, 4.661478519439697, 4.512327194213867, 4.648400783538818, 4.734288692474365, 4.6095356941223145, 4.725312232971191, 4.814341068267822, 4.474343299865723, 4.6541056632995605, 4.625123500823975, 4.575603485107422, 4.530803680419922, 4.621853828430176, 4.608384609222412, 4.606783390045166, 4.5591511726379395, 4.609773635864258, 4.566007137298584, 4.6904168128967285, 4.493329048156738, 4.721969127655029, 4.653690338134766, 4.535356044769287, 4.609554290771484, 4.451056957244873, 4.6077799797058105, 4.663567066192627, 4.555196762084961, 4.597232341766357, 4.704054355621338, 4.479628086090088, 4.599954605102539, 4.551442623138428, 4.590420722961426, 4.560933589935303, 4.555952072143555, 4.505654335021973, 4.56044340133667, 4.544069766998291, 4.663243770599365, 4.541158199310303, 4.540501594543457, 4.538468837738037, 4.589315891265869, 4.509860992431641]
val step Loss: [4.990268230438232, 4.9755377769470215, 4.951422214508057, 5.099958419799805, 4.997025012969971, 4.9231977462768555, 4.913636684417725, 4.887815475463867, 4.906829833984375, 4.902325630187988, 4.883410453796387, 4.943736553192139, 4.860640048980713, 4.872676849365234, 4.889363765716553, 5.0327887535095215]
Train step Accs: [0.1181577398469688, 0.1282051282051282, 0.11587799315849487, 0.10228413654618473, 0.12032163742690058, 0.11154310229253252, 0.12522686025408347, 0.08918050348152115, 0.12322823257159386, 0.10924621609471002, 0.1186040044493882, 0.12269608502623436, 0.1104746317512275, 0.10703278229195853, 0.10161920714684534, 0.11564731449860292, 0.1290473955889254, 0.12812746905451672, 0.11549640507878231, 0.14629971029760336, 0.11300573554487676, 0.1075646345355889, 0.12673362027737925, 0.10379241516966067, 0.0884362856760016, 0.14341143112968213, 0.13139042657114947, 0.1075443586617906, 0.10695674830640958, 0.137221269296741, 0.12423398328690807, 0.12659922642070812, 0.11995461176852001, 0.12050772289340878, 0.10174520069808028, 0.13416840640222685, 0.10107795656928605, 0.13814432989690723, 0.09732394366197183, 0.12247121070650482, 0.1365694876875177, 0.11594202898550725, 0.1501781774987273, 0.13183821623023076, 0.10604508196721311, 0.12205328497698424, 0.12901058289937847, 0.09338122113904566, 0.1444861632596301, 0.1214262769033087, 0.12675216224276767, 0.11780981505752149, 0.12650437636761488, 0.12475790832795351, 0.1355610681453378, 0.12862767974332798, 0.1307172557172557, 0.11699429296131895, 0.11950050820386235, 0.1267754431271276, 0.13323943661971832, 0.12359075535512964, 0.14271255060728744]
val step Accs: [0.08483896307934014, 0.07981539296864396, 0.08659742209986235, 0.07627357162960878, 0.07958338897049005, 0.08280254777070063, 0.08748999733262203, 0.09460712866039486, 0.0904359141184125, 0.08888071594949123, 0.0858045030203185, 0.08448480063166205, 0.08695069667738478, 0.09076592698639943, 0.08795691906005222, 0.07977864883560065]
Preds: [17, 17, 17, 284, 284, 284, 284, 284, 284, 284, 284, 284, 284, 284, 284, 284, 284, 284, 246, 171, 284, 284, 284, 35, 35, 35, 284, 284, 284, 246, 246, 246, 324, 324, 324, 324, 324, 324, 284, 35, 414, 414, 414, 414, 414, 414, 414, 170, 392, 392, 392, 392, 392, 392, 73, 73, 320, 320, 320, 320, 320, 73, 73, 73, 73, 73, 73, 320, 320, 320, 320, 287, 287, 287, 287, 284, 284, 284, 213, 213, 171, 171, 284, 284, 284, 284, 284, 35, 98, 48, 414, 414, 414, 414, 267, 267, 267, 267, 267, 284, 284, 324, 324, 324, 324, 324, 324, 324, 324, 324, 284, 284, 284, 35, 284, 324, 246, 246, 246, 246, 246, 246, 246, 246, 324, 324, 324, 324, 324, 324, 324, 324, 284, 284, 35, 35, 35, 267, 267, 250, 250, 284, 284, 284, 284, 284, 284, 35, 35, 250, 284, 284, 284, 284, 284, 284, 35, 35, 267, 267, 267, 250, 250, 284, 246, 246, 246, 246, 324, 324, 284, 284, 284, 284, 284, 246, 246, 246, 246, 324, 35, 35, 98, 267, 267, 48, 414, 414, 267, 267, 267, 213, 246, 246, 246, 284, 324, 246, 246, 246, 246, 324, 324, 35, 98, 98, 267, 267, 267, 267, 267, 267, 267, 267, 414, 267, 267, 267, 267, 182, 284, 284, 324, 284, 182, 182, 98, 98, 414, 414, 414, 414, 414, 392, 392, 392, 392, 392, 392, 392, 392, 392, 73, 73, 73, 73, 63, 63, 63, 63, 63, 63, 63, 63, 63, 63, 63, 63, 63, 63, 63, 63, 63, 73, 320, 320, 320, 320, 320, 320, 287, 287, 287, 287, 284, 284, 284, 284, 284, 284, 284, 284, 284, 213, 213, 213, 246, 246, 246, 246, 246, 246, 324, 324, 324, 355, 355, 182, 182, 355, 355, 98, 98, 48, 267, 267, 267, 182, 182, 213, 246, 246, 246, 246, 246, 246, 246, 246, 246, 246, 246, 246, 19, 98, 414, 414, 414, 414, 414, 170, 392, 392, 392, 392, 392, 392, 73, 73, 73, 73, 73, 73, 63, 63, 63, 63, 63, 63, 63, 63, 63, 63, 63, 63, 63, 63, 63, 63, 63, 63, 63, 63, 63, 63, 63, 63, 63, 73, 73, 320, 320, 320, 7, 287, 287, 213, 213, 213, 213, 213, 213, 213, 213, 213, 213, 355, 355, 355, 303, 267, 267, 303, 355, 355, 182, 182, 284, 284, 182, 182, 182, 213, 213, 213, 246, 246, 355, 355, 98, 414, 414, 414, 414, 267, 267, 182, 182, 213, 213, 213, 213, 213, 213, 213, 213, 246, 246, 246, 246, 246, 246, 246, 324, 355, 355, 355, 355, 355, 355, 182, 182, 213, 213, 213, 213, 213, 213, 246, 246, 246, 246, 246, 246, 246, 324, 324, 355, 355, 355, 98, 267, 267, 48, 267, 267, 267, 267, 267, 267, 267, 267, 182, 182, 182, 182, 182, 182, 182, 182, 182, 355, 355, 355, 355, 355, 355, 355, 355, 355, 355, 355, 355, 355, 355, 182, 182, 182, 213, 213, 246, 246, 246, 246, 246, 246, 246, 246, 246, 246, 246, 246, 246, 246, 324, 246, 246, 246, 246, 246, 246, 324, 355, 98, 414, 414, 414, 414, 267, 267, 182, 182, 213, 213, 213, 213, 213, 213, 213, 213, 213, 213, 213, 213, 213, 213, 213, 213, 213, 213, 213, 213, 213, 213, 213, 213, 213, 213, 213, 213, 213, 213, 213, 213, 213, 213, 213, 213, 213, 213, 213, 213, 213, 213, 213, 213, 213, 213, 213, 213, 213, 213, 213, 213, 213, 213, 213, 213, 213, 213, 213, 213, 213, 213, 213, 213, 213, 213, 213, 213, 213]

ep22
Train step Loss: [4.575451850891113, 4.558615207672119, 4.633053302764893, 4.435187339782715, 4.635314464569092, 4.689939498901367, 4.457458972930908, 4.477634429931641, 4.545805931091309, 4.531161785125732, 4.422848224639893, 4.614367485046387, 4.528034210205078, 4.512008190155029, 4.514870643615723, 4.624499320983887, 4.502673149108887, 4.444463729858398, 4.531091690063477, 4.446502685546875, 4.393238544464111, 4.572969913482666, 4.465581893920898, 4.4796247482299805, 4.580458641052246, 4.403646469116211, 4.46193790435791, 4.523841381072998, 4.577865123748779, 4.535457611083984, 4.473483562469482, 4.494961261749268, 4.414470672607422, 4.571954727172852, 4.462831497192383, 4.455145359039307, 4.456513404846191, 4.447285175323486, 4.530588150024414, 4.43533182144165, 4.600470066070557, 4.555984020233154, 4.467206001281738, 4.51596736907959, 4.501783847808838, 4.457636833190918, 4.496962547302246, 4.475083351135254, 4.410969257354736, 4.386226654052734, 4.471451759338379, 4.487096309661865, 4.320587158203125, 4.45998477935791, 4.431791305541992, 4.458958148956299, 4.3606462478637695, 4.5246429443359375, 4.4908127784729, 4.496771812438965, 4.3996477127075195, 4.525847434997559, 4.602019309997559]
val step Loss: [4.8018035888671875, 4.830418586730957, 4.860865116119385, 4.816067695617676, 4.880484580993652, 4.8434977531433105, 4.858413219451904, 4.864497661590576, 4.819882869720459, 4.821440696716309, 4.820581436157227, 4.891128063201904, 4.758396148681641, 4.845910549163818, 4.697077751159668, 4.82388973236084]
Train step Accs: [0.12528618672093614, 0.13432835820895522, 0.11820832228995494, 0.13984343903409846, 0.1108215608284186, 0.11199172984148863, 0.14244741873804972, 0.1383585066970647, 0.12018970189701897, 0.13088761075703403, 0.14254713142547132, 0.12218915343915344, 0.13615711563828228, 0.13915901931242294, 0.13096662677835394, 0.10414436458174033, 0.1232722143864598, 0.13102305674444292, 0.12122390768831842, 0.15004887585532747, 0.1514016097696364, 0.13699315868513265, 0.13276878874943293, 0.13480662983425415, 0.10855862165569408, 0.14782608695652175, 0.14663555036950604, 0.12682574114244397, 0.11983918354723984, 0.13514739229024944, 0.11830430496220835, 0.1359293572669369, 0.13691099476439791, 0.12624318254732114, 0.14060844558801272, 0.14458396901772091, 0.14304714053494902, 0.14883467357230476, 0.13385946274093186, 0.14966516118984582, 0.11710134780325573, 0.128780349282976, 0.1379987908101572, 0.12666873641726173, 0.13503723083115315, 0.1381957773512476, 0.14605435256503416, 0.14049223556987986, 0.14892054633573212, 0.13677473215528035, 0.12618828580190125, 0.13416213416213416, 0.1613749672002099, 0.1427743990732696, 0.1521265786035709, 0.13599359402108635, 0.1520065970313359, 0.13465821483638857, 0.13642443156486847, 0.14787788533134774, 0.14497550642128956, 0.12935656836461126, 0.11135311734277158]
val step Accs: [0.10486517334855186, 0.10729833546734956, 0.09573376337780384, 0.10039988574692944, 0.08601546029515109, 0.09221432800473653, 0.08998875140607424, 0.09659018887057928, 0.09574603174603175, 0.08996359854394176, 0.0950920245398773, 0.09828823854224185, 0.09381416837782341, 0.09958045409674235, 0.11032308904649331, 0.10023610216784717]
Preds: [17, 17, 17, 17, 287, 284, 284, 284, 171, 246, 246, 246, 284, 284, 284, 35, 284, 284, 284, 246, 246, 246, 246, 246, 284, 35, 414, 414, 414, 414, 414, 414, 392, 392, 392, 392, 392, 392, 73, 73, 320, 320, 320, 320, 320, 73, 73, 73, 392, 392, 63, 63, 63, 63, 63, 63, 63, 63, 63, 63, 63, 63, 63, 63, 63, 63, 63, 63, 63, 63, 63, 63, 63, 63, 63, 63, 63, 63, 63, 63, 63, 73, 320, 320, 320, 287, 287, 287, 287, 284, 284, 213, 213, 213, 213, 213, 213, 284, 35, 98, 414, 414, 414, 392, 392, 392, 392, 392, 73, 73, 73, 320, 320, 320, 320, 320, 320, 320, 287, 287, 287, 287, 287, 284, 267, 267, 284, 284, 35, 284, 284, 284, 284, 213, 213, 324, 246, 246, 246, 246, 246, 246, 246, 324, 35, 98, 98, 414, 414, 267, 213, 213, 324, 324, 132, 35, 250, 250, 250, 250, 182, 284, 284, 324, 324, 324, 35, 284, 324, 324, 246, 246, 246, 246, 246, 246, 246, 324, 324, 355, 250, 98, 98, 98, 267, 267, 267, 267, 267, 182, 213, 246, 246, 246, 246, 246, 246, 246, 246, 324, 19, 355, 250, 98, 98, 267, 267, 267, 267, 267, 267, 267, 182, 284, 284, 284, 284, 284, 284, 284, 182, 250, 98, 98, 414, 414, 414, 414, 414, 392, 392, 392, 392, 63, 63, 63, 63, 63, 63, 63, 73, 320, 320, 320, 287, 287, 284, 284, 284, 284, 284, 284, 35, 35, 182, 213, 213, 324, 324, 324, 324, 324, 324, 355, 355, 284, 324, 324, 324, 284, 284, 355, 355, 355, 182, 324, 246, 246, 246, 246, 246, 246, 246, 246, 246, 246, 246, 355, 98, 98, 250, 250, 182, 182, 182, 182, 284, 324, 182, 355, 355, 250, 250, 250, 98, 98, 98, 267, 267, 250, 213, 246, 246, 246, 246, 246, 246, 324, 324, 355, 355, 355, 324, 324, 324, 132, 324, 324, 355, 355, 182, 324, 324, 324, 324, 324, 324, 324, 324, 324, 324, 324, 324, 324, 324, 324, 324, 324, 324, 324, 324, 324, 324, 324, 324, 324, 324, 324, 324, 324, 324, 324, 324, 324, 324, 324, 324, 324, 324, 324, 324, 324, 324, 324, 324, 324, 324, 324, 324, 324, 324, 324, 324, 324, 324, 324, 324, 324, 324, 324, 324, 324, 324, 324, 324, 324, 324, 324, 324, 324, 324, 324, 324, 324, 324, 324, 324, 324, 324, 324, 324, 324, 324, 324, 324, 324, 324, 324, 324, 324, 324, 324, 324, 324, 324, 324, 324, 324, 324, 324, 324, 324, 324, 324, 324, 324, 324, 324, 324, 324, 324, 324, 324, 324, 324, 324, 324, 324, 324, 324, 324, 324, 324, 324, 324, 324, 324, 324, 324, 324, 324, 324, 324, 324, 324, 324, 324, 324, 324, 324, 324, 324, 324, 324, 324, 324, 324, 324, 324, 324, 324, 324, 324, 324, 324, 324, 324, 324, 324, 324, 324, 324, 324, 324, 324, 324, 324, 324, 324, 324, 324, 324, 324, 324, 324, 324, 324, 324, 324, 324, 324, 324, 324, 324, 324, 324, 324, 324, 324, 324, 324, 324, 324, 324, 324, 324, 324, 324, 324, 324, 324, 324, 324, 324, 324, 324, 324, 324, 324, 324, 324, 324, 324, 324, 324, 324, 324, 324, 324, 324, 324, 324, 324, 324, 324, 324, 324, 324, 324, 324, 324, 324, 324, 324, 324, 324, 324, 324, 324, 324, 324, 324, 324, 324, 324, 324, 324, 324, 324, 324, 324, 324, 324, 324, 324, 324, 324, 324, 324, 324, 324, 324, 324, 324, 324, 324, 324, 324, 324, 324]

ep23
Train step Loss: [4.456232070922852, 4.427004337310791, 4.550905227661133, 4.510334014892578, 4.345626354217529, 4.411849498748779, 4.487209320068359, 4.384169101715088, 4.478975772857666, 4.460170269012451, 4.339349269866943, 4.480470180511475, 4.416962623596191, 4.4178972244262695, 4.320986270904541, 4.4158830642700195, 4.444809913635254, 4.402307510375977, 4.453871726989746, 4.363155364990234, 4.4814276695251465, 4.416970729827881, 4.351803302764893, 4.407708168029785, 4.3342604637146, 4.449459075927734, 4.389345645904541, 4.353851795196533, 4.415181636810303, 4.452393054962158, 4.365180969238281, 4.4779486656188965, 4.423946380615234, 4.391513824462891, 4.4429168701171875, 4.406160831451416, 4.33381986618042, 4.3451762199401855, 4.355286598205566, 4.363149166107178, 4.324836730957031, 4.373721122741699, 4.332780361175537, 4.295400142669678, 4.289971828460693, 4.3599162101745605, 4.314849853515625, 4.318448543548584, 4.28603458404541, 4.415522575378418, 4.389193058013916, 4.318493843078613, 4.256081581115723, 4.355393886566162, 4.386512756347656, 4.32292366027832, 4.280120372772217, 4.403409481048584, 4.26265287399292, 4.4260478019714355, 4.412347316741943, 4.323997974395752, 4.235905647277832]
val step Loss: [4.784778594970703, 4.7795634269714355, 4.699365139007568, 4.711091041564941, 4.7552361488342285, 4.7571940422058105, 4.694705486297607, 4.733570098876953, 4.755970001220703, 4.6331939697265625, 4.836318492889404, 4.686374664306641, 4.644099712371826, 4.763702869415283, 4.700900077819824, 4.675954341888428]
Train step Accs: [0.13703935040599624, 0.1481537530266344, 0.13472201408661771, 0.12713734142305572, 0.15837563451776648, 0.14094243792325056, 0.14704607828975877, 0.15717503217503218, 0.14257839721254356, 0.148047229791099, 0.1777184602416409, 0.12892741061755147, 0.15061475409836064, 0.13814373834457036, 0.1671651188414922, 0.14570269273330874, 0.1390894819466248, 0.1551841282782987, 0.14044524129687733, 0.15950092733097285, 0.14981394596343633, 0.1373134328358209, 0.13669460090671795, 0.1412278231484089, 0.15197026022304833, 0.13979522184300341, 0.1462730870712401, 0.1516926153406656, 0.1498989898989899, 0.13820238534366164, 0.1493789320858203, 0.1426909090909091, 0.16050341827221876, 0.15222191553960807, 0.13745019920318724, 0.14357805632427154, 0.15522388059701492, 0.16025401568920433, 0.14798830572184324, 0.13864913001781065, 0.14805928016937192, 0.14708233413269384, 0.1491638795986622, 0.15302032636701976, 0.16824104234527687, 0.14750649672070287, 0.14789808917197453, 0.16299059357768408, 0.1575926533289603, 0.1370820668693009, 0.15442655935613683, 0.16091438816674136, 0.1694234784005139, 0.1470719713902548, 0.16113111911431238, 0.14891094977033634, 0.15983717774762551, 0.1588785046728972, 0.16179121031470955, 0.13774360334084582, 0.13548038862900325, 0.15098144662543694, 0.17243833017077798]
val step Accs: [0.0933391128449646, 0.10801435406698565, 0.1132049706404479, 0.10890200102616726, 0.09927329353750325, 0.09293768545994065, 0.11124384052560848, 0.10329885378809057, 0.10103988825081484, 0.1338465694219341, 0.09882044560943644, 0.09743441914096282, 0.11731915996888774, 0.1032626427406199, 0.10952206331744285, 0.11133244798583444]
Preds: [17, 17, 17, 17, 284, 284, 284, 284, 284, 171, 284, 284, 284, 284, 35, 284, 284, 284, 284, 324, 284, 284, 284, 284, 284, 324, 324, 324, 284, 324, 324, 324, 284, 35, 98, 414, 414, 414, 414, 414, 414, 47, 47, 47, 47, 47, 392, 392, 392, 73, 392, 392, 392, 63, 63, 63, 63, 63, 63, 63, 63, 63, 63, 73, 320, 320, 320, 320, 287, 287, 287, 287, 284, 213, 213, 213, 284, 35, 98, 267, 267, 250, 250, 284, 284, 284, 284, 324, 324, 284, 284, 284, 284, 284, 35, 35, 284, 284, 35, 182, 284, 284, 284, 284, 35, 182, 284, 284, 284, 284, 182, 182, 182, 182, 182, 250, 250, 250, 98, 98, 267, 267, 267, 250, 250, 267, 267, 267, 267, 267, 267, 267, 267, 250, 182, 182, 250, 98, 267, 267, 182, 284, 284, 284, 284, 284, 182, 284, 182, 182, 182, 250, 98, 98, 250, 182, 284, 284, 284, 284, 324, 324, 324, 324, 246, 246, 324, 324, 324, 324, 355, 98, 414, 414, 414, 414, 414, 414, 392, 392, 392, 392, 392, 392, 63, 63, 63, 63, 63, 63, 63, 63, 63, 73, 73, 320, 320, 320, 7, 287, 287, 287, 284, 284, 284, 284, 284, 284, 182, 182, 284, 284, 284, 213, 213, 213, 213, 324, 324, 324, 324, 246, 246, 464, 19, 98, 98, 98, 48, 267, 267, 267, 267, 267, 182, 284, 213, 213, 246, 246, 246, 246, 246, 246, 355, 355, 98, 98, 267, 267, 267, 267, 250, 182, 213, 324, 246, 246, 246, 464, 355, 355, 250, 355, 250, 250, 182, 182, 284, 284, 284, 284, 324, 324, 355, 355, 250, 98, 98, 267, 267, 267, 267, 267, 182, 250, 182, 182, 284, 213, 324, 324, 324, 246, 246, 246, 324, 324, 324, 355, 355, 355, 250, 98, 98, 414, 414, 414, 414, 414, 267, 267, 267, 182, 250, 267, 98, 414, 414, 414, 170, 392, 392, 392, 392, 63, 63, 63, 63, 63, 63, 63, 63, 63, 63, 63, 63, 63, 63, 63, 63, 63, 63, 63, 63, 63, 63, 63, 63, 63, 63, 63, 73, 320, 320, 320, 320, 7, 287, 287, 287, 284, 284, 213, 213, 213, 284, 284, 284, 284, 284, 284, 284, 182, 182, 182, 213, 213, 246, 246, 246, 246, 246, 246, 246, 246, 246, 246, 246, 19, 19, 98, 98, 98, 267, 267, 267, 182, 213, 246, 324, 324, 246, 246, 246, 464, 355, 355, 355, 355, 182, 182, 355, 355, 98, 98, 98, 48, 414, 267, 267, 182, 213, 246, 246, 246, 246, 246, 19, 98, 98, 414, 414, 267, 267, 284, 213, 213, 324, 246, 246, 246, 246, 19, 355, 355, 132, 355, 250, 250, 250, 182, 182, 213, 246, 246, 246, 246, 355, 355, 355, 324, 246, 246, 246, 246, 246, 464, 355, 355, 98, 98, 355, 182, 324, 246, 246, 246, 246, 246, 19, 98, 98, 414, 414, 414, 414, 414, 170, 392, 392, 392, 392, 392, 392, 392, 73, 320, 320, 320, 320, 287, 213, 213, 213, 246, 246, 246, 246, 246, 19, 414, 414, 414, 170, 320, 320, 287, 284, 284, 182, 182, 284, 284, 213, 213, 213, 213, 324, 324, 324, 355, 355, 355, 250, 182, 182, 284, 182, 324, 246, 246, 246, 246, 246, 246, 246, 355, 355, 355, 132, 324, 324, 324, 324, 246, 246, 355, 98, 98, 414, 267, 267, 182, 213, 324, 246, 246, 246, 246, 246, 246, 246, 246, 246, 246, 246, 246, 246, 246, 246, 246, 246, 246, 246, 246, 246, 246, 246, 246, 246, 246, 246, 246, 246, 246, 246, 246, 246, 246]

ep24
Train step Loss: [4.283824920654297, 4.324131011962891, 4.316884517669678, 4.297822952270508, 4.295194149017334, 4.337480068206787, 4.294874668121338, 4.198133945465088, 4.350687026977539, 4.393543720245361, 4.21049690246582, 4.3954997062683105, 4.230878829956055, 4.329463005065918, 4.346722602844238, 4.2422614097595215, 4.341651916503906, 4.362157821655273, 4.38084077835083, 4.218066692352295, 4.269633769989014, 4.315597057342529, 4.266132831573486, 4.282141208648682, 4.397033214569092, 4.282610893249512, 4.2981719970703125, 4.2994537353515625, 4.326650619506836, 4.240897178649902, 4.3739776611328125, 4.422063827514648, 4.377830505371094, 4.304323673248291, 4.234372138977051, 4.316230773925781, 4.263481616973877, 4.2274956703186035, 4.331333637237549, 4.366039276123047, 4.3256378173828125, 4.237695693969727, 4.203359603881836, 4.327292442321777, 4.153278350830078, 4.2577338218688965, 4.317986488342285, 4.2225799560546875, 4.2035017013549805, 4.294728755950928, 4.419853687286377, 4.3014912605285645, 4.215719699859619, 4.295177936553955, 4.234663486480713, 4.179920196533203, 4.324013710021973, 4.152578830718994, 4.169432640075684, 4.305386066436768, 4.2811126708984375, 4.2258477210998535, 4.328455448150635]
val step Loss: [4.624009609222412, 4.603748321533203, 4.706005573272705, 4.626500129699707, 4.5325026512146, 4.593789577484131, 4.650399684906006, 4.699273586273193, 4.683155536651611, 4.561403751373291, 4.612215518951416, 4.6567511558532715, 4.67855978012085, 4.617692947387695, 4.6747212409973145, 4.556694507598877]
Train step Accs: [0.16256870118599942, 0.14151372667981194, 0.14661016949152542, 0.1551634665282823, 0.1601642710472279, 0.15607120152574697, 0.15936739659367397, 0.1772012578616352, 0.1590621928962516, 0.13319386331938632, 0.15675600223338917, 0.14283240997229918, 0.1853546910755149, 0.1488320044761505, 0.15507629107981222, 0.1805616179252146, 0.16570894026459976, 0.15161078238001316, 0.14970907375373485, 0.16743898671609514, 0.16334245861035068, 0.1570593149540518, 0.16187796208530805, 0.15996329714023552, 0.13397767038826863, 0.16195652173913044, 0.14783916849015316, 0.16465753424657534, 0.16127665583957068, 0.1625762308493232, 0.1602743561030235, 0.13550832543657776, 0.13602080624187257, 0.1587604640916434, 0.16537237428389562, 0.15127272727272728, 0.16824452258588043, 0.1768813033359193, 0.14285714285714285, 0.15289917518158316, 0.16534490498279217, 0.17301965455628351, 0.16996987474234976, 0.15567814854682455, 0.1806271161489769, 0.16241906598705055, 0.158205268935236, 0.17274862960062648, 0.16604142880443648, 0.15752337272887634, 0.13786591123701605, 0.14770821688093907, 0.17400677548506313, 0.15212981744421908, 0.1663962236318041, 0.1825936099465086, 0.15220845249443915, 0.18349906774394034, 0.18091451292246521, 0.16918844566712518, 0.16137931034482758, 0.16727716727716727, 0.1393612608875985]
val step Accs: [0.11038220193953223, 0.11603348358016742, 0.11624095068979648, 0.11331644144144144, 0.12572059364651048, 0.10635094442923625, 0.09746261132582759, 0.1192918192918193, 0.10759493670886076, 0.11831690043049577, 0.11971185330713818, 0.10310734463276836, 0.1123958721869949, 0.1150257624286311, 0.11332519994577742, 0.1173995371344414]
Preds: [17, 17, 17, 284, 284, 284, 284, 35, 35, 35, 35, 284, 284, 284, 284, 240, 240, 284, 284, 35, 35, 35, 35, 267, 35, 284, 324, 246, 246, 246, 246, 324, 284, 240, 240, 35, 98, 414, 414, 414, 414, 414, 414, 170, 170, 47, 47, 73, 73, 73, 73, 320, 320, 73, 73, 73, 73, 73, 73, 73, 73, 320, 320, 287, 287, 287, 287, 284, 284, 284, 284, 284, 284, 324, 324, 240, 284, 35, 35, 35, 35, 35, 267, 267, 267, 267, 267, 267, 267, 284, 284, 284, 284, 284, 284, 240, 324, 284, 284, 35, 35, 250, 284, 246, 246, 246, 246, 246, 246, 246, 246, 246, 246, 246, 324, 324, 240, 132, 284, 132, 355, 250, 250, 250, 250, 250, 250, 182, 284, 284, 284, 324, 324, 324, 324, 240, 240, 132, 355, 355, 250, 250, 250, 250, 250, 250, 182, 284, 324, 246, 246, 246, 464, 240, 132, 324, 324, 246, 246, 246, 464, 19, 98, 98, 267, 267, 267, 267, 267, 267, 267, 267, 213, 246, 246, 246, 246, 246, 246, 246, 246, 246, 19, 35, 98, 98, 267, 267, 267, 267, 267, 267, 267, 267, 267, 267, 267, 284, 284, 284, 284, 355, 355, 250, 98, 98, 414, 414, 414, 414, 170, 392, 392, 392, 392, 392, 73, 73, 73, 73, 73, 73, 73, 73, 73, 392, 63, 63, 63, 63, 63, 63, 63, 63, 63, 73, 73, 73, 73, 73, 320, 320, 7, 287, 287, 287, 287, 320, 320, 320, 287, 284, 267, 267, 284, 284, 284, 213, 213, 213, 324, 464, 464, 132, 132, 132, 132, 132, 355, 355, 250, 250, 98, 98, 267, 267, 182, 464, 246, 246, 246, 246, 246, 246, 246, 246, 246, 246, 464, 19, 454, 414, 414, 414, 414, 392, 392, 392, 392, 392, 392, 73, 320, 320, 320, 320, 320, 320, 392, 63, 63, 63, 63, 63, 63, 63, 63, 63, 63, 63, 63, 63, 63, 63, 63, 63, 63, 63, 63, 73, 73, 73, 320, 320, 320, 7, 7, 7, 287, 284, 284, 284, 284, 213, 284, 35, 35, 35, 35, 35, 250, 250, 182, 182, 182, 284, 284, 284, 284, 284, 132, 464, 324, 324, 324, 324, 355, 355, 35, 98, 98, 267, 267, 267, 250, 182, 182, 284, 284, 132, 132, 324, 324, 324, 464, 464, 464, 464, 464, 355, 355, 355, 250, 250, 355, 182, 132, 324, 324, 324, 324, 324, 246, 246, 246, 246, 464, 132, 132, 132, 355, 355, 355, 98, 98, 98, 267, 267, 267, 267, 267, 267, 267, 267, 267, 182, 182, 182, 182, 182, 182, 182, 182, 182, 182, 355, 250, 303, 303, 303, 303, 250, 250, 182, 182, 284, 284, 324, 246, 246, 246, 246, 246, 246, 246, 246, 246, 246, 246, 246, 19, 132, 246, 246, 246, 246, 246, 19, 355, 355, 98, 414, 414, 48, 267, 182, 213, 246, 246, 246, 246, 246, 246, 246, 246, 246, 246, 246, 246, 246, 246, 246, 246, 246, 246, 246, 246, 246, 246, 246, 246, 246, 246, 246, 246, 246, 246, 246, 246, 246, 246, 246, 246, 246, 246, 246, 246, 246, 246, 246, 246, 246, 246, 246, 246, 246, 246, 246, 246, 246, 246, 246, 246, 246, 246, 246, 246, 246, 246, 246, 246, 246, 246, 246, 246, 246, 246, 246, 246, 246, 246, 246, 246, 246, 246, 246, 246, 246, 246, 246, 246, 246, 246, 246, 246, 246, 246, 246, 246, 246, 246, 246, 246, 246, 246, 246, 246, 246, 246, 246, 246, 246, 246, 246, 246, 246, 246, 246, 246, 246, 246, 246, 246, 246, 246, 246, 246, 246, 246, 246]

ep25
Train step Loss: [4.290501117706299, 4.293134689331055, 4.259074687957764, 4.149831295013428, 4.042143821716309, 4.239956855773926, 4.236835479736328, 4.234737396240234, 4.269282817840576, 4.080091953277588, 4.250667095184326, 4.149839401245117, 4.263790130615234, 4.158629894256592, 4.272356033325195, 4.266235828399658, 4.171993732452393, 4.278499603271484, 4.314948081970215, 4.246856212615967, 4.285712242126465, 4.187407493591309, 4.15211296081543, 4.23155403137207, 4.189115524291992, 4.284524917602539, 4.251937389373779, 4.188314437866211, 4.175824165344238, 4.306346416473389, 4.112087249755859, 4.213466167449951, 4.242758750915527, 4.056056976318359, 4.234059810638428, 4.232075214385986, 4.14944314956665, 4.1436076164245605, 4.2114338874816895, 4.146669387817383, 4.249366283416748, 4.169667720794678, 4.398538112640381, 4.152087688446045, 4.276423931121826, 4.1161041259765625, 4.104106903076172, 4.209972381591797, 3.9069247245788574, 4.156730651855469, 4.213475227355957, 4.111682415008545, 4.153060436248779, 4.2457075119018555, 4.2332444190979, 4.140101909637451, 4.271347999572754, 4.1799516677856445, 4.1497907638549805, 4.18171501159668, 4.188366889953613, 4.167972087860107, 4.206859111785889]
val step Loss: [4.5576171875, 4.562633991241455, 4.505505084991455, 4.518958568572998, 4.563284397125244, 4.4978837966918945, 4.580664157867432, 4.501613616943359, 4.637086868286133, 4.630403995513916, 4.507536888122559, 4.465837478637695, 4.503899574279785, 4.604987144470215, 4.530771255493164, 4.615513801574707]
Train step Accs: [0.15622790894952637, 0.15042210283960092, 0.16811507341923884, 0.17424857839155158, 0.18905693950177935, 0.1651469098277609, 0.16721446179129007, 0.1649529964747356, 0.17578659370725033, 0.18085642317380352, 0.16595517609391675, 0.1642920747996438, 0.16375317495891228, 0.18761930733569676, 0.16879675810473815, 0.16661995515695066, 0.1789092055485498, 0.16205479452054794, 0.14351355490886814, 0.17603589337556083, 0.1576481989985463, 0.17927220834819835, 0.18462594371997254, 0.16120049504950495, 0.16829040437741893, 0.15038738240177088, 0.16034436373419425, 0.1797617252299804, 0.17019798541160125, 0.14924264924264924, 0.19684931506849315, 0.18440261237034192, 0.15675819781391628, 0.19290082424886998, 0.15888345019182432, 0.17017569333526936, 0.17516231523691117, 0.18105197440299672, 0.15991902834008098, 0.1794717887154862, 0.15956622773044152, 0.17890054019701304, 0.15237776289350302, 0.18327779460769464, 0.17265763111373011, 0.1858032671289223, 0.17092488502810424, 0.17925651541209153, 0.23294842186297152, 0.17850483132734363, 0.15128106089867388, 0.19840791219394524, 0.1764520202020202, 0.17408376963350786, 0.16282995702885206, 0.16604754829123328, 0.15381205673758866, 0.1785666799627709, 0.18444413132309426, 0.16956792042275412, 0.1791530944625407, 0.17128430864836872, 0.174496644295302]
val step Accs: [0.1212910696193371, 0.11189083820662768, 0.1267846944603084, 0.12881905474498068, 0.11340338288057407, 0.1213741478411977, 0.11332595053525286, 0.12990260594893394, 0.1046799825047383, 0.10641540806429264, 0.12279735682819383, 0.13182443798745985, 0.1273565712735657, 0.10811850711812235, 0.12511046585027144, 0.08438253415483525]
Preds: [17, 17, 17, 284, 284, 284, 284, 284, 284, 284, 35, 35, 35, 35, 35, 267, 267, 267, 267, 267, 267, 267, 267, 287, 284, 284, 284, 284, 324, 324, 284, 35, 35, 35, 35, 35, 35, 284, 324, 246, 246, 246, 284, 35, 98, 98, 267, 267, 267, 267, 267, 267, 267, 267, 213, 246, 246, 246, 35, 35, 267, 284, 324, 246, 246, 246, 284, 35, 35, 267, 267, 267, 267, 267, 267, 267, 267, 267, 267, 267, 284, 213, 246, 246, 246, 246, 240, 240, 284, 35, 35, 284, 324, 324, 324, 132, 35, 250, 284, 284, 284, 240, 240, 324, 246, 246, 246, 246, 324, 324, 324, 324, 324, 240, 19, 35, 35, 98, 98, 414, 414, 414, 414, 170, 170, 170, 170, 392, 392, 392, 392, 73, 73, 73, 73, 73, 73, 73, 392, 73, 73, 392, 73, 73, 73, 73, 73, 320, 320, 320, 287, 287, 287, 284, 284, 153, 267, 267, 267, 267, 284, 284, 284, 284, 284, 284, 182, 284, 284, 182, 35, 98, 98, 98, 414, 267, 284, 284, 324, 464, 240, 284, 284, 284, 284, 240, 324, 324, 246, 246, 132, 355, 355, 284, 324, 240, 132, 355, 355, 355, 250, 182, 182, 182, 182, 182, 182, 250, 182, 250, 250, 250, 250, 284, 284, 250, 250, 250, 267, 250, 182, 284, 284, 284, 182, 182, 250, 250, 250, 250, 98, 98, 414, 414, 414, 414, 170, 170, 392, 392, 392, 392, 73, 73, 73, 73, 73, 73, 73, 73, 73, 73, 73, 73, 73, 73, 73, 320, 7, 320, 7, 287, 284, 284, 284, 284, 240, 284, 35, 98, 98, 267, 267, 267, 267, 267, 267, 267, 284, 284, 182, 284, 182, 35, 98, 267, 267, 267, 267, 267, 267, 267, 284, 284, 182, 182, 182, 250, 98, 98, 414, 414, 170, 170, 170, 47, 73, 73, 320, 320, 320, 287, 287, 284, 284, 284, 284, 284, 284, 284, 284, 284, 284, 355, 355, 355, 250, 250, 250, 250, 182, 182, 182, 250, 250, 250, 250, 250, 182, 182, 284, 464, 324, 324, 324, 324, 324, 324, 374, 324, 324, 132, 355, 35, 132, 132, 132, 355, 284, 355, 355, 98, 98, 98, 98, 267, 267, 267, 182, 182, 182, 182, 182, 182, 182, 182, 182, 284, 250, 98, 267, 182, 182, 284, 98, 98, 414, 414, 414, 170, 170, 170, 392, 392, 392, 392, 73, 73, 73, 73, 73, 73, 73, 392, 392, 392, 73, 73, 73, 320, 320, 320, 320, 320, 320, 320, 320, 287, 284, 284, 284, 284, 284, 284, 284, 284, 284, 182, 182, 182, 182, 182, 182, 250, 35, 35, 98, 98, 98, 267, 267, 284, 182, 35, 267, 182, 284, 284, 284, 355, 98, 98, 414, 414, 414, 267, 7, 213, 213, 324, 324, 324, 324, 324, 324, 324, 324, 324, 324, 324, 324, 324, 324, 324, 324, 324, 324, 324, 324, 324, 324, 324, 324, 324, 324, 324, 324, 324, 324, 324, 324, 324, 324, 324, 324, 324, 324, 324, 324, 324, 324, 324, 324, 324, 324, 324, 324, 324, 324, 324, 324, 324, 324, 324, 324, 324, 324, 324, 324, 324, 324, 324, 324, 324, 324, 324, 324, 324, 324, 324, 324, 324, 324, 324, 324, 324, 324, 324, 324, 324, 324, 324, 324, 324, 324, 324, 324, 324, 324, 324, 324, 324, 324, 324, 324, 324, 324, 324, 324, 324, 324, 324, 324, 324, 324, 324, 324, 324, 324, 324, 324, 324, 324, 324, 324, 324, 324, 324, 324, 324, 324, 324, 324, 324, 324, 324, 324, 324, 324, 324, 324, 324, 324, 324, 324, 324, 324, 324, 324, 324]

ep26
Train step Loss: [4.119716644287109, 4.0781474113464355, 4.100087642669678, 4.135900497436523, 4.319021701812744, 4.031180381774902, 4.170419216156006, 4.085625648498535, 4.1227545738220215, 4.152595520019531, 4.006063461303711, 4.050578594207764, 4.122926235198975, 4.148396968841553, 4.181464195251465, 4.111583709716797, 4.1289873123168945, 4.026978015899658, 4.147590160369873, 4.035974502563477, 4.0046820640563965, 4.182958126068115, 4.072239398956299, 4.14525842666626, 4.138891696929932, 4.090944290161133, 4.144038200378418, 4.1587042808532715, 4.146589756011963, 4.168868541717529, 4.062171459197998, 4.192514419555664, 4.12523078918457, 4.0749897956848145, 4.122196197509766, 4.152045726776123, 4.070878028869629, 4.1373114585876465, 4.225661277770996, 4.115769386291504, 4.12158727645874, 4.086701393127441, 4.09675407409668, 4.063510417938232, 4.187460899353027, 4.095202922821045, 4.06054162979126, 4.188638210296631, 4.163843154907227, 4.0199151039123535, 4.0773444175720215, 4.141585826873779, 4.149138927459717, 4.147696495056152, 4.148841381072998, 4.0464396476745605, 4.061899662017822, 4.092510223388672, 4.042262077331543, 4.148819923400879, 4.124045372009277, 4.059289932250977, 4.190069198608398]
val step Loss: [4.483452796936035, 4.512716770172119, 4.503796577453613, 4.433308124542236, 4.5079731941223145, 4.4400177001953125, 4.41940450668335, 4.349214553833008, 4.454575538635254, 4.478641033172607, 4.429516315460205, 4.563634872436523, 4.540810585021973, 4.473967552185059, 4.50862455368042, 4.352503299713135]
Train step Accs: [0.18462053945384488, 0.18408188206538345, 0.1833422507579811, 0.1877489355857712, 0.14979221760483566, 0.19607285145133752, 0.16442720598420835, 0.1859797929400025, 0.17862220498901382, 0.16956228956228955, 0.19556025369978858, 0.20623229461756373, 0.1858341923133559, 0.17625058438522676, 0.17728308971436235, 0.1874187063970675, 0.17011918274687854, 0.19105630664091516, 0.18541074570307214, 0.20327507479137144, 0.19585348997926744, 0.1770054260155448, 0.1898391916891988, 0.18238299047356069, 0.17129700690713737, 0.1906094527363184, 0.17859904128653162, 0.18329083545822708, 0.1848101265822785, 0.1946381527971486, 0.2107595904019563, 0.17039615448367312, 0.18172956412755883, 0.19326634477358737, 0.18685772181212912, 0.18275862068965518, 0.1915163472378805, 0.16990510619069138, 0.1839592616168046, 0.18802395209580838, 0.16949931097841064, 0.1767100977198697, 0.17407199100112486, 0.1910079341757273, 0.16612529002320187, 0.18792462504807075, 0.19761775852734165, 0.1888, 0.1801128818061089, 0.188546133628441, 0.19685422409599482, 0.17188808845702797, 0.1730147575544624, 0.1666471483780302, 0.16657768286171917, 0.18388429752066116, 0.1947617720813597, 0.20104683935042275, 0.18892564861570607, 0.16732751784298175, 0.18235022331741876, 0.1892147587511826, 0.16134228187919464]
val step Accs: [0.12077554867375791, 0.12479499030863277, 0.12015945330296128, 0.12838820573846357, 0.12255658436213991, 0.1246294625596082, 0.11922403340967264, 0.150096215522771, 0.12732877630344458, 0.12506172839506172, 0.13537658053875756, 0.11227194760642445, 0.12019506597819851, 0.12839917906618778, 0.11533604602216922, 0.14552001694556238]
Preds: [17, 17, 17, 287, 287, 284, 284, 284, 387, 284, 284, 284, 284, 387, 284, 240, 324, 171, 246, 246, 246, 246, 246, 246, 35, 35, 35, 35, 35, 35, 284, 284, 284, 284, 284, 284, 284, 284, 240, 240, 35, 98, 98, 414, 414, 414, 414, 414, 47, 170, 392, 392, 392, 392, 63, 63, 63, 63, 63, 63, 63, 63, 63, 63, 63, 63, 63, 63, 73, 73, 320, 320, 320, 287, 287, 287, 213, 213, 213, 240, 35, 35, 35, 267, 267, 267, 267, 267, 284, 35, 267, 267, 267, 267, 267, 267, 267, 284, 284, 324, 213, 246, 246, 246, 246, 246, 246, 19, 19, 98, 267, 267, 267, 284, 374, 374, 464, 324, 464, 374, 132, 355, 355, 132, 250, 250, 250, 98, 98, 48, 48, 48, 48, 320, 267, 284, 464, 246, 246, 246, 246, 19, 355, 355, 250, 374, 324, 246, 246, 246, 246, 246, 19, 19, 98, 355, 132, 374, 374, 374, 464, 324, 19, 98, 414, 414, 414, 414, 414, 47, 47, 47, 47, 47, 47, 47, 47, 392, 392, 392, 392, 392, 392, 392, 392, 392, 392, 392, 392, 73, 73, 320, 320, 320, 7, 287, 7, 213, 213, 213, 284, 284, 35, 98, 267, 250, 284, 213, 324, 246, 246, 246, 246, 19, 19, 98, 48, 48, 267, 267, 284, 284, 284, 284, 464, 324, 374, 132, 132, 355, 355, 250, 250, 324, 324, 246, 246, 246, 19, 98, 98, 267, 250, 250, 182, 284, 284, 284, 464, 324, 324, 246, 246, 246, 246, 19, 19, 98, 98, 267, 267, 284, 374, 374, 464, 324, 464, 374, 355, 355, 355, 355, 355, 355, 250, 250, 303, 267, 98, 98, 267, 213, 246, 246, 246, 464, 19, 355, 355, 250, 250, 355, 182, 284, 132, 355, 284, 284, 355, 132, 324, 246, 246, 464, 464, 464, 464, 240, 132, 132, 355, 324, 324, 132, 355, 355, 98, 98, 267, 267, 267, 267, 267, 267, 267, 267, 7, 213, 246, 246, 246, 246, 246, 19, 464, 246, 246, 246, 246, 246, 246, 19, 19, 98, 98, 48, 267, 267, 267, 267, 267, 48, 267, 267, 284, 284, 284, 284, 284, 284, 355, 355, 250, 98, 98, 48, 414, 414, 47, 320, 7, 213, 464, 464, 464, 464, 464, 464, 464, 464, 464, 464, 464, 464, 464, 464, 464, 464, 464, 464, 464, 464, 464, 464, 464, 464, 464, 464, 464, 464, 464, 464, 464, 464, 464, 464, 464, 464, 464, 464, 464, 464, 464, 464, 464, 464, 464, 464, 464, 464, 464, 464, 464, 464, 464, 464, 464, 464, 464, 464, 464, 464, 464, 464, 464, 464, 464, 464, 464, 464, 464, 464, 464, 464, 464, 464, 464, 464, 464, 464, 464, 464, 464, 464, 464, 464, 464, 464, 464, 464, 464, 464, 464, 464, 464, 464, 464, 464, 464, 464, 464, 464, 464, 464, 464, 464, 464, 464, 464, 464, 464, 464, 464, 464, 464, 464, 464, 464, 464, 464, 464, 464, 464, 464, 464, 464, 464, 464, 464, 464, 464, 464, 464, 464, 464, 464, 464, 464, 464, 464, 464, 464, 464, 464, 464, 464, 464, 464, 464, 464, 464, 464, 464, 464, 464, 464, 464, 464, 464, 464, 464, 464, 464, 464, 464, 464, 464, 464, 464, 464, 464, 464, 464, 464, 464, 464, 464, 464, 464, 464, 464, 464, 464, 464, 464, 464, 464, 464, 464, 464, 464, 464, 464, 464, 464, 464, 464, 464, 464, 464, 464, 464, 464, 464, 464, 464, 464, 464, 464, 464, 464, 464, 464, 464, 464, 464, 464, 464, 464, 464, 464, 464, 464, 464, 464, 464, 464, 464, 464, 464]

