ep1
Train step Loss: [6.21688985824585, 6.214402198791504, 6.208907604217529, 6.2036848068237305, 6.198070049285889, 6.195688724517822, 6.187635898590088, 6.180438995361328, 6.177469253540039, 6.171685695648193, 6.162539005279541, 6.150369644165039, 6.1341094970703125, 6.116632461547852, 6.115795135498047, 6.103873252868652, 6.0893096923828125, 6.058207988739014, 6.039188385009766, 6.040325164794922, 6.029265403747559, 5.991235733032227, 5.967034816741943, 5.959146022796631, 5.915392875671387, 5.901968955993652, 5.866567134857178, 5.8472418785095215, 5.83514404296875, 5.803983688354492, 5.760558605194092, 5.7571210861206055, 5.759082317352295, 5.725608825683594, 5.718111991882324, 5.677236557006836, 5.670588970184326, 5.627010822296143, 5.652807235717773, 5.624887943267822, 5.6016526222229, 5.6000800132751465, 5.515806674957275, 5.515559196472168, 5.589427471160889, 5.528639793395996, 5.51871919631958, 5.522055149078369, 5.488271713256836, 5.594027996063232, 5.4455952644348145, 5.557572364807129, 5.492842674255371, 5.434492588043213, 5.47541618347168, 5.480453014373779, 5.416581630706787, 5.41428804397583, 5.49245548248291, 5.370230197906494, 5.498964786529541, 5.468342304229736, 5.405516624450684]
val step Loss: [5.7163777351379395, 5.6203742027282715, 5.638547420501709, 5.6957173347473145, 5.648951530456543, 5.671817779541016, 5.642442226409912, 5.645147323608398, 5.76137113571167, 5.637177467346191, 5.7325825691223145, 5.651699066162109, 5.666477680206299, 5.634886264801025, 5.654906272888184, 5.72914457321167]
Train step Accs: [0.00159383716296985, 0.008561643835616438, 0.007401924500370096, 0.0102068224550094, 0.0114894213254869, 0.011350737797956867, 0.01381051381051381, 0.017984496124031007, 0.014567487430707748, 0.0223766740125445, 0.0287645394530022, 0.02541042112776588, 0.030856840153622035, 0.05176784523015344, 0.02492122600973933, 0.03343149142560194, 0.026048284625158832, 0.03910191725529768, 0.03374777975133215, 0.035954168312919796, 0.024126586244712516, 0.03257942918686053, 0.027788649706457925, 0.027201346045989904, 0.02919203099059214, 0.029146537842190016, 0.03490423387096774, 0.049508043104794626, 0.03693887692562531, 0.030332544872686797, 0.0628722700198544, 0.03285787060621498, 0.02407566638005159, 0.053145647802355644, 0.04016521862982481, 0.03653460767689225, 0.0432550178932628, 0.05055469737396433, 0.028929188255613126, 0.022111582955044663, 0.03, 0.026629509211952316, 0.054917692626919354, 0.05053661187338677, 0.028140229523659802, 0.03819759160947818, 0.03635526921306949, 0.03413709021945272, 0.03654850233580654, 0.024193548387096774, 0.04461457233368532, 0.022029778182923124, 0.036851683348498636, 0.04334455996485576, 0.03683083511777302, 0.02291448255204433, 0.047187880898485114, 0.0337546468401487, 0.02507462686567164, 0.05188536953242836, 0.023507355062013267, 0.030918881361820392, 0.031071655041217502]
val step Accs: [0.007415931466564378, 0.011725067385444744, 0.0075570411277430605, 0.005523408732246186, 0.019063896923481462, 0.018710493046776234, 0.016308568470100957, 0.0015727766657134686, 0.0010464355788096795, 0.01238390092879257, 0.005626344530862155, 0.02033476276110112, 0.007147673634524612, 0.020533095268460654, 0.011216963736939152, 0.010717896865520727]
Preds: [63, 63, 63, 63, 63, 63, 63, 63, 63, 63, 63, 63, 63, 63, 63, 63, 63, 63, 63, 63, 63, 63, 63, 63, 63, 63, 63, 63, 63, 63, 63, 63, 63, 63, 63, 63, 63, 63, 63, 63, 63, 63, 63, 63, 63, 63, 63, 63, 63, 63, 63, 63, 63, 63, 63, 63, 63, 63, 63, 63, 63, 63, 63, 63, 63, 63, 63, 63, 63, 63, 63, 63, 63, 63, 63, 63, 63, 63, 63, 63, 63, 63, 63, 63, 63, 63, 63, 63, 63, 63, 63, 63, 63, 63, 63, 63, 63, 63, 63, 63, 63, 63, 63, 63, 63, 63, 63, 63, 63, 63, 63, 63, 63, 63, 63, 63, 63, 63, 63, 63, 63, 63, 63, 63, 63, 63, 63, 63, 63, 63, 63, 63, 63, 63, 63, 63, 63, 63, 63, 63, 63, 63, 63, 63, 63, 63, 63, 63, 63, 63, 63, 63, 63, 63, 63, 63, 63, 63, 63, 63, 63, 63, 63, 63, 63, 63, 63, 63, 63, 63, 63, 63, 63, 63, 63, 63, 63, 63, 63, 63, 63, 63, 63, 63, 63, 63, 63, 63, 63, 63, 63, 63, 63, 63, 63, 63, 63, 63, 63, 63, 63, 63, 63, 63, 63, 63, 63, 63, 63, 63, 63, 63, 63, 63, 63, 63, 63, 63, 63, 63, 63, 63, 63, 63, 63, 63, 63, 63, 63, 63, 63, 63, 63, 63, 63, 63, 63, 63, 63, 63, 63, 63, 63, 63, 63, 63, 63, 63, 63, 63, 63, 63, 63, 63, 63, 63, 63, 63, 63, 63, 63, 63, 63, 63, 63, 63, 63, 63, 63, 63, 63, 63, 63, 63, 63, 63, 63, 63, 63, 63, 63, 63, 63, 63, 63, 63, 63, 63, 63, 63, 63, 63, 63, 63, 63, 63, 63, 63, 63, 63, 63, 63, 63, 63, 63, 63, 63, 63, 63, 63, 63, 63, 63, 63, 63, 63, 63, 63, 63, 63, 63, 63, 63, 63, 63, 63, 63, 63, 63, 63, 63, 63, 63, 63, 63, 63, 63, 63, 63, 63, 63, 63, 63, 63, 63, 63, 63, 63, 63, 63, 63, 63, 63, 63, 63, 63, 63, 63, 63, 63, 63, 63, 63, 63, 63, 63, 63, 63, 63, 63, 63, 63, 63, 63, 63, 63, 63, 63, 63, 63, 63, 63, 63, 63, 63, 63, 63, 63, 63, 63, 63, 63, 63, 63, 63, 63, 63, 63, 63, 63, 63, 63, 63, 63, 63, 63, 63, 63, 63, 63, 63, 63, 63, 63, 63, 63, 63, 63, 63, 63, 63, 63, 63, 63, 63, 63, 63, 63, 63, 63, 63, 63, 63, 63, 63, 63, 63, 63, 63, 63, 63, 63, 63, 63, 63, 63, 63, 63, 63, 63, 63, 63, 63, 63, 63, 63, 63, 63, 63, 63, 63, 63, 63, 63, 63, 63, 63, 63, 63, 63, 63, 63, 63, 63, 63, 63, 63, 63, 63, 63, 63, 63, 63, 63, 63, 63, 63, 63, 63, 63, 63, 63, 63, 63, 63, 63, 63, 63, 63, 63, 63, 63, 63, 63, 63, 63, 63, 63, 63, 63, 63, 63, 63, 63, 63, 63, 63, 63, 63, 63, 63, 63, 63, 63, 63, 63, 63, 63, 63, 63, 63, 63, 63, 63, 63, 63, 63, 63, 63, 63, 63, 63, 63, 63, 63, 63, 63, 63, 63, 63, 63, 63, 63, 63, 63, 63, 63, 63, 63, 63, 63, 63, 63, 63, 63, 63, 63, 63, 63, 63, 63, 63, 63, 63, 63, 63, 63, 63, 63, 63, 63, 63, 63, 63, 63, 63, 63, 63, 63, 63, 63, 63, 63, 63, 63, 63, 63, 63, 63, 63]

ep2
Train step Loss: [5.403558254241943, 5.488930702209473, 5.455019474029541, 5.407776832580566, 5.345643520355225, 5.396792411804199, 5.354744911193848, 5.4057841300964355, 5.45583438873291, 5.42592716217041, 5.389577388763428, 5.411650657653809, 5.39194917678833, 5.416991710662842, 5.423785209655762, 5.397973537445068, 5.441421985626221, 5.406800270080566, 5.389382839202881, 5.406708717346191, 5.489053726196289, 5.4078240394592285, 5.411970615386963, 5.437333583831787, 5.38093376159668, 5.42915153503418, 5.403041839599609, 5.379924297332764, 5.398336887359619, 5.383392810821533, 5.279298782348633, 5.367460250854492, 5.406563758850098, 5.364306449890137, 5.403787136077881, 5.377158164978027, 5.415490627288818, 5.388510704040527, 5.418337345123291, 5.416018962860107, 5.415350914001465, 5.4072442054748535, 5.339958667755127, 5.364337921142578, 5.45717191696167, 5.393751621246338, 5.399704456329346, 5.412463188171387, 5.38088846206665, 5.502040863037109, 5.368229389190674, 5.46198034286499, 5.416668891906738, 5.367802619934082, 5.40923547744751, 5.409501075744629, 5.366227626800537, 5.359264850616455, 5.438455581665039, 5.3194355964660645, 5.446828842163086, 5.428854465484619, 5.358545303344727]
val step Loss: [5.672430515289307, 5.573197364807129, 5.5887861251831055, 5.640518665313721, 5.599503517150879, 5.625378131866455, 5.592182636260986, 5.59757661819458, 5.712652683258057, 5.592763900756836, 5.690874099731445, 5.603862285614014, 5.619687557220459, 5.585563659667969, 5.610251426696777, 5.682764053344727]
Train step Accs: [0.028423429406295657, 0.022571606475716065, 0.01628423390081421, 0.0351866774106903, 0.06066974919433936, 0.03064699205448354, 0.04351054351054351, 0.02930232558139535, 0.02462292123243522, 0.03559925411086625, 0.0433825840930525, 0.03297644539614561, 0.028473049927161966, 0.05043362241494329, 0.023918647951876253, 0.03221895028581327, 0.026048284625158832, 0.03910191725529768, 0.03374777975133215, 0.035954168312919796, 0.024126586244712516, 0.03257942918686053, 0.027788649706457925, 0.027201346045989904, 0.02919203099059214, 0.029146537842190016, 0.03490423387096774, 0.049508043104794626, 0.03693887692562531, 0.030332544872686797, 0.0628722700198544, 0.03285787060621498, 0.02407566638005159, 0.053145647802355644, 0.04016521862982481, 0.03653460767689225, 0.0432550178932628, 0.05055469737396433, 0.028929188255613126, 0.022111582955044663, 0.03, 0.026629509211952316, 0.054917692626919354, 0.05053661187338677, 0.028140229523659802, 0.03819759160947818, 0.03635526921306949, 0.03413709021945272, 0.03654850233580654, 0.024193548387096774, 0.04461457233368532, 0.022029778182923124, 0.036851683348498636, 0.04334455996485576, 0.03683083511777302, 0.02291448255204433, 0.047187880898485114, 0.0337546468401487, 0.02507462686567164, 0.05188536953242836, 0.023507355062013267, 0.030918881361820392, 0.031071655041217502]
val step Accs: [0.008822401227464518, 0.01293800539083558, 0.008719662839703532, 0.00631246712256707, 0.01972127267946358, 0.019216182048040455, 0.017085166968677193, 0.002430654847011724, 0.0018312622629169393, 0.013286893704850361, 0.006784709581333774, 0.021441416516807303, 0.007687120701281187, 0.02129830378778217, 0.01183159188690842, 0.011324570273003034]
Preds: [17, 63, 63, 63, 63, 63, 63, 63, 63, 63, 63, 63, 63, 63, 63, 63, 63, 63, 63, 63, 63, 63, 63, 63, 63, 63, 63, 63, 63, 63, 63, 63, 63, 63, 63, 63, 63, 63, 63, 63, 63, 63, 63, 63, 63, 63, 63, 63, 63, 63, 63, 63, 63, 63, 63, 63, 63, 63, 63, 63, 63, 63, 63, 63, 63, 63, 63, 63, 63, 63, 63, 63, 63, 63, 63, 63, 63, 63, 63, 63, 63, 63, 63, 63, 63, 63, 63, 63, 63, 63, 63, 63, 63, 63, 63, 63, 63, 63, 63, 63, 63, 63, 63, 63, 63, 63, 63, 63, 63, 63, 63, 63, 63, 63, 63, 63, 63, 63, 63, 63, 63, 63, 63, 63, 63, 63, 63, 63, 63, 63, 63, 63, 63, 63, 63, 63, 63, 63, 63, 63, 63, 63, 63, 63, 63, 63, 63, 63, 63, 63, 63, 63, 63, 63, 63, 63, 63, 63, 63, 63, 63, 63, 63, 63, 63, 63, 63, 63, 63, 63, 63, 63, 63, 63, 63, 63, 63, 63, 63, 63, 63, 63, 63, 63, 63, 63, 63, 63, 63, 63, 63, 63, 63, 63, 63, 63, 63, 63, 63, 63, 63, 63, 63, 63, 63, 63, 63, 63, 63, 63, 63, 63, 63, 63, 63, 63, 63, 63, 63, 63, 63, 63, 63, 63, 63, 63, 63, 63, 63, 63, 63, 63, 63, 63, 63, 63, 63, 63, 63, 63, 63, 63, 63, 63, 63, 63, 63, 63, 63, 63, 63, 63, 63, 63, 63, 63, 63, 63, 63, 63, 63, 63, 63, 63, 63, 63, 63, 63, 63, 63, 63, 63, 63, 63, 63, 63, 63, 63, 63, 63, 63, 63, 63, 63, 63, 63, 63, 63, 63, 63, 63, 63, 63, 63, 63, 63, 63, 63, 63, 63, 63, 63, 63, 63, 63, 63, 63, 63, 63, 63, 63, 63, 63, 63, 63, 63, 63, 63, 63, 63, 63, 63, 63, 63, 63, 63, 63, 63, 63, 63, 63, 63, 63, 63, 63, 63, 63, 63, 63, 63, 63, 63, 63, 63, 63, 63, 63, 63, 63, 63, 63, 63, 63, 63, 63, 63, 63, 63, 63, 63, 63, 63, 63, 63, 63, 63, 63, 63, 63, 63, 63, 63, 63, 63, 63, 63, 63, 63, 63, 63, 63, 63, 63, 63, 63, 63, 63, 63, 63, 63, 63, 63, 63, 63, 63, 63, 63, 63, 63, 63, 63, 63, 63, 63, 63, 63, 63, 63, 63, 63, 63, 63, 63, 63, 63, 63, 63, 63, 63, 63, 63, 63, 63, 63, 63, 63, 63, 63, 63, 63, 63, 63, 63, 63, 63, 63, 63, 63, 63, 63, 63, 63, 63, 63, 63, 63, 63, 63, 63, 63, 63, 63, 63, 63, 63, 63, 63, 63, 63, 63, 63, 63, 63, 63, 63, 63, 63, 63, 63, 63, 63, 63, 63, 63, 63, 63, 63, 63, 63, 63, 63, 63, 63, 63, 63, 63, 63, 63, 63, 63, 63, 63, 63, 63, 63, 63, 63, 63, 63, 63, 63, 63, 63, 63, 63, 63, 63, 63, 63, 63, 63, 63, 63, 63, 63, 63, 63, 63, 63, 63, 63, 63, 63, 63, 63, 63, 63, 63, 63, 63, 63, 63, 63, 63, 63, 63, 63, 63, 63, 63, 63, 63, 63, 63, 63, 63, 63, 63, 63, 63, 63, 63, 63, 63, 63, 63, 63, 63, 63, 63, 63, 63, 63, 63, 63, 63, 63, 63, 63, 63, 63, 63, 63, 63, 63, 63, 63, 63, 63, 63, 63, 63, 63, 63, 63, 63, 63, 63, 63, 63, 63, 63, 63, 63, 63, 63, 63, 63, 63, 63]

ep3
Train step Loss: [5.39808464050293, 5.407483100891113, 5.450270652770996, 5.336872100830078, 5.40366268157959, 5.3674468994140625, 5.3556976318359375, 5.398096084594727, 5.427670955657959, 5.385901927947998, 5.423457622528076, 5.430220603942871, 5.330123424530029, 5.389837265014648, 5.421128749847412, 5.378060817718506, 5.347750663757324, 5.457790374755859, 5.37697696685791, 5.415471076965332, 5.426266193389893, 5.373012542724609, 5.397824287414551, 5.331048965454102, 5.390651226043701, 5.3538689613342285, 5.329020023345947, 5.323629379272461, 5.378019332885742, 5.395073413848877, 5.377743244171143, 5.37675142288208, 5.398258209228516, 5.3475847244262695, 5.3869948387146, 5.385797500610352, 5.424993991851807, 5.419651031494141, 5.384266376495361, 5.3840436935424805, 5.38383674621582, 5.40855073928833, 5.364036560058594, 5.326001167297363, 5.351927280426025, 5.457555770874023, 5.37005615234375, 5.364661693572998, 5.364251136779785, 5.358120918273926, 5.348418712615967, 5.428725719451904, 5.425761699676514, 5.427884101867676, 5.35682487487793, 5.36788272857666, 5.383806228637695, 5.450620174407959, 5.30839729309082, 5.325362682342529, 5.4163665771484375, 5.318841457366943, 5.439670562744141]
val step Loss: [5.642082691192627, 5.637898921966553, 5.64663028717041, 5.619467735290527, 5.668978214263916, 5.562379360198975, 5.648604869842529, 5.6613898277282715, 5.676287651062012, 5.646907806396484, 5.627779006958008, 5.601315498352051, 5.593641757965088, 5.5898118019104, 5.560439586639404, 5.583302021026611]
Train step Accs: [0.025138410893311387, 0.026333650061083208, 0.031459987782529016, 0.05747846515270164, 0.02289955780164245, 0.05637942551770207, 0.04305705059203445, 0.023408239700374533, 0.019508057675996608, 0.036151689538143725, 0.027462257368799425, 0.023742580443611373, 0.048162230671736375, 0.030666859539997107, 0.03257811343106767, 0.03982621288921072, 0.03754313319530711, 0.013710986830236334, 0.05324640043466449, 0.032488729986009636, 0.024694601339813476, 0.03495873968492123, 0.025214818988589943, 0.04134029590948651, 0.029522350647542123, 0.048034934497816595, 0.06635268042665189, 0.04641581982971711, 0.04428833231521075, 0.044600280504908836, 0.02842899488008623, 0.04273037542662116, 0.03576341127922971, 0.05354702447509007, 0.04216867469879518, 0.050071988481842904, 0.033685800604229606, 0.03438185808339429, 0.045185505991049514, 0.03716156432489825, 0.041682313180623355, 0.0387511766551616, 0.03116073747078681, 0.05203276699029126, 0.047625583310458415, 0.017169684775318578, 0.04558011049723757, 0.03851463279955825, 0.030074191838897722, 0.055075915451027094, 0.0393204548568297, 0.03111587982832618, 0.03293129150291368, 0.02690863579474343, 0.04281949934123847, 0.06274445893089961, 0.03751233958538993, 0.020225464190981434, 0.07162610619469026, 0.04281834158811312, 0.033553025763930495, 0.03682887146871765, 0.02710753649091451]
val step Accs: [0.006508533410471507, 0.016303583977512297, 0.009872531867033242, 0.008293838862559242, 0.008995898928429686, 0.026833631484794274, 0.010363373999737637, 0.017055655296229804, 0.009148486980999296, 0.014119705110583532, 0.011241446725317693, 0.018810087780409643, 0.02758514408999846, 0.01820114255347416, 0.014433302947432392, 0.023415421881308032]
Preds: [17, 17, 17, 63, 63, 63, 63, 63, 63, 63, 63, 63, 63, 63, 63, 63, 63, 63, 63, 63, 63, 63, 63, 63, 63, 63, 63, 63, 63, 63, 63, 63, 63, 63, 63, 63, 63, 63, 63, 63, 63, 63, 63, 63, 63, 63, 63, 63, 63, 63, 63, 63, 63, 63, 63, 63, 63, 63, 63, 63, 63, 63, 63, 63, 63, 63, 63, 63, 63, 63, 63, 63, 63, 63, 63, 63, 63, 63, 63, 63, 63, 63, 63, 63, 63, 63, 63, 63, 63, 63, 63, 63, 63, 63, 63, 63, 63, 63, 63, 63, 63, 63, 63, 63, 63, 63, 63, 63, 63, 63, 63, 63, 63, 63, 63, 63, 63, 63, 63, 63, 63, 63, 63, 63, 63, 63, 63, 63, 63, 63, 63, 63, 63, 63, 63, 63, 63, 63, 63, 63, 63, 63, 63, 63, 63, 63, 63, 63, 63, 63, 63, 63, 63, 63, 63, 63, 63, 63, 63, 63, 63, 63, 63, 63, 63, 63, 63, 63, 63, 63, 63, 63, 63, 63, 63, 63, 63, 63, 63, 63, 63, 63, 63, 63, 63, 63, 63, 63, 63, 63, 63, 63, 63, 63, 63, 63, 63, 63, 63, 63, 63, 63, 63, 63, 63, 63, 63, 63, 63, 63, 63, 63, 63, 63, 63, 63, 63, 63, 63, 63, 63, 63, 63, 63, 63, 63, 63, 63, 63, 63, 63, 63, 63, 63, 63, 63, 63, 63, 63, 63, 63, 63, 63, 63, 63, 63, 63, 63, 63, 63, 63, 63, 63, 63, 63, 63, 63, 63, 63, 63, 63, 63, 63, 63, 63, 63, 63, 63, 63, 63, 63, 63, 63, 63, 63, 63, 63, 63, 63, 63, 63, 63, 63, 63, 63, 63, 63, 63, 63, 63, 63, 63, 63, 63, 63, 63, 63, 63, 63, 63, 63, 63, 63, 63, 63, 63, 63, 63, 63, 63, 63, 63, 63, 63, 63, 63, 63, 63, 63, 63, 63, 63, 63, 63, 63, 63, 63, 63, 63, 63, 63, 63, 63, 63, 63, 63, 63, 63, 63, 63, 63, 63, 63, 63, 63, 63, 63, 63, 63, 63, 63, 63, 63, 63, 63, 63, 63, 63, 63, 63, 63, 63, 63, 63, 63, 63, 63, 63, 63, 63, 63, 63, 63, 63, 63, 63, 63, 63, 63, 63, 63, 63, 63, 63, 63, 63, 63, 63, 63, 63, 63, 63, 63, 63, 63, 63, 63, 63, 63, 63, 63, 63, 63, 63, 63, 63, 63, 63, 63, 63, 63, 63, 63, 63, 63, 63, 63, 63, 63, 63, 63, 63, 63, 63, 63, 63, 63, 63, 63, 63, 63, 63, 63, 63, 63, 63, 63, 63, 63, 63, 63, 63, 63, 63, 63, 63, 63, 63, 63, 63, 63, 63, 63, 63, 63, 63, 63, 63, 63, 63, 63, 63, 63, 63, 63, 63, 63, 63, 63, 63, 63, 63, 63, 63, 63, 63, 63, 63, 63, 63, 63, 63, 63, 63, 63, 63, 63, 63, 63, 63, 63, 63, 63, 63, 63, 63, 63, 63, 63, 63, 63, 63, 63, 63, 63, 63, 63, 63, 63, 63, 63, 63, 63, 63, 63, 63, 63, 63, 63, 63, 63, 63, 63, 63, 63, 63, 63, 63, 63, 63, 63, 63, 63, 63, 63, 63, 63, 63, 63, 63, 63, 63, 63, 63, 63, 63, 63, 63, 63, 63, 63, 63, 63, 63, 63, 63, 63, 63, 63, 63, 63, 63, 63, 63, 63, 63, 63, 63, 63, 63, 63, 63, 63, 63, 63, 63, 63, 63, 63, 63, 63, 63, 63, 63, 63, 63, 63, 63, 63, 63, 63, 63, 63, 63, 63, 63, 63, 63, 63, 63]

ep4
Train step Loss: [5.424810886383057, 5.305037021636963, 5.33233642578125, 5.351861953735352, 5.379291534423828, 5.390317440032959, 5.403947830200195, 5.3959832191467285, 5.448952674865723, 5.412106513977051, 5.328721046447754, 5.406028747558594, 5.436352252960205, 5.386056900024414, 5.438509464263916, 5.402028560638428, 5.309413909912109, 5.355109214782715, 5.4432692527771, 5.372513771057129, 5.329816818237305, 5.3253173828125, 5.348467826843262, 5.393434047698975, 5.415627956390381, 5.392137050628662, 5.413951873779297, 5.3464250564575195, 5.326366901397705, 5.3458733558654785, 5.31099796295166, 5.381311893463135, 5.39131498336792, 5.361944675445557, 5.389154434204102, 5.3676676750183105, 5.4187798500061035, 5.33562707901001, 5.324329853057861, 5.347038269042969, 5.3990583419799805, 5.357107639312744, 5.394591331481934, 5.421152591705322, 5.308624267578125, 5.338544845581055, 5.312189102172852, 5.352829933166504, 5.402864456176758, 5.362697124481201, 5.492831707000732, 5.365972518920898, 5.395625114440918, 5.337591648101807, 5.359707355499268, 5.368340969085693, 5.442065715789795, 5.346467018127441, 5.363866806030273, 5.412284851074219, 5.389900207519531, 5.343316555023193, 5.346492290496826]
val step Loss: [5.613460063934326, 5.563512325286865, 5.6133623123168945, 5.584054470062256, 5.648800373077393, 5.627984046936035, 5.606039047241211, 5.562297821044922, 5.659674167633057, 5.635420322418213, 5.623458385467529, 5.63687801361084, 5.626612186431885, 5.54047966003418, 5.617815017700195, 5.635395050048828]
Train step Accs: [0.03475382705833678, 0.05130989547984254, 0.037490029247540545, 0.05605979711692472, 0.033866118056654536, 0.04793063962048094, 0.0526137709355439, 0.029871754770096966, 0.03052140737600678, 0.023514502956913545, 0.05820938215102975, 0.03710119820990328, 0.026528413681659035, 0.03144820295983087, 0.022865853658536585, 0.033524904214559385, 0.06105077781039037, 0.042000262501640635, 0.032880902313133245, 0.03071895424836601, 0.039924231385691386, 0.06373176350140773, 0.049349484073575596, 0.04, 0.022563459730492008, 0.039212238438544045, 0.027125506072874495, 0.042819190498515396, 0.04119156214367161, 0.0443089430894309, 0.048849224988257396, 0.02977667493796526, 0.03089711417816813, 0.04756030701754386, 0.03964347479047493, 0.024966032608695652, 0.030709342560553632, 0.03434794750069813, 0.061943373654127346, 0.03345673933909228, 0.04057315233785822, 0.04432746917855659, 0.030295116218333768, 0.020512820512820513, 0.06127750611246944, 0.03928721762312334, 0.036157880209770905, 0.03266563944530046, 0.025075363113181693, 0.032551460028721876, 0.021557355631042593, 0.058128215825337226, 0.03709342560553633, 0.06661665416354089, 0.027313709891275524, 0.04318222540763304, 0.023087818696883852, 0.03653368405670028, 0.051098535286284955, 0.05001348072256673, 0.025592714711885695, 0.04341627786417833, 0.04485098849218058]
val step Accs: [0.015473343648895766, 0.021056613289622998, 0.018997156888084777, 0.01940686073527402, 0.008462211847096586, 0.009965057590267891, 0.006995003568879372, 0.031825037707390647, 0.005876303804906714, 0.015263781861292234, 0.014709644410335124, 0.008659049909801564, 0.011488250652741514, 0.014452955629426218, 0.015384615384615385, 0.022965879265091863]
Preds: [17, 17, 17, 17, 17, 17, 63, 63, 63, 63, 63, 63, 63, 63, 63, 63, 63, 63, 63, 63, 63, 63, 63, 63, 63, 63, 63, 63, 63, 63, 63, 63, 63, 63, 63, 63, 63, 63, 63, 63, 63, 63, 63, 63, 63, 63, 63, 63, 63, 63, 63, 63, 63, 63, 63, 63, 63, 63, 63, 63, 63, 63, 63, 63, 63, 63, 63, 63, 63, 63, 63, 63, 63, 63, 63, 63, 63, 63, 63, 63, 63, 63, 63, 63, 63, 63, 63, 63, 63, 63, 63, 63, 63, 63, 63, 63, 63, 63, 63, 63, 63, 63, 63, 63, 63, 63, 63, 63, 63, 63, 63, 63, 63, 63, 63, 63, 63, 63, 63, 63, 63, 63, 63, 63, 63, 63, 63, 63, 63, 63, 63, 63, 63, 63, 63, 63, 63, 63, 63, 63, 63, 63, 63, 63, 63, 63, 63, 63, 63, 63, 63, 63, 63, 63, 63, 63, 63, 63, 63, 63, 63, 63, 63, 63, 63, 63, 63, 63, 63, 63, 63, 63, 63, 63, 63, 63, 63, 63, 63, 63, 63, 63, 63, 63, 63, 63, 63, 63, 63, 63, 63, 63, 63, 63, 63, 63, 63, 63, 63, 63, 63, 63, 63, 63, 63, 63, 63, 63, 63, 63, 63, 63, 63, 63, 63, 63, 63, 63, 63, 63, 63, 63, 63, 63, 63, 63, 63, 63, 63, 63, 63, 63, 63, 63, 63, 63, 63, 63, 63, 63, 63, 63, 63, 63, 63, 63, 63, 63, 63, 63, 63, 63, 63, 63, 63, 63, 63, 63, 63, 63, 63, 63, 63, 63, 63, 63, 63, 63, 63, 63, 63, 63, 63, 63, 63, 63, 63, 63, 63, 63, 63, 63, 63, 63, 63, 63, 63, 63, 63, 63, 63, 63, 63, 63, 63, 63, 63, 63, 63, 63, 63, 63, 63, 63, 63, 63, 63, 63, 63, 63, 63, 63, 63, 63, 63, 63, 63, 63, 63, 63, 63, 63, 63, 63, 63, 63, 63, 63, 63, 63, 63, 63, 63, 63, 63, 63, 63, 63, 63, 63, 63, 63, 63, 63, 63, 63, 63, 63, 63, 63, 63, 63, 63, 63, 63, 63, 63, 63, 63, 63, 63, 63, 63, 63, 63, 63, 63, 63, 63, 63, 63, 63, 63, 63, 63, 63, 63, 63, 63, 63, 63, 63, 63, 63, 63, 63, 63, 63, 63, 63, 63, 63, 63, 63, 63, 63, 63, 63, 63, 63, 63, 63, 63, 63, 63, 63, 63, 63, 63, 63, 63, 63, 63, 63, 63, 63, 63, 63, 63, 63, 63, 63, 63, 63, 63, 63, 63, 63, 63, 63, 63, 63, 63, 63, 63, 63, 63, 63, 63, 63, 63, 63, 63, 63, 63, 63, 63, 63, 63, 63, 63, 63, 63, 63, 63, 63, 63, 63, 63, 63, 63, 63, 63, 63, 63, 63, 63, 63, 63, 63, 63, 63, 63, 63, 63, 63, 63, 63, 63, 63, 63, 63, 63, 63, 63, 63, 63, 63, 63, 63, 63, 63, 63, 63, 63, 63, 63, 63, 63, 63, 63, 63, 63, 63, 63, 63, 63, 63, 63, 63, 63, 63, 63, 63, 63, 63, 63, 63, 63, 63, 63, 63, 63, 63, 63, 63, 63, 63, 63, 63, 63, 63, 63, 63, 63, 63, 63, 63, 63, 63, 63, 63, 63, 63, 63, 63, 63, 63, 63, 63, 63, 63, 63, 63, 63, 63, 63, 63, 63, 63, 63, 63, 63, 63, 63, 63, 63, 63, 63, 63, 63, 63, 63, 63, 63, 63, 63, 63, 63, 63, 63, 63, 63, 63, 63, 63, 63, 63, 63, 63, 63, 63, 63, 63, 63, 63, 63, 63, 63, 63]

ep5
Train step Loss: [5.349848747253418, 5.365142822265625, 5.363099098205566, 5.300961494445801, 5.356083869934082, 5.42609977722168, 5.334991931915283, 5.336364269256592, 5.374648094177246, 5.323028087615967, 5.34213924407959, 5.299964427947998, 5.420146942138672, 5.328214168548584, 5.3512139320373535, 5.423387050628662, 5.416030406951904, 5.336117744445801, 5.3706889152526855, 5.299991607666016, 5.419014930725098, 5.340769290924072, 5.33975076675415, 5.400384426116943, 5.403827667236328, 5.36423397064209, 5.379180908203125, 5.373687744140625, 5.360008716583252, 5.3265886306762695, 5.373381614685059, 5.277767658233643, 5.4172210693359375, 5.392459392547607, 5.350494384765625, 5.3535284996032715, 5.374050140380859, 5.358652114868164, 5.415489673614502, 5.344017505645752, 5.437220573425293, 5.343365669250488, 5.350473880767822, 5.379665374755859, 5.394979000091553, 5.331372261047363, 5.3514180183410645, 5.367335796356201, 5.420584678649902, 5.346808433532715, 5.464842319488525, 5.344954967498779, 5.398285865783691, 5.403924465179443, 5.385806083679199, 5.427785873413086, 5.353402614593506, 5.39667272567749, 5.358469009399414, 5.384212493896484, 5.3428850173950195, 5.379493713378906, 5.374237537384033]
val step Loss: [5.555405139923096, 5.629565715789795, 5.616657733917236, 5.629572868347168, 5.600214958190918, 5.672692775726318, 5.548150062561035, 5.59372615814209, 5.6460981369018555, 5.623990535736084, 5.561662197113037, 5.619037628173828, 5.6386637687683105, 5.618462562561035, 5.622246742248535, 5.565038204193115]
Train step Accs: [0.04466989703210176, 0.02663115845539281, 0.04561511288588543, 0.04716862151595409, 0.05536187421559057, 0.03540073633531578, 0.0539293668469615, 0.037057991513437055, 0.02313141535347694, 0.05389302640487475, 0.03775948460987831, 0.053891396525783064, 0.03431728951577723, 0.0447459584295612, 0.033276784549132195, 0.02940790337403177, 0.028757668711656442, 0.043027395140071194, 0.035788676387047906, 0.048109460055907015, 0.020916493693118314, 0.03185224839400428, 0.033856188849200185, 0.03587443946188341, 0.041574849419714996, 0.052941176470588235, 0.033833630119562454, 0.04183976261127596, 0.03507327515231352, 0.06430155210643015, 0.03815061693376826, 0.04452405322415558, 0.020574787720444153, 0.03348305430788077, 0.05177282711013492, 0.03406813627254509, 0.028446389496717725, 0.03352219074598678, 0.026180698151950718, 0.052672710221944356, 0.0316473189607518, 0.02830046665663104, 0.040021344717182494, 0.050997489760866696, 0.030333097094259392, 0.05761865112406328, 0.029016371622520964, 0.04040795249160857, 0.03960101235670686, 0.046586865092203174, 0.02956806104373893, 0.04115349954941424, 0.02345505617977528, 0.03772796881525825, 0.04138109401267296, 0.03094928478543563, 0.06077636910207816, 0.0361074416556583, 0.03183361629881155, 0.05035553620664635, 0.03141172222890841, 0.05898251192368839, 0.035058430717863104]
val step Accs: [0.02843529050107593, 0.016725798276735936, 0.012168141592920354, 0.018110473890733475, 0.015254917703733441, 0.013353317890720806, 0.02665350444225074, 0.010050251256281407, 0.008633093525179856, 0.011761450117614501, 0.014660965180207697, 0.015404982549043206, 0.0184660839591284, 0.009400370317618574, 0.006084466714387974, 0.014699706005879883]
Preds: [17, 17, 17, 17, 17, 17, 17, 63, 63, 63, 63, 63, 63, 63, 63, 63, 63, 63, 63, 63, 63, 63, 63, 63, 63, 63, 63, 63, 63, 63, 63, 63, 63, 63, 63, 63, 63, 63, 63, 63, 63, 63, 63, 63, 63, 63, 63, 63, 63, 63, 63, 63, 63, 63, 63, 63, 63, 63, 63, 63, 63, 63, 63, 63, 63, 63, 63, 63, 63, 63, 63, 63, 63, 63, 63, 63, 63, 63, 63, 63, 63, 63, 63, 63, 63, 63, 63, 63, 63, 63, 63, 63, 63, 63, 63, 63, 63, 63, 63, 63, 63, 63, 63, 63, 63, 63, 63, 63, 63, 63, 63, 63, 63, 63, 63, 63, 63, 63, 63, 63, 63, 63, 63, 63, 63, 63, 63, 63, 63, 63, 63, 63, 63, 63, 63, 63, 63, 63, 63, 63, 63, 63, 63, 63, 63, 63, 63, 63, 63, 63, 63, 63, 63, 63, 63, 63, 63, 63, 63, 63, 63, 63, 63, 63, 63, 63, 63, 63, 63, 63, 63, 63, 63, 63, 63, 63, 63, 63, 63, 63, 63, 63, 63, 63, 63, 63, 63, 63, 63, 63, 63, 63, 63, 63, 63, 63, 63, 63, 63, 63, 63, 63, 63, 63, 63, 63, 63, 63, 63, 63, 63, 63, 63, 63, 63, 63, 63, 63, 63, 63, 63, 63, 63, 63, 63, 63, 63, 63, 63, 63, 63, 63, 63, 63, 63, 63, 63, 63, 63, 63, 63, 63, 63, 63, 63, 63, 63, 63, 63, 63, 63, 63, 63, 63, 63, 63, 63, 63, 63, 63, 63, 63, 63, 63, 63, 63, 63, 63, 63, 63, 63, 63, 63, 63, 63, 63, 63, 63, 63, 63, 63, 63, 63, 63, 63, 63, 63, 63, 63, 63, 63, 63, 63, 63, 63, 63, 63, 63, 63, 63, 63, 63, 63, 63, 63, 63, 63, 63, 63, 63, 63, 63, 63, 63, 63, 63, 63, 63, 63, 63, 63, 63, 63, 63, 63, 63, 63, 63, 63, 63, 63, 63, 63, 63, 63, 63, 63, 63, 63, 63, 63, 63, 63, 63, 63, 63, 63, 63, 63, 63, 63, 63, 63, 63, 63, 63, 63, 63, 63, 63, 63, 63, 63, 63, 63, 63, 63, 63, 63, 63, 63, 63, 63, 63, 63, 63, 63, 63, 63, 63, 63, 63, 63, 63, 63, 63, 63, 63, 63, 63, 63, 63, 63, 63, 63, 63, 63, 63, 63, 63, 63, 63, 63, 63, 63, 63, 63, 63, 63, 63, 63, 63, 63, 63, 63, 63, 63, 63, 63, 63, 63, 63, 63, 63, 63, 63, 63, 63, 63, 63, 63, 63, 63, 63, 63, 63, 63, 63, 63, 63, 63, 63, 63, 63, 63, 63, 63, 63, 63, 63, 63, 63, 63, 63, 63, 63, 63, 63, 63, 63, 63, 63, 63, 63, 63, 63, 63, 63, 63, 63, 63, 63, 63, 63, 63, 63, 63, 63, 63, 63, 63, 63, 63, 63, 63, 63, 63, 63, 63, 63, 63, 63, 63, 63, 63, 63, 63, 63, 63, 63, 63, 63, 63, 63, 63, 63, 63, 63, 63, 63, 63, 63, 63, 63, 63, 63, 63, 63, 63, 63, 63, 63, 63, 63, 63, 63, 63, 63, 63, 63, 63, 63, 63, 63, 63, 63, 63, 63, 63, 63, 63, 63, 63, 63, 63, 63, 63, 63, 63, 63, 63, 63, 63, 63, 63, 63, 63, 63, 63, 63, 63, 63, 63, 63, 63, 63, 63, 63, 63, 63, 63, 63, 63, 63, 63, 63, 63, 63, 63, 63, 63, 63, 63, 63, 63, 63, 63, 63, 63, 63, 63, 63, 63, 63, 63, 63, 63, 63, 63, 63]

ep6
Train step Loss: [5.351912975311279, 5.387653827667236, 5.4106268882751465, 5.355604648590088, 5.357475757598877, 5.381692886352539, 5.393603324890137, 5.415622711181641, 5.333314418792725, 5.356454849243164, 5.35201358795166, 5.323698043823242, 5.365845203399658, 5.326383113861084, 5.31308126449585, 5.322956085205078, 5.38083028793335, 5.377067565917969, 5.249693870544434, 5.351991176605225, 5.313364505767822, 5.397597789764404, 5.4007954597473145, 5.3164544105529785, 5.3858323097229, 5.342211723327637, 5.356501579284668, 5.375428676605225, 5.378581523895264, 5.374876976013184, 5.352966785430908, 5.446980953216553, 5.362208843231201, 5.344083786010742, 5.356418132781982, 5.337883949279785, 5.34617805480957, 5.353970050811768, 5.470895767211914, 5.321933269500732, 5.342051029205322, 5.397027969360352, 5.397778511047363, 5.360815525054932, 5.3552937507629395, 5.361215591430664, 5.39654016494751, 5.248464584350586, 5.306377410888672, 5.347872257232666, 5.2735161781311035, 5.382543563842773, 5.379825592041016, 5.3780341148376465, 5.450372219085693, 5.419924736022949, 5.3942975997924805, 5.351409435272217, 5.377249240875244, 5.37258243560791, 5.346538066864014, 5.406435489654541, 5.406163692474365]
val step Loss: [5.625220775604248, 5.637938499450684, 5.672064304351807, 5.600480556488037, 5.565356254577637, 5.592317581176758, 5.586175918579102, 5.610177993774414, 5.626893520355225, 5.623625755310059, 5.567169666290283, 5.584072589874268, 5.638286113739014, 5.585626602172852, 5.59090518951416, 5.5791778564453125]
Train step Accs: [0.04997814366894944, 0.02588268392178928, 0.028645458471282567, 0.05455650060753341, 0.016427718040621268, 0.030231459612659425, 0.027954064672106378, 0.0439016849590354, 0.06154266958424508, 0.026116136562591187, 0.040226921093347086, 0.04052010885999395, 0.0325721961047683, 0.04528985507246377, 0.04605365172895023, 0.049958597847088046, 0.031310344827586205, 0.05336795038222991, 0.07612300271329514, 0.03761441647597254, 0.04087041428372158, 0.03609913793103448, 0.040824799335732076, 0.045959337092089526, 0.03136744723908644, 0.03532008830022075, 0.03780424650440187, 0.04168582375478927, 0.05252234993614304, 0.033050725678976864, 0.031015882529217862, 0.018142113220225096, 0.024311392732445362, 0.03630933668657655, 0.034681227863046046, 0.02781013395457193, 0.03937125748502994, 0.04257734885041158, 0.025075094684602325, 0.035290006988120196, 0.03454715219421102, 0.049210377890580935, 0.03795997417688832, 0.04497189256714553, 0.030653556969346442, 0.048242276670217625, 0.04250122129946263, 0.0683453237410072, 0.06212564424014487, 0.05254751637118671, 0.045553776742832196, 0.032909930715935336, 0.029278642149929278, 0.020975056689342405, 0.024311183144246355, 0.02969489313101648, 0.02137468566638726, 0.0659121171770972, 0.03281519861830743, 0.06217162872154115, 0.05953786473266993, 0.022595222724338282, 0.026374324753733715]
val step Accs: [0.022423398328690808, 0.007412898443291327, 0.013009049773755657, 0.016885553470919325, 0.02174204804724198, 0.01489333154434456, 0.0182522815351919, 0.019548108657019548, 0.009370263194157366, 0.00895909465990805, 0.02418704649287826, 0.010315269504576494, 0.015463917525773196, 0.023221848984956914, 0.005226220695833956, 0.012433801519686852]
Preds: [17, 17, 17, 17, 17, 17, 284, 284, 63, 63, 63, 63, 63, 63, 63, 63, 63, 63, 63, 63, 63, 63, 63, 63, 63, 63, 63, 63, 63, 63, 63, 63, 63, 63, 63, 63, 63, 63, 63, 63, 63, 63, 63, 63, 63, 63, 63, 63, 63, 63, 63, 63, 63, 63, 63, 63, 63, 63, 63, 63, 63, 63, 63, 63, 63, 63, 63, 63, 63, 63, 63, 63, 63, 63, 63, 63, 63, 63, 63, 63, 63, 63, 63, 63, 63, 63, 63, 63, 63, 63, 63, 63, 63, 63, 63, 63, 63, 63, 63, 63, 63, 63, 63, 63, 63, 63, 63, 63, 63, 63, 63, 63, 63, 63, 63, 63, 63, 63, 63, 63, 63, 63, 63, 63, 63, 63, 63, 63, 63, 63, 63, 63, 63, 63, 63, 63, 63, 63, 63, 63, 63, 63, 63, 63, 63, 63, 63, 63, 63, 63, 63, 63, 63, 63, 63, 63, 63, 63, 63, 63, 63, 63, 63, 63, 63, 63, 63, 63, 63, 63, 63, 63, 63, 63, 63, 63, 63, 63, 63, 63, 63, 63, 63, 63, 63, 63, 63, 63, 63, 63, 63, 63, 63, 63, 63, 63, 63, 63, 63, 63, 63, 63, 63, 63, 63, 63, 63, 63, 63, 63, 63, 63, 63, 63, 63, 63, 63, 63, 63, 63, 63, 63, 63, 63, 63, 63, 63, 63, 63, 63, 63, 63, 63, 63, 63, 63, 63, 63, 63, 63, 63, 63, 63, 63, 63, 63, 63, 63, 63, 63, 63, 63, 63, 63, 63, 63, 63, 63, 63, 63, 63, 63, 63, 63, 63, 63, 63, 63, 63, 63, 63, 63, 63, 63, 63, 63, 63, 63, 63, 63, 63, 63, 63, 63, 63, 63, 63, 63, 63, 63, 63, 63, 63, 63, 63, 63, 63, 63, 63, 63, 63, 63, 63, 63, 63, 63, 63, 63, 63, 63, 63, 63, 63, 63, 63, 63, 63, 63, 63, 63, 63, 63, 63, 63, 63, 63, 63, 63, 63, 63, 63, 63, 63, 63, 63, 63, 63, 63, 63, 63, 63, 63, 63, 63, 63, 63, 63, 63, 63, 63, 63, 63, 63, 63, 63, 63, 63, 63, 63, 63, 63, 63, 63, 63, 63, 63, 63, 63, 63, 63, 63, 63, 63, 63, 63, 63, 63, 63, 63, 63, 63, 63, 63, 63, 63, 63, 63, 63, 63, 63, 63, 63, 63, 63, 63, 63, 63, 63, 63, 63, 63, 63, 63, 63, 63, 63, 63, 63, 63, 63, 63, 63, 63, 63, 63, 63, 63, 63, 63, 63, 63, 63, 63, 63, 63, 63, 63, 63, 63, 63, 63, 63, 63, 63, 63, 63, 63, 63, 63, 63, 63, 63, 63, 63, 63, 63, 63, 63, 63, 63, 63, 63, 63, 63, 63, 63, 63, 63, 63, 63, 63, 63, 63, 63, 63, 63, 63, 63, 63, 63, 63, 63, 63, 63, 63, 63, 63, 63, 63, 63, 63, 63, 63, 63, 63, 63, 63, 63, 63, 63, 63, 63, 63, 63, 63, 63, 63, 63, 63, 63, 63, 63, 63, 63, 63, 63, 63, 63, 63, 63, 63, 63, 63, 63, 63, 63, 63, 63, 63, 63, 63, 63, 63, 63, 63, 63, 63, 63, 63, 63, 63, 63, 63, 63, 63, 63, 63, 63, 63, 63, 63, 63, 63, 63, 63, 63, 63, 63, 63, 63, 63, 63, 63, 63, 63, 63, 63, 63, 63, 63, 63, 63, 63, 63, 63, 63, 63, 63, 63, 63, 63, 63, 63, 63, 63, 63, 63, 63, 63, 63, 63, 63, 63, 63, 63, 63, 63, 63, 63, 63, 63, 63, 63, 63, 63, 63, 63, 63, 63, 63]

ep7
Train step Loss: [5.328154563903809, 5.4226555824279785, 5.386470794677734, 5.343695640563965, 5.289392471313477, 5.335766792297363, 5.300258159637451, 5.35066032409668, 5.396377086639404, 5.363715171813965, 5.3268818855285645, 5.350821018218994, 5.350876331329346, 5.368615627288818, 5.373040199279785, 5.346007823944092, 5.390097618103027, 5.354449272155762, 5.3431243896484375, 5.361815452575684, 5.440906047821045, 5.3674468994140625, 5.368060111999512, 5.392715930938721, 5.341737747192383, 5.384219169616699, 5.364739894866943, 5.341202259063721, 5.350413799285889, 5.349044322967529, 5.241995811462402, 5.337778568267822, 5.368650913238525, 5.325660705566406, 5.365057945251465, 5.340115547180176, 5.378796100616455, 5.349198341369629, 5.384325981140137, 5.378102779388428, 5.383638381958008, 5.371330261230469, 5.304651737213135, 5.331704139709473, 5.421252250671387, 5.359890937805176, 5.3687615394592285, 5.379378318786621, 5.3485307693481445, 5.458359241485596, 5.3462443351745605, 5.430217266082764, 5.380411148071289, 5.333312034606934, 5.3726983070373535, 5.378320217132568, 5.332313060760498, 5.328830718994141, 5.410415172576904, 5.287837982177734, 5.417857646942139, 5.397407054901123, 5.322521209716797]
val step Loss: [5.660730361938477, 5.561152458190918, 5.571253776550293, 5.628418445587158, 5.581483840942383, 5.616298675537109, 5.573730945587158, 5.582889080047607, 5.699831485748291, 5.579845428466797, 5.6712775230407715, 5.586800575256348, 5.605268478393555, 5.565008163452148, 5.595846652984619, 5.6725287437438965]
Train step Accs: [0.03307212113162439, 0.027552926525529264, 0.021909696521095486, 0.039349986569970456, 0.06431273644388398, 0.03476163450624291, 0.04737154737154737, 0.03333333333333333, 0.028619311589532036, 0.04051534158331921, 0.047940899088337, 0.03697359029264811, 0.03178386968613429, 0.054036024016010674, 0.027642509309653396, 0.03706911484496796, 0.031130876747141042, 0.042885973763874874, 0.03759621077560687, 0.04016857632029501, 0.028669904433651888, 0.03648357565966613, 0.0324853228962818, 0.03196859226023556, 0.03306585500830105, 0.03446054750402577, 0.03881048387096774, 0.05544276120568484, 0.042405168129865826, 0.033811047725059135, 0.06684315023163467, 0.03642384105960265, 0.02871883061049011, 0.05759839126687733, 0.04472297393533685, 0.04069677817172807, 0.047300451221409676, 0.05448672939193933, 0.0333909038572251, 0.026504612681212476, 0.03428571428571429, 0.031274191051246326, 0.05851431733296445, 0.05447629398179595, 0.034271340984122, 0.04247054253528421, 0.04141739530602853, 0.03779463560010837, 0.04012091233855455, 0.030202403542061985, 0.04765047518479409, 0.026283804314797935, 0.040794661813770096, 0.04759115536681798, 0.03997144896502498, 0.027107982626928262, 0.05206338150792269, 0.03776951672862454, 0.029402985074626867, 0.05656108597285068, 0.027689645226420537, 0.03526142087893, 0.03614457831325301]
val step Accs: [0.011251758087201125, 0.014959568733153638, 0.012207527975584944, 0.008811152025249869, 0.022613726005784908, 0.02225031605562579, 0.020579860212270255, 0.006005147269087789, 0.004970568999345977, 0.01586687306501548, 0.011418169783220255, 0.024484714344999308, 0.01078894133513149, 0.024104068358627728, 0.015519360786724033, 0.015369059656218402]
Preds: [17, 17, 17, 17, 17, 17, 17, 17, 284, 284, 284, 284, 284, 63, 63, 63, 63, 63, 63, 63, 63, 63, 63, 63, 63, 63, 63, 63, 63, 63, 63, 63, 63, 63, 63, 63, 63, 63, 63, 63, 63, 63, 63, 63, 63, 63, 63, 63, 63, 63, 63, 63, 63, 63, 63, 63, 63, 63, 63, 63, 63, 63, 63, 63, 63, 63, 63, 63, 63, 63, 63, 63, 63, 63, 63, 63, 63, 63, 63, 63, 63, 63, 63, 63, 63, 63, 63, 63, 63, 63, 63, 63, 63, 63, 63, 63, 63, 63, 63, 63, 63, 63, 63, 63, 63, 63, 63, 63, 63, 63, 63, 63, 63, 63, 63, 63, 63, 63, 63, 63, 63, 63, 63, 63, 63, 63, 63, 63, 63, 63, 63, 63, 63, 63, 63, 63, 63, 63, 63, 63, 63, 63, 63, 63, 63, 63, 63, 63, 63, 63, 63, 63, 63, 63, 63, 63, 63, 63, 63, 63, 63, 63, 63, 63, 63, 63, 63, 63, 63, 63, 63, 63, 63, 63, 63, 63, 63, 63, 63, 63, 63, 63, 63, 63, 63, 63, 63, 63, 63, 63, 63, 63, 63, 63, 63, 63, 63, 63, 63, 63, 63, 63, 63, 63, 63, 63, 63, 63, 63, 63, 63, 63, 63, 63, 63, 63, 63, 63, 63, 63, 63, 63, 63, 63, 63, 63, 63, 63, 63, 63, 63, 63, 63, 63, 63, 63, 63, 63, 63, 63, 63, 63, 63, 63, 63, 63, 63, 63, 63, 63, 63, 63, 63, 63, 63, 63, 63, 63, 63, 63, 63, 63, 63, 63, 63, 63, 63, 63, 63, 63, 63, 63, 63, 63, 63, 63, 63, 63, 63, 63, 63, 63, 63, 63, 63, 63, 63, 63, 63, 63, 63, 63, 63, 63, 63, 63, 63, 63, 63, 63, 63, 63, 63, 63, 63, 63, 63, 63, 63, 63, 63, 63, 63, 63, 63, 63, 63, 63, 63, 63, 63, 63, 63, 63, 63, 63, 63, 63, 63, 63, 63, 63, 63, 63, 63, 63, 63, 63, 63, 63, 63, 63, 63, 63, 63, 63, 63, 63, 63, 63, 63, 63, 63, 63, 63, 63, 63, 63, 63, 63, 63, 63, 63, 63, 63, 63, 63, 63, 63, 63, 63, 63, 63, 63, 63, 63, 63, 63, 63, 63, 63, 63, 63, 63, 63, 63, 63, 63, 63, 63, 63, 63, 63, 63, 63, 63, 63, 63, 63, 63, 63, 63, 63, 63, 63, 63, 63, 63, 63, 63, 63, 63, 63, 63, 63, 63, 63, 63, 63, 63, 63, 63, 63, 63, 63, 63, 63, 63, 63, 63, 63, 63, 63, 63, 63, 63, 63, 63, 63, 63, 63, 63, 63, 63, 63, 63, 63, 63, 63, 63, 63, 63, 63, 63, 63, 63, 63, 63, 63, 63, 63, 63, 63, 63, 63, 63, 63, 63, 63, 63, 63, 63, 63, 63, 63, 63, 63, 63, 63, 63, 63, 63, 63, 63, 63, 63, 63, 63, 63, 63, 63, 63, 63, 63, 63, 63, 63, 63, 63, 63, 63, 63, 63, 63, 63, 63, 63, 63, 63, 63, 63, 63, 63, 63, 63, 63, 63, 63, 63, 63, 63, 63, 63, 63, 63, 63, 63, 63, 63, 63, 63, 63, 63, 63, 63, 63, 63, 63, 63, 63, 63, 63, 63, 63, 63, 63, 63, 63, 63, 63, 63, 63, 63, 63, 63, 63, 63, 63, 63, 63, 63, 63, 63, 63, 63, 63, 63, 63, 63, 63, 63, 63, 63, 63, 63, 63, 63, 63, 63, 63, 63, 63, 63, 63, 63, 63, 63, 63, 63, 63, 63, 63, 63, 63, 63, 63, 63, 63, 63, 63]

ep8
Train step Loss: [5.369289398193359, 5.381865501403809, 5.4242777824401855, 5.303260803222656, 5.373604774475098, 5.338849067687988, 5.325703144073486, 5.374999046325684, 5.398398399353027, 5.3539581298828125, 5.392481327056885, 5.402169227600098, 5.306330680847168, 5.355780124664307, 5.392083644866943, 5.359709739685059, 5.322843551635742, 5.421519756317139, 5.346275806427002, 5.379970550537109, 5.405149936676025, 5.34519624710083, 5.370987415313721, 5.305825233459473, 5.368009567260742, 5.326295375823975, 5.298786640167236, 5.2957024574279785, 5.34855842590332, 5.367724418640137, 5.353479385375977, 5.351391792297363, 5.3695759773254395, 5.320011615753174, 5.3604631423950195, 5.354493141174316, 5.396265029907227, 5.391928195953369, 5.356071472167969, 5.357773780822754, 5.3535871505737305, 5.376600742340088, 5.3397321701049805, 5.296841144561768, 5.324184417724609, 5.432522773742676, 5.340757846832275, 5.336849689483643, 5.338831424713135, 5.3286027908325195, 5.323668956756592, 5.394518852233887, 5.399892330169678, 5.400503635406494, 5.328619480133057, 5.336569786071777, 5.359975337982178, 5.428065299987793, 5.273132801055908, 5.296713829040527, 5.393219470977783, 5.294467926025391, 5.417916774749756]
val step Loss: [5.629019737243652, 5.619826793670654, 5.633835792541504, 5.605851173400879, 5.656745910644531, 5.54667854309082, 5.635542869567871, 5.6425886154174805, 5.6645660400390625, 5.633011341094971, 5.6118974685668945, 5.581396579742432, 5.572504997253418, 5.575283527374268, 5.54073429107666, 5.563342094421387]
Train step Accs: [0.028579979051324256, 0.029862902131125288, 0.039554062309102016, 0.0643696162881754, 0.03316487681617183, 0.05838343353373413, 0.0449023527602645, 0.025548421615837345, 0.021628498727735368, 0.03910284786778811, 0.031056793673616103, 0.026241799437675725, 0.04954487844221685, 0.03428323448575148, 0.03598400710795202, 0.04091238233164374, 0.03961352657004831, 0.018221179866498287, 0.05528389024721543, 0.03653039017565677, 0.026796269538946538, 0.03840960240060015, 0.028595576841808707, 0.04177545691906005, 0.031750452583205684, 0.04850280723643169, 0.06746086715611581, 0.04778906893710519, 0.04535736102626756, 0.04488078541374474, 0.029372136890326056, 0.043822525597269624, 0.036680421824850984, 0.05478941483414089, 0.044879518072289154, 0.051351783714605664, 0.03429003021148036, 0.03496708119970739, 0.0454742312689476, 0.0378694036453725, 0.04224558768306421, 0.040476937558832755, 0.03116073747078681, 0.05233616504854369, 0.0484490804282185, 0.017303822937625755, 0.04613259668508287, 0.03865267807840972, 0.030869104398516162, 0.055373623102113724, 0.04014248527195506, 0.03201001430615164, 0.033744409811627595, 0.02800375469336671, 0.04334650856389987, 0.06274445893089961, 0.038640530249612184, 0.020557029177718834, 0.07162610619469026, 0.04457581083240134, 0.03385260635110845, 0.036976778583049846, 0.028596961572832886]
val step Accs: [0.006508533410471507, 0.016303583977512297, 0.009997500624843789, 0.00842548709847288, 0.010451117872734488, 0.026833631484794274, 0.011150465695920242, 0.01810293237582286, 0.00928923293455313, 0.015119330251155817, 0.012096774193548387, 0.01922808973108541, 0.028047464940668825, 0.01820114255347416, 0.01504102096627165, 0.024020993136859105]
Preds: [17, 17, 17, 17, 17, 17, 284, 284, 284, 284, 63, 63, 63, 63, 63, 63, 63, 63, 63, 63, 63, 63, 63, 63, 63, 63, 63, 63, 63, 63, 63, 63, 63, 63, 63, 63, 63, 63, 63, 63, 63, 63, 63, 63, 63, 63, 63, 63, 63, 63, 63, 63, 63, 63, 63, 63, 63, 63, 63, 63, 63, 63, 63, 63, 63, 63, 63, 63, 63, 63, 63, 63, 63, 63, 63, 63, 63, 63, 63, 63, 63, 63, 63, 63, 63, 63, 63, 63, 63, 63, 63, 63, 63, 63, 63, 63, 63, 63, 63, 63, 63, 63, 63, 63, 63, 63, 63, 63, 63, 63, 63, 63, 63, 63, 63, 63, 63, 63, 63, 63, 63, 63, 63, 63, 63, 63, 63, 63, 63, 63, 63, 63, 63, 63, 63, 63, 63, 63, 63, 63, 63, 63, 63, 63, 63, 63, 63, 63, 63, 63, 63, 63, 63, 63, 63, 63, 63, 63, 63, 63, 63, 63, 63, 63, 63, 63, 63, 63, 63, 63, 63, 63, 63, 63, 63, 63, 63, 63, 63, 63, 63, 63, 63, 63, 63, 63, 63, 63, 63, 63, 63, 63, 63, 63, 63, 63, 63, 63, 63, 63, 63, 63, 63, 63, 63, 63, 63, 63, 63, 63, 63, 63, 63, 63, 63, 63, 63, 63, 63, 63, 63, 63, 63, 63, 63, 63, 63, 63, 63, 63, 63, 63, 63, 63, 63, 63, 63, 63, 63, 63, 63, 63, 63, 63, 63, 63, 63, 63, 63, 63, 63, 63, 63, 63, 63, 63, 63, 63, 63, 63, 63, 63, 63, 63, 63, 63, 63, 63, 63, 63, 63, 63, 63, 63, 63, 63, 63, 63, 63, 63, 63, 63, 63, 63, 63, 63, 63, 63, 63, 63, 63, 63, 63, 63, 63, 63, 63, 63, 63, 63, 63, 63, 63, 63, 63, 63, 63, 63, 63, 63, 63, 63, 63, 63, 63, 63, 63, 63, 63, 63, 63, 63, 63, 63, 63, 63, 63, 63, 63, 63, 63, 63, 63, 63, 63, 63, 63, 63, 63, 63, 63, 63, 63, 63, 63, 63, 63, 63, 63, 63, 63, 63, 63, 63, 63, 63, 63, 63, 63, 63, 63, 63, 63, 63, 63, 63, 63, 63, 63, 63, 63, 63, 63, 63, 63, 63, 63, 63, 63, 63, 63, 63, 63, 63, 63, 63, 63, 63, 63, 63, 63, 63, 63, 63, 63, 63, 63, 63, 63, 63, 63, 63, 63, 63, 63, 63, 63, 63, 63, 63, 63, 63, 63, 63, 63, 63, 63, 63, 63, 63, 63, 63, 63, 63, 63, 63, 63, 63, 63, 63, 63, 63, 63, 63, 63, 63, 63, 63, 63, 63, 63, 63, 63, 63, 63, 63, 63, 63, 63, 63, 63, 63, 63, 63, 63, 63, 63, 63, 63, 63, 63, 63, 63, 63, 63, 63, 63, 63, 63, 63, 63, 63, 63, 63, 63, 63, 63, 63, 63, 63, 63, 63, 63, 63, 63, 63, 63, 63, 63, 63, 63, 63, 63, 63, 63, 63, 63, 63, 63, 63, 63, 63, 63, 63, 63, 63, 63, 63, 63, 63, 63, 63, 63, 63, 63, 63, 63, 63, 63, 63, 63, 63, 63, 63, 63, 63, 63, 63, 63, 63, 63, 63, 63, 63, 63, 63, 63, 63, 63, 63, 63, 63, 63, 63, 63, 63, 63, 63, 63, 63, 63, 63, 63, 63, 63, 63, 63, 63, 63, 63, 63, 63, 63, 63, 63, 63, 63, 63, 63, 63, 63, 63, 63, 63, 63, 63, 63, 63, 63, 63, 63, 63, 63, 63, 63, 63, 63, 63, 63, 63, 63, 63, 63, 63, 63, 63, 63, 63, 63, 63]

ep9
Train step Loss: [5.400091171264648, 5.278181076049805, 5.305086135864258, 5.320174694061279, 5.352052211761475, 5.3563666343688965, 5.371025085449219, 5.374192237854004, 5.4240570068359375, 5.386648178100586, 5.306995868682861, 5.377890586853027, 5.40938663482666, 5.359960556030273, 5.414588451385498, 5.374954700469971, 5.282517910003662, 5.325243949890137, 5.412082195281982, 5.344110012054443, 5.302541732788086, 5.294517517089844, 5.322417259216309, 5.366844654083252, 5.394479751586914, 5.365060806274414, 5.389668941497803, 5.315248012542725, 5.2963547706604, 5.321148872375488, 5.280210971832275, 5.358713150024414, 5.366212368011475, 5.335683822631836, 5.36297082901001, 5.337921142578125, 5.396012783050537, 5.312159061431885, 5.289246082305908, 5.32456636428833, 5.37208890914917, 5.329900741577148, 5.367771625518799, 5.392726898193359, 5.283995151519775, 5.317121982574463, 5.288530349731445, 5.329169750213623, 5.3791184425354, 5.337966442108154, 5.47203254699707, 5.331985950469971, 5.3614349365234375, 5.292850971221924, 5.337247848510742, 5.339322090148926, 5.416133403778076, 5.318203926086426, 5.334453105926514, 5.383599281311035, 5.3703436851501465, 5.316570281982422, 5.316684722900391]
val step Loss: [5.598092079162598, 5.546937465667725, 5.597377300262451, 5.5672760009765625, 5.636061191558838, 5.615979194641113, 5.5952348709106445, 5.545702934265137, 5.645599842071533, 5.623266220092773, 5.6066083908081055, 5.624164581298828, 5.612176895141602, 5.521369457244873, 5.601761341094971, 5.613540172576904]
Train step Accs: [0.03475382705833678, 0.05198859780100448, 0.037490029247540545, 0.057528029898558465, 0.03560689982592182, 0.04842139702273843, 0.0526137709355439, 0.030184548013762903, 0.03052140737600678, 0.023936919177696424, 0.0584954233409611, 0.03710119820990328, 0.02747104767034743, 0.0318446088794926, 0.0247289972899729, 0.03407224958949097, 0.06105077781039037, 0.04331277070481691, 0.034027910533358824, 0.031209150326797386, 0.04036135800670261, 0.06526746864601997, 0.05069537909376402, 0.04014545454545455, 0.022563459730492008, 0.03938807807279761, 0.027935222672064778, 0.04406938584153774, 0.04204675028506271, 0.0470189701897019, 0.050884609362768125, 0.030148883374689826, 0.032151819322459224, 0.04865679824561404, 0.04203804709325529, 0.026834239130434784, 0.031862745098039214, 0.03518570231778833, 0.06300677921042137, 0.034416563828328535, 0.04147812971342383, 0.045158609225654525, 0.03186210498824758, 0.021955128205128203, 0.07212713936430318, 0.04419811982601375, 0.04126414573557825, 0.03775038520801233, 0.026445601534667032, 0.034306685814584334, 0.023647765874052783, 0.06758448060075094, 0.042629757785467126, 0.07156789197299325, 0.02797666401485017, 0.043898942841784624, 0.025779036827195467, 0.038871839836329095, 0.06091877496671105, 0.05392289026691831, 0.02920395666509656, 0.0444530844997408, 0.04632634995573916]
val step Accs: [0.015473343648895766, 0.022317488336905812, 0.019901783406565003, 0.02036353696870302, 0.008608112051356871, 0.011259220913679306, 0.007566024268379728, 0.031825037707390647, 0.00749228735125606, 0.016004742145820983, 0.015349194167306216, 0.008659049909801564, 0.011488250652741514, 0.015031073854603266, 0.015384615384615385, 0.024278215223097113]
Preds: [17, 17, 17, 17, 17, 17, 284, 284, 284, 284, 284, 284, 284, 284, 284, 284, 284, 284, 63, 63, 63, 63, 63, 63, 63, 63, 63, 63, 63, 63, 63, 63, 63, 63, 63, 63, 63, 63, 63, 63, 63, 63, 63, 63, 63, 63, 63, 63, 63, 63, 63, 63, 63, 63, 63, 63, 63, 63, 63, 63, 63, 63, 63, 63, 63, 63, 63, 63, 63, 63, 63, 63, 63, 63, 63, 63, 63, 63, 63, 63, 63, 63, 63, 63, 63, 63, 63, 63, 63, 63, 63, 63, 63, 63, 63, 63, 63, 63, 63, 63, 63, 63, 63, 63, 63, 63, 63, 63, 63, 63, 63, 63, 63, 63, 63, 63, 63, 63, 63, 63, 63, 63, 63, 63, 63, 63, 63, 63, 63, 63, 63, 63, 63, 63, 63, 63, 63, 63, 63, 63, 63, 63, 63, 63, 63, 63, 63, 63, 63, 63, 63, 63, 63, 63, 63, 63, 63, 63, 63, 63, 63, 63, 63, 63, 63, 63, 63, 63, 63, 63, 63, 63, 63, 63, 63, 63, 63, 63, 63, 63, 63, 63, 63, 63, 63, 63, 63, 63, 63, 63, 63, 63, 63, 63, 63, 63, 63, 63, 63, 63, 63, 63, 63, 63, 63, 63, 63, 63, 63, 63, 63, 63, 63, 63, 63, 63, 63, 63, 63, 63, 63, 63, 63, 63, 63, 63, 63, 63, 63, 63, 63, 63, 63, 63, 63, 63, 63, 63, 63, 63, 63, 63, 63, 63, 63, 63, 63, 63, 63, 63, 63, 63, 63, 63, 63, 63, 63, 63, 63, 63, 63, 63, 63, 63, 63, 63, 63, 63, 63, 63, 63, 63, 63, 63, 63, 63, 63, 63, 63, 63, 63, 63, 63, 63, 63, 63, 63, 63, 63, 63, 63, 63, 63, 63, 63, 63, 63, 63, 63, 63, 63, 63, 63, 63, 63, 63, 63, 63, 63, 63, 63, 63, 63, 63, 63, 63, 63, 63, 63, 63, 63, 63, 63, 63, 63, 63, 63, 63, 63, 63, 63, 63, 63, 63, 63, 63, 63, 63, 63, 63, 63, 63, 63, 63, 63, 63, 63, 63, 63, 63, 63, 63, 63, 63, 63, 63, 63, 63, 63, 63, 63, 63, 63, 63, 63, 63, 63, 63, 63, 63, 63, 63, 63, 63, 63, 63, 63, 63, 63, 63, 63, 63, 63, 63, 63, 63, 63, 63, 63, 63, 63, 63, 63, 63, 63, 63, 63, 63, 63, 63, 63, 63, 63, 63, 63, 63, 63, 63, 63, 63, 63, 63, 63, 63, 63, 63, 63, 63, 63, 63, 63, 63, 63, 63, 63, 63, 63, 63, 63, 63, 63, 63, 63, 63, 63, 63, 63, 63, 63, 63, 63, 63, 63, 63, 63, 63, 63, 63, 63, 63, 63, 63, 63, 63, 63, 63, 63, 63, 63, 63, 63, 63, 63, 63, 63, 63, 63, 63, 63, 63, 63, 63, 63, 63, 63, 63, 63, 63, 63, 63, 63, 63, 63, 63, 63, 63, 63, 63, 63, 63, 63, 63, 63, 63, 63, 63, 63, 63, 63, 63, 63, 63, 63, 63, 63, 63, 63, 63, 63, 63, 63, 63, 63, 63, 63, 63, 63, 63, 63, 63, 63, 63, 63, 63, 63, 63, 63, 63, 63, 63, 63, 63, 63, 63, 63, 63, 63, 63, 63, 63, 63, 63, 63, 63, 63, 63, 63, 63, 63, 63, 63, 63, 63, 63, 63, 63, 63, 63, 63, 63, 63, 63, 63, 63, 63, 63, 63, 63, 63, 63, 63, 63, 63, 63, 63, 63, 63, 63, 63, 63, 63, 63, 63, 63, 63, 63, 63, 63, 63, 63, 63, 63, 63, 63, 63, 63, 63, 63, 63, 63]

ep10
Train step Loss: [5.320499420166016, 5.3444414138793945, 5.33079719543457, 5.266683101654053, 5.319516181945801, 5.396740436553955, 5.2960591316223145, 5.308452129364014, 5.34470796585083, 5.29014253616333, 5.3057861328125, 5.261261940002441, 5.392422199249268, 5.293975830078125, 5.322282314300537, 5.398243427276611, 5.388263702392578, 5.3058247566223145, 5.338107109069824, 5.2656450271606445, 5.39506196975708, 5.309872150421143, 5.311131954193115, 5.365893363952637, 5.366899490356445, 5.311023712158203, 5.3461408615112305, 5.3371500968933105, 5.321982383728027, 5.2713165283203125, 5.336838722229004, 5.236847877502441, 5.389456272125244, 5.3580522537231445, 5.304035663604736, 5.320202827453613, 5.342981815338135, 5.325379371643066, 5.385324954986572, 5.30164098739624, 5.400967121124268, 5.314311504364014, 5.316915988922119, 5.337183475494385, 5.365964412689209, 5.286581039428711, 5.320084571838379, 5.330446243286133, 5.378697872161865, 5.302521228790283, 5.430385589599609, 5.302867412567139, 5.363071441650391, 5.361721992492676, 5.348466873168945, 5.394261837005615, 5.298877239227295, 5.357973098754883, 5.321730613708496, 5.337525367736816, 5.307266712188721, 5.321420192718506, 5.3329081535339355]
val step Loss: [5.524413108825684, 5.612883567810059, 5.602414608001709, 5.613100051879883, 5.580345630645752, 5.656589031219482, 5.523382186889648, 5.583306789398193, 5.636017799377441, 5.611164093017578, 5.541141510009766, 5.6034770011901855, 5.619024276733398, 5.606220722198486, 5.614001750946045, 5.548332214355469]
Train step Accs: [0.04512416717141127, 0.026779109335700546, 0.046536630317923516, 0.04817757598688359, 0.056477478733788875, 0.03596714811668083, 0.054883868915049316, 0.037057991513437055, 0.02457712881306925, 0.054976303317535544, 0.03811739441660701, 0.0543017371084667, 0.03577141195288643, 0.04489030023094688, 0.03340728174344251, 0.03072075620322962, 0.030802658486707567, 0.04333694474539545, 0.035788676387047906, 0.04913932617331176, 0.02171483314705413, 0.03292291220556745, 0.035409225034943315, 0.03811659192825112, 0.043190832966064345, 0.05630252100840336, 0.03625031798524549, 0.04406528189910979, 0.04001317306109007, 0.06873614190687362, 0.04325627570557368, 0.04823439099283521, 0.025146962769431742, 0.03702191370627467, 0.05349858801380609, 0.035213283710277696, 0.0302979296414745, 0.03446647780925401, 0.0270362765229295, 0.05611128477649265, 0.03330569375345495, 0.029504741833508957, 0.03935432230522946, 0.05205443255383802, 0.03245924875974486, 0.06061615320566195, 0.030879808332224146, 0.04324812806609863, 0.04302516004168527, 0.04966030410870269, 0.030113094427033655, 0.0435566236106939, 0.025421348314606743, 0.04023388556313518, 0.044743307901202636, 0.03315994798439532, 0.061821984054371976, 0.03801555849111992, 0.03296547821165818, 0.05079088666376433, 0.03213383078589481, 0.060095389507154214, 0.03772954924874791]
val step Accs: [0.029050107592991085, 0.01799290420679169, 0.012168141592920354, 0.020072441895562933, 0.01632543824434631, 0.01689603488213653, 0.026794528275278524, 0.010748185371300949, 0.008633093525179856, 0.011761450117614501, 0.015729993891264508, 0.015404982549043206, 0.0184660839591284, 0.009400370317618574, 0.006084466714387974, 0.014699706005879883]
Preds: [17, 17, 17, 17, 17, 17, 284, 284, 284, 284, 284, 284, 284, 284, 284, 284, 284, 284, 284, 284, 284, 63, 63, 63, 63, 63, 63, 63, 63, 63, 63, 63, 63, 63, 63, 63, 63, 63, 63, 63, 63, 63, 63, 63, 63, 63, 63, 63, 63, 63, 63, 63, 63, 63, 63, 63, 63, 63, 63, 63, 63, 63, 63, 63, 63, 63, 63, 63, 63, 63, 63, 63, 63, 63, 63, 63, 63, 63, 63, 63, 63, 63, 63, 63, 63, 63, 63, 63, 63, 63, 63, 63, 63, 63, 63, 63, 63, 63, 63, 63, 63, 63, 63, 63, 63, 63, 63, 63, 63, 63, 63, 63, 63, 63, 63, 63, 63, 63, 63, 63, 63, 63, 63, 63, 63, 63, 63, 63, 63, 63, 63, 63, 63, 63, 63, 63, 63, 63, 63, 63, 63, 63, 63, 63, 63, 63, 63, 63, 63, 63, 63, 63, 63, 63, 63, 63, 63, 63, 63, 63, 63, 63, 63, 63, 63, 63, 63, 63, 63, 63, 63, 63, 63, 63, 63, 63, 63, 63, 63, 63, 63, 63, 63, 63, 63, 63, 63, 63, 63, 63, 63, 63, 63, 63, 63, 63, 63, 63, 63, 63, 63, 63, 63, 63, 63, 63, 63, 63, 63, 63, 63, 63, 63, 63, 63, 63, 63, 63, 63, 63, 63, 63, 63, 63, 63, 63, 63, 63, 63, 63, 63, 63, 63, 63, 63, 63, 63, 63, 63, 63, 63, 63, 63, 63, 63, 63, 63, 63, 63, 63, 63, 63, 63, 63, 63, 63, 63, 63, 63, 63, 63, 63, 63, 63, 63, 63, 63, 63, 63, 63, 63, 63, 63, 63, 63, 63, 63, 63, 63, 63, 63, 63, 63, 63, 63, 63, 63, 63, 63, 63, 63, 63, 63, 63, 63, 63, 63, 63, 63, 63, 63, 63, 63, 63, 63, 63, 63, 63, 63, 63, 63, 63, 63, 63, 63, 63, 63, 63, 63, 63, 63, 63, 63, 63, 63, 63, 63, 63, 63, 63, 63, 63, 63, 63, 63, 63, 63, 63, 63, 63, 63, 63, 63, 63, 63, 63, 63, 63, 63, 63, 63, 63, 63, 63, 63, 63, 63, 63, 63, 63, 63, 63, 63, 63, 63, 63, 63, 63, 63, 63, 63, 63, 63, 63, 63, 63, 63, 63, 63, 63, 63, 63, 63, 63, 63, 63, 63, 63, 63, 63, 63, 63, 63, 63, 63, 63, 63, 63, 63, 63, 63, 63, 63, 63, 63, 63, 63, 63, 63, 63, 63, 63, 63, 63, 63, 63, 63, 63, 63, 63, 63, 63, 63, 63, 63, 63, 63, 63, 63, 63, 63, 63, 63, 63, 63, 63, 63, 63, 63, 63, 63, 63, 63, 63, 63, 63, 63, 63, 63, 63, 63, 63, 63, 63, 63, 63, 63, 63, 63, 63, 63, 63, 63, 63, 63, 63, 63, 63, 63, 63, 63, 63, 63, 63, 63, 63, 63, 63, 63, 63, 63, 63, 63, 63, 63, 63, 63, 63, 63, 63, 63, 63, 63, 63, 63, 63, 63, 63, 63, 63, 63, 63, 63, 63, 63, 63, 63, 63, 63, 63, 63, 63, 63, 63, 63, 63, 63, 63, 63, 63, 63, 63, 63, 63, 63, 63, 63, 63, 63, 63, 63, 63, 63, 63, 63, 63, 63, 63, 63, 63, 63, 63, 63, 63, 63, 63, 63, 63, 63, 63, 63, 63, 63, 63, 63, 63, 63, 63, 63, 63, 63, 63, 63, 63, 63, 63, 63, 63, 63, 63, 63, 63, 63, 63, 63, 63, 63, 63, 63, 63, 63, 63, 63, 63, 63, 63, 63, 63, 63, 63, 63, 63, 63, 63, 63, 63, 63, 63, 63, 63]

ep11
Train step Loss: [5.303933143615723, 5.358299732208252, 5.375956058502197, 5.302534580230713, 5.3337812423706055, 5.347699165344238, 5.358295440673828, 5.369102954864502, 5.268545627593994, 5.325013160705566, 5.309362411499023, 5.274302005767822, 5.325857162475586, 5.272558212280273, 5.263242244720459, 5.26450777053833, 5.338618755340576, 5.312178134918213, 5.164187431335449, 5.304437160491943, 5.26106595993042, 5.352917671203613, 5.349537372589111, 5.2595672607421875, 5.344690799713135, 5.298070907592773, 5.306878089904785, 5.321211814880371, 5.309952735900879, 5.330137252807617, 5.306424617767334, 5.414566516876221, 5.325953960418701, 5.292366981506348, 5.306190490722656, 5.294078826904297, 5.292585372924805, 5.292608261108398, 5.430547714233398, 5.267325401306152, 5.288166046142578, 5.327243804931641, 5.339570999145508, 5.2917160987854, 5.305255889892578, 5.287792205810547, 5.336594104766846, 5.161853790283203, 5.2167649269104, 5.270348072052002, 5.203630447387695, 5.32543420791626, 5.327365875244141, 5.33429479598999, 5.403271675109863, 5.366204261779785, 5.3480730056762695, 5.249696731567383, 5.317591667175293, 5.272109031677246, 5.24704122543335, 5.359334468841553, 5.349894046783447]
val step Loss: [5.5824055671691895, 5.613903045654297, 5.641789436340332, 5.566932201385498, 5.52542781829834, 5.563040256500244, 5.546802043914795, 5.568831443786621, 5.602338790893555, 5.595057010650635, 5.519275665283203, 5.5597004890441895, 5.601425647735596, 5.547270774841309, 5.571590423583984, 5.55368709564209]
Train step Accs: [0.050998105784642284, 0.027148684765789844, 0.02878940549877645, 0.054678007290400975, 0.01747311827956989, 0.03133364824437097, 0.028860682985796315, 0.046065852527438556, 0.06208971553610503, 0.02669973737963233, 0.04048478597215059, 0.041880858784396735, 0.033747481531229015, 0.04792490118577075, 0.044503023724608466, 0.051476676787192935, 0.03213793103448276, 0.05524304053079475, 0.0762737413325294, 0.03933066361556064, 0.041567861626447204, 0.0369073275862069, 0.04193191253805702, 0.04954724073124893, 0.03180109858340561, 0.035733995584988965, 0.03819264629725531, 0.04168582375478927, 0.05348020434227331, 0.03463141255927576, 0.031015882529217862, 0.019150008399126492, 0.027673606620975042, 0.038824269097768, 0.03778040141676505, 0.030867792661619105, 0.040419161676646706, 0.04428044280442804, 0.026903487005354578, 0.0363382250174703, 0.036414565826330535, 0.051607445008460234, 0.040671400903808906, 0.04778263585259213, 0.03325621746674378, 0.05037285040328717, 0.04331542094121479, 0.06474820143884892, 0.06324000557180666, 0.053026673055422455, 0.04759132586231989, 0.03464203233256351, 0.03012729844413013, 0.021825396825396824, 0.025342566671578016, 0.03295806820035895, 0.02444816987985471, 0.06724367509986684, 0.03469932485476527, 0.06333917104495038, 0.06139315230224321, 0.024015493867010976, 0.028916428344455035]
val step Accs: [0.023537604456824512, 0.008302446256486287, 0.013574660633484163, 0.017287590458322167, 0.022010468393504228, 0.01489333154434456, 0.018877359669958745, 0.020182787509520184, 0.01102383905194984, 0.009430625957797948, 0.024321418973394248, 0.010315269504576494, 0.01718213058419244, 0.024244194537753762, 0.005226220695833956, 0.013124568270780566]
Preds: [17, 17, 17, 17, 17, 284, 284, 284, 284, 284, 284, 284, 284, 284, 284, 284, 284, 284, 284, 284, 284, 284, 284, 284, 284, 284, 392, 392, 63, 63, 63, 63, 63, 63, 63, 63, 63, 63, 63, 63, 63, 63, 63, 63, 392, 392, 392, 392, 392, 63, 63, 63, 63, 63, 63, 63, 63, 63, 63, 63, 63, 63, 63, 63, 63, 63, 63, 63, 63, 63, 63, 63, 63, 63, 63, 63, 63, 63, 63, 63, 63, 63, 63, 63, 63, 63, 63, 63, 63, 63, 63, 63, 63, 63, 63, 63, 63, 63, 63, 63, 63, 63, 63, 63, 63, 63, 63, 63, 63, 63, 63, 63, 63, 63, 63, 63, 63, 63, 63, 63, 63, 63, 63, 63, 63, 63, 63, 63, 63, 63, 63, 63, 63, 63, 63, 63, 63, 63, 63, 63, 63, 63, 63, 63, 63, 63, 63, 63, 63, 63, 63, 63, 63, 63, 63, 63, 63, 63, 63, 63, 63, 63, 63, 63, 63, 63, 63, 63, 63, 63, 63, 63, 63, 63, 63, 63, 63, 63, 63, 63, 63, 63, 63, 63, 63, 63, 63, 63, 63, 63, 63, 63, 63, 63, 63, 63, 63, 63, 63, 63, 63, 63, 63, 63, 63, 63, 63, 63, 63, 63, 63, 63, 63, 63, 63, 63, 63, 63, 63, 63, 63, 63, 63, 63, 63, 63, 63, 63, 63, 63, 63, 63, 63, 63, 63, 63, 63, 63, 63, 63, 63, 63, 63, 63, 63, 63, 63, 63, 63, 63, 63, 63, 63, 63, 63, 63, 63, 63, 63, 63, 63, 63, 63, 63, 63, 63, 63, 63, 63, 63, 63, 63, 63, 63, 63, 63, 63, 63, 63, 63, 63, 63, 63, 63, 63, 63, 63, 63, 63, 63, 63, 63, 63, 63, 63, 63, 63, 63, 63, 63, 63, 63, 63, 63, 63, 63, 63, 63, 63, 63, 63, 63, 63, 63, 63, 63, 63, 63, 63, 63, 63, 63, 63, 63, 63, 63, 63, 63, 63, 63, 63, 63, 63, 63, 63, 63, 63, 63, 63, 63, 63, 63, 63, 63, 63, 63, 63, 63, 63, 63, 63, 63, 63, 63, 63, 63, 63, 63, 63, 63, 63, 63, 63, 63, 63, 63, 63, 63, 63, 63, 63, 63, 63, 63, 63, 63, 63, 63, 63, 63, 63, 63, 63, 63, 63, 63, 63, 63, 63, 63, 63, 63, 63, 63, 63, 63, 63, 63, 63, 63, 63, 63, 63, 63, 63, 63, 63, 63, 63, 63, 63, 63, 63, 63, 63, 63, 63, 63, 63, 63, 63, 63, 63, 63, 63, 63, 63, 63, 63, 63, 63, 63, 63, 63, 63, 63, 63, 63, 63, 63, 63, 63, 63, 63, 63, 63, 63, 63, 63, 63, 63, 63, 63, 63, 63, 63, 63, 63, 63, 63, 63, 63, 63, 63, 63, 63, 63, 63, 63, 63, 63, 63, 63, 63, 63, 63, 63, 63, 63, 63, 63, 63, 63, 63, 63, 63, 63, 63, 63, 63, 63, 63, 63, 63, 63, 63, 63, 63, 63, 63, 63, 63, 63, 63, 63, 63, 63, 63, 63, 63, 63, 63, 63, 63, 63, 63, 63, 63, 63, 63, 63, 63, 63, 63, 63, 63, 63, 63, 63, 63, 63, 63, 63, 63, 63, 63, 63, 63, 63, 63, 63, 63, 63, 63, 63, 63, 63, 63, 63, 63, 63, 63, 63, 63, 63, 63, 63, 63, 63, 63, 63, 63, 63, 63, 63, 63, 63, 63, 63, 63, 63, 63, 63, 63, 63, 63, 63, 63, 63, 63, 63, 63, 63, 63, 63, 63, 63, 63, 63, 63, 63, 63, 63, 63, 63, 63, 63, 63, 63, 63]

ep12
Train step Loss: [5.27791690826416, 5.264099597930908, 5.335442066192627, 5.22475004196167, 5.279889106750488, 5.21535062789917, 5.291858196258545, 5.283485412597656, 5.2320122718811035, 5.2944159507751465, 5.351221084594727, 5.382286548614502, 5.29787540435791, 5.353178024291992, 5.282397270202637, 5.237754821777344, 5.368544101715088, 5.218550205230713, 5.255177974700928, 5.346136569976807, 5.340487957000732, 5.205465316772461, 5.299698829650879, 5.219914436340332, 5.037298679351807, 5.261356830596924, 5.337941646575928, 5.33225679397583, 5.242000579833984, 5.263026237487793, 5.278972148895264, 5.290737152099609, 5.238434314727783, 5.29307746887207, 5.213404178619385, 5.278201103210449, 5.396586894989014, 5.223283290863037, 5.238105773925781, 5.213547229766846, 5.363992214202881, 5.223000526428223, 5.213427543640137, 5.252740383148193, 5.2468719482421875, 5.261178493499756, 5.292407512664795, 5.193586349487305, 5.244503021240234, 5.228389263153076, 5.2457098960876465, 5.205358505249023, 5.290632247924805, 5.248747825622559, 5.288880825042725, 5.163784503936768, 5.1124043464660645, 5.220661163330078, 5.300191402435303, 5.207122802734375, 5.221264839172363, 5.300599098205566, 5.2832512855529785]
val step Loss: [5.5848822593688965, 5.521340847015381, 5.570061206817627, 5.532193183898926, 5.526491641998291, 5.456846237182617, 5.601686000823975, 5.480797290802002, 5.524112224578857, 5.548184394836426, 5.540462017059326, 5.538362503051758, 5.535192966461182, 5.53439474105835, 5.497462749481201, 5.577105522155762]
Train step Accs: [0.033195655499464585, 0.03802216538789429, 0.04908794305205398, 0.05176101525737915, 0.04707855023861731, 0.05821513002364066, 0.036645525017618044, 0.04214501510574018, 0.04410046728971963, 0.032915360501567396, 0.03835832675611681, 0.03275891486094523, 0.03532901833872708, 0.03285235763978356, 0.03736422881969587, 0.059779159791851756, 0.023592324630386914, 0.05353829843625762, 0.03924541013980125, 0.02849426063470628, 0.04873048415076486, 0.049810749432248294, 0.03291786513263023, 0.04968184043073911, 0.09863053613053613, 0.03530704767138343, 0.02776998597475456, 0.026694859257301442, 0.03806818181818182, 0.04273392577104025, 0.0319442427762451, 0.039444195428059166, 0.03755113968439509, 0.036018817994707436, 0.05106826472120896, 0.028941684665226782, 0.015677655677655677, 0.040310540459838756, 0.04093645484949833, 0.0399169921875, 0.03152173913043478, 0.06674839940062662, 0.06351526965562053, 0.054879902705989664, 0.05687203791469194, 0.05715038188043192, 0.0534577224937065, 0.07369127516778523, 0.056428571428571425, 0.05828537701047661, 0.0555735056542811, 0.06528396436525613, 0.03803888419273035, 0.06576629477392835, 0.05880762471272137, 0.07466156160262546, 0.0986709043629009, 0.05152406003403992, 0.033779931584948686, 0.06421311980289499, 0.04146838885112169, 0.0575785869903517, 0.058749210360075806]
val step Accs: [0.027262679602112243, 0.028963869811884143, 0.031115740138002865, 0.0363898916967509, 0.042895824426393045, 0.04672518568534774, 0.021995926680244398, 0.05296999387630129, 0.03990760939304504, 0.028990917008834143, 0.040142401178492514, 0.030496069395500137, 0.024160652651396296, 0.033976001078603206, 0.04464628374056544, 0.033824804856895055]
Preds: [17, 17, 17, 17, 17, 284, 284, 284, 284, 284, 284, 284, 284, 284, 284, 284, 284, 284, 284, 284, 284, 284, 284, 284, 284, 284, 284, 284, 284, 284, 284, 284, 284, 284, 284, 246, 246, 246, 246, 246, 246, 246, 246, 246, 246, 246, 246, 246, 246, 246, 246, 246, 246, 246, 246, 246, 246, 246, 246, 246, 246, 246, 246, 246, 246, 246, 392, 392, 392, 392, 392, 392, 392, 392, 392, 63, 63, 63, 63, 63, 63, 63, 63, 63, 63, 63, 63, 63, 63, 63, 63, 63, 63, 63, 63, 392, 392, 392, 392, 392, 246, 246, 246, 246, 392, 392, 392, 392, 392, 246, 246, 246, 246, 246, 246, 246, 246, 246, 246, 246, 246, 246, 246, 392, 392, 392, 63, 63, 63, 63, 63, 63, 63, 63, 63, 63, 63, 63, 63, 63, 392, 392, 392, 392, 392, 392, 246, 246, 246, 246, 246, 246, 246, 246, 246, 246, 246, 246, 246, 246, 246, 246, 246, 246, 246, 246, 246, 246, 246, 246, 246, 246, 246, 246, 246, 246, 246, 246, 246, 246, 246, 246, 246, 246, 246, 246, 246, 246, 392, 392, 392, 392, 246, 246, 246, 246, 246, 246, 246, 246, 246, 246, 246, 246, 246, 246, 246, 392, 392, 392, 392, 392, 392, 392, 392, 392, 392, 392, 392, 392, 392, 392, 392, 392, 392, 392, 246, 246, 246, 246, 246, 246, 246, 392, 392, 392, 392, 392, 63, 63, 392, 392, 392, 392, 392, 392, 392, 392, 392, 246, 246, 246, 246, 246, 246, 246, 246, 392, 392, 246, 246, 246, 246, 246, 246, 246, 246, 246, 246, 246, 246, 246, 392, 392, 392, 392, 392, 392, 392, 392, 392, 392, 392, 392, 392, 392, 392, 392, 392, 246, 246, 246, 246, 246, 246, 246, 246, 246, 246, 246, 246, 246, 246, 246, 246, 246, 246, 246, 246, 392, 392, 392, 392, 392, 392, 392, 392, 392, 392, 392, 392, 392, 392, 392, 392, 392, 392, 392, 246, 246, 246, 246, 246, 246, 246, 246, 246, 246, 246, 246, 246, 246, 246, 246, 392, 392, 392, 392, 246, 246, 246, 246, 246, 246, 246, 246, 246, 246, 246, 246, 246, 246, 246, 246, 246, 246, 246, 392, 392, 392, 392, 392, 392, 392, 392, 392, 246, 246, 246, 246, 246, 246, 246, 246, 246, 246, 246, 246, 246, 246, 246, 246, 246, 246, 246, 246, 392, 392, 392, 392, 392, 392, 392, 392, 63, 63, 63, 392, 392, 392, 392, 392, 392, 392, 392, 392, 392, 392, 392, 392, 392, 392, 392, 392, 392, 392, 392, 246, 246, 246, 246, 246, 246, 246, 246, 246, 246, 246, 246, 246, 246, 246, 246, 246, 246, 246, 246, 246, 246, 246, 246, 246, 246, 246, 246, 246, 246, 246, 246, 246, 246, 246, 246, 246, 246, 246, 246, 246, 246, 246, 246, 246, 392, 392, 392, 392, 392, 392, 392, 392, 392, 392, 392, 392, 392, 392, 392, 63, 63, 63, 63, 392, 392, 392, 392, 392, 392, 392, 392, 392, 392, 392, 392, 392, 392, 392, 392, 392, 392, 392, 392, 392, 392, 392, 246, 246, 246, 246, 392, 392, 392, 392, 392, 392, 63, 63, 63, 63, 63, 63, 63, 63, 63, 63, 63, 63, 63, 63, 63, 63, 63, 63, 63, 63, 63, 63, 63, 63, 63, 63, 63, 63, 63, 63, 63, 63, 63, 63, 63, 63, 63, 63, 63, 63, 63, 63, 63, 63, 392, 392, 392, 392, 392, 392, 392, 392, 392, 392, 392, 392, 392, 392, 392, 392, 392, 392, 392, 392, 392, 392, 63, 63, 63, 63, 63, 63, 63, 63, 63, 63]

ep13
Train step Loss: [5.229085445404053, 5.128658294677734, 5.222745418548584, 5.2910871505737305, 5.274480819702148, 5.232184886932373, 5.156586647033691, 5.264063835144043, 5.301748752593994, 5.1919989585876465, 5.098386287689209, 5.161573886871338, 5.1603803634643555, 5.113820552825928, 5.178458213806152, 5.1315178871154785, 5.243808746337891, 5.205265045166016, 5.2213263511657715, 5.282958030700684, 5.202078819274902, 5.208852291107178, 5.2788496017456055, 5.210896968841553, 5.2613935470581055, 5.156249046325684, 5.154107570648193, 5.325362205505371, 5.131610870361328, 5.19809627532959, 5.1515212059021, 5.221142292022705, 5.0068678855896, 5.34680700302124, 5.110761642456055, 5.204605579376221, 5.206140041351318, 5.194863796234131, 5.191381454467773, 5.128337860107422, 5.1885809898376465, 5.184618949890137, 5.1837873458862305, 5.142322063446045, 5.2149338722229, 5.155441761016846, 5.213205337524414, 5.1808013916015625, 5.109993934631348, 5.146902561187744, 5.159133434295654, 5.226049900054932, 5.119739055633545, 5.224833011627197, 5.06187105178833, 5.1721343994140625, 5.120250225067139, 5.164174556732178, 5.306644439697266, 5.108327388763428, 5.1264328956604, 5.0863037109375, 5.155071258544922]
val step Loss: [5.352092742919922, 5.455519199371338, 5.503666877746582, 5.509641647338867, 5.44728946685791, 5.502326965332031, 5.427978992462158, 5.4243483543396, 5.467792510986328, 5.5813164710998535, 5.47272253036499, 5.424841403961182, 5.427931785583496, 5.45294189453125, 5.543663501739502, 5.439762592315674]
Train step Accs: [0.06068121693121693, 0.07358466122554735, 0.04843849585723391, 0.04249960648512514, 0.04144869215291751, 0.04227881162259223, 0.05502950459722794, 0.03304674905964535, 0.023835616438356164, 0.04131033483113495, 0.06172370088719899, 0.05682362330407023, 0.04274134119380987, 0.06628047959046207, 0.04530522857924993, 0.06304601048340128, 0.04311563471868815, 0.06454491374182035, 0.05781554750626915, 0.050124422324920016, 0.06833150384193194, 0.05062778452814905, 0.053138766519823785, 0.043666234327712924, 0.03888174807197944, 0.06096227446692182, 0.05759588020056918, 0.037838679539084395, 0.07590591226954864, 0.06223556708066057, 0.06266913545079049, 0.05616148461663682, 0.08787878787878788, 0.04576004576004576, 0.07892177296095595, 0.05677785663591199, 0.05728088336783989, 0.058174675128437596, 0.05376, 0.0651107477330162, 0.05390361798740296, 0.065949651341449, 0.06536438767843726, 0.06000348857491715, 0.04831309041835358, 0.07085463842220599, 0.051629151581929794, 0.04976932755487208, 0.06075408334605404, 0.059099153567110034, 0.0655040408336878, 0.057663125948406675, 0.059739907884042265, 0.04153354632587859, 0.09008538072834989, 0.05958726253929206, 0.060748308711859725, 0.0652239254583709, 0.034699831107016736, 0.06796769851951548, 0.054669071735812404, 0.06667717528373267, 0.04052139416265231]
val step Accs: [0.042915531335149866, 0.04287833827893175, 0.042638888888888886, 0.0344438877755511, 0.03592262818544673, 0.03282021492884113, 0.034482758620689655, 0.030914368650217707, 0.038738866110561286, 0.03036610750581609, 0.027178549664838514, 0.03962446500069032, 0.046831285731662814, 0.038393121849985175, 0.035398230088495575, 0.03676315233467146]
Preds: [17, 17, 17, 17, 17, 284, 284, 284, 284, 284, 284, 284, 284, 284, 284, 284, 284, 284, 284, 284, 284, 284, 284, 284, 284, 284, 284, 284, 284, 284, 284, 284, 284, 284, 284, 284, 284, 284, 284, 284, 246, 246, 246, 246, 246, 246, 246, 246, 246, 246, 246, 246, 246, 246, 246, 246, 246, 246, 246, 246, 246, 246, 246, 246, 246, 246, 246, 246, 246, 246, 246, 246, 246, 246, 246, 246, 246, 246, 246, 246, 246, 246, 246, 246, 246, 246, 246, 246, 246, 246, 246, 246, 246, 246, 246, 246, 246, 246, 246, 246, 246, 246, 246, 246, 246, 246, 246, 246, 246, 246, 246, 246, 246, 246, 246, 246, 246, 246, 246, 392, 63, 63, 63, 63, 63, 63, 63, 63, 63, 63, 63, 63, 63, 63, 63, 63, 63, 63, 63, 63, 63, 63, 63, 63, 63, 63, 63, 63, 392, 392, 392, 213, 246, 246, 246, 246, 246, 246, 246, 246, 246, 246, 246, 246, 246, 246, 246, 246, 246, 246, 246, 246, 246, 246, 246, 246, 246, 246, 246, 246, 246, 246, 246, 246, 246, 246, 246, 246, 246, 246, 246, 246, 246, 246, 246, 246, 246, 246, 246, 246, 246, 246, 246, 246, 246, 246, 246, 246, 246, 246, 246, 246, 246, 246, 246, 246, 246, 246, 246, 246, 246, 246, 246, 246, 246, 246, 246, 246, 246, 246, 246, 246, 392, 392, 63, 63, 63, 63, 63, 63, 63, 63, 63, 63, 63, 63, 63, 63, 63, 63, 63, 63, 63, 63, 63, 63, 63, 392, 392, 213, 213, 246, 246, 246, 246, 246, 246, 246, 246, 246, 246, 246, 246, 246, 246, 246, 246, 246, 246, 246, 246, 246, 246, 246, 246, 246, 246, 246, 246, 246, 246, 246, 246, 246, 246, 246, 246, 246, 246, 246, 392, 63, 63, 63, 63, 63, 63, 63, 63, 392, 392, 392, 246, 246, 246, 246, 246, 246, 246, 246, 246, 246, 246, 246, 246, 246, 246, 246, 246, 246, 246, 246, 246, 246, 246, 246, 246, 246, 246, 246, 246, 246, 246, 246, 246, 246, 246, 246, 246, 246, 246, 246, 246, 246, 246, 246, 246, 246, 246, 246, 246, 246, 246, 246, 246, 246, 246, 246, 246, 246, 246, 246, 246, 246, 246, 246, 246, 246, 246, 246, 246, 246, 246, 246, 246, 246, 392, 63, 63, 63, 63, 63, 63, 63, 63, 63, 63, 63, 63, 63, 63, 63, 63, 63, 63, 63, 63, 63, 63, 63, 63, 63, 392, 392, 392, 392, 213, 246, 246, 246, 246, 246, 246, 246, 246, 246, 246, 246, 246, 246, 392, 392, 392, 392, 392, 246, 246, 246, 246, 246, 246, 246, 246, 246, 246, 246, 246, 246, 246, 246, 246, 246, 392, 63, 63, 63, 63, 63, 63, 392, 392, 392, 246, 246, 246, 246, 246, 246, 246, 246, 246, 246, 246, 246, 246, 246, 246, 246, 246, 246, 246, 246, 246, 246, 246, 246, 246, 246, 246, 246, 246, 246, 246, 246, 246, 246, 246, 246, 246, 246, 246, 246, 246, 246, 246, 246, 246, 246, 246, 246, 246, 246, 246, 246, 246, 246, 246, 246, 246, 246, 246, 246, 246, 246, 246, 246, 246, 246, 246, 246, 246, 246, 246, 246, 246, 246, 246, 246, 246, 246, 246, 246, 246, 246, 246, 246, 246, 246, 246, 246, 246, 246, 246, 246, 246, 246, 246, 246, 246, 246, 246, 246, 246, 246, 246, 246, 246, 246, 246, 246, 246, 246, 246, 246, 246, 246, 246, 246, 246, 246, 246, 246, 246, 246, 246, 246, 246, 246, 246, 246, 246, 246, 246, 246, 246, 246, 246, 246, 246, 246]

ep14
Train step Loss: [4.980955600738525, 5.047182083129883, 5.195166110992432, 5.217202186584473, 5.105287551879883, 5.1885833740234375, 5.127778053283691, 5.1568074226379395, 5.1027631759643555, 5.0053486824035645, 5.070887088775635, 5.045572757720947, 5.102252006530762, 5.108537197113037, 5.199028968811035, 5.085267543792725, 4.985750675201416, 5.135496139526367, 5.1392059326171875, 5.099076747894287, 5.006123065948486, 5.097542762756348, 5.086796283721924, 5.09314489364624, 5.188069820404053, 4.993180751800537, 4.879203796386719, 5.152011871337891, 4.999009609222412, 5.122148036956787, 5.065679550170898, 5.015996932983398, 5.164259433746338, 5.00437593460083, 5.12861967086792, 5.0553460121154785, 5.120798587799072, 5.037333965301514, 5.0103325843811035, 5.0594940185546875, 5.1265974044799805, 5.140672206878662, 5.060726642608643, 5.198357105255127, 5.063594818115234, 5.099738121032715, 4.952362537384033, 5.027033805847168, 5.023193359375, 5.089723587036133, 5.09399938583374, 5.1223649978637695, 4.9417829513549805, 5.016087532043457, 4.977661609649658, 5.034395217895508, 5.096538066864014, 4.992191791534424, 5.121829986572266, 5.047382354736328, 5.0811309814453125, 5.079281330108643, 5.058967590332031]
val step Loss: [5.4067606925964355, 5.388671875, 5.343442916870117, 5.420657634735107, 5.3605170249938965, 5.411197662353516, 5.4146318435668945, 5.382351875305176, 5.422743320465088, 5.364037036895752, 5.364353656768799, 5.393608570098877, 5.264525413513184, 5.422314167022705, 5.311763286590576, 5.321066856384277]
Train step Accs: [0.0782622844126261, 0.05910838911835921, 0.058738005234079675, 0.03949592746273244, 0.05795739348370927, 0.05487726513301632, 0.06808035714285714, 0.061174340403517845, 0.06364186327888688, 0.08437171595856478, 0.06619529440448617, 0.06271500396930405, 0.058223544411389716, 0.05381089797996944, 0.03937007874015748, 0.0640582572204394, 0.07490531631364848, 0.06009547879809042, 0.07358587151266957, 0.06392171813445165, 0.07259894126543988, 0.06610866789615548, 0.075674855929633, 0.05823706282639658, 0.053369880683650436, 0.08521426234870788, 0.09754470242860955, 0.05072572198114619, 0.061462111089902655, 0.056411747601046815, 0.05454809226751777, 0.06685121107266435, 0.042461263408820026, 0.06614509246088193, 0.04600484261501211, 0.06567164179104477, 0.05460750853242321, 0.0676211172184584, 0.06670784434836319, 0.05300899887514061, 0.03849091186803116, 0.05055889939810834, 0.05952380952380952, 0.047329754167844025, 0.05645402815214136, 0.07891529555149299, 0.08426125976400199, 0.06438557763061074, 0.06471449487554905, 0.056207535515750466, 0.058663247315274884, 0.05515313254543144, 0.07964071856287425, 0.049839003219935604, 0.06967960406355822, 0.06829268292682927, 0.051685750636132316, 0.06953184957789715, 0.04141326382855488, 0.04495456719273075, 0.07087486157253599, 0.05287432054027343, 0.06418092909535453]
val step Accs: [0.0318495778971604, 0.028394083465398838, 0.055031847133757965, 0.03337630711932388, 0.03313868613138686, 0.04278794402583423, 0.03231248377887361, 0.03584278992526986, 0.03134755463059313, 0.05018510900863842, 0.034174635522809214, 0.039427860696517415, 0.05012304105685792, 0.027426441219544666, 0.041192411924119245, 0.05240174672489083]
Preds: [17, 17, 17, 17, 17, 284, 284, 284, 284, 284, 284, 284, 284, 284, 284, 284, 284, 284, 284, 284, 284, 284, 284, 284, 284, 284, 284, 284, 284, 284, 284, 284, 284, 171, 171, 171, 171, 171, 171, 171, 171, 171, 171, 171, 171, 171, 171, 171, 246, 246, 246, 246, 246, 246, 246, 246, 171, 171, 171, 171, 171, 171, 171, 171, 171, 171, 171, 171, 171, 171, 171, 171, 246, 246, 246, 246, 171, 171, 171, 171, 171, 171, 171, 171, 171, 171, 171, 246, 246, 246, 246, 246, 246, 171, 171, 246, 246, 246, 246, 246, 246, 246, 246, 246, 246, 246, 246, 246, 246, 246, 246, 246, 246, 246, 246, 246, 246, 246, 246, 246, 246, 246, 246, 246, 246, 246, 246, 246, 246, 246, 246, 246, 246, 246, 246, 246, 246, 246, 246, 246, 246, 246, 246, 246, 246, 246, 246, 246, 246, 246, 246, 246, 246, 246, 246, 246, 246, 246, 246, 246, 246, 246, 246, 246, 246, 246, 246, 246, 414, 392, 392, 392, 392, 392, 392, 392, 392, 392, 392, 392, 392, 392, 392, 392, 392, 392, 392, 392, 392, 392, 392, 392, 392, 392, 213, 171, 171, 171, 171, 171, 171, 246, 246, 246, 246, 246, 246, 246, 246, 246, 246, 246, 246, 246, 246, 246, 246, 246, 246, 246, 246, 246, 246, 246, 246, 246, 246, 246, 246, 246, 246, 246, 246, 246, 246, 246, 246, 246, 246, 246, 246, 246, 246, 246, 246, 246, 246, 246, 246, 246, 246, 246, 246, 246, 246, 246, 246, 246, 246, 246, 246, 246, 414, 392, 392, 392, 392, 392, 392, 392, 63, 63, 63, 63, 392, 392, 392, 392, 392, 392, 392, 392, 213, 171, 171, 171, 171, 171, 171, 246, 246, 246, 246, 246, 246, 246, 246, 246, 246, 246, 246, 246, 246, 246, 246, 246, 414, 414, 392, 392, 392, 392, 392, 392, 246, 246, 246, 246, 246, 246, 246, 246, 246, 246, 246, 246, 246, 246, 414, 246, 246, 246, 246, 246, 246, 246, 246, 246, 246, 246, 246, 246, 246, 246, 246, 246, 246, 246, 246, 246, 246, 246, 246, 246, 246, 246, 246, 246, 246, 246, 246, 246, 246, 246, 246, 246, 213, 414, 392, 392, 392, 392, 392, 392, 392, 392, 392, 392, 392, 392, 392, 392, 392, 392, 171, 171, 171, 171, 171, 213, 213, 246, 246, 246, 246, 246, 246, 246, 246, 246, 246, 246, 246, 246, 246, 246, 246, 246, 246, 246, 246, 246, 246, 246, 246, 246, 246, 246, 246, 246, 246, 246, 246, 246, 246, 246, 246, 246, 246, 246, 246, 246, 246, 246, 246, 246, 414, 414, 414, 392, 392, 392, 392, 392, 392, 392, 246, 246, 246, 246, 246, 246, 213, 414, 392, 392, 392, 392, 392, 414, 246, 246, 246, 246, 246, 246, 246, 246, 246, 246, 246, 246, 246, 246, 246, 246, 246, 246, 246, 246, 246, 246, 246, 246, 246, 246, 246, 246, 246, 246, 246, 246, 246, 246, 246, 246, 246, 246, 246, 246, 246, 414, 392, 392, 392, 392, 392, 392, 392, 63, 63, 63, 63, 392, 392, 392, 392, 392, 392, 392, 171, 171, 171, 171, 171, 246, 246, 246, 246, 246, 246, 246, 246, 246, 213, 414, 392, 392, 392, 392, 392, 392, 392, 246, 246, 246, 246, 246, 246, 246, 246, 246, 246, 246, 246, 246, 246, 246, 246, 246, 246, 246, 246, 246, 246, 246, 246, 246, 246, 246, 246, 246, 246, 246, 246, 246, 246, 246, 246, 246, 246, 246, 246, 246, 246, 246, 246, 246, 246, 246, 246, 246, 246, 246, 246, 246, 246, 246, 246, 246]

ep15
Train step Loss: [4.934289932250977, 5.089320659637451, 4.973506450653076, 4.953471660614014, 5.054999828338623, 4.933834552764893, 4.936088562011719, 4.974451065063477, 4.964146137237549, 5.032451629638672, 4.94786262512207, 4.996933937072754, 5.054163455963135, 4.973086357116699, 4.960418224334717, 5.026848316192627, 5.053572177886963, 5.015167236328125, 4.990957260131836, 4.9252705574035645, 4.954707145690918, 5.033870697021484, 5.029133319854736, 4.888383388519287, 4.967357635498047, 4.921538829803467, 4.953205108642578, 4.975749969482422, 4.8639373779296875, 4.981985092163086, 4.887927055358887, 4.938082218170166, 5.0747270584106445, 5.051455974578857, 5.051113605499268, 5.0487518310546875, 4.860422611236572, 4.877886772155762, 4.9978132247924805, 4.957050323486328, 5.0457868576049805, 4.989851951599121, 4.916463375091553, 4.959198951721191, 4.913430213928223, 4.886162757873535, 4.843692302703857, 4.936493396759033, 4.967984676361084, 5.059219837188721, 4.8331685066223145, 4.863236904144287, 4.993624210357666, 4.916497230529785, 5.02317476272583, 4.796042442321777, 4.886800289154053, 4.9175496101379395, 4.923590660095215, 4.990013599395752, 4.876646518707275, 4.9477972984313965, 5.06253719329834]
val step Loss: [5.266470909118652, 5.227344989776611, 5.240133762359619, 5.256948947906494, 5.26367712020874, 5.259907245635986, 5.298951148986816, 5.263352870941162, 5.235764980316162, 5.305576324462891, 5.300704002380371, 5.292513847351074, 5.3243207931518555, 5.314548969268799, 5.3935041427612305, 5.267200469970703]
Train step Accs: [0.08187320802803441, 0.05955508845682256, 0.06164582727537075, 0.07741386643981285, 0.062470934738800186, 0.08394403730846102, 0.07618645261230812, 0.06243372216330859, 0.0663872590108969, 0.06393822393822393, 0.07228567297961544, 0.06555944055944056, 0.06988120195667366, 0.07712041045374379, 0.06382651491848662, 0.07682889501071319, 0.04746651135701806, 0.055240370259779036, 0.07027097108777389, 0.06689627765266923, 0.07080948487326247, 0.06294912331129635, 0.06388024307099452, 0.0737550471063257, 0.06334712512483949, 0.06983112733911456, 0.09017259598450159, 0.07021376189733188, 0.08649144254278729, 0.07093784949672471, 0.07987834160396991, 0.07100255609201932, 0.05256207078711041, 0.04841328413284133, 0.06974400322515621, 0.050173326035395004, 0.08691486449493567, 0.08196004083418404, 0.07118391660461652, 0.07415815361331819, 0.054131799163179915, 0.056413793103448275, 0.07454251883745963, 0.06202618883528601, 0.07371703997731784, 0.07025187202178353, 0.0851721094439541, 0.07501363884342607, 0.063217487026262, 0.055670760886903814, 0.09363712142261739, 0.07974193548387097, 0.05820938215102975, 0.08281071835803877, 0.06919445264089702, 0.10447354064375342, 0.09401947148817802, 0.0728287841191067, 0.07956254272043746, 0.06259004322074596, 0.07630641330166271, 0.0683924106486248, 0.05766217486681291]
val step Accs: [0.04873949579831933, 0.05261669024045262, 0.04780361757105943, 0.04197774334413298, 0.042183001627237454, 0.050354982908230345, 0.05048727666486194, 0.04764712819908008, 0.05455696202531646, 0.040584166026133746, 0.04167239719433365, 0.05234880837580934, 0.0444, 0.04797873828507484, 0.041174689676052076, 0.05024939959357103]
Preds: [17, 17, 17, 17, 17, 284, 284, 284, 284, 284, 284, 284, 284, 284, 284, 284, 284, 284, 284, 284, 284, 284, 284, 284, 284, 284, 284, 246, 246, 246, 246, 246, 284, 284, 284, 246, 246, 246, 246, 246, 246, 246, 246, 246, 246, 246, 246, 284, 414, 414, 414, 414, 392, 392, 392, 392, 392, 392, 392, 392, 392, 392, 392, 320, 320, 287, 284, 246, 246, 246, 246, 246, 246, 246, 246, 246, 246, 246, 246, 246, 246, 246, 246, 246, 246, 246, 246, 246, 246, 246, 246, 246, 246, 246, 246, 246, 246, 246, 246, 246, 246, 246, 246, 246, 246, 246, 414, 414, 414, 414, 392, 392, 392, 392, 392, 392, 392, 392, 392, 392, 392, 392, 392, 320, 320, 320, 320, 246, 246, 246, 246, 246, 246, 246, 246, 246, 246, 246, 246, 246, 246, 246, 246, 246, 246, 414, 414, 414, 414, 392, 392, 392, 170, 320, 320, 320, 246, 246, 246, 246, 246, 246, 246, 246, 246, 246, 246, 246, 246, 246, 246, 246, 246, 246, 246, 246, 246, 246, 246, 246, 246, 246, 246, 246, 246, 246, 246, 246, 246, 246, 246, 246, 246, 246, 246, 246, 246, 246, 246, 246, 246, 246, 246, 246, 246, 246, 246, 414, 414, 414, 414, 414, 392, 392, 392, 320, 320, 320, 320, 320, 320, 246, 246, 246, 246, 246, 246, 246, 246, 246, 246, 246, 246, 246, 246, 246, 246, 246, 246, 246, 246, 246, 246, 246, 246, 246, 246, 246, 246, 246, 246, 246, 246, 246, 246, 246, 246, 246, 246, 246, 246, 246, 246, 246, 246, 246, 246, 246, 414, 414, 414, 414, 414, 414, 392, 392, 392, 320, 320, 320, 246, 246, 246, 246, 246, 246, 414, 414, 392, 392, 392, 392, 320, 320, 320, 246, 246, 246, 246, 246, 246, 246, 246, 246, 246, 246, 246, 246, 246, 246, 246, 246, 246, 246, 246, 246, 246, 246, 246, 246, 246, 246, 246, 246, 246, 246, 246, 246, 246, 246, 246, 246, 246, 246, 246, 246, 246, 246, 246, 246, 246, 246, 246, 246, 246, 246, 246, 246, 246, 246, 246, 246, 246, 246, 246, 246, 246, 246, 246, 246, 246, 246, 246, 246, 246, 246, 246, 246, 246, 246, 246, 246, 246, 246, 246, 246, 246, 246, 246, 246, 246, 246, 246, 246, 246, 246, 246, 246, 246, 246, 246, 246, 246, 246, 246, 246, 246, 246, 246, 246, 246, 246, 246, 246, 246, 246, 246, 246, 246, 246, 246, 246, 246, 246, 246, 246, 246, 246, 246, 246, 246, 246, 246, 246, 246, 246, 246, 246, 246, 246, 246, 246, 246, 246, 246, 246, 246, 246, 246, 246, 246, 246, 246, 246, 246, 246, 246, 246, 246, 246, 246, 246, 246, 246, 246, 246, 246, 246, 246, 246, 246, 246, 246, 246, 246, 246, 246, 246, 246, 246, 246, 246, 246, 246, 246, 246, 246, 246, 246, 246, 246, 246, 246, 246, 246, 246, 246, 246, 246, 246, 246, 246, 246, 246, 246, 246, 246, 246, 246, 246, 246, 246, 246, 246, 246, 246, 246, 246, 246, 246, 246, 246, 246, 246, 246, 246, 246, 246, 246, 246, 246, 246, 246, 246, 246, 246, 246, 246, 246, 246, 246, 246, 246, 246, 246, 246, 246, 246, 246, 246, 246, 246, 246, 246, 246, 246, 246, 246, 246, 246, 246, 246, 246, 246, 246, 246, 246, 246, 246, 246, 246, 246, 246, 246, 246, 246, 246, 246, 246, 246, 246, 246, 246, 246, 246, 246, 246, 246, 246, 246, 246, 246, 246, 246, 246, 246, 246, 246, 246, 246, 246, 246, 246, 246, 246, 246, 246, 246, 246, 246]

ep16
Train step Loss: [4.842666149139404, 4.890313625335693, 4.966083526611328, 4.909070014953613, 4.952020168304443, 4.8609466552734375, 4.858776092529297, 4.956650733947754, 4.843713760375977, 4.89675235748291, 4.81688117980957, 4.904487133026123, 4.818759918212891, 5.004040241241455, 4.952638626098633, 4.922613143920898, 4.832034587860107, 4.819835186004639, 4.936363697052002, 4.902108192443848, 4.884394645690918, 4.793328762054443, 4.856703758239746, 4.801918029785156, 4.871701717376709, 4.912040710449219, 4.814917087554932, 4.891182899475098, 4.864396095275879, 4.911713600158691, 4.921959400177002, 4.808277130126953, 4.863978385925293, 4.9144110679626465, 4.911566257476807, 4.948181629180908, 4.648804664611816, 4.729874134063721, 4.952128887176514, 4.899269104003906, 4.7887797355651855, 4.898324966430664, 4.8128204345703125, 4.795142650604248, 4.889261245727539, 4.6497626304626465, 4.851512908935547, 4.873395919799805, 4.7612714767456055, 4.910848617553711, 4.730359077453613, 4.859625339508057, 4.838865756988525, 4.721049785614014, 4.801280975341797, 4.748023509979248, 4.824157238006592, 4.859062671661377, 4.830311298370361, 4.627673149108887, 4.946064472198486, 4.726818084716797, 4.954885959625244]
val step Loss: [5.140804290771484, 5.182870388031006, 5.27479362487793, 5.084919452667236, 5.189526081085205, 5.178619861602783, 5.133533477783203, 5.285190105438232, 5.217766761779785, 5.177034378051758, 5.177045822143555, 5.151087760925293, 5.235245227813721, 5.114229679107666, 5.139649391174316, 5.192049980163574]
Train step Accs: [0.08872430471584039, 0.08260676813950052, 0.06508793795873148, 0.08475565280816921, 0.06583956012970535, 0.08787666433076384, 0.07413182140326009, 0.05688487584650113, 0.08055251641137856, 0.06426454531274373, 0.08588873812754409, 0.08411654135338346, 0.09372373213785375, 0.06341728574017032, 0.06252040483186419, 0.06998985654253007, 0.08658823529411765, 0.08831206496519721, 0.08030506953790938, 0.08041768375372932, 0.07621452978755014, 0.10747103475829005, 0.07659033078880408, 0.10186400630086637, 0.06837881219903692, 0.08068527217463388, 0.09190053802530174, 0.08659880072514294, 0.09322950465065974, 0.09074635086752961, 0.07155229846768821, 0.09185592362216115, 0.0835195530726257, 0.08135296690479661, 0.07647907647907648, 0.07641660015961692, 0.11708635652297625, 0.09611316763617134, 0.07560192616372392, 0.07651245551601424, 0.08916920400173989, 0.07480018096817977, 0.08609093354856066, 0.08420633868187243, 0.06945228684359118, 0.12383205204021289, 0.07997860104319915, 0.07654116673562267, 0.10293735378216792, 0.08098356274221569, 0.099163179916318, 0.097138437741686, 0.09310557094490612, 0.10974155069582504, 0.08433558228219419, 0.09536319453566268, 0.09100310237849017, 0.08056042031523643, 0.08717221828490432, 0.13414066138798322, 0.07864058486465125, 0.11686285633243512, 0.06890187634573977]
val step Accs: [0.054104477611940295, 0.05425089179548157, 0.03413439461197, 0.07636826474331777, 0.05552631578947369, 0.03968148639681486, 0.0502283105022831, 0.039647577092511016, 0.04891994917407878, 0.050302044609665426, 0.051317192020709605, 0.05254378648874062, 0.042834555124335205, 0.05362527861544513, 0.060905651165629196, 0.04291581108829569]
Preds: [17, 17, 17, 17, 17, 284, 284, 284, 284, 284, 284, 284, 284, 284, 284, 284, 284, 284, 284, 284, 284, 284, 284, 284, 284, 284, 284, 284, 284, 284, 284, 98, 414, 414, 414, 414, 287, 287, 284, 284, 246, 246, 246, 246, 213, 284, 213, 324, 324, 324, 324, 324, 324, 324, 324, 324, 324, 324, 324, 213, 213, 213, 213, 213, 213, 213, 213, 213, 324, 324, 324, 324, 324, 324, 324, 324, 213, 213, 213, 213, 213, 213, 213, 213, 213, 213, 213, 213, 213, 213, 213, 213, 213, 213, 213, 324, 246, 213, 213, 213, 213, 213, 213, 213, 213, 213, 213, 324, 324, 324, 324, 213, 213, 213, 213, 182, 182, 213, 213, 213, 213, 213, 213, 213, 213, 324, 324, 324, 324, 324, 324, 324, 324, 324, 324, 324, 246, 213, 213, 246, 324, 324, 324, 324, 324, 324, 324, 324, 246, 213, 213, 213, 213, 213, 213, 213, 213, 213, 213, 213, 213, 213, 213, 213, 213, 324, 324, 324, 324, 324, 324, 324, 324, 324, 324, 324, 324, 246, 246, 213, 213, 213, 213, 324, 324, 324, 324, 324, 246, 246, 213, 213, 213, 213, 213, 213, 213, 213, 246, 246, 246, 246, 246, 246, 213, 213, 213, 213, 213, 213, 213, 213, 246, 246, 246, 246, 246, 324, 324, 246, 246, 246, 246, 213, 246, 246, 246, 246, 246, 246, 246, 246, 213, 213, 213, 213, 213, 213, 213, 213, 213, 246, 246, 246, 246, 246, 246, 246, 246, 213, 246, 246, 246, 246, 246, 246, 213, 213, 213, 414, 414, 414, 414, 414, 414, 414, 414, 414, 320, 320, 320, 213, 213, 213, 213, 213, 182, 98, 414, 414, 414, 414, 414, 320, 320, 320, 213, 324, 324, 246, 246, 246, 246, 246, 213, 213, 213, 213, 213, 213, 213, 213, 213, 213, 213, 246, 246, 246, 246, 246, 246, 246, 246, 246, 246, 246, 246, 246, 246, 246, 246, 246, 246, 213, 213, 213, 213, 213, 213, 213, 213, 246, 246, 246, 246, 246, 246, 246, 246, 246, 246, 246, 246, 246, 246, 246, 213, 213, 213, 213, 213, 213, 213, 213, 213, 213, 213, 213, 213, 246, 246, 246, 246, 246, 246, 246, 246, 246, 246, 246, 246, 246, 246, 246, 246, 213, 182, 414, 414, 414, 414, 392, 392, 392, 392, 392, 392, 392, 392, 392, 392, 392, 392, 392, 392, 320, 320, 320, 320, 320, 213, 213, 213, 213, 246, 213, 213, 213, 213, 213, 213, 213, 213, 213, 213, 213, 213, 213, 213, 213, 213, 213, 213, 213, 213, 213, 213, 213, 213, 213, 213, 213, 213, 213, 213, 213, 213, 213, 98, 414, 414, 414, 414, 414, 320, 320, 213, 213, 246, 246, 246, 246, 246, 246, 246, 246, 213, 213, 213, 246, 246, 246, 213, 213, 213, 213, 213, 213, 213, 213, 213, 213, 213, 213, 246, 246, 246, 246, 246, 246, 213, 213, 213, 213, 213, 213, 213, 98, 414, 414, 414, 414, 414, 414, 414, 392, 392, 392, 392, 392, 392, 392, 392, 392, 392, 392, 392, 392, 392, 392, 392, 392, 392, 320, 320, 320, 320, 320, 320, 213, 213, 213, 213, 246, 213, 213, 213, 213, 213, 213, 213, 213, 246, 246, 246, 246, 246, 246, 246, 246, 246, 246, 246, 246, 246, 246, 213, 213, 213, 213, 213, 213, 246, 246, 246, 246, 246, 246, 246, 213, 213, 213, 213, 213, 213, 213, 213, 213, 213, 213, 213, 213, 213, 213, 213, 213, 213, 213, 213, 246, 246, 246, 246, 246, 246, 246, 246, 246, 246, 246, 213, 213, 213, 213, 213, 213, 213, 213, 213, 213]

ep17
Train step Loss: [4.787322521209717, 4.8284196853637695, 4.700643062591553, 4.7423272132873535, 4.763249397277832, 4.817481994628906, 4.730452060699463, 4.780671119689941, 4.758800506591797, 4.827491760253906, 4.696768283843994, 4.691225051879883, 4.795985698699951, 4.745021820068359, 4.801688194274902, 4.745883941650391, 4.76021146774292, 4.711556911468506, 4.7584099769592285, 4.772436141967773, 4.720303058624268, 4.7605366706848145, 4.861870765686035, 4.765084743499756, 4.720150470733643, 4.72675085067749, 4.733273029327393, 4.773020267486572, 4.7133941650390625, 4.810722827911377, 4.761865139007568, 4.73342227935791, 4.6060028076171875, 4.762740135192871, 4.826907634735107, 4.750959396362305, 4.655142784118652, 4.813811302185059, 4.665275573730469, 4.852460861206055, 4.6996002197265625, 4.852036952972412, 4.745786190032959, 4.794980049133301, 4.76328182220459, 4.9007368087768555, 4.829021453857422, 4.616319179534912, 4.609560489654541, 4.6912455558776855, 4.568938255310059, 4.90596342086792, 4.785764694213867, 4.832530975341797, 4.813710689544678, 4.819847106933594, 4.654819011688232, 4.624925136566162, 4.714627265930176, 4.681782245635986, 4.642608642578125, 4.715312480926514, 4.835516452789307]
val step Loss: [5.107020854949951, 4.997975826263428, 5.1481733322143555, 5.06162691116333, 5.061046123504639, 5.090324878692627, 5.086004257202148, 5.088507175445557, 5.016914367675781, 5.097407341003418, 5.120138645172119, 4.96401834487915, 5.053913593292236, 5.105016708374023, 5.1646623611450195, 5.054712772369385]
Train step Accs: [0.09332776152667502, 0.07365400382618202, 0.10003263707571801, 0.08952313419606453, 0.08897959183673469, 0.10027612265659061, 0.10290763968072976, 0.10591434398368457, 0.09614004878748744, 0.07533449680046539, 0.1076555023923445, 0.10165016501650165, 0.09429668610439482, 0.11274742676167854, 0.08747109236838525, 0.09406983744732089, 0.08697411003236245, 0.10614785992217898, 0.09330254041570439, 0.09729247247842904, 0.110202492211838, 0.08503153808830664, 0.07641651804088352, 0.08596864204092479, 0.09992952783650458, 0.09506596782938731, 0.10203173661574967, 0.09225560727888278, 0.11058135958166718, 0.08825653618373537, 0.08074059935102118, 0.09427191166321601, 0.12871287128712872, 0.09718112443544619, 0.09140953208749819, 0.08879492600422834, 0.11238095238095239, 0.08340147179067865, 0.11336132378365028, 0.08884658099317785, 0.09983870967741935, 0.0895152547622735, 0.11138743455497382, 0.08503225806451613, 0.08302158273381295, 0.08439133681852129, 0.10056258790436005, 0.13193062268979244, 0.12582874876569333, 0.11229556074766354, 0.1403678606001936, 0.07739116866905914, 0.10756756756756757, 0.08966005665722379, 0.08800320984352013, 0.08, 0.10761407366684991, 0.12335995436394752, 0.1160366870483602, 0.12413333333333333, 0.11717765644687106, 0.10337589644918664, 0.10164374371016438]
val step Accs: [0.0718741524274478, 0.0884887459807074, 0.07001423579655752, 0.0803913228413441, 0.08092485549132948, 0.07220947496288298, 0.06774907749077491, 0.06552094522019335, 0.0879725085910653, 0.06969258007403831, 0.07433822520916199, 0.09145860709592642, 0.07925344874222343, 0.07076326002587321, 0.06891534391534392, 0.07877000842459983]
Preds: [17, 17, 17, 17, 284, 284, 284, 284, 284, 284, 284, 284, 284, 284, 284, 284, 284, 284, 284, 284, 246, 246, 246, 246, 246, 246, 246, 246, 35, 35, 98, 35, 35, 35, 35, 35, 35, 35, 35, 35, 35, 246, 246, 246, 246, 246, 246, 246, 246, 246, 246, 246, 35, 182, 182, 182, 182, 182, 182, 182, 35, 246, 246, 246, 182, 182, 182, 182, 182, 182, 182, 182, 182, 182, 182, 182, 182, 182, 246, 246, 246, 246, 246, 246, 182, 182, 182, 98, 98, 98, 98, 98, 182, 182, 246, 182, 182, 98, 98, 98, 98, 414, 414, 414, 414, 414, 414, 414, 414, 392, 392, 392, 392, 392, 392, 392, 392, 392, 392, 392, 392, 392, 392, 392, 320, 320, 320, 320, 284, 171, 171, 171, 246, 246, 246, 246, 246, 246, 246, 246, 246, 246, 246, 246, 246, 246, 246, 246, 246, 246, 246, 246, 246, 246, 246, 246, 246, 246, 246, 246, 246, 246, 246, 246, 246, 182, 182, 246, 246, 246, 246, 246, 246, 182, 182, 246, 246, 246, 246, 246, 246, 246, 246, 246, 246, 246, 182, 182, 182, 246, 246, 246, 246, 246, 246, 246, 246, 246, 246, 246, 246, 246, 182, 98, 98, 182, 182, 182, 246, 246, 246, 246, 246, 246, 246, 246, 182, 414, 414, 414, 414, 414, 414, 414, 414, 414, 414, 320, 320, 320, 320, 320, 320, 320, 320, 320, 320, 320, 320, 320, 320, 284, 171, 171, 171, 246, 246, 246, 246, 246, 246, 246, 246, 246, 246, 246, 246, 246, 246, 246, 246, 246, 246, 246, 246, 246, 246, 246, 246, 246, 246, 246, 246, 246, 246, 246, 246, 246, 246, 246, 246, 246, 246, 246, 246, 246, 246, 246, 246, 246, 246, 246, 246, 246, 246, 246, 246, 246, 246, 246, 246, 246, 246, 246, 246, 246, 246, 246, 246, 246, 246, 246, 246, 246, 246, 246, 246, 246, 246, 246, 246, 246, 246, 246, 246, 246, 246, 246, 246, 246, 246, 246, 246, 246, 246, 246, 246, 246, 246, 246, 246, 246, 246, 246, 246, 246, 246, 246, 246, 246, 246, 246, 246, 246, 246, 246, 246, 246, 246, 246, 246, 246, 246, 246, 246, 246, 246, 246, 246, 246, 246, 246, 246, 246, 246, 246, 246, 246, 246, 246, 246, 246, 246, 246, 246, 246, 246, 246, 246, 246, 246, 246, 246, 246, 246, 246, 246, 246, 246, 246, 246, 246, 246, 246, 246, 246, 246, 246, 246, 246, 246, 246, 246, 246, 246, 246, 246, 246, 246, 246, 246, 246, 246, 246, 246, 246, 246, 246, 246, 246, 246, 246, 246, 246, 246, 246, 246, 246, 246, 246, 246, 246, 246, 246, 246, 246, 246, 246, 246, 246, 246, 246, 246, 246, 246, 246, 246, 246, 246, 246, 246, 246, 246, 246, 246, 246, 246, 246, 246, 246, 246, 246, 246, 246, 246, 246, 246, 246, 246, 246, 246, 246, 246, 246, 246, 246, 246, 246, 246, 246, 246, 246, 246, 246, 246, 246, 246, 246, 246, 246, 246, 246, 246, 246, 246, 246, 246, 246, 246, 246, 246, 246, 246, 246, 246, 246, 246, 246, 246, 246, 246, 246, 246, 246, 246, 246, 246, 246, 246, 246, 246, 246, 246, 246, 246, 246, 246, 246, 246, 246, 246, 246, 246, 246, 246, 246, 246, 246, 246, 246, 246, 246, 246, 246, 246, 246, 246, 246, 246, 246, 246, 246, 246, 246, 246, 246, 246, 246, 246, 246, 246, 246, 246, 246, 246, 246, 246, 246, 246, 246, 246, 246, 246, 246, 246, 246, 246, 246, 246, 246, 246, 246, 246, 246, 246, 246, 246, 246, 246, 246]

ep18
Train step Loss: [4.608578205108643, 4.784731388092041, 4.7785515785217285, 4.71187686920166, 4.609793186187744, 4.785101413726807, 4.811768531799316, 4.731131553649902, 4.518511772155762, 4.639271259307861, 4.727715492248535, 4.759771347045898, 4.730881690979004, 4.615189552307129, 4.525863170623779, 4.688849925994873, 4.65977668762207, 4.712693214416504, 4.661968231201172, 4.645484924316406, 4.565406322479248, 4.764682769775391, 4.464670181274414, 4.586284637451172, 4.69826602935791, 4.597587585449219, 4.780544281005859, 4.655044078826904, 4.584699630737305, 4.60119104385376, 4.730014324188232, 4.610012531280518, 4.701502799987793, 4.7227630615234375, 4.6669816970825195, 4.616769790649414, 4.665853023529053, 4.589964389801025, 4.801244258880615, 4.657204627990723, 4.649115562438965, 4.671351909637451, 4.637674331665039, 4.6773810386657715, 4.53973913192749, 4.685861110687256, 4.65739631652832, 4.598616600036621, 4.570375442504883, 4.622674942016602, 4.620420455932617, 4.627003192901611, 4.607545375823975, 4.4274797439575195, 4.629556179046631, 4.637333869934082, 4.661385536193848, 4.569178581237793, 4.599398612976074, 4.482249736785889, 4.505467414855957, 4.641058444976807, 4.603740215301514]
val step Loss: [4.876885414123535, 4.97003698348999, 5.040669918060303, 5.034571170806885, 5.069980621337891, 4.859610080718994, 4.99330997467041, 4.8873419761657715, 5.030599117279053, 5.00872278213501, 4.99085807800293, 4.917384147644043, 4.994990825653076, 4.994345664978027, 5.007149696350098, 4.920262336730957]
Train step Accs: [0.12118855009334163, 0.089042100630776, 0.08913213448006255, 0.10245901639344263, 0.12072434607645875, 0.08729121278140886, 0.0927264339535599, 0.11144744083654376, 0.1516004742145821, 0.12173052452990245, 0.10987016613150914, 0.10623419134057432, 0.10234692076936651, 0.13155617102302233, 0.12910670648927505, 0.11809771610291991, 0.10185561424895029, 0.11535656992854018, 0.11318070107359979, 0.10395691875439007, 0.1254071661237785, 0.09847475196209092, 0.13782564401106098, 0.11733061936609479, 0.09985207100591716, 0.12329656067488644, 0.1046848771555013, 0.11941425120772947, 0.12020147018785733, 0.1223041223041223, 0.1070285316631872, 0.12764182424916573, 0.11265455655625095, 0.09903121636167922, 0.11144827586206897, 0.11737026082280183, 0.10779528657091061, 0.1316637375512595, 0.08549181630382965, 0.11851628468033776, 0.1251389550579641, 0.11239771499150841, 0.12443907490507422, 0.10740427927927929, 0.13010414944618945, 0.10296965784377017, 0.12364945978391356, 0.13174035267058523, 0.1214926648625552, 0.11899346033551322, 0.10848565908753158, 0.12227414330218069, 0.11190570785326447, 0.14117342313171868, 0.10909090909090909, 0.10292397660818714, 0.11015213575190169, 0.11733046286329386, 0.11674150096215523, 0.13219223173140224, 0.13044041450777202, 0.11363037173741102, 0.12373737373737374]
val step Accs: [0.09085940702281732, 0.06905475347316807, 0.06458391706360325, 0.07128542799885486, 0.06680551105414931, 0.08695652173913043, 0.07270270270270271, 0.08259142583207779, 0.06391228773900254, 0.06725183942171163, 0.07472337979594769, 0.07969245789602147, 0.07054221742649042, 0.07153576788394198, 0.06477577615944806, 0.06913479239108201]
Preds: [17, 17, 17, 17, 284, 284, 284, 284, 284, 284, 284, 284, 284, 284, 35, 35, 35, 35, 35, 35, 35, 35, 284, 284, 324, 324, 324, 324, 324, 324, 324, 324, 324, 324, 324, 324, 246, 35, 35, 35, 35, 35, 35, 246, 324, 324, 324, 324, 324, 246, 98, 414, 414, 414, 414, 414, 414, 414, 392, 392, 392, 392, 392, 392, 392, 392, 392, 73, 320, 320, 320, 320, 287, 284, 284, 284, 284, 284, 182, 182, 182, 182, 98, 98, 98, 98, 182, 284, 284, 171, 324, 324, 324, 246, 246, 324, 324, 324, 324, 324, 246, 246, 324, 324, 246, 98, 414, 414, 414, 414, 414, 98, 287, 182, 213, 246, 324, 324, 324, 324, 246, 246, 213, 246, 246, 324, 324, 324, 324, 324, 246, 246, 355, 182, 182, 182, 213, 324, 324, 324, 324, 324, 324, 324, 324, 246, 98, 414, 414, 414, 414, 414, 414, 414, 320, 320, 320, 320, 320, 287, 287, 213, 213, 213, 246, 246, 324, 324, 324, 324, 324, 324, 324, 246, 246, 246, 213, 213, 213, 213, 355, 213, 213, 246, 324, 324, 324, 324, 324, 246, 355, 355, 355, 182, 355, 213, 246, 246, 324, 324, 324, 324, 324, 324, 246, 246, 324, 324, 246, 246, 246, 246, 355, 355, 355, 355, 182, 355, 182, 182, 182, 182, 182, 182, 98, 98, 414, 414, 414, 414, 414, 392, 392, 392, 392, 63, 63, 63, 63, 63, 63, 63, 63, 63, 63, 63, 63, 63, 63, 63, 63, 73, 73, 320, 320, 320, 320, 320, 320, 320, 320, 287, 287, 284, 284, 182, 182, 182, 182, 182, 213, 246, 246, 246, 246, 246, 246, 246, 246, 246, 246, 246, 246, 246, 246, 246, 246, 246, 355, 355, 182, 182, 182, 355, 213, 246, 246, 246, 246, 246, 246, 246, 246, 246, 246, 246, 246, 355, 355, 355, 355, 355, 355, 355, 213, 213, 355, 355, 355, 355, 182, 213, 246, 246, 246, 246, 246, 246, 246, 246, 246, 246, 246, 246, 246, 246, 246, 246, 246, 355, 98, 414, 414, 414, 414, 414, 414, 392, 392, 392, 63, 63, 63, 63, 63, 63, 63, 63, 63, 63, 63, 63, 63, 63, 63, 63, 63, 63, 63, 73, 73, 320, 320, 320, 320, 320, 320, 284, 284, 171, 171, 171, 171, 324, 324, 246, 246, 246, 355, 98, 98, 98, 98, 98, 355, 213, 213, 213, 355, 355, 355, 182, 182, 355, 355, 355, 355, 355, 213, 246, 246, 246, 246, 246, 246, 246, 246, 246, 246, 246, 246, 246, 246, 246, 246, 19, 414, 414, 414, 414, 414, 414, 414, 320, 320, 320, 320, 287, 182, 182, 182, 213, 213, 213, 246, 213, 355, 355, 182, 182, 182, 182, 355, 182, 355, 246, 246, 246, 246, 246, 246, 246, 355, 355, 355, 355, 355, 213, 213, 213, 246, 246, 246, 246, 246, 246, 246, 246, 246, 246, 246, 246, 246, 246, 246, 246, 246, 246, 246, 246, 246, 246, 246, 246, 246, 246, 246, 246, 246, 246, 246, 246, 246, 246, 246, 246, 246, 246, 246, 246, 246, 246, 246, 246, 246, 246, 246, 246, 246, 246, 246, 246, 246, 246, 246, 246, 246, 246, 246, 246, 246, 246, 246, 246, 246, 246, 246, 246, 246, 246, 246, 246, 246, 246, 246, 246, 246, 246, 246, 246, 246, 246, 246, 246, 246, 246, 246, 246, 246, 246, 246, 246, 246, 246, 246, 246, 246, 246, 246, 246, 246, 246, 246, 246, 246, 246, 246, 246, 246, 246, 246, 246, 246, 246, 246, 246, 246, 246, 246, 246, 246, 246, 246, 246, 246, 246, 246, 246, 246, 246]

ep19
Train step Loss: [4.674802780151367, 4.459572792053223, 4.6623215675354, 4.515064239501953, 4.58616304397583, 4.693678379058838, 4.612264633178711, 4.637979984283447, 4.630768775939941, 4.734731197357178, 4.649395942687988, 4.5365447998046875, 4.632944107055664, 4.554944038391113, 4.666297435760498, 4.552942276000977, 4.657567501068115, 4.383954048156738, 4.652987480163574, 4.521165370941162, 4.555286407470703, 4.612107753753662, 4.496437072753906, 4.486530303955078, 4.489058017730713, 4.560400485992432, 4.427829265594482, 4.462324619293213, 4.537396430969238, 4.509637832641602, 4.403007984161377, 4.533028602600098, 4.519047260284424, 4.4683332443237305, 4.556308269500732, 4.611841678619385, 4.535141944885254, 4.461209297180176, 4.569990634918213, 4.568347930908203, 4.519569396972656, 4.39116907119751, 4.506601810455322, 4.44391393661499, 4.464718341827393, 4.628444671630859, 4.473357677459717, 4.554706573486328, 4.429795742034912, 4.454197883605957, 4.584249019622803, 4.594333648681641, 4.467020034790039, 4.535754680633545, 4.451218605041504, 4.435922622680664, 4.362430572509766, 4.491212844848633, 4.441674709320068, 4.5824875831604, 4.396043300628662, 4.557858467102051, 4.390142440795898]
val step Loss: [4.887790203094482, 4.896128177642822, 4.705223083496094, 4.883117198944092, 4.905368328094482, 4.846829891204834, 4.8278374671936035, 4.85402250289917, 4.830224514007568, 4.916618347167969, 4.896092891693115, 4.875140190124512, 4.8808088302612305, 4.902259826660156, 4.810616970062256, 4.941259860992432]
Train step Accs: [0.10659232535257461, 0.14395126196692776, 0.1190763860920929, 0.14098036445825682, 0.11839735894357743, 0.11754711152301514, 0.1228120931578186, 0.12062780269058296, 0.11270207852193996, 0.1044825862356274, 0.11719782640622706, 0.12437167887404854, 0.1248308016243044, 0.12962480458572173, 0.10798871027119893, 0.13294040602488538, 0.11923608493529338, 0.1551599363149515, 0.11388499298737728, 0.13558063558063557, 0.1177319858249114, 0.11669416529173542, 0.13227513227513227, 0.13370786516853933, 0.14369301945842972, 0.12800996401882092, 0.13695529145444255, 0.1437037037037037, 0.10842105263157895, 0.1267392619479734, 0.1476060191518468, 0.13027574563871694, 0.13248103399831412, 0.13055181695827725, 0.12079343365253079, 0.10907903331156107, 0.13926906301699504, 0.14016303686579876, 0.12135392294493838, 0.12405520867564904, 0.12811239393517876, 0.14829233763935587, 0.12324040850124207, 0.15346091933464495, 0.14103076308429885, 0.13228346456692913, 0.13409908663160808, 0.1136675300929453, 0.15752292199007967, 0.1396905060644082, 0.11848679514632406, 0.11444379732090856, 0.14251053505299452, 0.1394875275750891, 0.13815075921908893, 0.13680126454950423, 0.1469387755102041, 0.11893844657496179, 0.1335496430889033, 0.11149049881235154, 0.14481772694781986, 0.11490866234531526, 0.1382842509603073]
val step Accs: [0.08771078490840713, 0.0830765438185628, 0.12508460809530256, 0.07805555555555556, 0.08715159755268524, 0.0947032723239046, 0.08714859437751005, 0.08531271960646522, 0.08956497014500996, 0.07449425915800983, 0.08924798011187073, 0.08895661007110724, 0.08873911822521764, 0.08657342657342658, 0.0886603668704836, 0.07348029392117568]
Preds: [17, 17, 17, 284, 284, 284, 284, 284, 284, 35, 35, 35, 35, 35, 35, 284, 284, 35, 35, 35, 35, 35, 284, 284, 284, 284, 284, 284, 284, 284, 284, 284, 171, 171, 171, 35, 35, 35, 35, 35, 35, 35, 35, 35, 35, 35, 35, 35, 35, 35, 35, 35, 98, 98, 98, 48, 414, 414, 414, 414, 414, 414, 392, 320, 320, 47, 392, 392, 392, 392, 392, 392, 73, 73, 73, 73, 73, 73, 73, 73, 320, 320, 320, 320, 320, 392, 392, 392, 392, 392, 63, 63, 63, 63, 73, 73, 320, 320, 320, 320, 287, 287, 287, 287, 284, 284, 284, 171, 171, 171, 246, 246, 246, 246, 246, 246, 246, 246, 246, 246, 246, 246, 246, 246, 246, 132, 132, 132, 132, 182, 182, 182, 182, 182, 182, 182, 182, 182, 35, 35, 35, 246, 246, 246, 246, 246, 246, 246, 246, 246, 246, 246, 246, 246, 246, 246, 246, 246, 132, 132, 182, 182, 182, 182, 182, 246, 246, 246, 246, 246, 246, 246, 246, 246, 246, 246, 132, 132, 132, 182, 182, 303, 182, 182, 246, 246, 246, 246, 246, 246, 246, 246, 246, 246, 246, 246, 246, 246, 246, 132, 132, 132, 182, 182, 182, 182, 182, 182, 182, 182, 182, 182, 182, 182, 182, 182, 182, 182, 182, 182, 182, 182, 182, 182, 182, 182, 182, 182, 182, 182, 182, 182, 182, 182, 35, 182, 182, 182, 182, 182, 182, 98, 98, 98, 98, 98, 182, 182, 182, 182, 182, 182, 246, 246, 246, 246, 246, 246, 246, 246, 246, 132, 132, 132, 182, 182, 182, 182, 182, 182, 182, 182, 246, 182, 182, 182, 182, 182, 246, 246, 246, 246, 246, 246, 246, 246, 246, 246, 132, 132, 182, 98, 414, 414, 414, 414, 414, 414, 392, 392, 392, 392, 392, 392, 392, 392, 392, 392, 392, 392, 392, 392, 392, 392, 73, 73, 73, 320, 320, 320, 320, 320, 287, 287, 287, 287, 287, 287, 182, 182, 182, 182, 182, 182, 182, 182, 182, 182, 182, 182, 182, 182, 182, 182, 182, 182, 182, 182, 182, 182, 246, 246, 246, 246, 246, 246, 246, 246, 246, 246, 246, 246, 246, 246, 246, 132, 182, 182, 182, 182, 246, 246, 246, 246, 246, 246, 132, 355, 182, 182, 182, 182, 355, 355, 182, 182, 182, 182, 182, 182, 246, 246, 246, 246, 246, 246, 246, 246, 246, 246, 132, 355, 182, 182, 182, 182, 182, 182, 246, 246, 246, 246, 246, 246, 132, 132, 182, 182, 182, 182, 182, 182, 246, 246, 246, 246, 246, 246, 246, 132, 132, 182, 355, 246, 246, 246, 246, 246, 246, 246, 246, 246, 132, 19, 98, 48, 414, 414, 414, 414, 320, 320, 182, 182, 182, 182, 182, 182, 182, 182, 98, 48, 414, 414, 414, 392, 392, 392, 392, 392, 392, 392, 392, 392, 73, 392, 63, 63, 63, 63, 63, 63, 63, 63, 63, 73, 73, 73, 392, 63, 63, 63, 63, 63, 63, 63, 63, 63, 63, 63, 73, 73, 73, 73, 320, 320, 320, 320, 320, 320, 320, 320, 284, 284, 171, 171, 171, 171, 171, 171, 171, 246, 132, 182, 182, 182, 182, 182, 182, 182, 35, 246, 35, 182, 182, 182, 182, 182, 246, 246, 246, 246, 246, 246, 246, 246, 246, 246, 246, 246, 246, 246, 246, 246, 246, 246, 246, 246, 246, 246, 246, 246, 246, 246, 246, 246, 246, 246, 132, 132, 132, 182, 303, 303, 98, 98, 303, 182, 182, 182, 182, 182, 35, 246, 246, 246, 246, 246, 182, 182, 182, 182, 182, 182, 182, 182, 246, 246, 246, 246]

ep20
Train step Loss: [4.56312370300293, 4.404982089996338, 4.496108531951904, 4.48544979095459, 4.395488739013672, 4.435665130615234, 4.349510669708252, 4.481537342071533, 4.410545349121094, 4.362730503082275, 4.434441089630127, 4.440282821655273, 4.484243869781494, 4.469778060913086, 4.227444648742676, 4.377970218658447, 4.438124656677246, 4.474613666534424, 4.436439037322998, 4.475822925567627, 4.368729114532471, 4.506629467010498, 4.5218305587768555, 4.352917671203613, 4.337871074676514, 4.388361930847168, 4.459690570831299, 4.468783855438232, 4.509984970092773, 4.516745567321777, 4.443147659301758, 4.435030937194824, 4.37935209274292, 4.414103984832764, 4.457709312438965, 4.400404930114746, 4.501055717468262, 4.462163925170898, 4.33703088760376, 4.368033409118652, 4.40737771987915, 4.388976097106934, 4.368690013885498, 4.361420631408691, 4.480771064758301, 4.387762546539307, 4.415717124938965, 4.396135330200195, 4.51653528213501, 4.309009552001953, 4.37015962600708, 4.532088756561279, 4.448722839355469, 4.367497444152832, 4.326262950897217, 4.37917947769165, 4.356985092163086, 4.357908725738525, 4.438771724700928, 4.388547420501709, 4.381931304931641, 4.286538600921631, 4.316833972930908]
val step Loss: [4.72946310043335, 4.718321800231934, 4.7455339431762695, 4.77461051940918, 4.627756118774414, 4.84688138961792, 4.7498250007629395, 4.77608060836792, 4.787081718444824, 4.738587856292725, 4.802070140838623, 4.6887383460998535, 4.763108730316162, 4.743091106414795, 4.769068717956543, 4.802030086517334]
Train step Accs: [0.11966317033535234, 0.1496966499604326, 0.12607449856733524, 0.1291644632469593, 0.14007688611244595, 0.12195121951219512, 0.15284527355384855, 0.13120860927152317, 0.13596059113300493, 0.15359609914668834, 0.13586237318041464, 0.12735923869944488, 0.1296949256477081, 0.1289011467556975, 0.16559312936124532, 0.1598404663291916, 0.16015024756701382, 0.1314260169870362, 0.13725234619395205, 0.13625154130702835, 0.15539761813292355, 0.1245820869259194, 0.1339524412551006, 0.15100766392279308, 0.15303953521326344, 0.14690759512266785, 0.13088512241054615, 0.1472354843677807, 0.12292118582791034, 0.12025605852766347, 0.1481034713845329, 0.1361249309010503, 0.15428837787445618, 0.1387628063804954, 0.13329638353886655, 0.14378124081152602, 0.12324665090622537, 0.13403973509933775, 0.15978552278820377, 0.15033301617507136, 0.13416988416988418, 0.15092256741838828, 0.14129151913673918, 0.13837774179302223, 0.13764901580260605, 0.13525814251173376, 0.12985529322162986, 0.14963248162408121, 0.13347794649313088, 0.1481810115350488, 0.1389297265510144, 0.12888751353860436, 0.12640801001251564, 0.1405371642723298, 0.14715995048824096, 0.1367072982564419, 0.13073917290784762, 0.13209421112372305, 0.13287445757893163, 0.14317942547751542, 0.13548210871346628, 0.15092989985693847, 0.15553435114503816]
val step Accs: [0.1103967168262654, 0.09765572672471534, 0.0887296775971342, 0.09043968080112659, 0.10531088082901555, 0.08203070964172085, 0.0911594963273872, 0.09236423998102916, 0.08940489432703003, 0.09649002064693737, 0.0935792349726776, 0.10948810754912099, 0.09046120158751882, 0.10014238253440912, 0.09829819659639319, 0.09337964854924397]
Preds: [17, 17, 17, 17, 284, 17, 17, 287, 287, 287, 287, 287, 73, 287, 287, 287, 287, 287, 284, 284, 284, 284, 284, 284, 284, 35, 414, 414, 414, 414, 392, 392, 392, 392, 73, 73, 73, 320, 320, 320, 287, 284, 284, 284, 284, 171, 213, 246, 246, 246, 246, 246, 246, 35, 35, 246, 246, 246, 246, 246, 246, 246, 246, 246, 35, 35, 35, 98, 98, 98, 98, 98, 182, 284, 213, 246, 246, 246, 246, 35, 35, 35, 35, 35, 35, 246, 35, 250, 250, 250, 250, 250, 98, 98, 98, 98, 98, 98, 98, 287, 287, 35, 182, 182, 182, 182, 182, 182, 182, 182, 182, 35, 246, 246, 35, 35, 35, 35, 213, 246, 35, 250, 250, 250, 35, 35, 250, 250, 35, 182, 250, 98, 98, 98, 414, 414, 414, 414, 414, 414, 170, 392, 392, 244, 392, 392, 392, 392, 73, 73, 73, 73, 73, 320, 320, 320, 320, 287, 287, 284, 284, 171, 171, 284, 35, 182, 182, 182, 182, 182, 284, 246, 246, 246, 246, 246, 355, 250, 250, 250, 182, 250, 250, 250, 213, 246, 246, 246, 246, 246, 246, 246, 246, 355, 355, 19, 414, 414, 414, 414, 414, 414, 414, 414, 320, 320, 320, 287, 284, 284, 35, 182, 182, 98, 98, 98, 98, 320, 47, 47, 47, 47, 73, 392, 73, 73, 320, 320, 320, 287, 284, 284, 284, 35, 182, 182, 182, 182, 35, 284, 284, 246, 246, 246, 246, 246, 246, 246, 246, 246, 246, 19, 19, 414, 414, 414, 414, 414, 414, 320, 320, 320, 284, 213, 246, 246, 246, 246, 355, 250, 250, 182, 182, 355, 246, 246, 246, 246, 246, 246, 355, 355, 355, 250, 250, 250, 182, 355, 213, 246, 246, 355, 355, 182, 182, 355, 355, 355, 213, 246, 246, 246, 246, 246, 246, 246, 246, 246, 19, 98, 98, 414, 414, 414, 414, 414, 320, 320, 287, 182, 182, 182, 182, 182, 182, 182, 182, 182, 182, 250, 250, 246, 250, 250, 250, 355, 250, 250, 250, 250, 250, 246, 355, 246, 246, 246, 246, 246, 246, 246, 355, 246, 246, 246, 246, 246, 246, 246, 246, 246, 246, 246, 246, 246, 246, 246, 355, 246, 246, 246, 19, 454, 414, 414, 414, 414, 414, 414, 414, 170, 392, 392, 392, 392, 73, 320, 320, 320, 73, 73, 73, 73, 73, 73, 73, 320, 320, 320, 320, 284, 284, 284, 284, 171, 171, 240, 182, 182, 182, 182, 182, 213, 246, 246, 246, 246, 246, 246, 246, 246, 355, 19, 98, 98, 98, 98, 98, 98, 98, 182, 182, 182, 182, 182, 355, 213, 246, 246, 213, 355, 250, 250, 250, 250, 98, 98, 414, 414, 414, 414, 414, 170, 392, 392, 392, 73, 73, 320, 320, 320, 320, 284, 287, 320, 320, 320, 320, 320, 320, 320, 320, 287, 287, 153, 182, 182, 182, 284, 182, 98, 414, 320, 287, 284, 284, 284, 246, 246, 246, 246, 246, 246, 246, 246, 246, 246, 246, 246, 246, 246, 246, 246, 246, 246, 246, 246, 246, 246, 246, 246, 246, 246, 246, 246, 246, 246, 246, 246, 246, 246, 246, 246, 246, 246, 246, 246, 246, 246, 246, 246, 246, 246, 246, 246, 246, 246, 246, 246, 246, 246, 246, 246, 246, 246, 246, 246, 246, 246, 246, 246, 246, 246, 246, 246, 246, 246, 246, 246, 246, 246, 246, 246, 246, 246, 246, 246, 246, 246, 246, 246, 246, 246, 246, 246, 246, 246, 246, 246, 246, 246, 246, 246, 246, 246, 246, 246, 246, 246, 246, 246, 246, 246, 246, 246, 246, 246, 246, 246, 246, 246]

ep21
Train step Loss: [4.38460636138916, 4.50961446762085, 4.4152421951293945, 4.30372953414917, 4.266348838806152, 4.362864971160889, 4.3449578285217285, 4.374008655548096, 4.389199256896973, 4.30885648727417, 4.309823036193848, 4.287498474121094, 4.303831577301025, 4.352306842803955, 4.4000067710876465, 4.358457565307617, 4.221524238586426, 4.452721118927002, 4.421709060668945, 4.30984354019165, 4.258137226104736, 4.293973445892334, 4.235583305358887, 4.367297172546387, 4.316355228424072, 4.418233394622803, 4.3597187995910645, 4.379621505737305, 4.3116655349731445, 4.392236232757568, 4.290473937988281, 4.280734539031982, 4.22726583480835, 4.134634494781494, 4.303645133972168, 4.4142069816589355, 4.325567245483398, 4.246618270874023, 4.258455276489258, 4.386416912078857, 4.180398941040039, 4.25502872467041, 4.202408790588379, 4.430656433105469, 4.247555255889893, 4.223805904388428, 4.363961696624756, 4.350677967071533, 4.261103630065918, 4.431068420410156, 4.167022705078125, 4.321817398071289, 4.25407600402832, 4.050705432891846, 4.240875244140625, 4.298768997192383, 4.2970075607299805, 4.359064102172852, 4.252260684967041, 4.170248985290527, 4.229183197021484, 4.081774711608887, 4.409684181213379]
val step Loss: [4.649144172668457, 4.627223968505859, 4.7287468910217285, 4.677357196807861, 4.6491498947143555, 4.579033851623535, 4.706046104431152, 4.634337425231934, 4.642767429351807, 4.583003520965576, 4.61353063583374, 4.6679158210754395, 4.637813091278076, 4.7080817222595215, 4.624661445617676, 4.6616740226745605]
Train step Accs: [0.14576224921523134, 0.1322171804099515, 0.12572648558889812, 0.14192382541006393, 0.1617808219178082, 0.14290062395373612, 0.15215901302261822, 0.13655780625602867, 0.14336476698100314, 0.14445764725852997, 0.1336750242415847, 0.15305828043854589, 0.15444130337747358, 0.1332295719844358, 0.1386645126548196, 0.14275814275814275, 0.16239200863930886, 0.12102737060578544, 0.14322996622658887, 0.1395211350872007, 0.1565581521004998, 0.1420732611597212, 0.1656817222456733, 0.1406156604901375, 0.14258464473056748, 0.12452574525745258, 0.14231121981045552, 0.1323017408123791, 0.14343859649122806, 0.13122375524895022, 0.1396912731163075, 0.15271226415094338, 0.15514285714285714, 0.18309260832625318, 0.14987405541561713, 0.12852664576802508, 0.14190549961270332, 0.14643050297458085, 0.16443768996960487, 0.1420824295010846, 0.17034610454351232, 0.16268260292164674, 0.16590873451466207, 0.1269777420219898, 0.15728228228228228, 0.15958019375672766, 0.12612866817155757, 0.14394661582459486, 0.16104407781334645, 0.11869207003089598, 0.15972798142312158, 0.1404109589041096, 0.15873015873015872, 0.1892072844134976, 0.15160703456640387, 0.15231973169368362, 0.15237430167597765, 0.13725806451612904, 0.1687521136286777, 0.1615145688507617, 0.1597365702479339, 0.18454732185179334, 0.1239193083573487]
val step Accs: [0.11105577689243028, 0.10283018867924529, 0.09923204336696281, 0.09911167512690355, 0.10900801326333241, 0.11090360580376382, 0.09508196721311475, 0.09811227024341779, 0.10250847457627119, 0.12335653518948182, 0.10655516590234691, 0.09702597227829364, 0.10201629055948724, 0.09897987317342156, 0.11061327359283114, 0.09593430803124374]
Preds: [17, 17, 17, 284, 284, 284, 35, 35, 35, 35, 35, 35, 35, 35, 35, 35, 35, 35, 35, 35, 98, 98, 35, 35, 35, 35, 35, 35, 35, 35, 35, 35, 98, 414, 414, 414, 414, 414, 414, 47, 47, 244, 244, 244, 244, 320, 320, 320, 287, 73, 73, 244, 244, 320, 244, 244, 320, 320, 320, 320, 320, 287, 287, 287, 287, 284, 284, 284, 35, 35, 35, 35, 35, 98, 98, 287, 287, 287, 287, 287, 287, 287, 287, 284, 284, 35, 35, 35, 35, 35, 35, 35, 35, 35, 387, 284, 284, 171, 246, 246, 246, 246, 246, 246, 246, 246, 246, 246, 19, 19, 98, 303, 355, 250, 250, 35, 246, 246, 246, 246, 246, 246, 246, 246, 246, 355, 132, 355, 355, 250, 250, 250, 250, 182, 182, 182, 182, 182, 182, 182, 182, 182, 98, 98, 98, 98, 414, 414, 414, 414, 414, 170, 170, 320, 320, 284, 171, 246, 246, 246, 246, 246, 246, 246, 19, 19, 355, 355, 355, 250, 182, 182, 182, 182, 355, 35, 374, 374, 374, 374, 35, 35, 355, 98, 98, 98, 374, 246, 246, 246, 246, 246, 246, 19, 19, 98, 98, 98, 303, 355, 35, 374, 246, 246, 246, 246, 246, 246, 246, 374, 374, 374, 19, 98, 98, 98, 414, 414, 414, 320, 320, 320, 287, 182, 182, 182, 387, 284, 374, 374, 374, 35, 355, 250, 250, 182, 182, 182, 182, 182, 182, 182, 35, 387, 35, 35, 98, 98, 303, 98, 98, 98, 374, 246, 246, 246, 246, 246, 246, 246, 19, 19, 414, 414, 414, 414, 414, 170, 170, 244, 244, 244, 47, 47, 320, 320, 320, 320, 320, 320, 320, 47, 244, 73, 73, 73, 73, 392, 392, 392, 73, 320, 320, 320, 320, 284, 284, 153, 153, 182, 182, 182, 182, 182, 182, 284, 246, 246, 246, 246, 246, 246, 355, 19, 303, 303, 355, 355, 355, 213, 246, 246, 374, 355, 355, 355, 355, 355, 182, 182, 355, 374, 246, 246, 246, 246, 246, 246, 246, 246, 355, 355, 303, 98, 355, 374, 374, 246, 374, 374, 374, 355, 355, 355, 355, 355, 355, 355, 355, 182, 355, 355, 374, 374, 35, 355, 355, 355, 355, 182, 182, 182, 182, 182, 355, 387, 374, 246, 374, 355, 355, 355, 355, 213, 246, 246, 355, 355, 355, 355, 355, 355, 355, 355, 355, 355, 355, 355, 355, 182, 355, 355, 374, 374, 374, 374, 355, 355, 355, 355, 182, 303, 303, 303, 303, 182, 182, 355, 374, 355, 355, 182, 355, 355, 303, 355, 355, 374, 355, 355, 355, 355, 355, 374, 374, 355, 355, 355, 355, 246, 246, 246, 246, 246, 355, 355, 355, 355, 355, 374, 374, 374, 355, 355, 355, 303, 355, 374, 374, 374, 355, 355, 355, 355, 355, 182, 355, 355, 246, 246, 246, 246, 246, 246, 246, 246, 246, 355, 355, 355, 355, 355, 355, 98, 98, 355, 355, 355, 355, 355, 355, 355, 355, 355, 355, 182, 182, 355, 98, 98, 98, 48, 414, 414, 320, 320, 213, 246, 246, 246, 246, 246, 246, 246, 246, 246, 246, 246, 19, 19, 414, 414, 414, 414, 414, 414, 170, 392, 392, 392, 244, 73, 244, 73, 73, 73, 73, 320, 320, 320, 320, 392, 73, 320, 320, 73, 73, 73, 73, 320, 320, 320, 320, 284, 284, 284, 153, 153, 153, 387, 387, 35, 182, 355, 387, 387, 355, 355, 355, 355, 355, 182, 182, 355, 355, 355, 355, 355, 355, 387, 374, 355, 355, 303, 98, 98, 98, 98, 414, 414, 414, 170, 392, 392, 392, 73, 73, 73, 73, 73]

ep22
Train step Loss: [4.185199737548828, 4.1088690757751465, 4.23585319519043, 4.264370441436768, 4.366725444793701, 4.342720031738281, 4.224808692932129, 4.291327953338623, 4.40510892868042, 4.1515679359436035, 4.200581073760986, 4.317580699920654, 4.355958461761475, 4.167747974395752, 4.1768364906311035, 4.12242317199707, 4.298319339752197, 4.148473262786865, 4.244054794311523, 4.309689521789551, 4.243640899658203, 4.223545074462891, 4.285654544830322, 4.231653690338135, 4.140750408172607, 4.2718329429626465, 4.402112007141113, 4.09274959564209, 4.291449069976807, 4.126323223114014, 4.1972150802612305, 4.219091415405273, 4.258286476135254, 4.29231595993042, 4.168468952178955, 4.172025680541992, 4.0779242515563965, 4.172224998474121, 4.185204029083252, 4.219777584075928, 4.136921405792236, 4.151608467102051, 4.146674633026123, 4.03146505355835, 4.209526062011719, 4.191330909729004, 4.241026401519775, 4.187528133392334, 4.027105808258057, 4.303140163421631, 4.155803680419922, 4.176130771636963, 4.053591251373291, 4.201859951019287, 4.1881537437438965, 4.191163539886475, 4.051517486572266, 4.252081394195557, 4.196764945983887, 4.180603504180908, 4.040102005004883, 4.189324378967285, 4.1089372634887695]
val step Loss: [4.5483717918396, 4.553082466125488, 4.603724479675293, 4.582726001739502, 4.533938407897949, 4.575942516326904, 4.575741767883301, 4.506328582763672, 4.524271011352539, 4.517671585083008, 4.502870082855225, 4.5329694747924805, 4.616171360015869, 4.502772808074951, 4.570733070373535, 4.639202117919922]
Train step Accs: [0.1717595944967415, 0.18603778306017765, 0.15302208702552572, 0.16210588935157644, 0.1434622216149747, 0.12705817782656423, 0.158429777916797, 0.13348659003831417, 0.13300999412110523, 0.16022964509394572, 0.15711671124876814, 0.13771039087494782, 0.14206941290950373, 0.16685902720527618, 0.16424418604651161, 0.1718146718146718, 0.1419667590027701, 0.16084009038947228, 0.1575113808801214, 0.14062746334542015, 0.14857947274123368, 0.1578332603299752, 0.13579150007404117, 0.16046623024109852, 0.1811707733941034, 0.1486120996441281, 0.13528305113733538, 0.17886178861788618, 0.14085106382978724, 0.17004830917874397, 0.1626607043040805, 0.1669482414375672, 0.1582842724978974, 0.14870317002881844, 0.16767676767676767, 0.15159645827743493, 0.17588564325668116, 0.16009522392501116, 0.17307994345845767, 0.17704243783884838, 0.17967384973791498, 0.15786452353616534, 0.1547212741751991, 0.18058838980824796, 0.15872579980777152, 0.15760266370699222, 0.15452876376988983, 0.16527365866810462, 0.19382273948075202, 0.147848253111411, 0.15809357744841615, 0.1853071745668051, 0.17605004468275245, 0.1589158767772512, 0.1624569460390356, 0.1617351720444504, 0.17603053435114505, 0.14063408958696916, 0.16123019571295433, 0.15530903328050713, 0.18726591760299627, 0.15832241153342072, 0.155396080596191]
val step Accs: [0.10685783849587448, 0.11624180626365622, 0.10725677830940988, 0.10583516625695433, 0.11675057830997415, 0.1089820359281437, 0.09863475993250499, 0.1081782778018174, 0.1172331386086033, 0.11423964276854379, 0.12696719125100026, 0.11035460992907802, 0.10587015679668264, 0.11770194614769394, 0.10344827586206896, 0.09750423011844332]
Preds: [17, 17, 17, 284, 284, 284, 35, 35, 35, 35, 35, 35, 35, 35, 35, 35, 284, 284, 284, 284, 284, 284, 284, 35, 284, 284, 284, 284, 284, 240, 35, 35, 35, 35, 35, 35, 240, 240, 35, 35, 35, 35, 35, 98, 98, 98, 98, 48, 414, 414, 414, 414, 170, 170, 73, 47, 320, 47, 47, 73, 73, 73, 73, 244, 244, 244, 244, 244, 244, 244, 392, 63, 63, 73, 73, 73, 73, 73, 320, 320, 320, 320, 287, 287, 287, 284, 284, 284, 171, 171, 171, 171, 171, 246, 246, 246, 246, 246, 246, 246, 246, 246, 374, 240, 246, 374, 132, 132, 35, 35, 250, 35, 35, 35, 35, 486, 246, 246, 246, 246, 246, 246, 246, 246, 246, 246, 246, 246, 19, 19, 19, 303, 303, 250, 250, 374, 213, 213, 246, 246, 246, 246, 246, 246, 19, 355, 246, 246, 374, 246, 246, 246, 246, 246, 246, 246, 246, 374, 374, 246, 246, 246, 374, 374, 132, 132, 35, 132, 250, 250, 250, 182, 182, 250, 250, 250, 182, 182, 182, 182, 182, 182, 182, 182, 182, 250, 35, 35, 250, 98, 182, 182, 387, 374, 35, 182, 182, 250, 303, 250, 182, 182, 387, 35, 182, 182, 284, 171, 246, 246, 246, 246, 246, 374, 374, 355, 132, 132, 250, 250, 250, 182, 250, 182, 182, 182, 182, 284, 213, 246, 246, 246, 246, 246, 355, 355, 355, 355, 98, 414, 414, 414, 414, 414, 414, 170, 170, 170, 73, 73, 73, 73, 73, 392, 392, 392, 73, 73, 73, 320, 320, 320, 284, 284, 287, 287, 153, 153, 387, 182, 182, 182, 182, 182, 182, 182, 182, 182, 182, 182, 182, 182, 182, 182, 182, 303, 182, 284, 374, 182, 182, 182, 182, 182, 387, 374, 374, 374, 374, 132, 374, 374, 171, 246, 246, 246, 374, 355, 19, 355, 250, 182, 182, 355, 182, 250, 250, 250, 250, 250, 182, 182, 182, 182, 250, 250, 182, 374, 250, 182, 182, 250, 182, 355, 374, 374, 374, 374, 374, 374, 132, 132, 250, 182, 374, 213, 213, 246, 246, 374, 374, 355, 132, 132, 213, 246, 246, 246, 246, 246, 374, 355, 355, 303, 303, 303, 303, 250, 182, 182, 182, 250, 250, 250, 182, 303, 98, 98, 48, 414, 414, 414, 414, 170, 392, 392, 392, 73, 244, 320, 320, 392, 63, 63, 63, 73, 73, 320, 320, 320, 73, 392, 63, 63, 63, 63, 63, 73, 73, 73, 73, 73, 73, 320, 320, 320, 320, 320, 320, 284, 284, 284, 171, 284, 284, 240, 240, 240, 35, 35, 182, 182, 182, 182, 182, 182, 182, 182, 182, 182, 374, 284, 171, 246, 246, 246, 246, 246, 246, 246, 246, 246, 19, 19, 19, 303, 355, 355, 213, 246, 246, 246, 246, 246, 374, 132, 132, 355, 303, 303, 303, 303, 182, 182, 182, 182, 284, 374, 374, 374, 374, 132, 250, 250, 250, 182, 250, 374, 374, 374, 374, 374, 246, 246, 246, 246, 246, 19, 19, 414, 414, 414, 98, 303, 320, 320, 213, 213, 246, 246, 246, 246, 246, 355, 355, 355, 355, 355, 355, 355, 213, 213, 246, 246, 246, 374, 374, 374, 355, 132, 355, 303, 303, 303, 98, 98, 98, 48, 48, 98, 98, 320, 320, 182, 182, 182, 182, 387, 250, 98, 48, 48, 414, 414, 170, 392, 392, 392, 392, 392, 73, 73, 73, 73, 73, 73, 73, 392, 63, 63, 73, 63, 63, 63, 63, 73, 73, 73, 73, 73, 73, 320, 320, 320, 320, 320, 284, 284, 284, 284, 284, 284, 35, 182, 182, 182, 182, 387, 284, 284]

ep23
Train step Loss: [4.194089889526367, 4.053464412689209, 4.120867729187012, 4.200963497161865, 4.153855800628662, 4.184850215911865, 4.059220314025879, 4.0779008865356445, 4.103000640869141, 4.017953395843506, 4.039886951446533, 4.230238437652588, 4.201613903045654, 4.172937870025635, 4.114753246307373, 4.238137245178223, 4.2115654945373535, 4.17130708694458, 4.193068504333496, 4.123801231384277, 4.2029266357421875, 3.9414188861846924, 4.046846389770508, 4.250950336456299, 4.122796058654785, 4.055397033691406, 4.070784568786621, 4.156060218811035, 4.164487361907959, 4.029160499572754, 4.2441205978393555, 4.075258255004883, 4.022387504577637, 4.108846187591553, 4.1013054847717285, 4.104584693908691, 4.097446441650391, 4.276040554046631, 4.064827919006348, 3.9131064414978027, 4.139475345611572, 4.191415309906006, 4.154615879058838, 4.144152641296387, 4.035727024078369, 4.088845729827881, 4.106372833251953, 3.9562270641326904, 4.040332794189453, 3.9865925312042236, 3.965698003768921, 4.041354179382324, 4.103666305541992, 4.079457759857178, 4.153802394866943, 4.034602642059326, 4.123097896575928, 4.100301742553711, 4.088798999786377, 4.035808086395264, 4.115149974822998, 4.147336483001709, 4.1962361335754395]
val step Loss: [4.455380439758301, 4.315782070159912, 4.402980327606201, 4.52644681930542, 4.488953590393066, 4.489660263061523, 4.452147483825684, 4.455367565155029, 4.465433120727539, 4.527592658996582, 4.445684909820557, 4.4790496826171875, 4.458233833312988, 4.456604957580566, 4.499355316162109, 4.549438953399658]
Train step Accs: [0.14591332967635764, 0.18358189256961857, 0.17465848898801226, 0.16010033938320792, 0.1740702479338843, 0.15337062113629674, 0.1813201496525922, 0.18087714519204576, 0.17005887300252312, 0.18295914098452098, 0.1822529224229543, 0.1575242396068535, 0.16584031458368953, 0.169198105503838, 0.1701597537739997, 0.14886859865025803, 0.16778323656394223, 0.16640680368532956, 0.1537538338445126, 0.17223521550283996, 0.16445880452342487, 0.19148249717696403, 0.17381677276501523, 0.15045682287061599, 0.16443949517446177, 0.18562284588872477, 0.19596499035751372, 0.1773357847233829, 0.1741405082212257, 0.19179966978536048, 0.14653369792504423, 0.17651888341543515, 0.19117225566064774, 0.1870072532324188, 0.16776528370169316, 0.183875719833936, 0.1779969650986343, 0.1518697532434495, 0.18756211841544795, 0.20560612628232913, 0.1533801020408163, 0.14498781012476697, 0.16548209735818695, 0.1660456103741243, 0.17957446808510638, 0.17687268584448876, 0.18390979734877344, 0.19687135962722582, 0.18438996082982737, 0.18108223263740947, 0.1977543859649123, 0.1797181461571989, 0.17170996288895232, 0.15774843641417652, 0.18613718411552346, 0.18483266809947804, 0.1677568819841919, 0.17150537634408602, 0.1811503594873398, 0.18480349344978167, 0.16856529635132905, 0.17267924528301887, 0.16155088852988692]
val step Accs: [0.12204424103737604, 0.14400435551925955, 0.12611386138613861, 0.10525555876407738, 0.11559246078819033, 0.12177007581618443, 0.11763885012559308, 0.13137087945505413, 0.12762498306462539, 0.11486001435750179, 0.1303076531909484, 0.12191675231243576, 0.1344203363718064, 0.12356849992930864, 0.1186585192553645, 0.10490196078431373]
Preds: [17, 17, 17, 284, 284, 284, 284, 284, 35, 35, 35, 35, 35, 287, 287, 35, 387, 35, 35, 35, 35, 35, 284, 284, 284, 284, 284, 171, 246, 246, 246, 246, 246, 240, 35, 35, 35, 284, 284, 246, 246, 246, 246, 246, 246, 246, 246, 246, 246, 246, 246, 19, 19, 414, 414, 414, 414, 414, 414, 414, 170, 47, 47, 244, 47, 47, 47, 320, 320, 320, 287, 284, 284, 171, 171, 171, 171, 374, 132, 132, 132, 250, 250, 250, 250, 250, 182, 35, 374, 374, 374, 374, 240, 35, 35, 374, 374, 374, 374, 35, 35, 35, 182, 182, 182, 374, 374, 284, 486, 486, 246, 246, 246, 246, 19, 19, 414, 414, 414, 414, 414, 414, 414, 170, 392, 392, 244, 392, 73, 73, 320, 320, 73, 244, 244, 244, 320, 320, 287, 287, 287, 287, 153, 284, 284, 171, 171, 171, 246, 246, 246, 246, 246, 246, 246, 246, 246, 246, 19, 19, 414, 414, 414, 414, 414, 170, 320, 320, 320, 284, 284, 171, 213, 213, 213, 246, 246, 246, 246, 246, 246, 246, 246, 355, 132, 374, 246, 246, 246, 246, 246, 246, 246, 246, 374, 374, 355, 132, 355, 355, 355, 355, 355, 182, 182, 182, 182, 355, 182, 182, 250, 250, 303, 303, 303, 303, 303, 303, 303, 182, 374, 374, 355, 182, 182, 182, 182, 98, 98, 98, 98, 414, 98, 320, 287, 387, 387, 387, 213, 246, 213, 355, 132, 132, 355, 355, 355, 355, 284, 374, 355, 355, 213, 246, 246, 246, 246, 246, 246, 355, 19, 19, 303, 355, 355, 213, 213, 246, 374, 246, 246, 246, 374, 374, 374, 132, 355, 355, 355, 355, 355, 355, 355, 355, 355, 182, 182, 182, 182, 182, 182, 182, 182, 182, 182, 303, 98, 98, 98, 98, 48, 414, 414, 47, 320, 320, 188, 387, 182, 182, 182, 374, 303, 98, 98, 98, 414, 170, 47, 320, 320, 284, 284, 486, 486, 486, 486, 486, 486, 246, 246, 246, 246, 246, 246, 246, 246, 246, 246, 246, 246, 246, 246, 246, 246, 246, 246, 246, 246, 246, 246, 246, 246, 246, 246, 246, 246, 246, 246, 246, 246, 246, 246, 246, 246, 246, 246, 246, 246, 246, 246, 246, 246, 246, 246, 246, 246, 246, 246, 246, 246, 246, 246, 246, 246, 246, 246, 246, 246, 246, 246, 246, 246, 246, 246, 246, 246, 246, 246, 246, 246, 246, 246, 246, 246, 246, 246, 246, 246, 246, 246, 246, 246, 246, 246, 246, 246, 246, 246, 246, 246, 246, 246, 246, 246, 246, 246, 246, 246, 246, 246, 246, 246, 246, 246, 246, 246, 246, 246, 246, 246, 246, 246, 246, 246, 246, 246, 246, 246, 246, 246, 246, 246, 246, 246, 246, 246, 246, 246, 246, 246, 246, 246, 246, 246, 246, 246, 246, 246, 246, 246, 246, 246, 246, 246, 246, 246, 246, 246, 246, 246, 246, 246, 246, 246, 246, 246, 246, 246, 246, 246, 246, 246, 246, 246, 246, 246, 246, 246, 246, 246, 246, 246, 246, 246, 246, 246, 246, 246, 246, 246, 246, 246, 246, 246, 246, 246, 246, 246, 246, 246, 246, 246, 246, 246, 246, 246, 246, 246, 246, 246, 246, 246, 246, 246, 246, 246, 246, 246, 246, 246, 246, 246, 246, 246, 246, 246, 246, 246, 246, 246, 246, 246, 246, 246, 246, 246, 246, 246, 246, 246, 246, 246, 246, 246, 246, 246, 246, 246, 246, 246, 246, 246, 246, 246, 246, 246, 246, 246, 246, 246, 246, 246, 246, 246, 246, 246, 246, 246, 246, 246, 246, 246, 246, 246, 246, 246, 246, 246, 246]

ep24
Train step Loss: [4.021527290344238, 3.9183638095855713, 4.020931720733643, 4.167928218841553, 4.072269916534424, 4.155516624450684, 4.049806118011475, 4.102610111236572, 3.934403419494629, 3.922760009765625, 4.07883882522583, 4.057031154632568, 4.005483627319336, 4.21732759475708, 4.148728370666504, 3.9208643436431885, 4.034472465515137, 4.129282474517822, 4.095946311950684, 4.103973388671875, 3.9126739501953125, 4.060884475708008, 4.059164047241211, 4.119157314300537, 4.151443004608154, 4.02759313583374, 4.036572456359863, 4.069614410400391, 4.198749542236328, 4.034444808959961, 3.9784348011016846, 3.850804328918457, 3.97745680809021, 3.8308796882629395, 4.00634765625, 4.000036239624023, 3.996438980102539, 4.066751003265381, 3.934771776199341, 4.036849498748779, 4.114565849304199, 3.9501521587371826, 4.089690208435059, 3.9870240688323975, 3.943866729736328, 4.008190155029297, 4.007901668548584, 4.0723419189453125, 3.9954612255096436, 3.8950626850128174, 3.922978162765503, 4.10709285736084, 4.003408432006836, 3.9847054481506348, 3.9449665546417236, 4.073451042175293, 3.972668409347534, 3.9447240829467773, 3.9857914447784424, 4.052611827850342, 3.8590779304504395, 3.9793829917907715, 3.9641366004943848]
val step Loss: [4.399168968200684, 4.337943077087402, 4.346229553222656, 4.426145553588867, 4.431518077850342, 4.409827709197998, 4.434897422790527, 4.4949750900268555, 4.370415687561035, 4.374064922332764, 4.375804424285889, 4.328111171722412, 4.3730854988098145, 4.40312385559082, 4.287240505218506, 4.20454740524292]
Train step Accs: [0.18969042056074767, 0.20196295272325132, 0.19977894445979552, 0.18074383037886688, 0.16818247437563158, 0.17126229735347098, 0.17143607245996326, 0.18211256746337703, 0.20526777875329236, 0.2047644539614561, 0.17610872675250358, 0.169857936998147, 0.18923488798083699, 0.14313315086137499, 0.16044513311734046, 0.20094382706652458, 0.19345341184620712, 0.16010568031704095, 0.15947188844385107, 0.17377425944841676, 0.20713371721049265, 0.176109537299339, 0.17930825242718446, 0.16534412955465588, 0.17695995487873661, 0.1808806029353431, 0.18310727496917387, 0.16560990338164253, 0.15794917257683216, 0.1644936325045482, 0.1952422396286626, 0.20508274231678486, 0.19359865739630783, 0.2160033167495854, 0.18343271973036038, 0.19002443582003736, 0.18462736951441183, 0.17310810810810812, 0.19204515620897875, 0.19094517124797883, 0.17402799377916017, 0.2, 0.17950435365036838, 0.18777231201686578, 0.20138312586445367, 0.19205845856886805, 0.19526267840874584, 0.17501155446002156, 0.19640888328870687, 0.20860307869371314, 0.19844419749166534, 0.18151071025930102, 0.19636650868878358, 0.18029083721586897, 0.2022346368715084, 0.18777876895628903, 0.19572298541283104, 0.20197570417834734, 0.18672026614915443, 0.1867698994838359, 0.20442604680783313, 0.19522052363380776, 0.16671507406331687]
val step Accs: [0.1292212267401792, 0.14346481051817478, 0.13648943918426804, 0.12523439592820787, 0.12552708400908205, 0.1307048339184445, 0.12207554568030322, 0.10690423162583519, 0.14715719063545152, 0.13320191495353423, 0.13198163733741392, 0.1483342147012163, 0.12863280262825372, 0.1224373576309795, 0.1430722891566265, 0.15146964170778804]
Preds: [17, 17, 17, 284, 284, 284, 284, 284, 240, 35, 35, 35, 35, 35, 98, 287, 287, 287, 287, 287, 287, 387, 387, 387, 387, 387, 284, 284, 284, 284, 284, 284, 35, 35, 35, 284, 171, 246, 246, 246, 246, 246, 19, 19, 98, 35, 182, 387, 374, 284, 246, 246, 246, 246, 246, 246, 246, 246, 374, 19, 19, 355, 32, 486, 486, 486, 35, 35, 35, 250, 182, 182, 182, 182, 182, 250, 98, 98, 182, 182, 284, 284, 284, 171, 171, 246, 246, 246, 355, 35, 98, 182, 182, 182, 182, 303, 374, 284, 284, 171, 324, 246, 374, 246, 246, 246, 246, 246, 246, 246, 246, 374, 374, 374, 374, 19, 19, 454, 414, 414, 414, 414, 414, 414, 392, 392, 244, 244, 244, 244, 244, 244, 244, 244, 392, 73, 392, 63, 63, 73, 73, 73, 244, 244, 320, 320, 320, 287, 320, 284, 284, 284, 240, 35, 35, 303, 287, 287, 387, 284, 171, 240, 32, 240, 182, 182, 182, 182, 182, 182, 182, 182, 182, 387, 182, 182, 387, 182, 182, 182, 182, 182, 374, 32, 486, 284, 486, 486, 246, 374, 246, 246, 246, 246, 246, 246, 374, 19, 19, 355, 32, 32, 32, 32, 182, 182, 182, 182, 182, 182, 182, 182, 182, 98, 98, 182, 182, 387, 284, 213, 374, 182, 374, 374, 182, 182, 182, 303, 303, 182, 182, 98, 48, 48, 414, 414, 414, 414, 170, 392, 392, 392, 73, 244, 392, 392, 392, 392, 392, 392, 73, 73, 73, 244, 320, 320, 320, 320, 287, 287, 387, 387, 284, 284, 284, 240, 240, 35, 35, 182, 303, 303, 182, 387, 374, 32, 32, 182, 182, 182, 182, 182, 182, 303, 98, 98, 98, 303, 303, 287, 387, 387, 182, 182, 182, 182, 182, 182, 182, 98, 98, 48, 48, 414, 244, 244, 320, 287, 287, 287, 284, 284, 171, 171, 240, 240, 374, 374, 374, 374, 374, 374, 374, 374, 374, 32, 32, 132, 182, 182, 182, 182, 303, 182, 182, 182, 182, 374, 387, 387, 374, 486, 486, 486, 486, 246, 246, 246, 246, 355, 355, 355, 182, 182, 182, 182, 387, 387, 182, 250, 303, 303, 303, 303, 303, 303, 182, 182, 182, 182, 182, 182, 182, 182, 182, 182, 374, 387, 182, 182, 182, 182, 182, 303, 182, 98, 98, 98, 98, 48, 414, 414, 170, 392, 392, 392, 244, 73, 73, 73, 73, 244, 320, 392, 73, 73, 320, 320, 320, 320, 287, 287, 287, 287, 387, 387, 387, 387, 182, 182, 182, 182, 182, 182, 182, 182, 182, 182, 182, 182, 182, 182, 182, 182, 182, 182, 182, 182, 284, 284, 171, 171, 486, 246, 374, 374, 374, 374, 374, 355, 355, 98, 98, 98, 98, 303, 374, 486, 486, 486, 486, 486, 374, 374, 374, 374, 374, 374, 374, 374, 374, 246, 246, 246, 246, 246, 246, 246, 246, 246, 246, 246, 246, 246, 246, 246, 246, 246, 246, 246, 246, 246, 246, 246, 246, 246, 246, 246, 246, 246, 246, 246, 246, 246, 246, 246, 246, 246, 246, 246, 246, 246, 246, 246, 246, 246, 246, 246, 246, 246, 246, 246, 246, 246, 246, 246, 246, 246, 246, 246, 246, 246, 246, 246, 246, 246, 246, 246, 246, 246, 246, 246, 246, 246, 246, 246, 246, 246, 246, 246, 246, 246, 246, 246, 246, 246, 246, 246, 246, 246, 246, 246, 246, 246, 246, 246, 246, 246, 246, 246, 246, 246, 246, 246, 246, 246, 246, 246, 246, 246, 246, 246, 246, 246, 246, 246, 246, 246, 246, 246, 246, 246, 246, 246, 246, 246, 246, 246, 246, 246]

ep25
Train step Loss: [3.906355142593384, 3.8874094486236572, 4.072355270385742, 3.9696714878082275, 3.9165537357330322, 4.096154689788818, 3.9949915409088135, 3.985377311706543, 4.091409683227539, 3.96433424949646, 4.040563583374023, 3.874192714691162, 4.027029037475586, 3.8137996196746826, 3.8954174518585205, 4.00197696685791, 3.876168966293335, 3.9950978755950928, 3.8982601165771484, 3.885047197341919, 3.994532585144043, 3.9866816997528076, 3.865647554397583, 3.8608388900756836, 3.9308390617370605, 3.901362657546997, 4.0108184814453125, 3.947640895843506, 3.9253451824188232, 3.958482503890991, 3.9472739696502686, 3.868619680404663, 3.986868381500244, 3.899280548095703, 3.8091964721679688, 3.9930150508880615, 3.863525390625, 3.8861260414123535, 3.9324491024017334, 3.9870474338531494, 3.9067935943603516, 3.893784284591675, 3.969769239425659, 3.9876909255981445, 3.9860124588012695, 3.990917444229126, 3.9514594078063965, 3.971956968307495, 4.025886058807373, 4.029815673828125, 3.9380838871002197, 3.8857874870300293, 3.9517252445220947, 3.83056640625, 3.988276720046997, 3.9243855476379395, 3.833926200866699, 3.8374392986297607, 3.8314602375030518, 3.9168522357940674, 3.9505248069763184, 3.8592238426208496, 3.9663472175598145]
val step Loss: [4.206078052520752, 4.320931911468506, 4.347480297088623, 4.275032997131348, 4.348337650299072, 4.252086162567139, 4.4121551513671875, 4.266396999359131, 4.279964447021484, 4.274292469024658, 4.206650733947754, 4.2730231285095215, 4.237703800201416, 4.358209133148193, 4.363525867462158, 4.300543308258057]
Train step Accs: [0.1986965506278811, 0.2198504206918043, 0.16467298430946092, 0.19094845648833636, 0.2048255966430632, 0.15753424657534246, 0.18124906841556118, 0.18111898657819334, 0.1585475194261805, 0.19343065693430658, 0.18616655196145904, 0.21553046145266974, 0.1830778663396689, 0.21948142957252978, 0.20489179152260212, 0.17621000820344546, 0.2002241838307412, 0.18789856147115527, 0.1981365555393798, 0.2065657930289111, 0.1865798853246552, 0.18667055563657575, 0.20141134960305793, 0.20757381258023105, 0.21292775665399238, 0.19325903778200598, 0.19320089535534415, 0.2070943396226415, 0.20290519877675842, 0.20239978902953587, 0.1974167033612212, 0.20842678628644665, 0.19719318344551054, 0.19303496122976466, 0.20666985417164715, 0.1896700143472023, 0.21307249014255383, 0.20349040139616056, 0.19758721878056734, 0.1882591093117409, 0.20895283772981615, 0.20362184514473122, 0.18348361242307143, 0.16707297253372339, 0.19110932044050497, 0.18695585764472278, 0.17818936611847358, 0.19133871233327845, 0.18082788671023964, 0.1901498246732547, 0.19818562456385205, 0.20481555795647477, 0.1889965025558246, 0.2112892880051315, 0.18468601895734596, 0.19534024719420373, 0.21092521092521094, 0.20833333333333334, 0.2236503856041131, 0.19397207244573483, 0.1987167736021998, 0.2268309377138946, 0.17037647705413575]
val step Accs: [0.15719063545150502, 0.1378579003181336, 0.13959917069799585, 0.1512920255626563, 0.13153786104605777, 0.13623188405797101, 0.12568306010928962, 0.15793682526989206, 0.14357555946693487, 0.14573762123532413, 0.1424928275422378, 0.1568701331323788, 0.15931372549019607, 0.13582089552238805, 0.1305401168590566, 0.15045519885002395]
Preds: [17, 17, 17, 287, 284, 284, 284, 284, 443, 240, 35, 35, 35, 35, 35, 35, 35, 35, 35, 35, 35, 35, 35, 35, 35, 35, 98, 98, 98, 98, 98, 414, 414, 414, 47, 287, 287, 287, 287, 287, 387, 284, 387, 387, 387, 387, 387, 387, 284, 284, 284, 284, 35, 35, 35, 35, 35, 35, 35, 35, 387, 387, 387, 284, 284, 324, 324, 374, 19, 19, 35, 250, 250, 250, 250, 250, 284, 284, 284, 486, 240, 240, 240, 35, 35, 35, 35, 250, 250, 250, 250, 303, 182, 182, 182, 98, 98, 98, 98, 387, 387, 387, 387, 387, 374, 284, 324, 486, 324, 246, 246, 143, 240, 486, 486, 374, 35, 35, 35, 35, 182, 182, 182, 182, 182, 182, 182, 182, 182, 182, 182, 303, 98, 98, 98, 98, 287, 387, 387, 387, 182, 387, 387, 387, 35, 250, 250, 98, 303, 98, 98, 98, 303, 303, 320, 387, 387, 387, 387, 387, 387, 374, 374, 374, 374, 35, 182, 374, 35, 98, 48, 414, 414, 414, 414, 414, 170, 170, 392, 392, 392, 392, 392, 392, 392, 392, 392, 63, 63, 63, 63, 63, 63, 63, 63, 63, 63, 63, 63, 392, 392, 392, 73, 244, 320, 320, 320, 320, 320, 320, 284, 171, 171, 171, 171, 171, 240, 486, 246, 374, 374, 35, 19, 98, 303, 303, 303, 303, 303, 287, 387, 387, 324, 246, 246, 246, 246, 246, 374, 374, 355, 355, 355, 132, 182, 182, 387, 374, 284, 324, 374, 132, 132, 182, 182, 182, 387, 182, 182, 182, 303, 98, 303, 182, 387, 284, 486, 374, 387, 182, 182, 374, 387, 35, 98, 303, 387, 374, 284, 324, 324, 246, 246, 246, 374, 374, 374, 374, 246, 246, 246, 246, 355, 355, 355, 303, 303, 303, 98, 98, 98, 48, 98, 98, 244, 244, 320, 320, 320, 153, 387, 387, 387, 387, 374, 35, 303, 98, 98, 98, 414, 170, 244, 244, 320, 320, 284, 486, 486, 486, 486, 486, 486, 486, 486, 486, 374, 374, 374, 374, 374, 374, 374, 374, 374, 374, 374, 374, 374, 374, 374, 374, 374, 374, 374, 374, 374, 374, 374, 374, 374, 374, 374, 374, 374, 374, 374, 374, 374, 374, 374, 374, 374, 374, 374, 374, 374, 374, 374, 374, 374, 374, 374, 374, 374, 374, 374, 374, 374, 374, 374, 374, 374, 374, 374, 374, 374, 374, 374, 374, 374, 374, 374, 374, 374, 374, 374, 374, 374, 374, 374, 374, 374, 374, 374, 374, 374, 374, 374, 374, 374, 374, 374, 374, 374, 374, 374, 374, 374, 374, 374, 374, 374, 374, 374, 374, 374, 374, 374, 374, 374, 374, 374, 374, 374, 374, 374, 374, 374, 374, 374, 374, 374, 374, 374, 374, 374, 374, 374, 374, 374, 374, 374, 374, 374, 374, 374, 374, 374, 374, 374, 374, 374, 374, 374, 374, 374, 374, 374, 374, 374, 374, 374, 374, 374, 374, 374, 374, 374, 374, 374, 374, 374, 374, 374, 374, 374, 374, 374, 374, 374, 374, 374, 374, 374, 374, 374, 374, 374, 374, 374, 374, 374, 374, 374, 374, 374, 374, 374, 374, 374, 374, 374, 374, 374, 374, 374, 374, 374, 374, 374, 374, 374, 374, 374, 374, 374, 374, 374, 374, 374, 374, 374, 374, 374, 374, 374, 374, 374, 374, 374, 374, 374, 374, 374, 374, 374, 374, 374, 374, 374, 374, 374, 374, 374, 374, 374, 374, 374, 374, 374, 374, 374, 374, 374, 374, 374, 374, 374, 374, 374, 374, 374, 374, 374, 374, 374, 374, 374, 374, 374, 374, 374, 374, 374, 374, 374, 374, 374, 374]

ep26
Train step Loss: [3.869143009185791, 3.837472915649414, 3.820096254348755, 3.895498514175415, 3.8251640796661377, 3.868006467819214, 3.8299672603607178, 3.9705536365509033, 3.8270421028137207, 3.979473829269409, 3.947605609893799, 3.8278024196624756, 3.89697265625, 3.910339117050171, 3.9433178901672363, 3.9356307983398438, 3.850041389465332, 3.8771495819091797, 3.9130213260650635, 3.760596990585327, 3.893819570541382, 3.9813196659088135, 3.8498218059539795, 3.9802045822143555, 4.078351020812988, 3.708146095275879, 3.904068946838379, 3.864021062850952, 3.8188834190368652, 3.780329942703247, 3.883577346801758, 3.875542402267456, 3.854623317718506, 3.809544086456299, 3.8743457794189453, 3.8204400539398193, 3.941051483154297, 3.7502901554107666, 3.9793343544006348, 3.9168713092803955, 3.782073736190796, 3.8594062328338623, 3.7144250869750977, 3.8722758293151855, 3.9160170555114746, 3.8098301887512207, 3.8666927814483643, 3.974219560623169, 3.7403218746185303, 3.8573057651519775, 3.811119556427002, 3.846315860748291, 3.829336404800415, 3.823500633239746, 3.7748985290527344, 3.8230748176574707, 3.8182642459869385, 3.942584276199341, 3.802776575088501, 3.7986905574798584, 3.7996652126312256, 3.851386070251465, 3.7895357608795166]
val step Loss: [4.291379928588867, 4.263737678527832, 4.237422943115234, 4.405085563659668, 4.28836727142334, 4.204740524291992, 4.204122543334961, 4.17279052734375, 4.1917829513549805, 4.188425064086914, 4.172054767608643, 4.23581600189209, 4.145132064819336, 4.148796558380127, 4.17529821395874, 4.333950519561768]
Train step Accs: [0.21600941730429665, 0.22096118817430294, 0.21564994298745724, 0.18674698795180722, 0.21154970760233918, 0.19640702507038477, 0.2140164735446042, 0.1825120514193894, 0.20957477581718253, 0.1895699085868425, 0.2089822024471635, 0.22655724471949415, 0.20499181669394434, 0.18870832165872795, 0.18104410943606924, 0.20366345855324433, 0.2110120444235883, 0.22135896760600474, 0.21232981489980113, 0.22846984461416908, 0.2039993799410944, 0.18624321736354932, 0.21807747489239598, 0.1906187624750499, 0.1642771003617848, 0.2383226384121773, 0.21361120156300878, 0.19219829337667615, 0.1960656591974987, 0.21924216435365662, 0.20487465181058495, 0.20365962511157393, 0.20797536067433944, 0.21440587245756232, 0.1849912739965096, 0.21447459986082115, 0.2007498828308077, 0.2222680412371134, 0.18126760563380281, 0.194833488951136, 0.22926691197282761, 0.20718722271517304, 0.2421517054132021, 0.2113041223749028, 0.19433060109289618, 0.20672339238387502, 0.21384176045691247, 0.16692320848298273, 0.23487692949520234, 0.2067137809187279, 0.21085594989561587, 0.21173729430610164, 0.21690371991247265, 0.19932214331826986, 0.21873631985991537, 0.20781682951728161, 0.20075363825363826, 0.20370957514267596, 0.198199506316248, 0.2135227139335603, 0.21507042253521128, 0.20729988726042842, 0.22975708502024292]
val step Accs: [0.14440953129091386, 0.15121487715487986, 0.1484169690902265, 0.13256403039684772, 0.13766858058485779, 0.1524416135881104, 0.15564150440117364, 0.15582350602888564, 0.15914118412491868, 0.16170160598259165, 0.14758374519494782, 0.15278326095538886, 0.1532690246516613, 0.1600572655690766, 0.15110966057441252, 0.14018907078625778]
Preds: [17, 17, 284, 284, 443, 35, 35, 98, 17, 287, 287, 35, 35, 387, 284, 284, 284, 284, 284, 240, 240, 35, 98, 98, 98, 287, 287, 387, 35, 284, 284, 443, 486, 486, 443, 240, 240, 443, 19, 19, 414, 414, 414, 414, 414, 170, 47, 170, 392, 73, 73, 73, 73, 73, 244, 244, 320, 320, 320, 244, 73, 244, 244, 244, 244, 73, 73, 244, 244, 320, 320, 287, 287, 284, 284, 284, 284, 284, 240, 284, 240, 240, 240, 240, 240, 240, 240, 19, 98, 98, 98, 98, 303, 287, 287, 287, 287, 287, 387, 387, 387, 387, 387, 387, 443, 443, 240, 486, 240, 240, 35, 35, 35, 182, 284, 284, 324, 324, 324, 246, 246, 240, 240, 240, 240, 486, 374, 374, 240, 240, 240, 240, 35, 35, 35, 182, 182, 182, 182, 250, 182, 182, 284, 284, 324, 355, 35, 250, 250, 250, 182, 387, 374, 374, 374, 35, 182, 182, 182, 182, 182, 182, 182, 387, 374, 486, 284, 486, 374, 374, 374, 240, 374, 486, 486, 324, 246, 374, 355, 355, 303, 355, 182, 387, 387, 284, 324, 324, 246, 246, 246, 246, 246, 246, 434, 19, 355, 240, 324, 434, 374, 374, 355, 355, 355, 355, 303, 250, 182, 182, 182, 182, 387, 284, 324, 324, 374, 374, 374, 374, 374, 374, 374, 35, 132, 355, 98, 48, 48, 414, 414, 414, 414, 414, 170, 170, 170, 170, 170, 244, 320, 244, 244, 244, 244, 244, 392, 63, 73, 392, 63, 63, 63, 63, 63, 63, 63, 63, 63, 73, 63, 73, 73, 320, 320, 320, 320, 320, 287, 287, 153, 153, 153, 153, 153, 182, 182, 182, 182, 387, 387, 284, 443, 284, 240, 240, 486, 486, 374, 374, 374, 374, 374, 374, 374, 374, 32, 32, 32, 32, 32, 32, 182, 35, 35, 250, 250, 387, 284, 486, 171, 213, 246, 246, 246, 246, 246, 246, 246, 246, 246, 19, 19, 19, 454, 414, 414, 414, 414, 414, 170, 170, 170, 170, 244, 244, 244, 244, 244, 244, 73, 244, 392, 73, 392, 63, 63, 63, 63, 63, 63, 63, 63, 63, 63, 73, 63, 63, 63, 73, 244, 392, 63, 73, 392, 73, 73, 244, 73, 244, 320, 320, 320, 7, 7, 287, 284, 284, 284, 284, 240, 240, 240, 35, 35, 182, 182, 182, 182, 182, 182, 182, 182, 182, 284, 213, 171, 32, 355, 182, 374, 486, 374, 374, 374, 374, 19, 355, 98, 48, 98, 98, 303, 287, 287, 287, 287, 284, 284, 213, 213, 213, 246, 246, 240, 355, 32, 32, 32, 32, 32, 374, 374, 32, 35, 132, 182, 387, 387, 182, 182, 284, 284, 171, 486, 264, 264, 324, 246, 246, 464, 374, 355, 355, 32, 355, 182, 355, 355, 303, 250, 303, 303, 303, 303, 303, 182, 182, 182, 182, 182, 182, 182, 182, 182, 182, 182, 182, 182, 182, 182, 387, 387, 182, 355, 355, 250, 182, 182, 182, 182, 182, 182, 387, 387, 387, 387, 387, 284, 284, 171, 324, 324, 246, 246, 246, 246, 246, 246, 246, 374, 374, 374, 374, 246, 246, 246, 246, 355, 355, 355, 355, 19, 414, 98, 303, 374, 374, 374, 374, 374, 374, 374, 374, 374, 374, 374, 374, 374, 374, 374, 374, 374, 374, 374, 374, 374, 374, 374, 374, 374, 374, 374, 374, 374, 374, 374, 374, 374, 374, 374, 374, 374, 374, 374, 374, 374, 374, 374, 374, 374, 374, 374, 374, 374, 374, 374, 374, 374, 374, 374, 374, 374, 374, 374, 374, 374, 374, 374, 374, 374, 374, 374, 374, 374, 374, 374, 374, 374, 374]

