ep1
Train step Loss: [6.2159199714660645, 6.212959289550781, 6.2094550132751465, 6.204192161560059, 6.197122097015381, 6.1961894035339355, 6.184768199920654, 6.180754661560059, 6.177577018737793, 6.171238422393799, 6.162586688995361, 6.14958381652832, 6.131549835205078, 6.111701011657715, 6.11223840713501, 6.099968910217285, 6.0882062911987305, 6.0528435707092285, 6.031655311584473, 6.033694744110107, 6.025460720062256, 5.987932205200195, 5.9656171798706055, 5.954543113708496, 5.91706657409668, 5.900524616241455, 5.86182975769043, 5.833103656768799, 5.826629638671875, 5.797850608825684, 5.740596771240234, 5.751609802246094, 5.751698017120361, 5.705157279968262, 5.714447975158691, 5.667828559875488, 5.653674125671387, 5.611728668212891, 5.659197807312012, 5.631861686706543, 5.618208885192871, 5.604107856750488, 5.512277126312256, 5.523594379425049, 5.6104631423950195, 5.540679454803467, 5.523505687713623, 5.537481784820557, 5.503884792327881, 5.614730358123779, 5.446412086486816, 5.565873146057129, 5.4902238845825195, 5.445248603820801, 5.484483242034912, 5.476486682891846, 5.424155235290527, 5.422093391418457, 5.498458385467529, 5.374269485473633, 5.504576683044434, 5.475127696990967, 5.416834831237793]
val step Loss: [5.703476905822754, 5.619654655456543, 5.634340763092041, 5.689891815185547, 5.644003868103027, 5.667457103729248, 5.645884037017822, 5.6481547355651855, 5.755248069763184, 5.637400150299072, 5.724850177764893, 5.649593353271484, 5.661189079284668, 5.634753704071045, 5.652711868286133, 5.719698905944824]
Train step Accs: [0.003054854562358879, 0.0023349937733499375, 0.005033308660251665, 0.008998119795863551, 0.026341600112091915, 0.022559591373439273, 0.02762102762102762, 0.03007751937984496, 0.025525331958231274, 0.03559925411086625, 0.0433825840930525, 0.03297644539614561, 0.028473049927161966, 0.05043362241494329, 0.023918647951876253, 0.03221895028581327, 0.026048284625158832, 0.03910191725529768, 0.03374777975133215, 0.035954168312919796, 0.024126586244712516, 0.03257942918686053, 0.027788649706457925, 0.027201346045989904, 0.02919203099059214, 0.029146537842190016, 0.03490423387096774, 0.049508043104794626, 0.03693887692562531, 0.030332544872686797, 0.0628722700198544, 0.03285787060621498, 0.02407566638005159, 0.053145647802355644, 0.04016521862982481, 0.03653460767689225, 0.0432550178932628, 0.05055469737396433, 0.028929188255613126, 0.022111582955044663, 0.03, 0.026629509211952316, 0.054917692626919354, 0.05053661187338677, 0.028140229523659802, 0.03819759160947818, 0.03635526921306949, 0.03413709021945272, 0.03654850233580654, 0.024193548387096774, 0.04461457233368532, 0.022029778182923124, 0.036851683348498636, 0.04334455996485576, 0.03683083511777302, 0.02291448255204433, 0.047187880898485114, 0.0337546468401487, 0.02507462686567164, 0.05188536953242836, 0.023507355062013267, 0.030918881361820392, 0.031071655041217502]
val step Accs: [0.007415931466564378, 0.011725067385444744, 0.0075570411277430605, 0.005523408732246186, 0.019063896923481462, 0.018710493046776234, 0.016308568470100957, 0.0015727766657134686, 0.0010464355788096795, 0.01238390092879257, 0.005626344530862155, 0.02033476276110112, 0.007147673634524612, 0.020533095268460654, 0.011216963736939152, 0.010717896865520727]
Preds: [63, 63, 63, 63, 63, 63, 63, 63, 63, 63, 63, 63, 63, 63, 63, 63, 63, 63, 63, 63, 63, 63, 63, 63, 63, 63, 63, 63, 63, 63, 63, 63, 63, 63, 63, 63, 63, 63, 63, 63, 63, 63, 63, 63, 63, 63, 63, 63, 63, 63, 63, 63, 63, 63, 63, 63, 63, 63, 63, 63, 63, 63, 63, 63, 63, 63, 63, 63, 63, 63, 63, 63, 63, 63, 63, 63, 63, 63, 63, 63, 63, 63, 63, 63, 63, 63, 63, 63, 63, 63, 63, 63, 63, 63, 63, 63, 63, 63, 63, 63, 63, 63, 63, 63, 63, 63, 63, 63, 63, 63, 63, 63, 63, 63, 63, 63, 63, 63, 63, 63, 63, 63, 63, 63, 63, 63, 63, 63, 63, 63, 63, 63, 63, 63, 63, 63, 63, 63, 63, 63, 63, 63, 63, 63, 63, 63, 63, 63, 63, 63, 63, 63, 63, 63, 63, 63, 63, 63, 63, 63, 63, 63, 63, 63, 63, 63, 63, 63, 63, 63, 63, 63, 63, 63, 63, 63, 63, 63, 63, 63, 63, 63, 63, 63, 63, 63, 63, 63, 63, 63, 63, 63, 63, 63, 63, 63, 63, 63, 63, 63, 63, 63, 63, 63, 63, 63, 63, 63, 63, 63, 63, 63, 63, 63, 63, 63, 63, 63, 63, 63, 63, 63, 63, 63, 63, 63, 63, 63, 63, 63, 63, 63, 63, 63, 63, 63, 63, 63, 63, 63, 63, 63, 63, 63, 63, 63, 63, 63, 63, 63, 63, 63, 63, 63, 63, 63, 63, 63, 63, 63, 63, 63, 63, 63, 63, 63, 63, 63, 63, 63, 63, 63, 63, 63, 63, 63, 63, 63, 63, 63, 63, 63, 63, 63, 63, 63, 63, 63, 63, 63, 63, 63, 63, 63, 63, 63, 63, 63, 63, 63, 63, 63, 63, 63, 63, 63, 63, 63, 63, 63, 63, 63, 63, 63, 63, 63, 63, 63, 63, 63, 63, 63, 63, 63, 63, 63, 63, 63, 63, 63, 63, 63, 63, 63, 63, 63, 63, 63, 63, 63, 63, 63, 63, 63, 63, 63, 63, 63, 63, 63, 63, 63, 63, 63, 63, 63, 63, 63, 63, 63, 63, 63, 63, 63, 63, 63, 63, 63, 63, 63, 63, 63, 63, 63, 63, 63, 63, 63, 63, 63, 63, 63, 63, 63, 63, 63, 63, 63, 63, 63, 63, 63, 63, 63, 63, 63, 63, 63, 63, 63, 63, 63, 63, 63, 63, 63, 63, 63, 63, 63, 63, 63, 63, 63, 63, 63, 63, 63, 63, 63, 63, 63, 63, 63, 63, 63, 63, 63, 63, 63, 63, 63, 63, 63, 63, 63, 63, 63, 63, 63, 63, 63, 63, 63, 63, 63, 63, 63, 63, 63, 63, 63, 63, 63, 63, 63, 63, 63, 63, 63, 63, 63, 63, 63, 63, 63, 63, 63, 63, 63, 63, 63, 63, 63, 63, 63, 63, 63, 63, 63, 63, 63, 63, 63, 63, 63, 63, 63, 63, 63, 63, 63, 63, 63, 63, 63, 63, 63, 63, 63, 63, 63, 63, 63, 63, 63, 63, 63, 63, 63, 63, 63, 63, 63, 63, 63, 63, 63, 63, 63, 63, 63, 63, 63, 63, 63, 63, 63, 63, 63, 63, 63, 63, 63, 63, 63, 63, 63, 63, 63, 63, 63, 63, 63, 63, 63, 63, 63, 63, 63, 63, 63, 63, 63, 63, 63, 63, 63, 63, 63, 63, 63, 63, 63, 63, 63, 63, 63, 63, 63, 63, 63, 63, 63, 63, 63, 63, 63, 63, 63, 63, 63, 63, 63, 63, 63, 63, 63, 63, 63, 63, 63, 63, 63, 63, 63, 63, 63, 63, 63]

ep2
Train step Loss: [5.408773422241211, 5.485384464263916, 5.455979347229004, 5.409933090209961, 5.353043079376221, 5.397988796234131, 5.354752540588379, 5.4055609703063965, 5.460078716278076, 5.421759605407715, 5.39000129699707, 5.414439678192139, 5.394585609436035, 5.416229724884033, 5.422862529754639, 5.398172855377197, 5.44174861907959, 5.407302379608154, 5.389392375946045, 5.4071364402771, 5.488443374633789, 5.410632610321045, 5.412522315979004, 5.43809700012207, 5.382054328918457, 5.429807186126709, 5.404603481292725, 5.381087303161621, 5.398396015167236, 5.384253025054932, 5.280150413513184, 5.368579387664795, 5.405859470367432, 5.3645920753479, 5.403985977172852, 5.377951622009277, 5.415091037750244, 5.3871026039123535, 5.419288158416748, 5.4160542488098145, 5.416344165802002, 5.4069437980651855, 5.341052055358887, 5.364593982696533, 5.457652568817139, 5.39559268951416, 5.398900032043457, 5.412558078765869, 5.382104873657227, 5.503798961639404, 5.369111061096191, 5.463633060455322, 5.417228698730469, 5.3677754402160645, 5.408297061920166, 5.40944766998291, 5.366977691650391, 5.358399868011475, 5.441277027130127, 5.32000732421875, 5.448660373687744, 5.429351329803467, 5.359679222106934]
val step Loss: [5.669604778289795, 5.573157787322998, 5.589020729064941, 5.639838695526123, 5.59898567199707, 5.624497890472412, 5.592698574066162, 5.597713947296143, 5.7118916511535645, 5.591825008392334, 5.6889238357543945, 5.602529525756836, 5.6194868087768555, 5.585084438323975, 5.610047817230225, 5.682322978973389]
Train step Accs: [0.028423429406295657, 0.022571606475716065, 0.01628423390081421, 0.0351866774106903, 0.06066974919433936, 0.03064699205448354, 0.04351054351054351, 0.02930232558139535, 0.02462292123243522, 0.03559925411086625, 0.0433825840930525, 0.03297644539614561, 0.028473049927161966, 0.05043362241494329, 0.023918647951876253, 0.03221895028581327, 0.026048284625158832, 0.03910191725529768, 0.03374777975133215, 0.035954168312919796, 0.024126586244712516, 0.03257942918686053, 0.027788649706457925, 0.027201346045989904, 0.02919203099059214, 0.029146537842190016, 0.03490423387096774, 0.049508043104794626, 0.03693887692562531, 0.030332544872686797, 0.0628722700198544, 0.03285787060621498, 0.02407566638005159, 0.053145647802355644, 0.04016521862982481, 0.03653460767689225, 0.0432550178932628, 0.05055469737396433, 0.028929188255613126, 0.022111582955044663, 0.03, 0.026629509211952316, 0.054917692626919354, 0.05053661187338677, 0.028140229523659802, 0.03819759160947818, 0.03635526921306949, 0.03413709021945272, 0.03654850233580654, 0.024193548387096774, 0.04461457233368532, 0.022029778182923124, 0.036851683348498636, 0.04334455996485576, 0.03683083511777302, 0.02291448255204433, 0.047187880898485114, 0.0337546468401487, 0.02507462686567164, 0.05188536953242836, 0.02379578886645515, 0.03248219558797985, 0.03329105897273304]
val step Accs: [0.009205983889528193, 0.013207547169811321, 0.009155645981688708, 0.007233035244608101, 0.020773073889034974, 0.020101137800252845, 0.01799119855034947, 0.0031455533314269373, 0.002354480052321779, 0.013415892672858616, 0.0072811517458216115, 0.022409738553050215, 0.008361429534726905, 0.022063512307103687, 0.01290719114935464, 0.012335692618806876]
Preds: [17, 63, 63, 63, 63, 63, 63, 63, 63, 63, 63, 63, 63, 63, 63, 63, 63, 63, 63, 63, 63, 63, 63, 63, 63, 63, 63, 63, 63, 63, 63, 63, 63, 63, 63, 63, 63, 63, 63, 63, 63, 63, 63, 63, 63, 63, 63, 63, 63, 63, 63, 63, 63, 63, 63, 63, 63, 63, 63, 63, 63, 63, 63, 63, 63, 63, 63, 63, 63, 63, 63, 63, 63, 63, 63, 63, 63, 63, 63, 63, 63, 63, 63, 63, 63, 63, 63, 63, 63, 63, 63, 63, 63, 63, 63, 63, 63, 63, 63, 63, 63, 63, 63, 63, 63, 63, 63, 63, 63, 63, 63, 63, 63, 63, 63, 63, 63, 63, 63, 63, 63, 63, 63, 63, 63, 63, 63, 63, 63, 63, 63, 63, 63, 63, 63, 63, 63, 63, 63, 63, 63, 63, 63, 63, 63, 63, 63, 63, 63, 63, 63, 63, 63, 63, 63, 63, 63, 63, 63, 63, 63, 63, 63, 63, 63, 63, 63, 63, 63, 63, 63, 63, 63, 63, 63, 63, 63, 63, 63, 63, 63, 63, 63, 63, 63, 63, 63, 63, 63, 63, 63, 63, 63, 63, 63, 63, 63, 63, 63, 63, 63, 63, 63, 63, 63, 63, 63, 63, 63, 63, 63, 63, 63, 63, 63, 63, 63, 63, 63, 63, 63, 63, 63, 63, 63, 63, 63, 63, 63, 63, 63, 63, 63, 63, 63, 63, 63, 63, 63, 63, 63, 63, 63, 63, 63, 63, 63, 63, 63, 63, 63, 63, 63, 63, 63, 63, 63, 63, 63, 63, 63, 63, 63, 63, 63, 63, 63, 63, 63, 63, 63, 63, 63, 63, 63, 63, 63, 63, 63, 63, 63, 63, 63, 63, 63, 63, 63, 63, 63, 63, 63, 63, 63, 63, 63, 63, 63, 63, 63, 63, 63, 63, 63, 63, 63, 63, 63, 63, 63, 63, 63, 63, 63, 63, 63, 63, 63, 63, 63, 63, 63, 63, 63, 63, 63, 63, 63, 63, 63, 63, 63, 63, 63, 63, 63, 63, 63, 63, 63, 63, 63, 63, 63, 63, 63, 63, 63, 63, 63, 63, 63, 63, 63, 63, 63, 63, 63, 63, 63, 63, 63, 63, 63, 63, 63, 63, 63, 63, 63, 63, 63, 63, 63, 63, 63, 63, 63, 63, 63, 63, 63, 63, 63, 63, 63, 63, 63, 63, 63, 63, 63, 63, 63, 63, 63, 63, 63, 63, 63, 63, 63, 63, 63, 63, 63, 63, 63, 63, 63, 63, 63, 63, 63, 63, 63, 63, 63, 63, 63, 63, 63, 63, 63, 63, 63, 63, 63, 63, 63, 63, 63, 63, 63, 63, 63, 63, 63, 63, 63, 63, 63, 63, 63, 63, 63, 63, 63, 63, 63, 63, 63, 63, 63, 63, 63, 63, 63, 63, 63, 63, 63, 63, 63, 63, 63, 63, 63, 63, 63, 63, 63, 63, 63, 63, 63, 63, 63, 63, 63, 63, 63, 63, 63, 63, 63, 63, 63, 63, 63, 63, 63, 63, 63, 63, 63, 63, 63, 63, 63, 63, 63, 63, 63, 63, 63, 63, 63, 63, 63, 63, 63, 63, 63, 63, 63, 63, 63, 63, 63, 63, 63, 63, 63, 63, 63, 63, 63, 63, 63, 63, 63, 63, 63, 63, 63, 63, 63, 63, 63, 63, 63, 63, 63, 63, 63, 63, 63, 63, 63, 63, 63, 63, 63, 63, 63, 63, 63, 63, 63, 63, 63, 63, 63, 63, 63, 63, 63, 63, 63, 63, 63, 63, 63, 63, 63, 63, 63, 63, 63, 63, 63, 63, 63, 63, 63, 63, 63, 63, 63, 63, 63, 63, 63, 63, 63, 63, 63, 63, 63, 63]

ep3
Train step Loss: [5.398708343505859, 5.407791614532471, 5.451416492462158, 5.337367057800293, 5.401663780212402, 5.366501808166504, 5.357463836669922, 5.3966965675354, 5.427551746368408, 5.386135578155518, 5.423760890960693, 5.430425643920898, 5.330350875854492, 5.390970706939697, 5.421602725982666, 5.378431797027588, 5.348690986633301, 5.456503391265869, 5.377678871154785, 5.415066242218018, 5.427025318145752, 5.372684001922607, 5.39766263961792, 5.331524848937988, 5.391586780548096, 5.353442668914795, 5.329092025756836, 5.323479652404785, 5.378879547119141, 5.396827220916748, 5.376811504364014, 5.3749613761901855, 5.396583080291748, 5.346673965454102, 5.386122226715088, 5.386549472808838, 5.425543308258057, 5.419131755828857, 5.383633613586426, 5.384252071380615, 5.384453296661377, 5.407820224761963, 5.36536979675293, 5.3244452476501465, 5.349740505218506, 5.458353042602539, 5.3677873611450195, 5.3631911277771, 5.3651604652404785, 5.358304023742676, 5.347506523132324, 5.42762565612793, 5.424147129058838, 5.4301533699035645, 5.357959747314453, 5.366634368896484, 5.385617733001709, 5.449195384979248, 5.308729648590088, 5.326112270355225, 5.417662143707275, 5.319061279296875, 5.437365531921387]
val step Loss: [5.643518447875977, 5.639240741729736, 5.647864818572998, 5.621054649353027, 5.669708728790283, 5.563115119934082, 5.649979591369629, 5.662210464477539, 5.677941799163818, 5.649316310882568, 5.628920078277588, 5.601497173309326, 5.593924522399902, 5.590404987335205, 5.5620880126953125, 5.585408687591553]
Train step Accs: [0.026335478078707168, 0.026469390525315595, 0.03207086133170434, 0.05826155050900548, 0.02337334175615919, 0.05651302605210421, 0.04305705059203445, 0.023675762439807384, 0.019508057675996608, 0.036151689538143725, 0.027462257368799425, 0.023742580443611373, 0.048162230671736375, 0.030666859539997107, 0.03257811343106767, 0.039946898382814386, 0.03768115942028986, 0.01407180227313729, 0.05378973105134474, 0.03388776620550288, 0.02561408117693419, 0.03630907726931733, 0.026764333004648543, 0.04134029590948651, 0.029800863389500068, 0.048034934497816595, 0.06635268042665189, 0.04682779456193353, 0.04444105070250458, 0.04474053295932679, 0.02869846402586904, 0.043412969283276454, 0.03606908146110347, 0.0540439806187104, 0.04231927710843374, 0.05023196288593825, 0.033836858006042296, 0.03467446964155084, 0.045185505991049514, 0.03733852415501681, 0.04205782951558393, 0.03906495136491999, 0.03116073747078681, 0.05203276699029126, 0.047762832830085096, 0.017303822937625755, 0.04558011049723757, 0.03851463279955825, 0.030074191838897722, 0.055075915451027094, 0.0393204548568297, 0.03129470672389127, 0.03306681122103266, 0.02690863579474343, 0.04281949934123847, 0.06274445893089961, 0.03751233958538993, 0.020225464190981434, 0.07162610619469026, 0.04281834158811312, 0.033553025763930495, 0.036976778583049846, 0.02710753649091451]
val step Accs: [0.006508533410471507, 0.016303583977512297, 0.009872531867033242, 0.008293838862559242, 0.008995898928429686, 0.026833631484794274, 0.010363373999737637, 0.017055655296229804, 0.009148486980999296, 0.014119705110583532, 0.011241446725317693, 0.018810087780409643, 0.02758514408999846, 0.01820114255347416, 0.014433302947432392, 0.023415421881308032]
Preds: [17, 17, 17, 63, 63, 63, 63, 63, 63, 63, 63, 63, 63, 63, 63, 63, 63, 63, 63, 63, 63, 63, 63, 63, 63, 63, 63, 63, 63, 63, 63, 63, 63, 63, 63, 63, 63, 63, 63, 63, 63, 63, 63, 63, 63, 63, 63, 63, 63, 63, 63, 63, 63, 63, 63, 63, 63, 63, 63, 63, 63, 63, 63, 63, 63, 63, 63, 63, 63, 63, 63, 63, 63, 63, 63, 63, 63, 63, 63, 63, 63, 63, 63, 63, 63, 63, 63, 63, 63, 63, 63, 63, 63, 63, 63, 63, 63, 63, 63, 63, 63, 63, 63, 63, 63, 63, 63, 63, 63, 63, 63, 63, 63, 63, 63, 63, 63, 63, 63, 63, 63, 63, 63, 63, 63, 63, 63, 63, 63, 63, 63, 63, 63, 63, 63, 63, 63, 63, 63, 63, 63, 63, 63, 63, 63, 63, 63, 63, 63, 63, 63, 63, 63, 63, 63, 63, 63, 63, 63, 63, 63, 63, 63, 63, 63, 63, 63, 63, 63, 63, 63, 63, 63, 63, 63, 63, 63, 63, 63, 63, 63, 63, 63, 63, 63, 63, 63, 63, 63, 63, 63, 63, 63, 63, 63, 63, 63, 63, 63, 63, 63, 63, 63, 63, 63, 63, 63, 63, 63, 63, 63, 63, 63, 63, 63, 63, 63, 63, 63, 63, 63, 63, 63, 63, 63, 63, 63, 63, 63, 63, 63, 63, 63, 63, 63, 63, 63, 63, 63, 63, 63, 63, 63, 63, 63, 63, 63, 63, 63, 63, 63, 63, 63, 63, 63, 63, 63, 63, 63, 63, 63, 63, 63, 63, 63, 63, 63, 63, 63, 63, 63, 63, 63, 63, 63, 63, 63, 63, 63, 63, 63, 63, 63, 63, 63, 63, 63, 63, 63, 63, 63, 63, 63, 63, 63, 63, 63, 63, 63, 63, 63, 63, 63, 63, 63, 63, 63, 63, 63, 63, 63, 63, 63, 63, 63, 63, 63, 63, 63, 63, 63, 63, 63, 63, 63, 63, 63, 63, 63, 63, 63, 63, 63, 63, 63, 63, 63, 63, 63, 63, 63, 63, 63, 63, 63, 63, 63, 63, 63, 63, 63, 63, 63, 63, 63, 63, 63, 63, 63, 63, 63, 63, 63, 63, 63, 63, 63, 63, 63, 63, 63, 63, 63, 63, 63, 63, 63, 63, 63, 63, 63, 63, 63, 63, 63, 63, 63, 63, 63, 63, 63, 63, 63, 63, 63, 63, 63, 63, 63, 63, 63, 63, 63, 63, 63, 63, 63, 63, 63, 63, 63, 63, 63, 63, 63, 63, 63, 63, 63, 63, 63, 63, 63, 63, 63, 63, 63, 63, 63, 63, 63, 63, 63, 63, 63, 63, 63, 63, 63, 63, 63, 63, 63, 63, 63, 63, 63, 63, 63, 63, 63, 63, 63, 63, 63, 63, 63, 63, 63, 63, 63, 63, 63, 63, 63, 63, 63, 63, 63, 63, 63, 63, 63, 63, 63, 63, 63, 63, 63, 63, 63, 63, 63, 63, 63, 63, 63, 63, 63, 63, 63, 63, 63, 63, 63, 63, 63, 63, 63, 63, 63, 63, 63, 63, 63, 63, 63, 63, 63, 63, 63, 63, 63, 63, 63, 63, 63, 63, 63, 63, 63, 63, 63, 63, 63, 63, 63, 63, 63, 63, 63, 63, 63, 63, 63, 63, 63, 63, 63, 63, 63, 63, 63, 63, 63, 63, 63, 63, 63, 63, 63, 63, 63, 63, 63, 63, 63, 63, 63, 63, 63, 63, 63, 63, 63, 63, 63, 63, 63, 63, 63, 63, 63, 63, 63, 63, 63, 63, 63, 63, 63, 63, 63, 63, 63, 63, 63, 63, 63, 63, 63, 63, 63, 63, 63, 63, 63, 63, 63, 63]

ep4
Train step Loss: [5.425479888916016, 5.304631233215332, 5.331549644470215, 5.351858615875244, 5.381064414978027, 5.390489101409912, 5.403833389282227, 5.396657466888428, 5.450037956237793, 5.4084296226501465, 5.330821514129639, 5.403624534606934, 5.434426784515381, 5.381982803344727, 5.43812370300293, 5.399590015411377, 5.310506343841553, 5.354599952697754, 5.441835403442383, 5.371252059936523, 5.330986976623535, 5.326381683349609, 5.3505659103393555, 5.393393039703369, 5.414448261260986, 5.391887187957764, 5.413729190826416, 5.3462233543396, 5.32420015335083, 5.344913005828857, 5.309654235839844, 5.381673812866211, 5.389916896820068, 5.360679626464844, 5.3902268409729, 5.366088390350342, 5.417843341827393, 5.334318161010742, 5.3226141929626465, 5.349625110626221, 5.398621559143066, 5.3548665046691895, 5.396381378173828, 5.422335624694824, 5.307517051696777, 5.338450908660889, 5.312493324279785, 5.352216720581055, 5.403463840484619, 5.363563537597656, 5.492659568786621, 5.367363929748535, 5.396853923797607, 5.337456703186035, 5.356290817260742, 5.367225170135498, 5.440449237823486, 5.345516204833984, 5.36470890045166, 5.411754131317139, 5.392225742340088, 5.343723773956299, 5.347890853881836]
val step Loss: [5.6167216300964355, 5.565242767333984, 5.618216037750244, 5.588124752044678, 5.653433322906494, 5.630305290222168, 5.61000919342041, 5.564477443695068, 5.662773609161377, 5.638966083526611, 5.626910209655762, 5.639854431152344, 5.629251480102539, 5.544256687164307, 5.62007999420166, 5.636865615844727]
Train step Accs: [0.03475382705833678, 0.05130989547984254, 0.037490029247540545, 0.05605979711692472, 0.033866118056654536, 0.04793063962048094, 0.0526137709355439, 0.029871754770096966, 0.03052140737600678, 0.023514502956913545, 0.05820938215102975, 0.03710119820990328, 0.026528413681659035, 0.03144820295983087, 0.022865853658536585, 0.033524904214559385, 0.06105077781039037, 0.042000262501640635, 0.032880902313133245, 0.03071895424836601, 0.039924231385691386, 0.06373176350140773, 0.049349484073575596, 0.04, 0.022563459730492008, 0.039212238438544045, 0.027125506072874495, 0.042819190498515396, 0.04119156214367161, 0.0443089430894309, 0.048849224988257396, 0.02977667493796526, 0.03089711417816813, 0.04756030701754386, 0.03964347479047493, 0.025135869565217392, 0.030709342560553632, 0.03434794750069813, 0.061943373654127346, 0.03345673933909228, 0.04057315233785822, 0.04432746917855659, 0.030295116218333768, 0.020512820512820513, 0.06127750611246944, 0.03928721762312334, 0.036157880209770905, 0.03266563944530046, 0.025212386955330228, 0.032551460028721876, 0.021557355631042593, 0.058128215825337226, 0.03709342560553633, 0.06661665416354089, 0.027313709891275524, 0.04318222540763304, 0.023087818696883852, 0.03653368405670028, 0.051098535286284955, 0.05001348072256673, 0.025592714711885695, 0.04341627786417833, 0.04485098849218058]
val step Accs: [0.015473343648895766, 0.021056613289622998, 0.018997156888084777, 0.01940686073527402, 0.008462211847096586, 0.009965057590267891, 0.006995003568879372, 0.031825037707390647, 0.005876303804906714, 0.015263781861292234, 0.014709644410335124, 0.008659049909801564, 0.011488250652741514, 0.014452955629426218, 0.015384615384615385, 0.022965879265091863]
Preds: [17, 17, 17, 17, 17, 17, 63, 63, 63, 63, 63, 63, 63, 63, 63, 63, 63, 63, 63, 63, 63, 63, 63, 63, 63, 63, 63, 63, 63, 63, 63, 63, 63, 63, 63, 63, 63, 63, 63, 63, 63, 63, 63, 63, 63, 63, 63, 63, 63, 63, 63, 63, 63, 63, 63, 63, 63, 63, 63, 63, 63, 63, 63, 63, 63, 63, 63, 63, 63, 63, 63, 63, 63, 63, 63, 63, 63, 63, 63, 63, 63, 63, 63, 63, 63, 63, 63, 63, 63, 63, 63, 63, 63, 63, 63, 63, 63, 63, 63, 63, 63, 63, 63, 63, 63, 63, 63, 63, 63, 63, 63, 63, 63, 63, 63, 63, 63, 63, 63, 63, 63, 63, 63, 63, 63, 63, 63, 63, 63, 63, 63, 63, 63, 63, 63, 63, 63, 63, 63, 63, 63, 63, 63, 63, 63, 63, 63, 63, 63, 63, 63, 63, 63, 63, 63, 63, 63, 63, 63, 63, 63, 63, 63, 63, 63, 63, 63, 63, 63, 63, 63, 63, 63, 63, 63, 63, 63, 63, 63, 63, 63, 63, 63, 63, 63, 63, 63, 63, 63, 63, 63, 63, 63, 63, 63, 63, 63, 63, 63, 63, 63, 63, 63, 63, 63, 63, 63, 63, 63, 63, 63, 63, 63, 63, 63, 63, 63, 63, 63, 63, 63, 63, 63, 63, 63, 63, 63, 63, 63, 63, 63, 63, 63, 63, 63, 63, 63, 63, 63, 63, 63, 63, 63, 63, 63, 63, 63, 63, 63, 63, 63, 63, 63, 63, 63, 63, 63, 63, 63, 63, 63, 63, 63, 63, 63, 63, 63, 63, 63, 63, 63, 63, 63, 63, 63, 63, 63, 63, 63, 63, 63, 63, 63, 63, 63, 63, 63, 63, 63, 63, 63, 63, 63, 63, 63, 63, 63, 63, 63, 63, 63, 63, 63, 63, 63, 63, 63, 63, 63, 63, 63, 63, 63, 63, 63, 63, 63, 63, 63, 63, 63, 63, 63, 63, 63, 63, 63, 63, 63, 63, 63, 63, 63, 63, 63, 63, 63, 63, 63, 63, 63, 63, 63, 63, 63, 63, 63, 63, 63, 63, 63, 63, 63, 63, 63, 63, 63, 63, 63, 63, 63, 63, 63, 63, 63, 63, 63, 63, 63, 63, 63, 63, 63, 63, 63, 63, 63, 63, 63, 63, 63, 63, 63, 63, 63, 63, 63, 63, 63, 63, 63, 63, 63, 63, 63, 63, 63, 63, 63, 63, 63, 63, 63, 63, 63, 63, 63, 63, 63, 63, 63, 63, 63, 63, 63, 63, 63, 63, 63, 63, 63, 63, 63, 63, 63, 63, 63, 63, 63, 63, 63, 63, 63, 63, 63, 63, 63, 63, 63, 63, 63, 63, 63, 63, 63, 63, 63, 63, 63, 63, 63, 63, 63, 63, 63, 63, 63, 63, 63, 63, 63, 63, 63, 63, 63, 63, 63, 63, 63, 63, 63, 63, 63, 63, 63, 63, 63, 63, 63, 63, 63, 63, 63, 63, 63, 63, 63, 63, 63, 63, 63, 63, 63, 63, 63, 63, 63, 63, 63, 63, 63, 63, 63, 63, 63, 63, 63, 63, 63, 63, 63, 63, 63, 63, 63, 63, 63, 63, 63, 63, 63, 63, 63, 63, 63, 63, 63, 63, 63, 63, 63, 63, 63, 63, 63, 63, 63, 63, 63, 63, 63, 63, 63, 63, 63, 63, 63, 63, 63, 63, 63, 63, 63, 63, 63, 63, 63, 63, 63, 63, 63, 63, 63, 63, 63, 63, 63, 63, 63, 63, 63, 63, 63, 63, 63, 63, 63, 63, 63, 63, 63, 63, 63, 63, 63, 63, 63, 63, 63, 63, 63, 63, 63, 63, 63, 63, 63, 63, 63, 63]

ep5
Train step Loss: [5.347655296325684, 5.365485668182373, 5.36404275894165, 5.300716876983643, 5.355892181396484, 5.425255298614502, 5.333258628845215, 5.335644721984863, 5.373775482177734, 5.3219990730285645, 5.343002796173096, 5.301368236541748, 5.421156883239746, 5.330423355102539, 5.353123188018799, 5.422488212585449, 5.416442394256592, 5.33787202835083, 5.370510101318359, 5.3003058433532715, 5.420376777648926, 5.339859962463379, 5.343308448791504, 5.399132251739502, 5.4022603034973145, 5.363426685333252, 5.38090181350708, 5.37242317199707, 5.358551025390625, 5.32467794418335, 5.37250280380249, 5.2725372314453125, 5.414383888244629, 5.389270305633545, 5.347141265869141, 5.351724624633789, 5.375864028930664, 5.356168746948242, 5.417825698852539, 5.343326091766357, 5.436704158782959, 5.343526363372803, 5.354312896728516, 5.381545066833496, 5.398142337799072, 5.33059024810791, 5.351511478424072, 5.366539001464844, 5.415310382843018, 5.346381187438965, 5.462824821472168, 5.343352317810059, 5.395078659057617, 5.4013872146606445, 5.3862223625183105, 5.4266204833984375, 5.3552350997924805, 5.397319316864014, 5.358060836791992, 5.387350082397461, 5.340749740600586, 5.380606174468994, 5.373904705047607]
val step Loss: [5.561079978942871, 5.6363749504089355, 5.622668743133545, 5.63747501373291, 5.604132652282715, 5.680144786834717, 5.554243087768555, 5.601443767547607, 5.654754638671875, 5.632767677307129, 5.565733432769775, 5.626084804534912, 5.644678115844727, 5.625840663909912, 5.63013219833374, 5.568612575531006]
Train step Accs: [0.04466989703210176, 0.02663115845539281, 0.04561511288588543, 0.04716862151595409, 0.05536187421559057, 0.03540073633531578, 0.0539293668469615, 0.037057991513437055, 0.02313141535347694, 0.05389302640487475, 0.03775948460987831, 0.053891396525783064, 0.03431728951577723, 0.0447459584295612, 0.033276784549132195, 0.02940790337403177, 0.028757668711656442, 0.043027395140071194, 0.035788676387047906, 0.048109460055907015, 0.020916493693118314, 0.03185224839400428, 0.033856188849200185, 0.03587443946188341, 0.04377846334655502, 0.04689075630252101, 0.03370643602136861, 0.04154302670623145, 0.035237938415939404, 0.06430155210643015, 0.037866969224223515, 0.04414022517911975, 0.020574787720444153, 0.033346944331019465, 0.051615939755255726, 0.03406813627254509, 0.028446389496717725, 0.03367957192319799, 0.026180698151950718, 0.052672710221944356, 0.0316473189607518, 0.02830046665663104, 0.039087513340448236, 0.050997489760866696, 0.030333097094259392, 0.05445462114904247, 0.029016371622520964, 0.04040795249160857, 0.03870775643888641, 0.04513102555807182, 0.02956806104373893, 0.04115349954941424, 0.02345505617977528, 0.03772796881525825, 0.041510409931462565, 0.031209362808842653, 0.06077636910207816, 0.036254219873770734, 0.03183361629881155, 0.05035553620664635, 0.03141172222890841, 0.05898251192368839, 0.035058430717863104]
val step Accs: [0.02843529050107593, 0.016725798276735936, 0.012168141592920354, 0.018110473890733475, 0.015254917703733441, 0.013353317890720806, 0.02665350444225074, 0.010050251256281407, 0.008763897972531066, 0.011761450117614501, 0.014660965180207697, 0.015404982549043206, 0.0184660839591284, 0.009400370317618574, 0.006203769983297542, 0.014699706005879883]
Preds: [17, 17, 17, 17, 17, 17, 17, 17, 63, 63, 63, 63, 63, 63, 63, 63, 63, 63, 63, 63, 63, 63, 63, 63, 63, 63, 63, 63, 63, 63, 63, 63, 63, 63, 63, 63, 63, 63, 63, 63, 63, 63, 63, 63, 63, 63, 63, 63, 63, 63, 63, 63, 63, 63, 63, 63, 63, 63, 63, 63, 63, 63, 63, 63, 63, 63, 63, 63, 63, 63, 63, 63, 63, 63, 63, 63, 63, 63, 63, 63, 63, 63, 63, 63, 63, 63, 63, 63, 63, 63, 63, 63, 63, 63, 63, 63, 63, 63, 63, 63, 63, 63, 63, 63, 63, 63, 63, 63, 63, 63, 63, 63, 63, 63, 63, 63, 63, 63, 63, 63, 63, 63, 63, 63, 63, 63, 63, 63, 63, 63, 63, 63, 63, 63, 63, 63, 63, 63, 63, 63, 63, 63, 63, 63, 63, 63, 63, 63, 63, 63, 63, 63, 63, 63, 63, 63, 63, 63, 63, 63, 63, 63, 63, 63, 63, 63, 63, 63, 63, 63, 63, 63, 63, 63, 63, 63, 63, 63, 63, 63, 63, 63, 63, 63, 63, 63, 63, 63, 63, 63, 63, 63, 63, 63, 63, 63, 63, 63, 63, 63, 63, 63, 63, 63, 63, 63, 63, 63, 63, 63, 63, 63, 63, 63, 63, 63, 63, 63, 63, 63, 63, 63, 63, 63, 63, 63, 63, 63, 63, 63, 63, 63, 63, 63, 63, 63, 63, 63, 63, 63, 63, 63, 63, 63, 63, 63, 63, 63, 63, 63, 63, 63, 63, 63, 63, 63, 63, 63, 63, 63, 63, 63, 63, 63, 63, 63, 63, 63, 63, 63, 63, 63, 63, 63, 63, 63, 63, 63, 63, 63, 63, 63, 63, 63, 63, 63, 63, 63, 63, 63, 63, 63, 63, 63, 63, 63, 63, 63, 63, 63, 63, 63, 63, 63, 63, 63, 63, 63, 63, 63, 63, 63, 63, 63, 63, 63, 63, 63, 63, 63, 63, 63, 63, 63, 63, 63, 63, 63, 63, 63, 63, 63, 63, 63, 63, 63, 63, 63, 63, 63, 63, 63, 63, 63, 63, 63, 63, 63, 63, 63, 63, 63, 63, 63, 63, 63, 63, 63, 63, 63, 63, 63, 63, 63, 63, 63, 63, 63, 63, 63, 63, 63, 63, 63, 63, 63, 63, 63, 63, 63, 63, 63, 63, 63, 63, 63, 63, 63, 63, 63, 63, 63, 63, 63, 63, 63, 63, 63, 63, 63, 63, 63, 63, 63, 63, 63, 63, 63, 63, 63, 63, 63, 63, 63, 63, 63, 63, 63, 63, 63, 63, 63, 63, 63, 63, 63, 63, 63, 63, 63, 63, 63, 63, 63, 63, 63, 63, 63, 63, 63, 63, 63, 63, 63, 63, 63, 63, 63, 63, 63, 63, 63, 63, 63, 63, 63, 63, 63, 63, 63, 63, 63, 63, 63, 63, 63, 63, 63, 63, 63, 63, 63, 63, 63, 63, 63, 63, 63, 63, 63, 63, 63, 63, 63, 63, 63, 63, 63, 63, 63, 63, 63, 63, 63, 63, 63, 63, 63, 63, 63, 63, 63, 63, 63, 63, 63, 63, 63, 63, 63, 63, 63, 63, 63, 63, 63, 63, 63, 63, 63, 63, 63, 63, 63, 63, 63, 63, 63, 63, 63, 63, 63, 63, 63, 63, 63, 63, 63, 63, 63, 63, 63, 63, 63, 63, 63, 63, 63, 63, 63, 63, 63, 63, 63, 63, 63, 63, 63, 63, 63, 63, 63, 63, 63, 63, 63, 63, 63, 63, 63, 63, 63, 63, 63, 63, 63, 63, 63, 63, 63, 63, 63, 63, 63, 63, 63, 63, 63, 63, 63, 63, 63, 63, 63, 63, 63, 63, 63, 63, 63]

ep6
Train step Loss: [5.332415580749512, 5.42425012588501, 5.390747547149658, 5.344178199768066, 5.284704685211182, 5.336517333984375, 5.297233581542969, 5.355825901031494, 5.4018449783325195, 5.366815567016602, 5.332840919494629, 5.359312534332275, 5.35494327545166, 5.3694047927856445, 5.3744096755981445, 5.3533430099487305, 5.391325950622559, 5.360801696777344, 5.34756326675415, 5.366808891296387, 5.443636417388916, 5.371772766113281, 5.372913837432861, 5.396306037902832, 5.343347072601318, 5.387022018432617, 5.368281364440918, 5.345701217651367, 5.353422164916992, 5.351803779602051, 5.243866443634033, 5.340275764465332, 5.374000549316406, 5.328220844268799, 5.368901252746582, 5.343475341796875, 5.378787040710449, 5.352325916290283, 5.3872504234313965, 5.382692337036133, 5.386951923370361, 5.37617826461792, 5.310072898864746, 5.3340044021606445, 5.424447059631348, 5.3622894287109375, 5.369807243347168, 5.383753299713135, 5.352327823638916, 5.468617916107178, 5.344437122344971, 5.434418678283691, 5.385534763336182, 5.3363118171691895, 5.3776116371154785, 5.3820648193359375, 5.335290431976318, 5.330223083496094, 5.412845611572266, 5.293711185455322, 5.419375896453857, 5.402556419372559, 5.32982063293457]
val step Loss: [5.655718803405762, 5.557582378387451, 5.568784236907959, 5.622366428375244, 5.581417560577393, 5.613617897033691, 5.570226192474365, 5.578592300415039, 5.6961669921875, 5.577479839324951, 5.67034387588501, 5.5831074714660645, 5.6003570556640625, 5.564957141876221, 5.592773914337158, 5.666830539703369]
Train step Accs: [0.0325408420773011, 0.02661892901618929, 0.020281273131014063, 0.038678485092667206, 0.06417262154967072, 0.034619750283768444, 0.047223047223047224, 0.03317829457364341, 0.028619311589532036, 0.04051534158331921, 0.047940899088337, 0.03697359029264811, 0.03178386968613429, 0.054036024016010674, 0.027642509309653396, 0.036895894682141, 0.031130876747141042, 0.0427598385469223, 0.03759621077560687, 0.039378374818912154, 0.028669904433651888, 0.03648357565966613, 0.03209393346379648, 0.03154795288839035, 0.032789153292750416, 0.03413848631239936, 0.03843245967741935, 0.05434952366078401, 0.042405168129865826, 0.033811047725059135, 0.06684315023163467, 0.03578706062149771, 0.028546861564918313, 0.057167480609020396, 0.0448654037886341, 0.04054262370895637, 0.047300451221409676, 0.05448672939193933, 0.033246977547495685, 0.026065309708595694, 0.033896103896103896, 0.03096454559529339, 0.05851431733296445, 0.054204591767422906, 0.032699261122465025, 0.04195260908973197, 0.04095720202485044, 0.03765917095638038, 0.04012091233855455, 0.029728020240354206, 0.04765047518479409, 0.026283804314797935, 0.040794661813770096, 0.04744472104261239, 0.039828693790149895, 0.026808446907293695, 0.05188925648615706, 0.03776951672862454, 0.029402985074626867, 0.056108597285067875, 0.027545428324199595, 0.03508771929824561, 0.035193405199746355]
val step Accs: [0.011507479861910242, 0.016037735849056604, 0.013079494259555298, 0.009074171488690164, 0.0231396266105706, 0.021744627054361566, 0.020450427129174217, 0.007434944237918215, 0.004578155657292348, 0.016640866873065017, 0.01042528545424458, 0.024484714344999308, 0.011598111935266352, 0.024104068358627728, 0.01674861708666257, 0.01435793731041456]
Preds: [17, 17, 17, 17, 17, 17, 17, 17, 17, 17, 284, 246, 246, 246, 246, 246, 246, 246, 246, 246, 246, 246, 246, 246, 246, 246, 246, 63, 63, 63, 63, 63, 63, 63, 63, 63, 63, 63, 63, 63, 63, 63, 63, 63, 63, 63, 63, 63, 63, 63, 63, 63, 63, 63, 63, 63, 63, 63, 63, 63, 63, 63, 63, 63, 63, 63, 63, 63, 63, 63, 63, 63, 63, 63, 63, 63, 63, 63, 63, 63, 63, 63, 63, 63, 63, 63, 63, 63, 63, 63, 63, 63, 63, 63, 63, 63, 63, 63, 63, 63, 63, 63, 63, 63, 63, 63, 63, 63, 63, 63, 63, 63, 63, 63, 63, 63, 63, 63, 63, 63, 63, 63, 63, 63, 63, 63, 63, 63, 63, 63, 63, 63, 63, 63, 63, 63, 63, 63, 63, 63, 63, 63, 63, 63, 63, 63, 63, 63, 63, 63, 63, 63, 63, 63, 63, 63, 63, 63, 63, 63, 63, 63, 63, 63, 63, 63, 63, 63, 63, 63, 63, 63, 63, 63, 63, 63, 63, 63, 63, 63, 63, 63, 63, 63, 63, 63, 63, 63, 63, 63, 63, 63, 63, 63, 63, 63, 63, 63, 63, 63, 63, 63, 63, 63, 63, 63, 63, 63, 63, 63, 63, 63, 63, 63, 63, 63, 63, 63, 63, 63, 63, 63, 63, 63, 63, 63, 63, 63, 63, 63, 63, 63, 63, 63, 63, 63, 63, 63, 63, 63, 63, 63, 63, 63, 63, 63, 63, 63, 63, 63, 63, 63, 63, 63, 63, 63, 63, 63, 63, 63, 63, 63, 63, 63, 63, 63, 63, 63, 63, 63, 63, 63, 63, 63, 63, 63, 63, 63, 63, 63, 63, 63, 63, 63, 63, 63, 63, 63, 63, 63, 63, 63, 63, 63, 63, 63, 63, 63, 63, 63, 63, 63, 63, 63, 63, 63, 63, 63, 63, 63, 63, 63, 63, 63, 63, 63, 63, 63, 63, 63, 63, 63, 63, 63, 63, 63, 63, 63, 63, 63, 63, 63, 63, 63, 63, 63, 63, 63, 63, 63, 63, 63, 63, 63, 63, 63, 63, 63, 63, 63, 63, 63, 63, 63, 63, 63, 63, 63, 63, 63, 63, 63, 63, 63, 63, 63, 63, 63, 63, 63, 63, 63, 63, 63, 63, 63, 63, 63, 63, 63, 63, 63, 63, 63, 63, 63, 63, 63, 63, 63, 63, 63, 63, 63, 63, 63, 63, 63, 63, 63, 63, 63, 63, 63, 63, 63, 63, 63, 63, 63, 63, 63, 63, 63, 63, 63, 63, 63, 63, 63, 63, 63, 63, 63, 63, 63, 63, 63, 63, 63, 63, 63, 63, 63, 63, 63, 63, 63, 63, 63, 63, 63, 63, 63, 63, 63, 63, 63, 63, 63, 63, 63, 63, 63, 63, 63, 63, 63, 63, 63, 63, 63, 63, 63, 63, 63, 63, 63, 63, 63, 63, 63, 63, 63, 63, 63, 63, 63, 63, 63, 63, 63, 63, 63, 63, 63, 63, 63, 63, 63, 63, 63, 63, 63, 63, 63, 63, 63, 63, 63, 63, 63, 63, 63, 63, 63, 63, 63, 63, 63, 63, 63, 63, 63, 63, 63, 63, 63, 63, 63, 63, 63, 63, 63, 63, 63, 63, 63, 63, 63, 63, 63, 63, 63, 63, 63, 63, 63, 63, 63, 63, 63, 63, 63, 63, 63, 63, 63, 63, 63, 63, 63, 63, 63, 63, 63, 63, 63, 63, 63, 63, 63, 63, 63, 63, 63, 63, 63, 63, 63, 63, 63, 63, 63, 63, 63, 63, 63, 63, 63, 63, 63, 63, 63, 63, 63, 63, 63, 63, 63, 63, 63, 63, 63, 63, 63, 63, 63, 63, 63]

ep7
Train step Loss: [5.370651721954346, 5.383788585662842, 5.426904201507568, 5.306061744689941, 5.374638557434082, 5.341970443725586, 5.331816673278809, 5.375622749328613, 5.402826309204102, 5.356203556060791, 5.39473295211792, 5.405621528625488, 5.305947780609131, 5.360151290893555, 5.394588470458984, 5.3615641593933105, 5.325740814208984, 5.424505233764648, 5.350409030914307, 5.385402679443359, 5.404717445373535, 5.34895658493042, 5.372778415679932, 5.310361385345459, 5.370665073394775, 5.329065799713135, 5.302512168884277, 5.298981189727783, 5.351044654846191, 5.372039318084717, 5.356051921844482, 5.352334022521973, 5.3722662925720215, 5.322066783905029, 5.365631580352783, 5.35915994644165, 5.401433944702148, 5.396013259887695, 5.3623833656311035, 5.3611016273498535, 5.357891082763672, 5.381130218505859, 5.344243049621582, 5.303553104400635, 5.326417922973633, 5.438032150268555, 5.348413944244385, 5.341068744659424, 5.3442559242248535, 5.333737373352051, 5.327719211578369, 5.399230480194092, 5.405522346496582, 5.408036708831787, 5.334157466888428, 5.344134330749512, 5.364853382110596, 5.429717540740967, 5.28550910949707, 5.3049798011779785, 5.395628452301025, 5.301300525665283, 5.420572757720947]
val step Loss: [5.629828929901123, 5.6223859786987305, 5.634856224060059, 5.605841636657715, 5.656895637512207, 5.549786567687988, 5.634221076965332, 5.645215034484863, 5.664780139923096, 5.636002540588379, 5.614065170288086, 5.5855021476745605, 5.575453281402588, 5.577667713165283, 5.5427422523498535, 5.565907955169678]
Train step Accs: [0.029178512644022145, 0.029048459345730963, 0.03756872327428222, 0.059984338292873925, 0.025900189513581806, 0.05744822979291917, 0.044748577579578654, 0.02514713750668807, 0.021063047780605033, 0.038660174118341446, 0.030050323508267432, 0.026085598250546703, 0.049429657794676805, 0.03298133950527991, 0.03494743077150896, 0.040671011344436396, 0.03961352657004831, 0.017499548980696375, 0.05514805759304537, 0.03544225089382869, 0.026664915276500722, 0.03780945236309077, 0.029018171573461052, 0.04221061792863359, 0.03161119621222671, 0.04881472239550842, 0.06732234381493282, 0.047651744026366384, 0.04520464263897373, 0.045021037868162694, 0.02883319859876044, 0.04354948805460751, 0.036680421824850984, 0.05441669772642564, 0.04412650602409639, 0.051351783714605664, 0.03429003021148036, 0.03482077542062911, 0.0454742312689476, 0.03804636347549106, 0.04224558768306421, 0.039535613429557574, 0.03116073747078681, 0.05203276699029126, 0.04790008234971178, 0.017303822937625755, 0.04558011049723757, 0.03851463279955825, 0.030206677265500796, 0.055373623102113724, 0.04041649541033018, 0.03165236051502146, 0.033744409811627595, 0.02753441802252816, 0.04308300395256917, 0.06274445893089961, 0.038640530249612184, 0.020722811671087533, 0.07176438053097345, 0.0432976513820099, 0.034002396644697425, 0.036976778583049846, 0.02770330652368186]
val step Accs: [0.006508533410471507, 0.016444132115249473, 0.009997500624843789, 0.008688783570300158, 0.010318825241434052, 0.027089189879887555, 0.011281647645284009, 0.017953321364452424, 0.00928923293455313, 0.01499437710858428, 0.011974584555229716, 0.018949421763968233, 0.028663892741562644, 0.018333997608609008, 0.014433302947432392, 0.023819136051675415]
Preds: [17, 17, 17, 17, 17, 17, 17, 17, 284, 284, 284, 284, 392, 392, 392, 392, 392, 63, 63, 63, 63, 63, 63, 63, 63, 63, 63, 63, 63, 63, 63, 63, 63, 63, 63, 63, 63, 63, 63, 63, 63, 63, 63, 63, 63, 63, 63, 63, 63, 63, 63, 63, 63, 63, 63, 63, 63, 63, 63, 63, 63, 63, 63, 63, 63, 63, 63, 63, 63, 63, 63, 63, 63, 63, 63, 63, 63, 63, 63, 63, 63, 63, 63, 63, 63, 63, 63, 63, 63, 63, 63, 63, 63, 63, 63, 63, 63, 63, 63, 63, 63, 63, 63, 63, 63, 63, 63, 63, 63, 63, 63, 63, 63, 63, 63, 63, 63, 63, 63, 63, 63, 63, 63, 63, 63, 63, 63, 63, 63, 63, 63, 63, 63, 63, 63, 63, 63, 63, 63, 63, 63, 63, 63, 63, 63, 63, 63, 63, 63, 63, 63, 63, 63, 63, 63, 63, 63, 63, 63, 63, 63, 63, 63, 63, 63, 63, 63, 63, 63, 63, 63, 63, 63, 63, 63, 63, 63, 63, 63, 63, 63, 63, 63, 63, 63, 63, 63, 63, 63, 63, 63, 63, 63, 63, 63, 63, 63, 63, 63, 63, 63, 63, 63, 63, 63, 63, 63, 63, 63, 63, 63, 63, 63, 63, 63, 63, 63, 63, 63, 63, 63, 63, 63, 63, 63, 63, 63, 63, 63, 63, 63, 63, 63, 63, 63, 63, 63, 63, 63, 63, 63, 63, 63, 63, 63, 63, 63, 63, 63, 63, 63, 63, 63, 63, 63, 63, 63, 63, 63, 63, 63, 63, 63, 63, 63, 63, 63, 63, 63, 63, 63, 63, 63, 63, 63, 63, 63, 63, 63, 63, 63, 63, 63, 63, 63, 63, 63, 63, 63, 63, 63, 63, 63, 63, 63, 63, 63, 63, 63, 63, 63, 63, 63, 63, 63, 63, 63, 63, 63, 63, 63, 63, 63, 63, 63, 63, 63, 63, 63, 63, 63, 63, 63, 63, 63, 63, 63, 63, 63, 63, 63, 63, 63, 63, 63, 63, 63, 63, 63, 63, 63, 63, 63, 63, 63, 63, 63, 63, 63, 63, 63, 63, 63, 63, 63, 63, 63, 63, 63, 63, 63, 63, 63, 63, 63, 63, 63, 63, 63, 63, 63, 63, 63, 63, 63, 63, 63, 63, 63, 63, 63, 63, 63, 63, 63, 63, 63, 63, 63, 63, 63, 63, 63, 63, 63, 63, 63, 63, 63, 63, 63, 63, 63, 63, 63, 63, 63, 63, 63, 63, 63, 63, 63, 63, 63, 63, 63, 63, 63, 63, 63, 63, 63, 63, 63, 63, 63, 63, 63, 63, 63, 63, 63, 63, 63, 63, 63, 63, 63, 63, 63, 63, 63, 63, 63, 63, 63, 63, 63, 63, 63, 63, 63, 63, 63, 63, 63, 63, 63, 63, 63, 63, 63, 63, 63, 63, 63, 63, 63, 63, 63, 63, 63, 63, 63, 63, 63, 63, 63, 63, 63, 63, 63, 63, 63, 63, 63, 63, 63, 63, 63, 63, 63, 63, 63, 63, 63, 63, 63, 63, 63, 63, 63, 63, 63, 63, 63, 63, 63, 63, 63, 63, 63, 63, 63, 63, 63, 63, 63, 63, 63, 63, 63, 63, 63, 63, 63, 63, 63, 63, 63, 63, 63, 63, 63, 63, 63, 63, 63, 63, 63, 63, 63, 63, 63, 63, 63, 63, 63, 63, 63, 63, 63, 63, 63, 63, 63, 63, 63, 63, 63, 63, 63, 63, 63, 63, 63, 63, 63, 63, 63, 63, 63, 63, 63, 63, 63, 63, 63, 63, 63, 63, 63, 63, 63, 63, 63, 63, 63, 63, 63, 63, 63, 63, 63, 63, 63, 63, 63, 63]

ep8
Train step Loss: [5.406515598297119, 5.2876691818237305, 5.311243057250977, 5.329800128936768, 5.358830451965332, 5.364958763122559, 5.381342887878418, 5.375498294830322, 5.429656505584717, 5.388779640197754, 5.312891960144043, 5.3830437660217285, 5.415614128112793, 5.368535995483398, 5.417223930358887, 5.375115394592285, 5.291085720062256, 5.33321475982666, 5.42134952545166, 5.351775646209717, 5.312623977661133, 5.307805061340332, 5.3364129066467285, 5.373354911804199, 5.399777889251709, 5.375346660614014, 5.395324230194092, 5.32670259475708, 5.307201385498047, 5.328063488006592, 5.291819095611572, 5.366057395935059, 5.3723249435424805, 5.3443708419799805, 5.370121479034424, 5.345946788787842, 5.401276111602783, 5.315913200378418, 5.300610065460205, 5.332045555114746, 5.381764888763428, 5.335300922393799, 5.3769025802612305, 5.399231910705566, 5.290523529052734, 5.324758052825928, 5.296139240264893, 5.333779811859131, 5.385505676269531, 5.346245765686035, 5.478707790374756, 5.348770618438721, 5.377325057983398, 5.31275749206543, 5.344728946685791, 5.348485469818115, 5.420811653137207, 5.326483726501465, 5.351400375366211, 5.400033950805664, 5.375921249389648, 5.3258957862854, 5.332000732421875]
val step Loss: [5.605673789978027, 5.555358409881592, 5.606495380401611, 5.576756000518799, 5.642920017242432, 5.623894691467285, 5.600863456726074, 5.5534749031066895, 5.65413761138916, 5.630347728729248, 5.615538597106934, 5.628796577453613, 5.621323108673096, 5.53053092956543, 5.610403537750244, 5.624755859375]
Train step Accs: [0.035029651082609296, 0.05198859780100448, 0.037490029247540545, 0.05646022423918847, 0.03497388827346099, 0.04842139702273843, 0.0526137709355439, 0.030340944635595873, 0.030804012999858698, 0.023655308363841172, 0.05863844393592677, 0.03710119820990328, 0.026663075680043093, 0.03171247357293869, 0.0247289972899729, 0.034482758620689655, 0.06105077781039037, 0.04318151988449928, 0.03441024660676735, 0.03104575163398693, 0.04065277575404342, 0.06513949321730228, 0.052489905787348586, 0.04029090909090909, 0.023190222500783453, 0.03938807807279761, 0.027935222672064778, 0.04344428817002657, 0.04119156214367161, 0.04539295392953929, 0.0497886331611085, 0.030148883374689826, 0.03183814303638645, 0.04851973684210526, 0.04150591991485965, 0.026324728260869564, 0.031141868512110725, 0.03518570231778833, 0.06313970490495813, 0.034827917180858356, 0.041779788838612365, 0.04502008588447153, 0.03186210498824758, 0.022596153846153846, 0.06356968215158924, 0.04265469341939105, 0.040574109853712396, 0.03543913713405239, 0.026171553850369966, 0.03398755385351843, 0.0229945126731121, 0.06090947017104714, 0.03972318339100346, 0.06826706676669167, 0.028241845664280032, 0.04371976348324673, 0.026345609065155807, 0.03814116615519509, 0.05426098535286285, 0.05001348072256673, 0.02920395666509656, 0.04380508035251426, 0.04632634995573916]
val step Accs: [0.015473343648895766, 0.022821838355818937, 0.019901783406565003, 0.02050020500205002, 0.008608112051356871, 0.01151805357836159, 0.007566024268379728, 0.031825037707390647, 0.00749228735125606, 0.015856550088915233, 0.015349194167306216, 0.008659049909801564, 0.011488250652741514, 0.015031073854603266, 0.015384615384615385, 0.024934383202099737]
Preds: [17, 17, 17, 17, 17, 17, 17, 284, 284, 284, 284, 284, 284, 284, 284, 284, 284, 284, 284, 284, 63, 63, 63, 63, 63, 63, 63, 63, 63, 63, 63, 63, 63, 63, 63, 63, 63, 63, 63, 63, 63, 63, 63, 63, 63, 63, 63, 63, 63, 63, 63, 63, 63, 63, 63, 63, 63, 63, 63, 63, 63, 63, 63, 63, 63, 63, 63, 63, 63, 63, 63, 63, 63, 63, 63, 63, 63, 63, 63, 63, 63, 63, 63, 63, 63, 63, 63, 63, 63, 63, 63, 63, 63, 63, 63, 63, 63, 63, 63, 63, 63, 63, 63, 63, 63, 63, 63, 63, 63, 63, 63, 63, 63, 63, 63, 63, 63, 63, 63, 63, 63, 63, 63, 63, 63, 63, 63, 63, 63, 63, 63, 63, 63, 63, 63, 63, 63, 63, 63, 63, 63, 63, 63, 63, 63, 63, 63, 63, 63, 63, 63, 63, 63, 63, 63, 63, 63, 63, 63, 63, 63, 63, 63, 63, 63, 63, 63, 63, 63, 63, 63, 63, 63, 63, 63, 63, 63, 63, 63, 63, 63, 63, 63, 63, 63, 63, 63, 63, 63, 63, 63, 63, 63, 63, 63, 63, 63, 63, 63, 63, 63, 63, 63, 63, 63, 63, 63, 63, 63, 63, 63, 63, 63, 63, 63, 63, 63, 63, 63, 63, 63, 63, 63, 63, 63, 63, 63, 63, 63, 63, 63, 63, 63, 63, 63, 63, 63, 63, 63, 63, 63, 63, 63, 63, 63, 63, 63, 63, 63, 63, 63, 63, 63, 63, 63, 63, 63, 63, 63, 63, 63, 63, 63, 63, 63, 63, 63, 63, 63, 63, 63, 63, 63, 63, 63, 63, 63, 63, 63, 63, 63, 63, 63, 63, 63, 63, 63, 63, 63, 63, 63, 63, 63, 63, 63, 63, 63, 63, 63, 63, 63, 63, 63, 63, 63, 63, 63, 63, 63, 63, 63, 63, 63, 63, 63, 63, 63, 63, 63, 63, 63, 63, 63, 63, 63, 63, 63, 63, 63, 63, 63, 63, 63, 63, 63, 63, 63, 63, 63, 63, 63, 63, 63, 63, 63, 63, 63, 63, 63, 63, 63, 63, 63, 63, 63, 63, 63, 63, 63, 63, 63, 63, 63, 63, 63, 63, 63, 63, 63, 63, 63, 63, 63, 63, 63, 63, 63, 63, 63, 63, 63, 63, 63, 63, 63, 63, 63, 63, 63, 63, 63, 63, 63, 63, 63, 63, 63, 63, 63, 63, 63, 63, 63, 63, 63, 63, 63, 63, 63, 63, 63, 63, 63, 63, 63, 63, 63, 63, 63, 63, 63, 63, 63, 63, 63, 63, 63, 63, 63, 63, 63, 63, 63, 63, 63, 63, 63, 63, 63, 63, 63, 63, 63, 63, 63, 63, 63, 63, 63, 63, 63, 63, 63, 63, 63, 63, 63, 63, 63, 63, 63, 63, 63, 63, 63, 63, 63, 63, 63, 63, 63, 63, 63, 63, 63, 63, 63, 63, 63, 63, 63, 63, 63, 63, 63, 63, 63, 63, 63, 63, 63, 63, 63, 63, 63, 63, 63, 63, 63, 63, 63, 63, 63, 63, 63, 63, 63, 63, 63, 63, 63, 63, 63, 63, 63, 63, 63, 63, 63, 63, 63, 63, 63, 63, 63, 63, 63, 63, 63, 63, 63, 63, 63, 63, 63, 63, 63, 63, 63, 63, 63, 63, 63, 63, 63, 63, 63, 63, 63, 63, 63, 63, 63, 63, 63, 63, 63, 63, 63, 63, 63, 63, 63, 63, 63, 63, 63, 63, 63, 63, 63, 63, 63, 63, 63, 63, 63, 63, 63, 63, 63, 63, 63, 63, 63, 63, 63, 63, 63, 63, 63, 63, 63, 63, 63, 63, 63, 63, 63, 63]

ep9
Train step Loss: [5.334826469421387, 5.351304531097412, 5.348038196563721, 5.283917427062988, 5.336917877197266, 5.409509658813477, 5.316779613494873, 5.320575714111328, 5.354050159454346, 5.307199478149414, 5.319746017456055, 5.283107280731201, 5.405951976776123, 5.312089443206787, 5.334019660949707, 5.407656192779541, 5.400628089904785, 5.319303512573242, 5.350416660308838, 5.282063007354736, 5.408878326416016, 5.322501182556152, 5.324418544769287, 5.380064487457275, 5.3812689781188965, 5.3364434242248535, 5.364631652832031, 5.353545665740967, 5.341104030609131, 5.299962043762207, 5.353883743286133, 5.255115509033203, 5.400339603424072, 5.37299108505249, 5.324214935302734, 5.3341450691223145, 5.358205795288086, 5.338356018066406, 5.399852752685547, 5.324728965759277, 5.416297435760498, 5.330313205718994, 5.333345890045166, 5.36027717590332, 5.381777763366699, 5.312866687774658, 5.333035469055176, 5.348922252655029, 5.398278713226318, 5.32491397857666, 5.44773006439209, 5.32464599609375, 5.377613544464111, 5.3810930252075195, 5.369723320007324, 5.4132161140441895, 5.3351149559021, 5.379419326782227, 5.339138507843018, 5.367331504821777, 5.326312065124512, 5.357372760772705, 5.352148056030273]
val step Loss: [5.544711112976074, 5.624318599700928, 5.607469081878662, 5.624289035797119, 5.592184066772461, 5.668352127075195, 5.540328025817871, 5.588067054748535, 5.643679141998291, 5.621174335479736, 5.5533552169799805, 5.613941669464111, 5.630774021148682, 5.6104350090026855, 5.61929178237915, 5.556313991546631]
Train step Accs: [0.045275590551181105, 0.026927060216008287, 0.046536630317923516, 0.047925337369151215, 0.056477478733788875, 0.0356839422259983, 0.054883868915049316, 0.037057991513437055, 0.02428798612115079, 0.05470548408937034, 0.03811739441660701, 0.05416495691423882, 0.035625999709175515, 0.0447459584295612, 0.03340728174344251, 0.02993304450571091, 0.030547034764826175, 0.043027395140071194, 0.035978034463169856, 0.04899220244225393, 0.021395497365479802, 0.032521413276231266, 0.03509861779779469, 0.03841554559043348, 0.042456294990451005, 0.05411764705882353, 0.035868735690663955, 0.04198813056379822, 0.03655524452494648, 0.06541019955654102, 0.04041979861012622, 0.045419651995905835, 0.02449379490529066, 0.03566081393766163, 0.05349858801380609, 0.03507014028056112, 0.030129607810132974, 0.034309096632042804, 0.0270362765229295, 0.05376680212566427, 0.03275290215588723, 0.030407948216167394, 0.04095517609391675, 0.05179019685559519, 0.03274273564847626, 0.06061615320566195, 0.03127911619858911, 0.04247353472760134, 0.04004764031561709, 0.04755742478162407, 0.02970431938956261, 0.043106037849203964, 0.024297752808988764, 0.039120144786300985, 0.04176904176904177, 0.032379713914174255, 0.06116847470918834, 0.03742844561867019, 0.03268251273344652, 0.050645769844725005, 0.03165242508123721, 0.059777424483306835, 0.03672787979966611]
val step Accs: [0.029050107592991085, 0.01799290420679169, 0.012168141592920354, 0.01992152127980682, 0.016191623176769705, 0.01675977653631285, 0.02665350444225074, 0.01060859854829704, 0.008763897972531066, 0.011761450117614501, 0.015577275503970677, 0.015404982549043206, 0.0184660839591284, 0.009400370317618574, 0.006203769983297542, 0.014699706005879883]
Preds: [17, 17, 17, 17, 17, 17, 17, 17, 284, 284, 284, 284, 284, 284, 284, 284, 284, 284, 284, 284, 284, 63, 63, 63, 63, 63, 63, 63, 63, 63, 63, 63, 63, 63, 63, 63, 63, 63, 63, 63, 63, 63, 63, 63, 63, 63, 63, 63, 63, 63, 63, 63, 63, 63, 63, 63, 63, 63, 63, 63, 63, 63, 63, 63, 63, 63, 63, 63, 63, 63, 63, 63, 63, 63, 63, 63, 63, 63, 63, 63, 63, 63, 63, 63, 63, 63, 63, 63, 63, 63, 63, 63, 63, 63, 63, 63, 63, 63, 63, 63, 63, 63, 63, 63, 63, 63, 63, 63, 63, 63, 63, 63, 63, 63, 63, 63, 63, 63, 63, 63, 63, 63, 63, 63, 63, 63, 63, 63, 63, 63, 63, 63, 63, 63, 63, 63, 63, 63, 63, 63, 63, 63, 63, 63, 63, 63, 63, 63, 63, 63, 63, 63, 63, 63, 63, 63, 63, 63, 63, 63, 63, 63, 63, 63, 63, 63, 63, 63, 63, 63, 63, 63, 63, 63, 63, 63, 63, 63, 63, 63, 63, 63, 63, 63, 63, 63, 63, 63, 63, 63, 63, 63, 63, 63, 63, 63, 63, 63, 63, 63, 63, 63, 63, 63, 63, 63, 63, 63, 63, 63, 63, 63, 63, 63, 63, 63, 63, 63, 63, 63, 63, 63, 63, 63, 63, 63, 63, 63, 63, 63, 63, 63, 63, 63, 63, 63, 63, 63, 63, 63, 63, 63, 63, 63, 63, 63, 63, 63, 63, 63, 63, 63, 63, 63, 63, 63, 63, 63, 63, 63, 63, 63, 63, 63, 63, 63, 63, 63, 63, 63, 63, 63, 63, 63, 63, 63, 63, 63, 63, 63, 63, 63, 63, 63, 63, 63, 63, 63, 63, 63, 63, 63, 63, 63, 63, 63, 63, 63, 63, 63, 63, 63, 63, 63, 63, 63, 63, 63, 63, 63, 63, 63, 63, 63, 63, 63, 63, 63, 63, 63, 63, 63, 63, 63, 63, 63, 63, 63, 63, 63, 63, 63, 63, 63, 63, 63, 63, 63, 63, 63, 63, 63, 63, 63, 63, 63, 63, 63, 63, 63, 63, 63, 63, 63, 63, 63, 63, 63, 63, 63, 63, 63, 63, 63, 63, 63, 63, 63, 63, 63, 63, 63, 63, 63, 63, 63, 63, 63, 63, 63, 63, 63, 63, 63, 63, 63, 63, 63, 63, 63, 63, 63, 63, 63, 63, 63, 63, 63, 63, 63, 63, 63, 63, 63, 63, 63, 63, 63, 63, 63, 63, 63, 63, 63, 63, 63, 63, 63, 63, 63, 63, 63, 63, 63, 63, 63, 63, 63, 63, 63, 63, 63, 63, 63, 63, 63, 63, 63, 63, 63, 63, 63, 63, 63, 63, 63, 63, 63, 63, 63, 63, 63, 63, 63, 63, 63, 63, 63, 63, 63, 63, 63, 63, 63, 63, 63, 63, 63, 63, 63, 63, 63, 63, 63, 63, 63, 63, 63, 63, 63, 63, 63, 63, 63, 63, 63, 63, 63, 63, 63, 63, 63, 63, 63, 63, 63, 63, 63, 63, 63, 63, 63, 63, 63, 63, 63, 63, 63, 63, 63, 63, 63, 63, 63, 63, 63, 63, 63, 63, 63, 63, 63, 63, 63, 63, 63, 63, 63, 63, 63, 63, 63, 63, 63, 63, 63, 63, 63, 63, 63, 63, 63, 63, 63, 63, 63, 63, 63, 63, 63, 63, 63, 63, 63, 63, 63, 63, 63, 63, 63, 63, 63, 63, 63, 63, 63, 63, 63, 63, 63, 63, 63, 63, 63, 63, 63, 63, 63, 63, 63, 63, 63, 63, 63, 63, 63, 63, 63, 63, 63, 63, 63, 63, 63, 63, 63, 63, 63, 63, 63]

ep10
Train step Loss: [5.334793567657471, 5.376867294311523, 5.392077922821045, 5.3377814292907715, 5.34417724609375, 5.367178916931152, 5.375429630279541, 5.402678489685059, 5.3125386238098145, 5.338730812072754, 5.335562705993652, 5.302146911621094, 5.348718166351318, 5.305910587310791, 5.293815612792969, 5.3015241622924805, 5.361663818359375, 5.353100299835205, 5.220502853393555, 5.3339104652404785, 5.292962551116943, 5.380074501037598, 5.3831610679626465, 5.296305179595947, 5.370416164398193, 5.324384689331055, 5.336366653442383, 5.355271339416504, 5.355790615081787, 5.35967493057251, 5.337990760803223, 5.426783084869385, 5.345344066619873, 5.3232245445251465, 5.3380889892578125, 5.321101188659668, 5.328965663909912, 5.3365607261657715, 5.455438137054443, 5.304231643676758, 5.321164131164551, 5.373306751251221, 5.377903938293457, 5.337218284606934, 5.3367462158203125, 5.341662406921387, 5.377571105957031, 5.225640296936035, 5.2821784019470215, 5.328433990478516, 5.253581523895264, 5.3621063232421875, 5.35964298248291, 5.360951900482178, 5.431789398193359, 5.39908504486084, 5.371441841125488, 5.324984550476074, 5.355299949645996, 5.347568511962891, 5.320733070373535, 5.389320373535156, 5.381305694580078]
val step Loss: [5.610530376434326, 5.6272406578063965, 5.660816669464111, 5.591504096984863, 5.554834365844727, 5.581843852996826, 5.574016094207764, 5.5961174964904785, 5.616118907928467, 5.610934734344482, 5.550241947174072, 5.578212738037109, 5.6228928565979, 5.574681282043457, 5.581407070159912, 5.564923286437988]
Train step Accs: [0.050706688037301474, 0.027008018005345337, 0.028933352526270332, 0.05479951397326853, 0.01747311827956989, 0.03133364824437097, 0.02931399214264128, 0.04622043592518164, 0.06455142231947483, 0.026845637583892617, 0.0426766374419804, 0.04399758088902329, 0.03609805238415044, 0.051548089591567856, 0.044503023724608466, 0.05106265525807342, 0.03186206896551724, 0.05495456512332324, 0.0762737413325294, 0.038615560640732266, 0.04142837215790208, 0.03677262931034483, 0.04123996678660393, 0.04818042029728344, 0.03165654813529922, 0.03532008830022075, 0.03793371310201968, 0.04168582375478927, 0.05348020434227331, 0.03448771375197586, 0.03116571771051843, 0.01931799092894339, 0.02638044743307901, 0.03788116944357121, 0.03659976387249114, 0.030722189866045427, 0.04131736526946108, 0.043996593812091964, 0.028470680423142224, 0.03645469368739809, 0.03594771241830065, 0.050338409475465314, 0.03808908973531311, 0.0462211118051218, 0.033689994216310006, 0.05082940191751636, 0.0423383813711122, 0.06328270716759925, 0.0629614152388912, 0.05286695416067721, 0.04730024741667879, 0.03464203233256351, 0.03012729844413013, 0.021825396825396824, 0.025195226167673494, 0.03312122695382607, 0.025426096675048897, 0.06884154460719041, 0.03564138797299419, 0.063922942206655, 0.06763366503626243, 0.02285345384118786, 0.031140768986336193]
val step Accs: [0.024930362116991643, 0.008302446256486287, 0.013574660633484163, 0.017287590458322167, 0.02294993960542209, 0.01489333154434456, 0.01912739092386548, 0.020182787509520184, 0.010472647099352349, 0.009076977484380525, 0.025799516259070142, 0.010169984018596543, 0.016936671575846832, 0.0240981451730685, 0.005226220695833956, 0.013124568270780566]
Preds: [17, 17, 17, 17, 17, 284, 284, 284, 284, 284, 284, 284, 284, 284, 284, 284, 284, 392, 392, 392, 392, 392, 392, 392, 392, 392, 392, 392, 392, 392, 392, 392, 392, 392, 392, 392, 392, 392, 392, 63, 63, 63, 63, 63, 63, 63, 63, 63, 63, 63, 63, 63, 63, 63, 63, 63, 63, 63, 63, 63, 63, 63, 63, 63, 63, 63, 63, 63, 63, 63, 63, 63, 63, 63, 63, 63, 63, 63, 63, 63, 63, 63, 63, 63, 63, 63, 63, 63, 63, 63, 63, 63, 63, 63, 63, 63, 63, 63, 63, 63, 63, 63, 63, 63, 63, 63, 63, 63, 63, 63, 63, 63, 63, 63, 63, 63, 63, 63, 63, 63, 63, 63, 63, 63, 63, 63, 63, 63, 63, 63, 63, 63, 63, 63, 63, 63, 63, 63, 63, 63, 63, 63, 63, 63, 63, 63, 63, 63, 63, 63, 63, 63, 63, 63, 63, 63, 63, 63, 63, 63, 63, 63, 63, 63, 63, 63, 63, 63, 63, 63, 63, 63, 63, 63, 63, 63, 63, 63, 63, 63, 63, 63, 63, 63, 63, 63, 63, 63, 63, 63, 63, 63, 63, 63, 63, 63, 63, 63, 63, 63, 63, 63, 63, 63, 63, 63, 63, 63, 63, 63, 63, 63, 63, 63, 63, 63, 63, 63, 63, 63, 63, 63, 63, 63, 63, 63, 63, 63, 63, 63, 63, 63, 63, 63, 63, 63, 63, 63, 63, 63, 63, 63, 63, 63, 63, 63, 63, 63, 63, 63, 63, 63, 63, 63, 63, 63, 63, 63, 63, 63, 63, 63, 63, 63, 63, 63, 63, 63, 63, 63, 63, 63, 63, 63, 63, 63, 63, 63, 63, 63, 63, 63, 63, 63, 63, 63, 63, 63, 63, 63, 63, 63, 63, 63, 63, 63, 63, 63, 63, 63, 63, 63, 63, 63, 63, 63, 63, 63, 63, 63, 63, 63, 63, 63, 63, 63, 63, 63, 63, 63, 63, 63, 63, 63, 63, 63, 63, 63, 63, 63, 63, 63, 63, 63, 63, 63, 63, 63, 63, 63, 63, 63, 63, 63, 63, 63, 63, 63, 63, 63, 63, 63, 63, 63, 63, 63, 63, 63, 63, 63, 63, 63, 63, 63, 63, 63, 63, 63, 63, 63, 63, 63, 63, 63, 63, 63, 63, 63, 63, 63, 63, 63, 63, 63, 63, 63, 63, 63, 63, 63, 63, 63, 63, 63, 63, 63, 63, 63, 63, 63, 63, 63, 63, 63, 63, 63, 63, 63, 63, 63, 63, 63, 63, 63, 63, 63, 63, 63, 63, 63, 63, 63, 63, 63, 63, 63, 63, 63, 63, 63, 63, 63, 63, 63, 63, 63, 63, 63, 63, 63, 63, 63, 63, 63, 63, 63, 63, 63, 63, 63, 63, 63, 63, 63, 63, 63, 63, 63, 63, 63, 63, 63, 63, 63, 63, 63, 63, 63, 63, 63, 63, 63, 63, 63, 63, 63, 63, 63, 63, 63, 63, 63, 63, 63, 63, 63, 63, 63, 63, 63, 63, 63, 63, 63, 63, 63, 63, 63, 63, 63, 63, 63, 63, 63, 63, 63, 63, 63, 63, 63, 63, 63, 63, 63, 63, 63, 63, 63, 63, 63, 63, 63, 63, 63, 63, 63, 63, 63, 63, 63, 63, 63, 63, 63, 63, 63, 63, 63, 63, 63, 63, 63, 63, 63, 63, 63, 63, 63, 63, 63, 63, 63, 63, 63, 63, 63, 63, 63, 63, 63, 63, 63, 63, 63, 63, 63, 63, 63, 63, 63, 63, 63, 63, 63, 63, 63, 63, 63, 63, 63, 63, 63, 63, 63, 63, 63, 63, 63, 63, 63, 63, 63, 63, 63, 63, 63, 63, 63, 63, 63]

ep11
Train step Loss: [5.316514492034912, 5.310658931732178, 5.393579483032227, 5.286127090454102, 5.338752746582031, 5.285797119140625, 5.3395867347717285, 5.338805198669434, 5.288205146789551, 5.335941791534424, 5.4003729820251465, 5.427257537841797, 5.348374843597412, 5.398188591003418, 5.335789203643799, 5.314608097076416, 5.404463291168213, 5.293866157531738, 5.30819845199585, 5.391513347625732, 5.411620616912842, 5.277663230895996, 5.351047039031982, 5.296255111694336, 5.178047180175781, 5.318761825561523, 5.385030746459961, 5.378650665283203, 5.308446884155273, 5.337039947509766, 5.337734222412109, 5.360479354858398, 5.30379581451416, 5.365362644195557, 5.300520896911621, 5.333136558532715, 5.436862468719482, 5.298768043518066, 5.3147149085998535, 5.287703514099121, 5.422375202178955, 5.326396465301514, 5.303933143615723, 5.329746246337891, 5.302237033843994, 5.33192777633667, 5.369284152984619, 5.300681114196777, 5.332973003387451, 5.306506633758545, 5.313117027282715, 5.299464702606201, 5.348980903625488, 5.3334641456604, 5.3682098388671875, 5.263181686401367, 5.251613616943359, 5.297598838806152, 5.359255790710449, 5.308029651641846, 5.294181823730469, 5.371125221252441, 5.380170822143555]
val step Loss: [5.6309614181518555, 5.563481330871582, 5.614696025848389, 5.580902099609375, 5.587922096252441, 5.528749465942383, 5.640993595123291, 5.560290813446045, 5.580948829650879, 5.598758220672607, 5.5974955558776855, 5.580951690673828, 5.576208114624023, 5.584768772125244, 5.564192295074463, 5.624047756195068]
Train step Accs: [0.03594921217683953, 0.04075021312872975, 0.04997775470858668, 0.05161842292884643, 0.046175673932671225, 0.057771867612293144, 0.0365045806906272, 0.04093655589123867, 0.04278621495327103, 0.032345397549159306, 0.037095501183898975, 0.0315645794233066, 0.03425026968716289, 0.03220819376449369, 0.037074583635047065, 0.05901764183271989, 0.023435042466184334, 0.053008216273522396, 0.03857166919319522, 0.027819041188386226, 0.04699574199653052, 0.04875094625283876, 0.03195909236177692, 0.04906999510523739, 0.09833916083916083, 0.03462014012913862, 0.02720897615708275, 0.025769789877097927, 0.037784090909090906, 0.04260324098274961, 0.031653840569188324, 0.03929478559689228, 0.0369666861484512, 0.03543075566009997, 0.05002605523710266, 0.02678185745140389, 0.015091575091575092, 0.039265452373842935, 0.03973244147157191, 0.038330078125, 0.029347826086956522, 0.05557825909276665, 0.049545159194282, 0.038461538461538464, 0.026066350710900472, 0.03924150645246247, 0.03998223011994669, 0.061610738255033555, 0.04585714285714286, 0.040873542865574736, 0.03150242326332795, 0.04955456570155902, 0.0253592561284869, 0.046975924838520255, 0.03988103285115587, 0.05264597292492821, 0.08090147356255417, 0.031719015936871424, 0.02266248574686431, 0.049738219895287955, 0.028042148198504417, 0.028633675692499222, 0.04674668351231838]
val step Accs: [0.013631339801056122, 0.008808599581964765, 0.008202057023825022, 0.012418772563176896, 0.022659256092347157, 0.03227548953409858, 0.005566870332654446, 0.036589099816289036, 0.019248043115616578, 0.012940151797934552, 0.018045666584826908, 0.009758742206560044, 0.010511452776906181, 0.013617365511662398, 0.023154662914161444, 0.00997398091934085]
Preds: [17, 17, 17, 17, 17, 17, 284, 284, 284, 284, 284, 284, 284, 284, 284, 284, 284, 284, 284, 284, 284, 284, 284, 284, 284, 284, 284, 284, 284, 63, 63, 63, 63, 63, 63, 63, 63, 63, 63, 63, 63, 63, 63, 63, 63, 63, 63, 63, 63, 63, 63, 63, 63, 63, 63, 63, 63, 63, 63, 63, 63, 63, 63, 63, 63, 63, 63, 63, 63, 63, 63, 63, 63, 63, 63, 63, 63, 63, 63, 63, 63, 63, 63, 63, 63, 63, 63, 63, 63, 63, 63, 63, 63, 63, 63, 63, 63, 63, 63, 63, 63, 63, 63, 63, 63, 63, 63, 63, 63, 63, 63, 63, 63, 63, 63, 63, 63, 63, 63, 63, 63, 63, 63, 63, 63, 63, 63, 63, 63, 63, 63, 63, 63, 63, 63, 63, 63, 63, 63, 63, 63, 63, 63, 63, 63, 63, 63, 63, 63, 63, 63, 63, 63, 63, 63, 63, 63, 63, 63, 63, 63, 63, 63, 63, 63, 63, 63, 63, 63, 63, 63, 63, 63, 63, 63, 63, 63, 63, 63, 63, 63, 63, 63, 63, 63, 63, 63, 63, 63, 63, 63, 63, 63, 63, 63, 63, 63, 63, 63, 63, 63, 63, 63, 63, 63, 63, 63, 63, 63, 63, 63, 63, 63, 63, 63, 63, 63, 63, 63, 63, 63, 63, 63, 63, 63, 63, 63, 63, 63, 63, 63, 63, 63, 63, 63, 63, 63, 63, 63, 63, 63, 63, 63, 63, 63, 63, 63, 63, 63, 63, 63, 63, 63, 63, 63, 63, 63, 63, 63, 63, 63, 63, 63, 63, 63, 63, 63, 63, 63, 63, 63, 63, 63, 63, 63, 63, 63, 63, 63, 63, 63, 63, 63, 63, 63, 63, 63, 63, 63, 63, 63, 63, 63, 63, 63, 63, 63, 63, 63, 63, 63, 63, 63, 63, 63, 63, 63, 63, 63, 63, 63, 63, 63, 63, 63, 63, 63, 63, 63, 63, 63, 63, 63, 63, 63, 63, 63, 63, 63, 63, 63, 63, 63, 63, 63, 63, 63, 63, 63, 63, 63, 63, 63, 63, 63, 63, 63, 63, 63, 63, 63, 63, 63, 63, 63, 63, 63, 63, 63, 63, 63, 63, 63, 63, 63, 63, 63, 63, 63, 63, 63, 63, 63, 63, 63, 63, 63, 63, 63, 63, 63, 63, 63, 63, 63, 63, 63, 63, 63, 63, 63, 63, 63, 63, 63, 63, 63, 63, 63, 63, 63, 63, 63, 63, 63, 63, 63, 63, 63, 63, 63, 63, 63, 63, 63, 63, 63, 63, 63, 63, 63, 63, 63, 63, 63, 63, 63, 63, 63, 63, 63, 63, 63, 63, 63, 63, 63, 63, 63, 63, 63, 63, 63, 63, 63, 63, 63, 63, 63, 63, 63, 63, 63, 63, 63, 63, 63, 63, 63, 63, 63, 63, 63, 63, 63, 63, 63, 63, 63, 63, 63, 63, 63, 63, 63, 63, 63, 63, 63, 63, 63, 63, 63, 63, 63, 63, 63, 63, 63, 63, 63, 63, 63, 63, 63, 63, 63, 63, 63, 63, 63, 63, 63, 63, 63, 63, 63, 63, 63, 63, 63, 63, 63, 63, 63, 63, 63, 63, 63, 63, 63, 63, 63, 63, 63, 63, 63, 63, 63, 63, 63, 63, 63, 63, 63, 63, 63, 63, 63, 63, 63, 63, 63, 63, 63, 63, 63, 63, 63, 63, 63, 63, 63, 63, 63, 63, 63, 63, 63, 63, 63, 63, 63, 63, 63, 63, 63, 63, 63, 63, 63, 63, 63, 63, 63, 63, 63, 63, 63, 63, 63, 63, 63, 63, 63, 63, 63, 63, 63, 63, 63, 63, 63, 63, 63, 63, 63, 63, 63, 63]

ep12
Train step Loss: [5.323853969573975, 5.249094009399414, 5.308596611022949, 5.367510795593262, 5.356184959411621, 5.326592445373535, 5.2703046798706055, 5.351446151733398, 5.377538204193115, 5.293917179107666, 5.230258941650391, 5.278228282928467, 5.266754627227783, 5.244602203369141, 5.287747859954834, 5.260869979858398, 5.336563587188721, 5.313255786895752, 5.330288410186768, 5.381875991821289, 5.323401927947998, 5.309338569641113, 5.385620594024658, 5.314969062805176, 5.365448951721191, 5.271431922912598, 5.275819778442383, 5.41243839263916, 5.271392345428467, 5.318509101867676, 5.277837753295898, 5.339668273925781, 5.1790289878845215, 5.45530891418457, 5.26728630065918, 5.331728935241699, 5.328063488006592, 5.322188377380371, 5.314441204071045, 5.272440433502197, 5.326322555541992, 5.320825576782227, 5.311425685882568, 5.282397270202637, 5.331796169281006, 5.292263507843018, 5.334287166595459, 5.309580326080322, 5.255430221557617, 5.290767192840576, 5.298781394958496, 5.357697486877441, 5.275326251983643, 5.35582971572876, 5.234982967376709, 5.306614398956299, 5.283529758453369, 5.3206071853637695, 5.429826736450195, 5.270050048828125, 5.279778957366943, 5.251736164093018, 5.302148818969727]
val step Loss: [5.481069564819336, 5.561587810516357, 5.605493068695068, 5.607509613037109, 5.553335666656494, 5.597305774688721, 5.550124645233154, 5.5374603271484375, 5.578572750091553, 5.673314094543457, 5.5728440284729, 5.541592597961426, 5.5397629737854, 5.562380313873291, 5.640902042388916, 5.548609256744385]
Train step Accs: [0.042162698412698416, 0.05842725741676383, 0.03492670490758445, 0.027860853140248703, 0.030985915492957747, 0.03542278811622592, 0.0531082750102923, 0.032240730789897906, 0.02232876712328767, 0.040440643571532105, 0.05918884664131813, 0.054429369513168395, 0.040235814296241706, 0.062238986932507075, 0.04352586914864495, 0.05693069306930693, 0.032513429459994345, 0.04074955383700178, 0.03761493452215102, 0.03501599715606114, 0.049945115257958285, 0.028621574186580262, 0.03482929515418502, 0.03141663063842052, 0.025546272493573264, 0.03868234007654456, 0.03781000135519718, 0.01884148240423544, 0.053273998728544186, 0.041490378053773716, 0.045007833641931345, 0.03548754680123718, 0.07148760330578513, 0.03131703131703132, 0.06169237182159233, 0.038892831795599714, 0.03899240855762595, 0.041100030220610456, 0.0352, 0.04742084138546157, 0.043064303500805624, 0.041720836780522394, 0.04192336589030804, 0.0423861852433281, 0.027530364372469637, 0.04674945215485756, 0.03368487328821029, 0.03243394379980428, 0.04503129293237674, 0.04096130592503023, 0.04267687508861477, 0.036267071320182094, 0.04863180709834733, 0.033622394644758864, 0.06952430737062205, 0.03854038540385404, 0.04997929034930278, 0.04794108806732792, 0.01949946261323507, 0.05383580080753701, 0.032745941445816565, 0.047604035308953345, 0.019552281099461603]
val step Accs: [0.025885558583106268, 0.018545994065281898, 0.017361111111111112, 0.013902805611222445, 0.020878108688977586, 0.012343886145803078, 0.023852735286492094, 0.014078374455732946, 0.019228050332249398, 0.006489531039549406, 0.009140767824497258, 0.01974320033135441, 0.018732514292665127, 0.021790690779721317, 0.007938573659552316, 0.01648003380519755]
Preds: [17, 17, 17, 17, 17, 284, 284, 284, 284, 284, 284, 284, 284, 284, 284, 284, 284, 284, 284, 284, 284, 284, 284, 284, 284, 284, 284, 284, 284, 284, 284, 284, 284, 284, 284, 284, 284, 284, 284, 284, 284, 324, 324, 63, 63, 63, 63, 63, 63, 63, 63, 63, 63, 63, 63, 63, 63, 63, 63, 63, 63, 63, 63, 63, 63, 63, 63, 63, 63, 63, 63, 63, 63, 63, 63, 63, 63, 63, 63, 63, 63, 63, 63, 63, 63, 63, 63, 63, 63, 63, 63, 63, 63, 63, 63, 63, 63, 63, 63, 63, 63, 63, 63, 63, 63, 63, 63, 63, 63, 63, 63, 63, 63, 63, 63, 63, 63, 63, 63, 63, 63, 63, 63, 63, 63, 63, 63, 63, 63, 63, 63, 63, 63, 63, 63, 63, 63, 63, 63, 63, 63, 63, 63, 63, 63, 63, 63, 63, 63, 63, 63, 63, 63, 63, 63, 63, 63, 63, 63, 63, 63, 63, 63, 63, 63, 63, 63, 63, 63, 63, 63, 63, 63, 63, 63, 63, 63, 63, 63, 63, 63, 63, 63, 63, 63, 63, 63, 63, 63, 63, 63, 63, 63, 63, 63, 63, 63, 63, 63, 63, 63, 63, 63, 63, 63, 63, 63, 63, 63, 63, 63, 63, 63, 63, 63, 63, 63, 63, 63, 63, 63, 63, 63, 63, 63, 63, 63, 63, 63, 63, 63, 63, 63, 63, 63, 63, 63, 63, 63, 63, 63, 63, 63, 63, 63, 63, 63, 63, 63, 63, 63, 63, 63, 63, 63, 63, 63, 63, 63, 63, 63, 63, 63, 63, 63, 63, 63, 63, 63, 63, 63, 63, 63, 63, 63, 63, 63, 63, 63, 63, 63, 63, 63, 63, 63, 63, 63, 63, 63, 63, 63, 63, 63, 63, 63, 63, 63, 63, 63, 63, 63, 63, 63, 63, 63, 63, 63, 63, 63, 63, 63, 63, 63, 63, 63, 63, 63, 63, 63, 63, 63, 63, 63, 63, 63, 63, 63, 63, 63, 63, 63, 63, 63, 63, 63, 63, 63, 63, 63, 63, 63, 63, 63, 63, 63, 63, 63, 63, 63, 63, 63, 63, 63, 63, 63, 63, 63, 63, 63, 63, 63, 63, 63, 63, 63, 63, 63, 63, 63, 63, 63, 63, 63, 63, 63, 63, 63, 63, 63, 63, 63, 63, 63, 63, 63, 63, 63, 63, 63, 63, 63, 63, 63, 63, 63, 63, 63, 63, 63, 63, 63, 63, 63, 63, 63, 63, 63, 63, 63, 63, 63, 63, 63, 63, 63, 63, 63, 63, 63, 63, 63, 63, 63, 63, 63, 63, 63, 63, 63, 63, 63, 63, 63, 63, 63, 63, 63, 63, 63, 63, 63, 63, 63, 63, 63, 63, 63, 63, 63, 63, 63, 63, 63, 63, 63, 63, 63, 63, 63, 63, 63, 63, 63, 63, 63, 63, 63, 63, 63, 63, 63, 63, 63, 63, 63, 63, 63, 63, 63, 63, 63, 63, 63, 63, 63, 63, 63, 63, 63, 63, 63, 63, 63, 63, 63, 63, 63, 63, 63, 63, 63, 63, 63, 63, 63, 63, 63, 63, 63, 63, 63, 63, 63, 63, 63, 63, 63, 63, 63, 63, 63, 63, 63, 63, 63, 63, 63, 63, 63, 63, 63, 63, 63, 63, 63, 63, 63, 63, 63, 63, 63, 63, 63, 63, 63, 63, 63, 63, 63, 63, 63, 63, 63, 63, 63, 63, 63, 63, 63, 63, 63, 63, 63, 63, 63, 63, 63, 63, 63, 63, 63, 63, 63, 63, 63, 63, 63, 63, 63, 63, 63, 63, 63, 63, 63, 63, 63, 63, 63, 63, 63, 63, 63, 63, 63, 63, 63, 63, 63, 63]

ep13
Train step Loss: [5.17331600189209, 5.210512638092041, 5.337950706481934, 5.352063179016113, 5.268958568572998, 5.348850727081299, 5.296851634979248, 5.329296588897705, 5.280988693237305, 5.193748950958252, 5.2518696784973145, 5.224800109863281, 5.274226665496826, 5.270044326782227, 5.346074104309082, 5.266770362854004, 5.173598766326904, 5.302230358123779, 5.317873477935791, 5.286833763122559, 5.199361324310303, 5.284875392913818, 5.272867202758789, 5.284205913543701, 5.350112438201904, 5.204931735992432, 5.108273029327393, 5.318174362182617, 5.1993560791015625, 5.294210433959961, 5.249486446380615, 5.208411693572998, 5.331905364990234, 5.205740451812744, 5.306013584136963, 5.246342182159424, 5.299515247344971, 5.229614734649658, 5.200338840484619, 5.247041702270508, 5.311581134796143, 5.317198276519775, 5.253681182861328, 5.358752250671387, 5.262588977813721, 5.296687602996826, 5.175428867340088, 5.234044075012207, 5.232668399810791, 5.295860290527344, 5.287603855133057, 5.315340042114258, 5.159664630889893, 5.213212490081787, 5.189659118652344, 5.236841201782227, 5.29638671875, 5.206799030303955, 5.311777114868164, 5.232638359069824, 5.286411285400391, 5.269181251525879, 5.2649359703063965]
val step Loss: [5.559825420379639, 5.55413818359375, 5.505925178527832, 5.573121070861816, 5.5232391357421875, 5.565125942230225, 5.575686454772949, 5.546578884124756, 5.57361364364624, 5.534374713897705, 5.530413627624512, 5.558004379272461, 5.434970855712891, 5.582400798797607, 5.474564552307129, 5.475558757781982]
Train step Accs: [0.06036446469248292, 0.04244409628258083, 0.03503925559755743, 0.021361610573228832, 0.03477443609022556, 0.039069528338259864, 0.05315290178571429, 0.044749094671495085, 0.050090744101633396, 0.07176099684732022, 0.05059124710471779, 0.050410161418364643, 0.046323841903952404, 0.0417586148361908, 0.026801938219261055, 0.04998765736855097, 0.057651844578482256, 0.044509969109800616, 0.06283593550038392, 0.0533739992375143, 0.06402823292160323, 0.05419208398354376, 0.052168638155899304, 0.04779237221079285, 0.04079329248629474, 0.06640497219496239, 0.08580197491326394, 0.03351788119108185, 0.04810078259209773, 0.0398371619656877, 0.038880023211954155, 0.05217993079584775, 0.027562574493444576, 0.04779516358463727, 0.03526029055690073, 0.059312134977287476, 0.051349674216568414, 0.062380161063530615, 0.06145768993205682, 0.048650168728908885, 0.03619978616160073, 0.04763542562338779, 0.05388471177944862, 0.04224357163040407, 0.05001497454327643, 0.0726691042047532, 0.07611766661126808, 0.06340446406671572, 0.06061493411420205, 0.05203829524397777, 0.052572527648661646, 0.04879908501715593, 0.07425149700598803, 0.04423911521769565, 0.06629330554831987, 0.06402439024390244, 0.046596692111959284, 0.06339217191097467, 0.03504199247031567, 0.03969392635102822, 0.05948425881980699, 0.04645033767089442, 0.049816625916870416]
val step Accs: [0.03300076745970836, 0.02311146328578975, 0.05057324840764331, 0.030368142099985677, 0.03197080291970803, 0.041442411194833155, 0.03140410070075266, 0.03238306116800443, 0.032778355879292405, 0.04593445769916358, 0.03135287662643047, 0.03644278606965174, 0.047662219919699524, 0.02436426574357609, 0.03685636856368564, 0.04700744926791677]
Preds: [17, 17, 17, 17, 17, 17, 284, 284, 284, 284, 284, 284, 284, 284, 284, 284, 284, 284, 284, 284, 284, 284, 284, 284, 284, 284, 284, 284, 284, 284, 284, 284, 284, 284, 284, 284, 284, 284, 284, 246, 246, 246, 246, 246, 246, 246, 246, 246, 246, 246, 246, 246, 246, 246, 246, 246, 246, 246, 246, 246, 246, 246, 246, 246, 246, 246, 246, 246, 246, 246, 246, 246, 246, 246, 246, 246, 246, 246, 246, 246, 246, 246, 246, 246, 246, 246, 246, 246, 246, 246, 246, 246, 246, 246, 246, 246, 246, 246, 246, 246, 246, 246, 246, 246, 246, 246, 246, 246, 246, 246, 246, 246, 246, 246, 246, 246, 246, 246, 246, 246, 246, 246, 246, 246, 246, 392, 392, 392, 392, 392, 392, 392, 392, 392, 392, 392, 392, 392, 392, 246, 246, 246, 246, 246, 246, 246, 246, 246, 246, 246, 246, 246, 246, 246, 246, 246, 246, 246, 246, 246, 246, 246, 246, 246, 246, 246, 246, 246, 246, 246, 246, 246, 392, 392, 63, 63, 63, 63, 63, 63, 63, 63, 63, 63, 63, 63, 63, 63, 63, 63, 392, 392, 392, 392, 392, 392, 392, 392, 246, 246, 246, 246, 246, 246, 246, 246, 246, 246, 246, 246, 246, 246, 246, 246, 246, 246, 246, 246, 246, 246, 246, 246, 246, 246, 246, 246, 246, 246, 246, 246, 246, 246, 246, 246, 246, 246, 246, 246, 246, 246, 246, 246, 246, 392, 392, 392, 392, 392, 392, 392, 392, 392, 392, 392, 392, 246, 246, 392, 392, 392, 246, 246, 246, 246, 392, 392, 63, 63, 63, 63, 63, 63, 63, 63, 63, 63, 63, 63, 63, 63, 63, 63, 63, 63, 392, 392, 392, 392, 392, 392, 392, 392, 246, 246, 246, 246, 246, 246, 246, 246, 246, 246, 246, 246, 246, 246, 246, 246, 246, 246, 246, 246, 246, 246, 246, 246, 246, 246, 246, 246, 246, 246, 246, 246, 246, 246, 246, 246, 246, 246, 246, 392, 392, 392, 392, 392, 246, 246, 246, 246, 246, 246, 246, 246, 246, 246, 246, 246, 246, 246, 246, 246, 246, 246, 246, 246, 246, 246, 246, 246, 246, 246, 246, 246, 246, 246, 246, 246, 246, 246, 246, 392, 63, 63, 63, 63, 63, 63, 63, 63, 63, 63, 63, 63, 392, 392, 392, 392, 392, 392, 392, 392, 392, 392, 246, 246, 246, 246, 246, 246, 246, 246, 246, 246, 246, 246, 246, 246, 246, 246, 246, 246, 246, 246, 246, 246, 246, 246, 246, 246, 246, 246, 246, 246, 246, 246, 246, 246, 246, 246, 246, 246, 246, 246, 246, 246, 246, 246, 246, 246, 246, 246, 246, 246, 246, 246, 246, 246, 246, 246, 246, 246, 246, 246, 246, 246, 246, 246, 246, 246, 246, 246, 246, 246, 246, 246, 246, 246, 246, 246, 246, 246, 246, 246, 246, 246, 246, 246, 246, 246, 246, 246, 246, 246, 246, 246, 246, 246, 246, 246, 392, 392, 392, 392, 246, 246, 246, 246, 246, 246, 246, 246, 246, 246, 246, 246, 392, 392, 63, 63, 63, 63, 63, 63, 63, 63, 63, 63, 63, 63, 63, 63, 392, 392, 392, 392, 392, 392, 392, 392, 392, 392, 392, 392, 392, 246, 246, 246, 246, 246, 246, 392, 392, 392, 392, 392, 63, 63, 63, 63, 63, 63, 63, 63, 63, 63, 63, 63, 63, 63, 63, 63, 63, 63, 63, 63, 63, 63, 63, 63, 63, 63, 63, 63, 63, 63, 63, 63, 63, 63, 63, 63, 63, 63, 63, 63, 63, 63, 63, 63, 63, 63, 63, 63, 63, 63, 63, 63, 63, 63]

ep14
Train step Loss: [5.146510601043701, 5.273728847503662, 5.179343223571777, 5.171168804168701, 5.2548909187316895, 5.178276062011719, 5.146023273468018, 5.20502233505249, 5.188230991363525, 5.23160457611084, 5.173193454742432, 5.200923919677734, 5.263322830200195, 5.190784931182861, 5.183340072631836, 5.223989963531494, 5.266974449157715, 5.243778228759766, 5.207100868225098, 5.161189556121826, 5.182857990264893, 5.244704723358154, 5.242517471313477, 5.125507831573486, 5.196366310119629, 5.153897285461426, 5.173115253448486, 5.1999359130859375, 5.099426746368408, 5.2112135887146, 5.118195056915283, 5.162197589874268, 5.286096572875977, 5.288640975952148, 5.266972541809082, 5.262375831604004, 5.108710765838623, 5.124538898468018, 5.218020439147949, 5.188161373138428, 5.265179634094238, 5.220754623413086, 5.14923095703125, 5.188634872436523, 5.136689186096191, 5.1206560134887695, 5.088322162628174, 5.171192169189453, 5.193357944488525, 5.288088798522949, 5.083614826202393, 5.099637031555176, 5.227019309997559, 5.155488967895508, 5.263593673706055, 5.057886600494385, 5.119006633758545, 5.147886753082275, 5.15191650390625, 5.2340240478515625, 5.122015953063965, 5.174097061157227, 5.2691874504089355]
val step Loss: [5.465970039367676, 5.43682861328125, 5.439395427703857, 5.457973957061768, 5.476805210113525, 5.4523701667785645, 5.494759559631348, 5.475813865661621, 5.434307098388672, 5.495988845825195, 5.4948930740356445, 5.490697383880615, 5.518044471740723, 5.505623817443848, 5.577697277069092, 5.473467826843262]
Train step Accs: [0.07327174259318255, 0.04764407076545805, 0.05234079674323931, 0.06975754997873246, 0.05673538986203689, 0.07608261159227182, 0.06900436558231235, 0.05713149522799576, 0.054149203688181054, 0.06084942084942085, 0.06173196472459159, 0.05405011655011655, 0.058420684835779176, 0.06942440275773609, 0.061211934789295604, 0.07346189164370982, 0.046301688992428654, 0.04583457748581666, 0.06262154803578374, 0.06027288382567227, 0.06132461161079313, 0.05605058924978442, 0.054394545724025495, 0.06756393001345895, 0.05607076615779712, 0.062376388254982505, 0.07890102148643889, 0.059291621157746915, 0.07365525672371638, 0.060393034030995364, 0.07059388506483112, 0.062482249360976995, 0.042789223454833596, 0.04044280442804428, 0.05744809514210845, 0.03776683087027915, 0.07692307692307693, 0.06898060376257839, 0.056887565152643337, 0.06129398410896708, 0.04288702928870293, 0.04331034482758621, 0.06122174381054898, 0.04548587181254307, 0.060674794442869294, 0.053641933287950985, 0.0736981465136805, 0.06082924168030551, 0.051265922314829376, 0.04115488913702345, 0.08155043067518755, 0.0624516129032258, 0.04633867276887872, 0.07140820980615735, 0.050752434346414875, 0.0856519367157665, 0.07482614742698192, 0.05521091811414392, 0.06397812713602187, 0.04802305106451096, 0.06220308788598575, 0.055008089424915425, 0.04606706361642118]
val step Accs: [0.04061624649859944, 0.041584158415841586, 0.037467700258397935, 0.03225806451612903, 0.0329202653648767, 0.04088877202208783, 0.04114780725500812, 0.0371506073829461, 0.04291139240506329, 0.03412759415833974, 0.03094484940173291, 0.044772007163521144, 0.034, 0.034130647643027, 0.031032394792612775, 0.03971919453168299]
Preds: [17, 17, 17, 17, 17, 284, 284, 284, 284, 284, 284, 284, 284, 284, 284, 284, 284, 284, 284, 284, 284, 284, 284, 284, 284, 284, 284, 284, 284, 284, 284, 284, 284, 284, 284, 284, 284, 284, 246, 246, 246, 246, 246, 246, 246, 246, 246, 246, 246, 246, 246, 246, 246, 392, 392, 392, 392, 392, 392, 392, 392, 392, 392, 392, 392, 392, 246, 246, 246, 246, 246, 246, 246, 246, 246, 246, 246, 246, 246, 246, 246, 246, 246, 392, 392, 392, 246, 246, 246, 246, 246, 246, 246, 246, 246, 246, 246, 246, 246, 246, 246, 246, 246, 246, 246, 246, 246, 246, 246, 246, 392, 392, 392, 63, 63, 63, 63, 63, 63, 63, 63, 63, 63, 63, 392, 392, 392, 392, 246, 246, 246, 246, 246, 246, 246, 246, 246, 246, 246, 246, 246, 246, 246, 246, 246, 246, 246, 246, 246, 246, 246, 246, 246, 246, 246, 246, 246, 246, 246, 246, 246, 246, 246, 246, 246, 246, 246, 246, 246, 246, 246, 246, 246, 246, 246, 246, 246, 246, 246, 246, 246, 246, 246, 246, 246, 246, 246, 246, 246, 246, 246, 246, 246, 246, 246, 246, 246, 246, 246, 246, 246, 246, 246, 246, 246, 392, 392, 392, 392, 392, 392, 392, 392, 392, 392, 392, 392, 392, 392, 246, 246, 246, 246, 246, 246, 246, 246, 246, 246, 246, 246, 246, 246, 246, 246, 246, 246, 246, 246, 246, 246, 246, 246, 246, 246, 246, 246, 246, 246, 246, 246, 246, 246, 246, 246, 246, 246, 246, 246, 246, 246, 246, 246, 246, 246, 246, 246, 246, 246, 246, 246, 246, 392, 392, 392, 392, 392, 392, 246, 246, 246, 246, 246, 246, 246, 246, 246, 246, 392, 392, 392, 392, 392, 392, 392, 392, 392, 392, 392, 392, 392, 392, 392, 392, 392, 392, 392, 392, 392, 392, 392, 392, 392, 392, 392, 392, 392, 392, 392, 392, 392, 392, 392, 392, 392, 392, 392, 392, 392, 392, 392, 392, 392, 392, 392, 392, 392, 392, 392, 392, 392, 392, 392, 392, 392, 392, 392, 392, 392, 392, 392, 392, 392, 392, 392, 392, 392, 392, 392, 392, 392, 392, 392, 392, 392, 392, 392, 392, 392, 392, 392, 392, 392, 392, 392, 392, 392, 392, 392, 392, 392, 392, 392, 392, 392, 392, 392, 392, 392, 392, 392, 392, 392, 392, 392, 392, 392, 392, 392, 392, 392, 392, 392, 392, 392, 392, 392, 392, 392, 392, 392, 392, 392, 392, 392, 392, 392, 392, 392, 392, 392, 392, 392, 392, 392, 392, 392, 392, 392, 392, 392, 392, 392, 392, 392, 392, 392, 392, 392, 392, 392, 392, 392, 392, 392, 392, 392, 392, 392, 392, 392, 392, 392, 392, 392, 392, 392, 392, 392, 392, 392, 392, 392, 392, 392, 392, 392, 392, 392, 392, 392, 392, 392, 392, 392, 392, 392, 392, 392, 392, 392, 392, 392, 392, 392, 392, 392, 392, 392, 392, 392, 392, 392, 392, 392, 392, 392, 392, 392, 392, 392, 392, 392, 392, 392, 392, 392, 392, 392, 392, 392, 392, 392, 392, 392, 392, 392, 392, 392, 392, 392, 392, 392, 392, 392, 392, 392, 392, 392, 392, 392, 392, 392, 392, 392, 392, 392, 392, 392, 392, 392, 392, 392, 392, 392, 392, 392, 392, 392, 392, 392, 392, 392, 392, 392, 392, 392, 392, 392, 392, 392, 392, 392, 392, 392, 392, 392, 392, 392, 392, 392, 392, 392, 392, 392, 392, 392, 392, 392, 392, 392, 392, 392, 392, 392, 392, 392, 392, 392, 392, 392, 392, 392, 392, 392, 392, 392, 392, 392, 392]

ep15
Train step Loss: [5.079931735992432, 5.129504203796387, 5.205543518066406, 5.152092456817627, 5.183827877044678, 5.093011379241943, 5.118169784545898, 5.192211151123047, 5.095191478729248, 5.141860008239746, 5.067577362060547, 5.138298034667969, 5.056392669677734, 5.2293901443481445, 5.195683002471924, 5.170995235443115, 5.081776142120361, 5.0554986000061035, 5.163933277130127, 5.142953395843506, 5.130078315734863, 5.03157377243042, 5.10776424407959, 5.040807723999023, 5.153801441192627, 5.152230262756348, 5.064181327819824, 5.124790668487549, 5.107306480407715, 5.154897689819336, 5.159046649932861, 5.073771953582764, 5.100283145904541, 5.160749912261963, 5.159218788146973, 5.17438268661499, 4.921430587768555, 4.992948532104492, 5.191229343414307, 5.138680458068848, 5.049933910369873, 5.152519702911377, 5.074644565582275, 5.053588390350342, 5.136363506317139, 4.922554969787598, 5.097283840179443, 5.121078014373779, 5.012838363647461, 5.153348922729492, 4.991746425628662, 5.101524353027344, 5.07405424118042, 4.961709022521973, 5.046339988708496, 5.006972312927246, 5.069221019744873, 5.123443603515625, 5.073720455169678, 4.901352882385254, 5.177514553070068, 4.982221603393555, 5.181278228759766]
val step Loss: [5.363006591796875, 5.40664005279541, 5.491269111633301, 5.303379535675049, 5.409878253936768, 5.413291931152344, 5.359336853027344, 5.498839855194092, 5.4339189529418945, 5.403237342834473, 5.400286674499512, 5.381963729858398, 5.458342552185059, 5.3456807136535645, 5.362896919250488, 5.412130355834961]
Train step Accs: [0.07542321644498186, 0.06797694694842618, 0.04860822600747819, 0.06768781911013859, 0.0490624559424785, 0.06937631394533987, 0.05712260807937633, 0.04123401053423627, 0.06632932166301969, 0.04507877086257994, 0.06757123473541383, 0.0650062656641604, 0.07326982347996638, 0.04113063960862475, 0.044564152791381, 0.04593537168526301, 0.064, 0.06844547563805105, 0.05338716913414087, 0.054651478166531056, 0.053335314217798246, 0.0869623118923958, 0.05737913486005089, 0.08821212916776057, 0.041252006420545745, 0.058856037579441835, 0.06529009742620329, 0.05731418212243759, 0.06705602422669263, 0.06885155604516661, 0.04983344437041972, 0.06321423405178649, 0.05558659217877095, 0.057442775914856394, 0.04938271604938271, 0.056065442936951315, 0.09475032010243278, 0.07654680063458487, 0.04959871589085072, 0.05338078291814947, 0.061041032332898364, 0.054441260744985676, 0.05690072639225181, 0.056623789948282724, 0.04079616036137775, 0.08953282081608516, 0.04587401364183496, 0.0517170045510964, 0.07954250064985703, 0.05398904182814379, 0.07433751743375175, 0.06821345707656612, 0.06940597106802093, 0.09025844930417495, 0.05690818421824582, 0.061342440562196246, 0.0641158221302999, 0.05122591943957969, 0.05783132530120482, 0.10619469026548672, 0.05512744516893894, 0.0805559495107077, 0.04244847739157182]
val step Accs: [0.049307036247334755, 0.039387633769322236, 0.025562528700443902, 0.06392306604440673, 0.0431578947368421, 0.032913072329130724, 0.032097770615095354, 0.02501065795083132, 0.039135959339263025, 0.03938197026022305, 0.03867823968326481, 0.04309146510981374, 0.031047865459249677, 0.03605611642847777, 0.045770779934090074, 0.03223819301848049]
Preds: [17, 17, 17, 17, 17, 284, 284, 284, 284, 284, 284, 284, 284, 284, 284, 284, 284, 284, 284, 284, 284, 284, 284, 284, 284, 284, 284, 284, 284, 284, 284, 284, 284, 284, 284, 284, 284, 246, 246, 246, 246, 246, 246, 246, 246, 246, 246, 246, 246, 414, 414, 246, 246, 246, 246, 246, 246, 246, 246, 246, 246, 246, 246, 246, 246, 246, 246, 246, 246, 246, 246, 246, 246, 246, 246, 246, 246, 246, 246, 246, 246, 246, 246, 246, 246, 246, 246, 246, 246, 246, 246, 246, 246, 246, 246, 246, 246, 246, 246, 246, 246, 246, 246, 246, 246, 246, 246, 246, 246, 246, 246, 246, 246, 414, 414, 414, 414, 414, 414, 414, 414, 414, 246, 246, 246, 246, 246, 246, 246, 246, 246, 246, 246, 246, 246, 246, 246, 246, 246, 246, 246, 246, 246, 246, 246, 246, 246, 246, 246, 246, 246, 246, 246, 246, 246, 246, 246, 246, 246, 246, 246, 246, 246, 246, 246, 246, 246, 246, 246, 246, 246, 246, 246, 246, 246, 246, 246, 246, 246, 246, 246, 246, 246, 246, 246, 246, 246, 246, 246, 246, 246, 246, 246, 246, 246, 246, 246, 246, 246, 246, 246, 246, 246, 246, 246, 246, 246, 246, 246, 246, 246, 246, 246, 246, 246, 246, 246, 246, 246, 246, 246, 246, 246, 246, 246, 246, 246, 246, 246, 246, 246, 246, 246, 246, 246, 246, 246, 246, 246, 246, 246, 246, 246, 246, 246, 246, 246, 246, 246, 246, 246, 246, 246, 246, 246, 246, 246, 246, 246, 246, 414, 414, 414, 392, 392, 392, 392, 392, 392, 392, 392, 392, 392, 392, 392, 392, 392, 392, 63, 63, 63, 63, 63, 63, 63, 63, 63, 392, 213, 213, 213, 246, 246, 246, 246, 246, 246, 246, 246, 246, 246, 246, 246, 246, 246, 246, 246, 246, 246, 246, 246, 246, 246, 246, 246, 246, 246, 246, 246, 246, 246, 246, 246, 246, 246, 246, 246, 246, 246, 246, 246, 246, 246, 246, 246, 246, 246, 246, 246, 246, 246, 246, 246, 246, 246, 246, 246, 246, 246, 246, 246, 246, 246, 246, 246, 246, 246, 246, 246, 246, 246, 246, 246, 246, 246, 246, 246, 246, 246, 246, 246, 246, 246, 246, 246, 246, 246, 246, 414, 414, 392, 63, 63, 63, 63, 63, 63, 63, 63, 63, 63, 63, 63, 63, 63, 63, 63, 63, 392, 213, 213, 246, 246, 246, 246, 246, 246, 246, 246, 246, 246, 246, 246, 246, 246, 246, 246, 246, 246, 246, 246, 246, 246, 246, 246, 246, 246, 246, 246, 246, 246, 246, 246, 246, 246, 246, 246, 246, 414, 414, 414, 414, 414, 414, 414, 246, 246, 246, 246, 246, 246, 246, 246, 246, 246, 246, 246, 246, 246, 246, 246, 246, 246, 246, 246, 246, 246, 246, 246, 246, 246, 246, 246, 246, 246, 246, 246, 246, 246, 246, 246, 246, 246, 246, 246, 246, 246, 246, 246, 246, 246, 414, 414, 392, 392, 392, 63, 63, 63, 63, 63, 63, 63, 63, 63, 63, 63, 63, 63, 63, 63, 63, 63, 63, 63, 63, 392, 213, 213, 213, 246, 246, 246, 246, 246, 246, 246, 246, 246, 246, 246, 246, 246, 246, 246, 246, 246, 246, 246, 246, 246, 246, 246, 246, 246, 246, 246, 246, 246, 246, 246, 246, 246, 246, 246, 246, 246, 246, 246, 246, 246, 246, 246, 246, 246, 246, 246, 246, 246, 246, 246, 246, 246, 246, 246, 246, 246, 246, 246, 246, 246, 246, 246, 246, 246, 246, 246, 246, 246, 246, 246, 246, 246, 246, 246, 246, 246, 246, 246, 246]

ep16
Train step Loss: [5.04307746887207, 5.081375598907471, 4.963133335113525, 4.998565196990967, 5.011166095733643, 5.039754390716553, 4.978492259979248, 5.0253496170043945, 5.0133538246154785, 5.08305549621582, 4.9571990966796875, 4.947876453399658, 5.0458903312683105, 4.990163326263428, 5.042834758758545, 4.991317272186279, 5.002697467803955, 4.964385509490967, 5.006930351257324, 5.018070220947266, 4.965593338012695, 5.004350662231445, 5.092355251312256, 5.0050153732299805, 4.959850311279297, 4.990305423736572, 4.9780778884887695, 5.019561767578125, 4.959905624389648, 5.045446395874023, 4.9982123374938965, 4.966162204742432, 4.8610520362854, 5.004509449005127, 5.049016952514648, 4.99454402923584, 4.893858909606934, 5.053687572479248, 4.914950847625732, 5.081972599029541, 4.950922966003418, 5.0712504386901855, 4.972269058227539, 5.0296430587768555, 4.998976707458496, 5.129673480987549, 5.065722942352295, 4.858588695526123, 4.862267971038818, 4.929354190826416, 4.817904949188232, 5.126524448394775, 5.00637149810791, 5.059346675872803, 5.044414520263672, 5.064672470092773, 4.896181583404541, 4.868057727813721, 4.953611373901367, 4.9182586669921875, 4.880313873291016, 4.953829288482666, 5.063665390014648]
val step Loss: [5.334135055541992, 5.230291843414307, 5.375655651092529, 5.29214334487915, 5.29693603515625, 5.324192047119141, 5.323873043060303, 5.314930438995361, 5.246842861175537, 5.329914569854736, 5.3517584800720215, 5.202210903167725, 5.284198760986328, 5.33367919921875, 5.391000270843506, 5.280574321746826]
Train step Accs: [0.07591586571945953, 0.050560262366766875, 0.08028720626631854, 0.06062754830703776, 0.06353741496598639, 0.07615172213341084, 0.06927023945267959, 0.07409925220938138, 0.06328024106758502, 0.040430482838859805, 0.082365003417635, 0.0733993399339934, 0.06357559379889063, 0.08582739509105305, 0.06216841246088967, 0.06908488862131246, 0.05879180151024811, 0.07392996108949416, 0.06358737490377213, 0.06828324903302589, 0.0828141225337487, 0.05373605046094129, 0.05391686102346001, 0.05992559128355036, 0.07427766032417195, 0.06705223206217242, 0.0766721044045677, 0.06023416560868952, 0.0816671793294371, 0.06008955655062834, 0.05592670356938347, 0.06984126984126984, 0.10415841584158415, 0.06790219591963868, 0.07040417209908735, 0.06170718816067653, 0.09, 0.05900790406105206, 0.07717955050629785, 0.05600507694748533, 0.06870967741935484, 0.05745702338547313, 0.07866492146596858, 0.05767741935483871, 0.05352517985611511, 0.045108289768483946, 0.06557665260196906, 0.08743247085584305, 0.10043729722104669, 0.08089953271028037, 0.10769603097773475, 0.04774535809018567, 0.07855855855855856, 0.05736543909348442, 0.06112077036244483, 0.05183520599250936, 0.07531610775151182, 0.09797490017113519, 0.08379655364091161, 0.09013333333333333, 0.08917821643567128, 0.06944201504285465, 0.05836967460583697]
val step Accs: [0.047735286140493625, 0.05929260450160772, 0.04646046331046978, 0.05004962427335886, 0.05403367680321689, 0.04386556890268592, 0.035129151291512915, 0.04283029001074114, 0.06378006872852233, 0.042652502816674716, 0.045261281031408584, 0.058344283837056504, 0.05490938598863944, 0.04501940491591203, 0.04034391534391534, 0.05834035383319292]
Preds: [17, 17, 17, 17, 284, 284, 284, 284, 284, 284, 284, 284, 284, 284, 284, 284, 284, 284, 284, 284, 284, 284, 284, 284, 284, 284, 284, 284, 284, 284, 284, 284, 284, 284, 284, 284, 246, 246, 246, 246, 246, 246, 246, 246, 246, 246, 246, 246, 246, 246, 246, 246, 246, 246, 246, 246, 246, 246, 246, 246, 246, 246, 246, 246, 246, 246, 246, 246, 246, 246, 246, 246, 246, 246, 246, 246, 246, 246, 246, 246, 246, 246, 246, 246, 246, 246, 246, 246, 246, 246, 246, 246, 246, 246, 246, 246, 246, 246, 246, 213, 414, 414, 414, 414, 414, 414, 414, 414, 392, 392, 392, 392, 63, 63, 63, 63, 63, 63, 63, 63, 63, 63, 63, 63, 63, 63, 320, 320, 320, 320, 213, 213, 213, 213, 246, 246, 246, 246, 246, 246, 246, 246, 246, 246, 246, 246, 246, 246, 246, 246, 246, 246, 246, 246, 246, 246, 246, 246, 246, 246, 246, 246, 246, 246, 246, 246, 246, 246, 246, 246, 246, 246, 246, 246, 246, 246, 246, 246, 246, 246, 246, 246, 246, 246, 246, 246, 246, 246, 246, 246, 246, 246, 246, 246, 246, 246, 246, 246, 246, 246, 246, 246, 246, 246, 246, 246, 246, 246, 246, 246, 246, 246, 246, 246, 246, 246, 246, 414, 414, 414, 414, 414, 414, 392, 392, 392, 392, 392, 392, 392, 63, 63, 63, 63, 63, 63, 392, 320, 320, 320, 213, 213, 213, 246, 246, 246, 246, 246, 246, 246, 246, 246, 246, 246, 246, 246, 246, 246, 246, 246, 246, 246, 246, 246, 246, 213, 213, 213, 414, 414, 414, 414, 414, 414, 414, 414, 414, 414, 414, 414, 414, 414, 414, 414, 414, 414, 414, 414, 414, 414, 414, 414, 414, 414, 414, 414, 414, 414, 414, 414, 414, 414, 414, 414, 414, 414, 414, 414, 414, 414, 414, 414, 414, 414, 414, 414, 414, 414, 414, 414, 414, 414, 414, 414, 414, 414, 414, 414, 414, 414, 414, 414, 414, 414, 414, 414, 414, 414, 414, 414, 414, 414, 414, 414, 414, 414, 414, 414, 414, 414, 414, 414, 414, 414, 414, 414, 414, 414, 414, 414, 414, 414, 414, 414, 414, 414, 414, 414, 414, 414, 414, 414, 414, 414, 414, 414, 414, 414, 414, 414, 414, 414, 414, 414, 414, 414, 414, 414, 414, 414, 414, 414, 414, 414, 414, 414, 414, 414, 414, 414, 414, 414, 414, 414, 414, 414, 414, 414, 414, 414, 414, 414, 414, 414, 414, 414, 414, 414, 414, 414, 414, 414, 414, 414, 414, 414, 414, 414, 414, 414, 414, 414, 414, 414, 414, 414, 414, 414, 414, 414, 414, 414, 414, 414, 414, 414, 414, 414, 414, 414, 414, 414, 414, 414, 414, 414, 414, 414, 414, 414, 414, 414, 414, 414, 414, 414, 414, 414, 414, 414, 414, 414, 414, 414, 414, 414, 414, 414, 414, 414, 414, 414, 414, 414, 414, 414, 414, 414, 414, 414, 414, 414, 414, 414, 414, 414, 414, 414, 414, 414, 414, 414, 414, 414, 414, 414, 414, 414, 414, 414, 414, 414, 414, 414, 414, 414, 414, 414, 414, 414, 414, 414, 414, 414, 414, 414, 414, 414, 414, 414, 414, 414, 414, 414, 414, 414, 414, 414, 414, 414, 414, 414, 414, 414, 414, 414, 414, 414, 414, 414, 414, 414, 414, 414, 414, 414, 414, 414, 414, 414, 414, 414, 414, 414, 414, 414, 414, 414, 414, 414, 414, 414, 414, 414, 414, 414, 414, 414, 414, 414, 414, 414, 414, 414, 414, 414, 414, 414, 414, 414, 414, 414, 414, 414, 414, 414, 414, 414, 414, 414]

ep17
Train step Loss: [4.859159469604492, 5.0154876708984375, 5.008856296539307, 4.950910568237305, 4.850541114807129, 5.007630348205566, 5.054229736328125, 4.982303142547607, 4.76615571975708, 4.881463050842285, 4.975553512573242, 4.998137950897217, 4.977826118469238, 4.858358860015869, 4.785328388214111, 4.9241766929626465, 4.894798755645752, 4.953177452087402, 4.907748222351074, 4.883482456207275, 4.811595439910889, 5.0153422355651855, 4.718965530395508, 4.830074310302734, 4.9320173263549805, 4.833289623260498, 5.021190643310547, 4.9070868492126465, 4.831500053405762, 4.854938983917236, 4.973475933074951, 4.853405952453613, 4.937083721160889, 4.965128421783447, 4.903234958648682, 4.864681243896484, 4.906639099121094, 4.829344272613525, 5.038636207580566, 4.892062664031982, 4.881025314331055, 4.905709743499756, 4.872909069061279, 4.918668270111084, 4.780140399932861, 4.918262004852295, 4.885994911193848, 4.833962440490723, 4.817890644073486, 4.868500232696533, 4.8528313636779785, 4.8637166023254395, 4.8494133949279785, 4.67828893661499, 4.870315074920654, 4.874902248382568, 4.897644996643066, 4.809194087982178, 4.850506782531738, 4.731812953948975, 4.752176284790039, 4.881839275360107, 4.868668079376221]
val step Loss: [5.117983341217041, 5.207747936248779, 5.275744915008545, 5.273806571960449, 5.3031134605407715, 5.1042656898498535, 5.231056213378906, 5.144813537597656, 5.266334056854248, 5.23613977432251, 5.226369857788086, 5.157487869262695, 5.230409622192383, 5.233302116394043, 5.256298542022705, 5.169739246368408]
Train step Accs: [0.08400746733042937, 0.060290450344726416, 0.06583268178264269, 0.07426229508196722, 0.09317443120260022, 0.06477850399419027, 0.06397047516530832, 0.08145294441386902, 0.1284825133372851, 0.08610207832602856, 0.0794359905067709, 0.07945246243118584, 0.08011293453326275, 0.10351393456811493, 0.09761064349714907, 0.09265683723619543, 0.0730055532981173, 0.0770016042000875, 0.08355969473548053, 0.08218215874502459, 0.09169381107491857, 0.06604472086480083, 0.10435162276233445, 0.08767083454492584, 0.06612426035502958, 0.09409474367293964, 0.07034945826339081, 0.08378623188405797, 0.08412741628096923, 0.08476658476658476, 0.07070285316631872, 0.10150166852057842, 0.08487253854373378, 0.06673842841765339, 0.084, 0.09612799139553643, 0.08074187700460186, 0.09592852958406561, 0.06483394247576672, 0.08338359469240048, 0.08877243131649992, 0.07997529720549637, 0.09147393855712806, 0.07559121621621621, 0.09803273268308811, 0.07230471271788251, 0.08073229291716687, 0.10682340914899055, 0.0967098703888335, 0.09311913562695479, 0.08114132857779759, 0.09099169262720665, 0.08144616607071911, 0.12239347234814144, 0.08458498023715415, 0.08291098115659519, 0.08411351667641896, 0.09503306166384745, 0.10044900577293137, 0.11784068466096116, 0.10246113989637305, 0.08133403638281043, 0.09343434343434344]
val step Accs: [0.06968165049870201, 0.050667393080904385, 0.050574390585598206, 0.0572573718866304, 0.05366869593079141, 0.07161953004080485, 0.05540540540540541, 0.05834817148335844, 0.049338146811071, 0.054472699109332647, 0.06265267998275614, 0.06053209665608982, 0.060291340706770974, 0.04939969984992496, 0.04854989140155871, 0.039476375536919614]
Preds: [17, 17, 17, 17, 284, 284, 284, 284, 284, 284, 284, 284, 284, 284, 284, 284, 284, 284, 284, 284, 284, 284, 284, 284, 284, 284, 284, 246, 246, 246, 246, 246, 246, 246, 246, 324, 324, 324, 324, 324, 324, 324, 246, 246, 246, 246, 246, 246, 246, 246, 324, 324, 414, 414, 414, 414, 414, 414, 392, 392, 392, 392, 392, 63, 63, 63, 63, 63, 63, 63, 320, 320, 320, 320, 320, 320, 287, 287, 213, 213, 171, 182, 414, 414, 182, 246, 246, 246, 246, 246, 246, 246, 246, 246, 246, 246, 246, 246, 246, 246, 246, 246, 246, 246, 246, 246, 213, 414, 414, 414, 414, 414, 414, 182, 246, 246, 246, 246, 246, 246, 246, 246, 246, 246, 246, 246, 246, 246, 246, 246, 246, 246, 246, 246, 246, 246, 246, 246, 246, 246, 246, 246, 246, 246, 246, 246, 246, 324, 414, 414, 414, 414, 414, 414, 414, 414, 414, 414, 414, 414, 246, 246, 246, 246, 246, 246, 246, 246, 246, 246, 246, 246, 246, 246, 246, 246, 246, 246, 246, 246, 246, 246, 246, 246, 246, 246, 246, 246, 246, 246, 246, 246, 246, 246, 246, 246, 246, 246, 246, 246, 246, 246, 246, 246, 246, 246, 246, 246, 246, 246, 246, 246, 246, 355, 355, 355, 246, 246, 355, 355, 355, 355, 414, 414, 414, 414, 414, 414, 414, 414, 392, 392, 392, 392, 392, 63, 63, 63, 63, 63, 63, 63, 63, 63, 63, 63, 63, 63, 63, 63, 63, 63, 63, 73, 320, 320, 320, 320, 287, 287, 213, 213, 213, 171, 355, 355, 355, 355, 355, 355, 246, 246, 246, 246, 246, 246, 246, 246, 246, 246, 246, 246, 246, 246, 246, 246, 246, 246, 246, 246, 246, 246, 246, 246, 246, 246, 246, 246, 246, 246, 246, 246, 246, 246, 246, 246, 246, 246, 246, 246, 246, 246, 246, 246, 246, 246, 246, 246, 355, 355, 355, 246, 246, 246, 246, 246, 246, 246, 246, 246, 246, 246, 246, 246, 246, 246, 246, 246, 246, 246, 414, 414, 414, 414, 414, 414, 392, 392, 392, 392, 63, 63, 63, 63, 63, 63, 63, 63, 63, 63, 63, 63, 63, 63, 63, 63, 63, 63, 63, 63, 63, 63, 320, 320, 320, 320, 320, 287, 213, 213, 213, 246, 246, 246, 246, 246, 246, 246, 246, 246, 246, 246, 246, 246, 246, 246, 246, 246, 246, 246, 246, 246, 246, 246, 246, 246, 246, 246, 246, 246, 246, 246, 246, 246, 246, 246, 246, 246, 246, 246, 246, 246, 246, 246, 246, 246, 355, 414, 414, 414, 414, 414, 414, 414, 414, 414, 355, 246, 246, 246, 246, 246, 246, 246, 246, 246, 246, 246, 355, 355, 414, 414, 414, 414, 414, 414, 246, 246, 246, 246, 246, 246, 246, 355, 355, 355, 355, 355, 355, 355, 355, 355, 355, 355, 355, 355, 355, 355, 355, 355, 355, 355, 355, 355, 355, 355, 355, 355, 355, 355, 355, 355, 355, 355, 355, 355, 355, 355, 355, 355, 355, 355, 355, 355, 355, 355, 355, 355, 355, 355, 355, 355, 355, 355, 355, 355, 355, 355, 355, 355, 355, 355, 355, 355, 355, 355, 355, 355, 355, 355, 355, 355, 355, 355, 355, 355, 355, 355, 355, 355, 355, 355, 355, 355, 355, 355, 355, 355, 355, 355, 355, 355, 355, 355, 355, 355, 355, 355, 355, 355, 355, 355, 355, 355, 355, 355, 355, 355, 355, 355, 355, 355, 355, 355, 355, 355, 355, 355, 355, 355, 355, 355, 355, 355, 355, 355, 355, 355, 355, 355, 355, 355, 355, 355, 355, 355, 355, 355, 355, 355]

ep18
Train step Loss: [4.914973258972168, 4.712031841278076, 4.90656852722168, 4.762374401092529, 4.829049587249756, 4.931723117828369, 4.843725681304932, 4.886955738067627, 4.871743679046631, 4.974579811096191, 4.893821716308594, 4.78987979888916, 4.875363349914551, 4.7966179847717285, 4.9115777015686035, 4.804868698120117, 4.8879876136779785, 4.641973972320557, 4.893935680389404, 4.774621963500977, 4.8036885261535645, 4.850216388702393, 4.731166839599609, 4.7353596687316895, 4.739983558654785, 4.804558753967285, 4.680797100067139, 4.704837799072266, 4.797836780548096, 4.75774621963501, 4.657804012298584, 4.773159027099609, 4.761922836303711, 4.714780330657959, 4.800140857696533, 4.853816509246826, 4.778777599334717, 4.7137861251831055, 4.811601161956787, 4.815700054168701, 4.756845951080322, 4.648979187011719, 4.763236999511719, 4.695335388183594, 4.714437961578369, 4.8650641441345215, 4.719602108001709, 4.802859783172607, 4.676620960235596, 4.708401203155518, 4.822021007537842, 4.834604263305664, 4.717678070068359, 4.7821197509765625, 4.704249858856201, 4.686123847961426, 4.61234712600708, 4.736401557922363, 4.689603805541992, 4.826366901397705, 4.652706623077393, 4.8003058433532715, 4.650570392608643]
val step Loss: [5.132635593414307, 5.14447546005249, 4.966392517089844, 5.122614860534668, 5.144714832305908, 5.092487335205078, 5.078099727630615, 5.102630138397217, 5.078031063079834, 5.156853675842285, 5.140768051147461, 5.129536151885986, 5.126375198364258, 5.143849849700928, 5.060714244842529, 5.1838507652282715]
Train step Accs: [0.07904230895375533, 0.11000870322019148, 0.08927372801718352, 0.10891368837406414, 0.09063625450180073, 0.08480074142724744, 0.09561695356574569, 0.09820627802690583, 0.07636643571978445, 0.07948675220796533, 0.08988103980026435, 0.08631337067356025, 0.1030230109790946, 0.10747785304846275, 0.08737268376487912, 0.09561231172233137, 0.09800226159065209, 0.12172528585902447, 0.09340813464235624, 0.10157410157410157, 0.08636303976899856, 0.08684565771711414, 0.1080389144905274, 0.1114856429463171, 0.10981085862022044, 0.09714918350401329, 0.11658177702320317, 0.10814814814814815, 0.06902255639097744, 0.09724742891712039, 0.12229822161422708, 0.103404614518852, 0.10480472042708626, 0.1031852848811126, 0.08454172366621067, 0.07609405617243632, 0.10693337343961498, 0.1088940260372308, 0.09280923412884105, 0.09431482090042721, 0.09987480873556823, 0.1130773314457618, 0.09246480817002484, 0.1128599534966911, 0.1053402583566387, 0.10021474588403723, 0.09894824245779131, 0.08121285997257352, 0.11859311588756952, 0.109577582601422, 0.08879371877230549, 0.0885264997087944, 0.1116077129357681, 0.10622772781265909, 0.10940889370932755, 0.10504382813622647, 0.11386347642505278, 0.08962067528136723, 0.10681375730045425, 0.08565914489311163, 0.11107934238741958, 0.09089569829110195, 0.0990183525394793]
val step Accs: [0.06284119859274535, 0.05978059903858006, 0.08853391092459727, 0.051527777777777777, 0.06444595513256288, 0.07390460343871326, 0.05448460508701473, 0.06296556570625439, 0.06056297981234006, 0.05371787862219792, 0.06339341205717837, 0.06181976491075316, 0.06402695871946082, 0.061258741258741256, 0.061284046692607, 0.04097083054998887]
Preds: [17, 17, 17, 17, 284, 284, 284, 284, 284, 284, 284, 284, 284, 284, 284, 284, 284, 284, 284, 284, 284, 284, 284, 284, 284, 284, 284, 284, 284, 284, 284, 284, 246, 246, 246, 246, 284, 35, 35, 35, 35, 35, 35, 35, 35, 246, 246, 246, 246, 35, 35, 35, 182, 182, 414, 414, 414, 414, 414, 414, 414, 392, 392, 392, 392, 392, 392, 392, 392, 392, 392, 392, 392, 320, 320, 320, 320, 320, 320, 320, 320, 320, 320, 320, 320, 392, 392, 392, 392, 63, 63, 63, 63, 63, 63, 63, 73, 320, 320, 320, 320, 287, 287, 287, 171, 171, 171, 246, 246, 246, 246, 171, 246, 246, 246, 246, 246, 246, 246, 246, 246, 246, 246, 246, 246, 246, 246, 246, 246, 246, 246, 246, 246, 246, 246, 246, 246, 246, 246, 246, 246, 246, 246, 246, 246, 246, 246, 246, 246, 246, 246, 246, 246, 246, 246, 246, 246, 246, 246, 246, 246, 246, 246, 246, 246, 246, 246, 246, 246, 246, 246, 246, 246, 246, 246, 246, 246, 246, 246, 246, 246, 246, 246, 246, 246, 246, 246, 246, 246, 246, 246, 246, 246, 246, 246, 246, 246, 246, 246, 246, 246, 246, 182, 355, 48, 48, 48, 182, 182, 182, 182, 182, 182, 182, 48, 48, 48, 48, 48, 48, 48, 48, 182, 182, 246, 246, 246, 246, 246, 182, 48, 48, 48, 182, 182, 182, 182, 182, 182, 182, 182, 182, 182, 48, 48, 48, 48, 48, 182, 182, 182, 246, 246, 246, 246, 246, 246, 246, 246, 246, 246, 246, 246, 246, 246, 246, 246, 355, 355, 355, 246, 246, 246, 246, 246, 246, 246, 246, 246, 246, 246, 246, 246, 246, 246, 246, 246, 246, 246, 246, 355, 48, 414, 414, 414, 414, 414, 414, 392, 392, 392, 392, 392, 392, 392, 392, 392, 392, 392, 63, 63, 63, 63, 63, 63, 73, 73, 320, 320, 320, 287, 287, 287, 287, 153, 246, 246, 246, 246, 246, 246, 246, 250, 182, 182, 182, 182, 48, 48, 48, 48, 48, 48, 48, 182, 182, 182, 182, 182, 182, 171, 246, 246, 246, 246, 246, 246, 246, 246, 246, 246, 246, 246, 246, 246, 246, 246, 246, 246, 246, 246, 246, 246, 246, 246, 246, 246, 246, 246, 246, 246, 246, 246, 246, 246, 355, 355, 48, 48, 48, 48, 48, 48, 48, 48, 48, 355, 355, 355, 355, 246, 246, 246, 355, 246, 246, 246, 246, 246, 246, 246, 246, 246, 246, 246, 246, 355, 246, 246, 246, 246, 246, 246, 246, 246, 246, 246, 246, 246, 246, 246, 246, 246, 246, 246, 246, 246, 246, 246, 246, 246, 246, 246, 246, 355, 414, 414, 414, 414, 414, 414, 414, 48, 48, 355, 355, 355, 355, 355, 48, 48, 414, 414, 414, 414, 414, 392, 392, 392, 392, 392, 392, 392, 392, 392, 63, 63, 63, 63, 63, 63, 63, 63, 63, 63, 63, 63, 63, 63, 63, 63, 63, 63, 63, 63, 63, 63, 63, 63, 63, 63, 63, 73, 320, 320, 320, 320, 320, 320, 287, 287, 171, 171, 171, 246, 246, 246, 246, 246, 246, 246, 246, 246, 246, 246, 246, 246, 246, 246, 246, 246, 246, 246, 246, 246, 246, 355, 355, 246, 246, 246, 246, 246, 246, 246, 246, 246, 246, 246, 246, 246, 246, 246, 246, 246, 246, 246, 246, 246, 246, 246, 246, 246, 246, 246, 246, 246, 246, 246, 355, 355, 355, 355, 48, 48, 48, 48, 48, 48, 48, 48, 48, 355, 246, 246, 246, 246, 246, 246, 246, 246, 246, 246, 246, 246, 246, 246, 246, 246, 246]

ep19
Train step Loss: [4.810004234313965, 4.648516654968262, 4.753244876861572, 4.726036548614502, 4.646172523498535, 4.688432693481445, 4.613476753234863, 4.727283477783203, 4.665294170379639, 4.616948127746582, 4.68341588973999, 4.689131259918213, 4.734679698944092, 4.718456268310547, 4.487438678741455, 4.624481678009033, 4.685226917266846, 4.721200942993164, 4.683050155639648, 4.730006217956543, 4.6225762367248535, 4.759463310241699, 4.7600016593933105, 4.606598854064941, 4.593623638153076, 4.633809566497803, 4.71132755279541, 4.721922397613525, 4.75673246383667, 4.769773006439209, 4.6942338943481445, 4.679502964019775, 4.62943696975708, 4.659233093261719, 4.705923080444336, 4.6463470458984375, 4.746493339538574, 4.71272087097168, 4.593143463134766, 4.619351387023926, 4.658754825592041, 4.635470390319824, 4.608678340911865, 4.608942985534668, 4.728364944458008, 4.632814407348633, 4.665654182434082, 4.643083095550537, 4.762755870819092, 4.5660247802734375, 4.620278835296631, 4.775218486785889, 4.697173595428467, 4.612407207489014, 4.575991630554199, 4.628261566162109, 4.605595111846924, 4.603835582733154, 4.683984279632568, 4.632568359375, 4.6223015785217285, 4.536170959472656, 4.563934803009033]
val step Loss: [4.980103015899658, 4.95904016494751, 4.986502170562744, 5.019414901733398, 4.879141807556152, 5.084108352661133, 4.989985942840576, 5.026939868927002, 5.0295586585998535, 4.9902520179748535, 5.041947364807129, 4.932312488555908, 5.012046813964844, 5.002743721008301, 5.007645606994629, 5.044424057006836]
Train step Accs: [0.09307135470527404, 0.122658929042469, 0.09713467048710601, 0.1014013749338974, 0.11641037962518021, 0.10050462573591253, 0.11867063803103935, 0.10195916114790286, 0.11062631949331457, 0.11905729378301504, 0.10895456550507278, 0.09325931800158604, 0.0999540088916143, 0.09043402525765713, 0.13311862587224907, 0.12854732320908116, 0.11985658186785043, 0.10907465355386678, 0.10596976016684045, 0.10773736128236745, 0.11275451402228198, 0.08023931022347351, 0.10552975939214859, 0.11595231336928753, 0.12342355108403004, 0.12134567357132364, 0.11146421845574388, 0.11042661327583551, 0.09501084598698481, 0.09541228471269624, 0.1111111111111111, 0.11235489220563848, 0.12352392790553139, 0.11126961483594865, 0.10516835250103922, 0.10746839164951486, 0.10055161544523247, 0.09986754966887418, 0.11689008042895442, 0.1215169226586924, 0.11114175399889685, 0.12095883929979498, 0.11903557578823133, 0.10761077579861622, 0.11685611311339063, 0.11449295974967999, 0.10345265295760345, 0.10658032901645083, 0.09891540130151844, 0.1147589470570837, 0.11658335783593061, 0.10258393934705246, 0.10485328883326381, 0.11942535915053092, 0.12377939760693164, 0.11016818392223422, 0.09915337023770758, 0.10598751418842224, 0.1084842136764926, 0.11099413445630922, 0.1154056268779022, 0.12875536480686695, 0.12595419847328243]
val step Accs: [0.08194254445964433, 0.078231748158071, 0.06833838523009093, 0.06086684399937412, 0.08484455958549222, 0.07179416240143865, 0.06269674711437566, 0.06829499644296894, 0.07452725250278086, 0.076668960770819, 0.0744535519125683, 0.09320062047569803, 0.06500615847817162, 0.07862679955703211, 0.07366014732029465, 0.07355946056395586]
Preds: [17, 17, 17, 17, 284, 17, 17, 17, 17, 414, 287, 287, 47, 47, 320, 320, 287, 287, 287, 287, 284, 284, 284, 284, 35, 35, 414, 414, 414, 392, 392, 392, 392, 392, 392, 392, 73, 73, 320, 320, 320, 287, 287, 287, 284, 284, 284, 213, 213, 213, 213, 213, 213, 35, 35, 213, 213, 246, 246, 246, 246, 246, 246, 246, 246, 35, 35, 182, 98, 414, 414, 414, 414, 182, 35, 324, 324, 324, 324, 324, 35, 35, 35, 35, 35, 35, 355, 355, 182, 182, 182, 182, 414, 414, 414, 414, 414, 414, 48, 182, 182, 182, 182, 355, 355, 355, 355, 355, 355, 355, 355, 355, 213, 213, 213, 213, 213, 213, 213, 35, 35, 355, 355, 355, 250, 250, 355, 355, 355, 355, 355, 355, 414, 414, 414, 414, 414, 414, 414, 170, 392, 392, 392, 392, 392, 392, 392, 392, 392, 73, 73, 73, 73, 320, 320, 320, 320, 287, 287, 287, 213, 213, 213, 213, 213, 35, 35, 35, 250, 250, 35, 213, 213, 213, 213, 213, 213, 35, 250, 355, 355, 355, 355, 355, 213, 213, 213, 213, 213, 246, 246, 246, 246, 355, 355, 355, 414, 414, 414, 414, 414, 414, 414, 414, 414, 320, 320, 320, 320, 320, 320, 320, 73, 73, 392, 73, 73, 73, 73, 73, 73, 73, 73, 73, 73, 320, 320, 320, 287, 287, 287, 213, 213, 213, 213, 35, 250, 250, 250, 213, 213, 213, 213, 213, 213, 213, 246, 246, 246, 246, 246, 246, 324, 414, 414, 414, 414, 414, 414, 414, 320, 320, 320, 287, 213, 213, 213, 213, 213, 213, 355, 355, 355, 213, 213, 213, 213, 213, 213, 213, 246, 246, 246, 246, 246, 250, 246, 213, 213, 213, 213, 213, 246, 246, 250, 250, 250, 246, 213, 213, 213, 246, 246, 246, 246, 246, 246, 246, 246, 355, 414, 414, 414, 414, 414, 414, 414, 414, 414, 355, 48, 414, 414, 48, 355, 355, 355, 355, 355, 355, 213, 213, 213, 213, 355, 355, 355, 355, 355, 355, 213, 213, 213, 213, 213, 246, 246, 246, 246, 246, 246, 246, 246, 246, 213, 213, 246, 246, 246, 246, 246, 246, 246, 246, 246, 246, 246, 246, 213, 246, 246, 355, 414, 414, 414, 414, 414, 414, 170, 392, 392, 392, 392, 392, 392, 392, 392, 73, 73, 73, 73, 73, 73, 73, 73, 320, 320, 320, 287, 287, 213, 213, 213, 213, 213, 213, 213, 213, 250, 250, 250, 213, 213, 213, 213, 213, 246, 246, 246, 246, 246, 246, 246, 355, 355, 355, 355, 355, 355, 355, 355, 355, 355, 355, 355, 213, 213, 213, 213, 213, 355, 355, 355, 355, 355, 414, 414, 414, 414, 414, 414, 170, 392, 392, 392, 392, 392, 73, 320, 320, 320, 287, 287, 153, 320, 320, 320, 320, 320, 320, 320, 320, 182, 153, 153, 213, 213, 213, 250, 355, 98, 98, 355, 355, 355, 355, 355, 355, 355, 355, 355, 355, 355, 355, 355, 355, 355, 355, 355, 355, 250, 250, 250, 250, 250, 250, 250, 250, 250, 250, 250, 250, 355, 355, 355, 355, 355, 355, 355, 355, 355, 355, 355, 355, 355, 355, 355, 355, 355, 355, 355, 355, 355, 355, 355, 355, 355, 355, 355, 355, 355, 355, 355, 355, 355, 355, 355, 355, 355, 355, 355, 355, 355, 355, 355, 355, 355, 355, 355, 355, 355, 355, 355, 355, 355, 355, 355, 355, 355, 355, 355, 355, 355, 355, 355, 355, 355, 355, 355, 355, 355, 355, 355, 355, 355, 355, 355, 355, 355, 355, 355, 355, 355, 355, 355, 355, 355, 355, 355, 355]

ep20
Train step Loss: [4.636837482452393, 4.744673728942871, 4.663321018218994, 4.55348539352417, 4.522005081176758, 4.600925445556641, 4.590298175811768, 4.615006923675537, 4.631191730499268, 4.552509784698486, 4.550108432769775, 4.541295528411865, 4.554316997528076, 4.589976787567139, 4.650213241577148, 4.603183269500732, 4.472402572631836, 4.696364879608154, 4.669815540313721, 4.546172618865967, 4.508241653442383, 4.534389019012451, 4.493768215179443, 4.611583232879639, 4.57041072845459, 4.661569118499756, 4.598709583282471, 4.6283440589904785, 4.559340476989746, 4.639509201049805, 4.53756856918335, 4.532995700836182, 4.4784440994262695, 4.378760814666748, 4.546088218688965, 4.654425621032715, 4.575167655944824, 4.492667198181152, 4.4954376220703125, 4.631722450256348, 4.4283928871154785, 4.49520206451416, 4.457443714141846, 4.670492649078369, 4.504978656768799, 4.474268913269043, 4.597838878631592, 4.591317653656006, 4.500758647918701, 4.667794704437256, 4.412491798400879, 4.560400009155273, 4.497108459472656, 4.299810409545898, 4.485015392303467, 4.538585186004639, 4.539920330047607, 4.596889019012451, 4.495823383331299, 4.413519859313965, 4.478283405303955, 4.325351715087891, 4.644723415374756]
val step Loss: [4.8861308097839355, 4.870243549346924, 4.959303379058838, 4.913636684417725, 4.884603500366211, 4.822996139526367, 4.9456706047058105, 4.882661819458008, 4.88096809387207, 4.821164131164551, 4.857019901275635, 4.912749290466309, 4.8775105476379395, 4.941230297088623, 4.866187572479248, 4.900773048400879]
Train step Accs: [0.11792002183704108, 0.11672664684712877, 0.10473253469339343, 0.11537392271337225, 0.13013698630136986, 0.11155075330999847, 0.12899246058944483, 0.11630150199807082, 0.12245455787891213, 0.12748260057715158, 0.11982269012328578, 0.13863242931332947, 0.137181966969201, 0.1108171206225681, 0.11416262789445342, 0.11822591822591823, 0.1433585313174946, 0.10636917888182644, 0.12357998157813939, 0.12533254507833283, 0.13616101580440362, 0.1310989173958179, 0.1418319966230477, 0.12836222355050808, 0.12478143379430934, 0.11138211382113822, 0.12519107306634056, 0.11115409413281754, 0.11873684210526315, 0.10947810437912417, 0.11722451474858628, 0.12942216981132076, 0.129, 0.1615689606343812, 0.12762384550797648, 0.109717868338558, 0.12114639814097598, 0.12439156300703083, 0.14270516717325227, 0.11995661605206073, 0.13359920239282153, 0.12656042496679948, 0.13297788928963464, 0.1082059533386967, 0.12837837837837837, 0.13751345532831, 0.113431151241535, 0.12424531299650461, 0.14294508741689238, 0.10594747682801235, 0.13352131365068834, 0.11762381454162277, 0.12910997732426305, 0.16577396893411891, 0.12932080048514252, 0.1340134153158189, 0.11941340782122906, 0.11274193548387097, 0.14947582008792695, 0.1448010649312232, 0.13868801652892562, 0.16226892084057512, 0.10342619276336855]
val step Accs: [0.08914342629482072, 0.07861635220125786, 0.07453696732419816, 0.0817258883248731, 0.09077093119646311, 0.09510127855193219, 0.07622950819672131, 0.08296075509190264, 0.08, 0.09551430781129157, 0.08322093336930132, 0.07684026375992464, 0.08706102283348911, 0.07912875654811138, 0.09283113973676842, 0.07290206288804325]
Preds: [17, 17, 17, 17, 284, 284, 284, 35, 35, 35, 35, 35, 35, 35, 35, 35, 35, 35, 35, 182, 182, 98, 98, 182, 182, 35, 35, 35, 35, 35, 284, 35, 182, 414, 414, 414, 414, 414, 414, 414, 47, 47, 47, 73, 320, 320, 320, 320, 320, 73, 73, 73, 73, 320, 320, 320, 320, 320, 320, 320, 320, 320, 320, 320, 320, 287, 287, 287, 287, 287, 387, 153, 153, 182, 98, 98, 320, 320, 320, 320, 287, 284, 284, 284, 284, 35, 35, 35, 35, 35, 284, 284, 213, 213, 213, 246, 246, 246, 246, 246, 246, 246, 246, 246, 246, 246, 246, 246, 246, 246, 246, 246, 246, 246, 246, 246, 246, 246, 246, 246, 246, 246, 246, 246, 35, 35, 355, 355, 355, 182, 182, 182, 182, 182, 182, 182, 182, 182, 182, 182, 182, 182, 98, 98, 414, 414, 414, 414, 414, 414, 414, 170, 170, 47, 320, 287, 287, 213, 246, 246, 246, 246, 246, 246, 246, 355, 355, 355, 355, 355, 355, 132, 132, 132, 35, 35, 35, 35, 35, 132, 355, 355, 355, 355, 355, 355, 355, 132, 324, 213, 246, 246, 246, 355, 355, 98, 98, 98, 355, 132, 35, 35, 35, 35, 35, 35, 213, 213, 213, 213, 246, 35, 98, 414, 414, 414, 414, 414, 414, 414, 414, 320, 320, 355, 355, 132, 132, 132, 132, 35, 35, 35, 132, 355, 355, 355, 355, 355, 355, 355, 355, 355, 132, 132, 132, 132, 355, 98, 98, 414, 414, 98, 355, 132, 324, 213, 246, 246, 246, 246, 246, 246, 98, 414, 414, 414, 414, 414, 170, 170, 392, 392, 392, 73, 73, 73, 73, 73, 73, 73, 73, 73, 73, 73, 73, 73, 73, 392, 392, 392, 73, 73, 320, 320, 287, 287, 287, 287, 287, 153, 153, 153, 35, 35, 35, 213, 213, 213, 246, 246, 246, 246, 246, 246, 246, 35, 35, 35, 35, 35, 246, 213, 213, 35, 35, 35, 355, 355, 35, 35, 213, 213, 213, 246, 246, 246, 246, 246, 246, 246, 246, 355, 355, 355, 355, 35, 246, 213, 213, 213, 213, 246, 35, 355, 355, 355, 355, 355, 132, 213, 213, 35, 35, 355, 355, 355, 355, 355, 355, 355, 355, 355, 355, 132, 35, 35, 35, 35, 246, 35, 35, 35, 35, 35, 213, 213, 35, 35, 355, 355, 355, 355, 355, 355, 355, 355, 355, 355, 355, 355, 355, 132, 35, 213, 213, 213, 246, 35, 355, 355, 355, 355, 355, 35, 213, 213, 35, 35, 35, 35, 355, 355, 355, 132, 35, 213, 246, 35, 35, 35, 35, 35, 35, 213, 213, 213, 35, 35, 246, 213, 213, 213, 213, 213, 246, 35, 35, 35, 35, 355, 355, 35, 213, 213, 213, 246, 35, 35, 35, 35, 35, 35, 35, 35, 355, 355, 355, 355, 213, 213, 213, 246, 246, 246, 246, 246, 246, 246, 246, 35, 35, 35, 355, 355, 355, 355, 355, 355, 355, 355, 132, 132, 132, 132, 35, 35, 35, 355, 355, 98, 414, 414, 414, 414, 414, 414, 355, 324, 324, 213, 246, 246, 246, 246, 246, 213, 246, 246, 246, 355, 414, 414, 414, 414, 414, 414, 170, 392, 392, 392, 392, 392, 392, 392, 73, 73, 73, 73, 73, 73, 73, 73, 73, 73, 320, 73, 73, 73, 73, 320, 320, 320, 287, 287, 213, 213, 213, 35, 35, 35, 35, 35, 35, 35, 35, 213, 35, 35, 35, 355, 355, 355, 355, 355, 355, 132, 35, 35, 35, 35, 35, 35, 355, 355, 355, 98, 414, 414, 414, 414, 414, 414, 392, 392, 392, 392, 392, 392, 73, 73]

ep21
Train step Loss: [4.433900356292725, 4.351221561431885, 4.475902080535889, 4.509308338165283, 4.606627464294434, 4.579018592834473, 4.462769508361816, 4.524723052978516, 4.65179443359375, 4.396639347076416, 4.440364837646484, 4.552168369293213, 4.591212272644043, 4.413926124572754, 4.418107509613037, 4.355912685394287, 4.532098770141602, 4.388145446777344, 4.483033180236816, 4.552673816680908, 4.482900142669678, 4.4707136154174805, 4.524378776550293, 4.4725189208984375, 4.390250205993652, 4.508363246917725, 4.640063285827637, 4.337151050567627, 4.531022071838379, 4.364275932312012, 4.43841552734375, 4.463834762573242, 4.503651142120361, 4.531339168548584, 4.398686408996582, 4.416926860809326, 4.332176208496094, 4.407927989959717, 4.435959339141846, 4.470116138458252, 4.37882137298584, 4.38271951675415, 4.392450332641602, 4.275844097137451, 4.446033477783203, 4.435548305511475, 4.488426685333252, 4.429993629455566, 4.277892112731934, 4.544285297393799, 4.395313739776611, 4.418274879455566, 4.300014495849609, 4.4429426193237305, 4.4288859367370605, 4.428909778594971, 4.29743766784668, 4.490016460418701, 4.43425989151001, 4.41872501373291, 4.291091442108154, 4.437676429748535, 4.356583118438721]
val step Loss: [4.783135890960693, 4.7854509353637695, 4.840002536773682, 4.810301303863525, 4.7698564529418945, 4.8144965171813965, 4.821308135986328, 4.748007774353027, 4.7651872634887695, 4.757012367248535, 4.746245384216309, 4.781376838684082, 4.850342750549316, 4.749599456787109, 4.806686878204346, 4.879859924316406]
Train step Accs: [0.13642288196958727, 0.1582634805454773, 0.12313186086496496, 0.13280785246876858, 0.11517966935373684, 0.1148463227222832, 0.13575226775101656, 0.11295019157088122, 0.11052322163433274, 0.14065762004175367, 0.13135294945797552, 0.11364584782306301, 0.12422964644826467, 0.139159109645507, 0.14171511627906977, 0.15354915354915355, 0.1265927977839335, 0.1446231556559883, 0.1417298937784522, 0.12549266908402965, 0.1298950601484515, 0.12702584318878668, 0.11639271434917814, 0.13667571451381128, 0.15211508332146417, 0.12683274021352314, 0.11732512399521122, 0.1531411677753141, 0.12780141843971632, 0.15431331953071084, 0.14044158747903857, 0.1382276148057134, 0.13708999158957108, 0.1239193083573487, 0.1468975468975469, 0.12583847598604775, 0.14356743318831572, 0.1362892426722214, 0.14449505261504633, 0.13815666479715835, 0.15463016889924286, 0.13920780711825487, 0.12497968470664717, 0.15734173890202258, 0.13428532198269943, 0.12985571587125416, 0.13586291309669524, 0.14437853868967376, 0.1699492688749627, 0.11575948418053682, 0.13847718686428365, 0.16468566518688244, 0.15326184092940126, 0.14069905213270142, 0.14150401836969, 0.14218770919801849, 0.15465648854961833, 0.12012798138452589, 0.14645187058980164, 0.13774432118330693, 0.15901997503121099, 0.1344692005242464, 0.13524703284570797]
val step Accs: [0.08616258623021777, 0.09861616897305171, 0.09409888357256778, 0.09017984215293053, 0.09933324261804327, 0.09660678642714571, 0.08467556373676945, 0.0938987451319775, 0.09798194370685077, 0.08732324485239394, 0.10402774073086156, 0.09092198581560283, 0.08746922379162887, 0.09370834444148227, 0.09078663793103449, 0.0922165820642978]
Preds: [17, 17, 17, 17, 284, 284, 284, 284, 35, 35, 35, 35, 35, 35, 35, 284, 284, 284, 284, 284, 284, 284, 284, 284, 284, 284, 284, 284, 284, 284, 35, 35, 35, 35, 35, 35, 35, 35, 35, 35, 35, 35, 35, 182, 98, 414, 414, 414, 414, 414, 414, 414, 170, 392, 392, 392, 47, 73, 73, 73, 73, 73, 73, 320, 320, 320, 320, 73, 73, 73, 392, 392, 63, 63, 73, 73, 73, 73, 320, 320, 320, 287, 287, 287, 287, 287, 284, 284, 171, 171, 171, 246, 246, 246, 246, 246, 246, 246, 246, 246, 246, 246, 246, 35, 246, 246, 246, 246, 246, 246, 246, 246, 246, 246, 246, 246, 246, 246, 246, 246, 246, 246, 246, 246, 246, 246, 246, 246, 246, 35, 486, 486, 246, 246, 246, 246, 246, 246, 246, 246, 246, 246, 246, 246, 246, 486, 246, 246, 246, 246, 246, 246, 246, 246, 246, 246, 246, 246, 246, 246, 246, 246, 246, 246, 35, 250, 132, 182, 182, 182, 182, 182, 182, 132, 132, 132, 182, 182, 182, 355, 355, 182, 182, 132, 132, 132, 132, 132, 182, 182, 182, 182, 132, 250, 250, 250, 250, 132, 182, 182, 182, 182, 182, 132, 132, 132, 250, 486, 213, 213, 246, 246, 246, 246, 486, 486, 250, 355, 132, 132, 132, 250, 250, 250, 250, 132, 355, 250, 486, 213, 213, 246, 246, 246, 246, 355, 355, 355, 355, 414, 414, 414, 414, 414, 414, 170, 170, 392, 392, 392, 392, 392, 73, 392, 392, 392, 73, 73, 320, 320, 320, 287, 287, 287, 213, 284, 486, 486, 486, 35, 132, 132, 182, 182, 182, 182, 182, 182, 182, 182, 182, 182, 182, 132, 132, 182, 132, 486, 486, 486, 213, 486, 486, 486, 486, 213, 213, 213, 213, 486, 486, 35, 486, 213, 246, 246, 246, 486, 250, 486, 250, 486, 486, 213, 35, 355, 355, 98, 98, 98, 98, 98, 98, 355, 355, 250, 324, 486, 250, 132, 132, 132, 250, 250, 250, 486, 486, 486, 486, 486, 250, 250, 250, 486, 246, 213, 486, 213, 213, 246, 246, 246, 246, 246, 246, 246, 246, 246, 246, 246, 246, 19, 355, 355, 355, 355, 132, 250, 250, 132, 132, 355, 355, 355, 355, 355, 98, 414, 414, 414, 414, 414, 414, 170, 392, 392, 392, 392, 392, 73, 73, 392, 63, 63, 63, 63, 73, 73, 73, 73, 73, 63, 63, 63, 63, 63, 63, 63, 73, 73, 73, 73, 320, 320, 320, 287, 287, 287, 287, 213, 213, 213, 213, 213, 486, 486, 486, 35, 250, 250, 250, 250, 250, 250, 250, 250, 132, 355, 355, 132, 250, 213, 213, 213, 246, 246, 246, 246, 246, 246, 246, 246, 246, 19, 486, 486, 246, 246, 246, 246, 246, 246, 246, 250, 250, 355, 355, 355, 355, 355, 355, 355, 355, 355, 355, 355, 132, 250, 324, 213, 213, 486, 250, 355, 355, 355, 132, 324, 324, 213, 213, 246, 246, 246, 246, 246, 246, 246, 19, 355, 414, 414, 414, 48, 48, 287, 324, 246, 246, 246, 246, 246, 246, 19, 250, 250, 250, 250, 486, 246, 213, 246, 246, 246, 486, 246, 246, 486, 486, 374, 250, 250, 355, 355, 355, 98, 414, 414, 414, 414, 48, 98, 355, 355, 355, 355, 132, 250, 250, 355, 98, 414, 414, 414, 414, 170, 392, 392, 392, 392, 392, 73, 73, 73, 73, 73, 73, 392, 63, 63, 63, 63, 63, 63, 63, 63, 73, 73, 73, 320, 320, 320, 320, 320, 287, 287, 287, 287, 153, 153, 153, 153, 153, 153, 182, 182, 153, 153, 284, 213]

ep22
Train step Loss: [4.434665679931641, 4.296853065490723, 4.36140775680542, 4.444413185119629, 4.397305488586426, 4.427337169647217, 4.301861763000488, 4.317929267883301, 4.353483200073242, 4.270825386047363, 4.280913352966309, 4.473331928253174, 4.439490795135498, 4.414901256561279, 4.348128795623779, 4.4692230224609375, 4.457589626312256, 4.4128193855285645, 4.430064678192139, 4.369630813598633, 4.447458267211914, 4.181939601898193, 4.285882472991943, 4.491559982299805, 4.366211414337158, 4.297807693481445, 4.314197540283203, 4.39601993560791, 4.396453380584717, 4.270692348480225, 4.483967304229736, 4.318910121917725, 4.259829044342041, 4.3425469398498535, 4.33776330947876, 4.345875263214111, 4.34290075302124, 4.511476516723633, 4.313996315002441, 4.151208877563477, 4.369577407836914, 4.422039031982422, 4.385441780090332, 4.386895656585693, 4.2749834060668945, 4.327763557434082, 4.339139461517334, 4.192927837371826, 4.284855842590332, 4.22929573059082, 4.204797744750977, 4.290276050567627, 4.344475269317627, 4.320660591125488, 4.395059585571289, 4.269865989685059, 4.352174758911133, 4.33012056350708, 4.334902763366699, 4.272181510925293, 4.348715305328369, 4.376942157745361, 4.429952144622803]
val step Loss: [4.698307991027832, 4.561013221740723, 4.64833402633667, 4.761314868927002, 4.725619316101074, 4.731170654296875, 4.690303802490234, 4.6829352378845215, 4.7018842697143555, 4.758840560913086, 4.677545547485352, 4.715130805969238, 4.696578025817871, 4.688858985900879, 4.744182586669922, 4.782716751098633]
Train step Accs: [0.12982263667946609, 0.15547050283753464, 0.14594368553108447, 0.13929467315921498, 0.15082644628099173, 0.13776861937003237, 0.15900587920897916, 0.16657586488695178, 0.14465937762825903, 0.15911309440803234, 0.16604675876726888, 0.13574179837959888, 0.14002393571550692, 0.14159725624693778, 0.15037373589330208, 0.13775307661770544, 0.14902486228971268, 0.15024805102763997, 0.13495132684357913, 0.14650851987971936, 0.13489499192245558, 0.16389740280690435, 0.14835316911154164, 0.13572060123784263, 0.13424894828012868, 0.16518956179222058, 0.1710428719774514, 0.15544041450777202, 0.15022421524663676, 0.16772151898734178, 0.12658838668167927, 0.15024630541871922, 0.17899111493264547, 0.1654052349416588, 0.1545818792813752, 0.16030534351145037, 0.14658573596358118, 0.13202747392520986, 0.16101093284111884, 0.18494437220054905, 0.13504464285714285, 0.12892585687652375, 0.15046265254123642, 0.13906692502608436, 0.16012158054711245, 0.15138137282825406, 0.16212098125857077, 0.17207522050257945, 0.16117800667343682, 0.1602045164039199, 0.16814035087719298, 0.1464477698677902, 0.1484441906936911, 0.13926337734537875, 0.1552346570397112, 0.16103776481424623, 0.14445352957209048, 0.14623655913978495, 0.1544232572678962, 0.154410480349345, 0.1345550602608552, 0.15049056603773586, 0.13354873451803984]
val step Accs: [0.08115942028985507, 0.11161018102626923, 0.10198019801980197, 0.07349119260756569, 0.09503097403453276, 0.09237196348444994, 0.10354451576890873, 0.09816324048169323, 0.1093347784853001, 0.09490308686288586, 0.10335621662852784, 0.10251798561151079, 0.10617537552959301, 0.09642301710730948, 0.09549523944862867, 0.08333333333333333]
Preds: [17, 17, 17, 17, 284, 284, 284, 284, 35, 35, 35, 182, 182, 182, 35, 35, 35, 35, 35, 182, 182, 182, 35, 35, 284, 284, 284, 284, 246, 246, 246, 246, 246, 284, 35, 35, 35, 35, 284, 246, 246, 246, 246, 246, 246, 246, 246, 246, 246, 246, 246, 19, 35, 414, 414, 414, 414, 414, 414, 414, 170, 170, 47, 47, 73, 320, 320, 320, 320, 287, 287, 287, 213, 213, 246, 246, 246, 246, 35, 35, 182, 182, 182, 182, 182, 182, 182, 132, 250, 250, 35, 35, 35, 35, 35, 486, 284, 324, 324, 35, 35, 35, 35, 35, 35, 486, 324, 324, 213, 246, 246, 246, 246, 246, 19, 355, 98, 98, 414, 414, 414, 414, 170, 170, 392, 392, 392, 392, 392, 73, 73, 320, 320, 73, 73, 73, 320, 320, 320, 7, 287, 287, 153, 287, 284, 284, 213, 213, 246, 246, 246, 246, 246, 246, 246, 246, 246, 246, 19, 355, 414, 414, 414, 414, 414, 414, 47, 320, 320, 287, 287, 213, 246, 246, 246, 246, 246, 246, 246, 246, 246, 246, 246, 246, 486, 486, 486, 246, 246, 246, 246, 246, 246, 246, 246, 246, 35, 355, 355, 355, 132, 132, 250, 250, 132, 132, 132, 250, 132, 355, 355, 355, 355, 355, 355, 355, 182, 182, 132, 132, 132, 132, 132, 355, 355, 355, 355, 355, 98, 414, 414, 414, 414, 98, 355, 250, 250, 486, 213, 213, 246, 246, 19, 35, 132, 250, 250, 486, 486, 213, 35, 486, 213, 246, 246, 246, 246, 246, 246, 246, 19, 355, 355, 250, 250, 486, 213, 246, 246, 486, 486, 486, 486, 486, 486, 35, 35, 132, 132, 132, 132, 355, 355, 355, 355, 355, 355, 355, 355, 355, 355, 355, 355, 355, 355, 182, 182, 98, 414, 414, 414, 414, 414, 414, 320, 320, 7, 250, 250, 486, 486, 213, 132, 355, 414, 414, 414, 414, 47, 320, 320, 287, 284, 213, 213, 213, 213, 213, 213, 213, 213, 213, 246, 246, 246, 246, 246, 246, 246, 246, 246, 246, 246, 246, 246, 246, 246, 246, 246, 246, 246, 246, 246, 246, 246, 246, 246, 246, 246, 246, 246, 246, 246, 246, 246, 246, 246, 246, 246, 246, 246, 246, 246, 246, 246, 246, 246, 246, 246, 246, 246, 246, 246, 246, 246, 246, 246, 246, 246, 246, 246, 246, 246, 246, 246, 246, 246, 246, 246, 246, 246, 246, 246, 246, 246, 246, 246, 246, 246, 246, 246, 246, 246, 246, 246, 246, 246, 246, 246, 246, 246, 246, 246, 246, 246, 246, 246, 246, 246, 246, 246, 246, 246, 246, 246, 246, 246, 246, 246, 246, 246, 246, 246, 246, 246, 246, 246, 246, 246, 246, 246, 246, 246, 246, 246, 246, 246, 246, 246, 246, 246, 246, 246, 246, 246, 246, 246, 246, 246, 246, 246, 246, 246, 246, 246, 246, 246, 246, 246, 246, 246, 246, 246, 246, 246, 246, 246, 246, 246, 246, 246, 246, 246, 246, 246, 246, 246, 246, 246, 246, 246, 246, 246, 246, 246, 246, 246, 246, 246, 246, 246, 246, 246, 246, 246, 246, 246, 246, 246, 246, 246, 246, 246, 246, 246, 246, 246, 246, 246, 246, 246, 246, 246, 246, 246, 246, 246, 246, 246, 246, 246, 246, 246, 246, 246, 246, 246, 246, 246, 246, 246, 246, 246, 246, 246, 246, 246, 246, 246, 246, 246, 246, 246, 246, 246, 246, 246, 246, 246, 246, 246, 246, 246, 246, 246, 246, 246, 246, 246, 246, 246, 246, 246, 246, 246, 246, 246, 246, 246, 246, 246, 246, 246, 246, 246, 246, 246, 246, 246, 246]

ep23
Train step Loss: [4.263028621673584, 4.162115573883057, 4.259832859039307, 4.414327621459961, 4.31027364730835, 4.391884803771973, 4.284881591796875, 4.343034267425537, 4.173602104187012, 4.161959171295166, 4.309191703796387, 4.287014961242676, 4.2428202629089355, 4.448521137237549, 4.376278400421143, 4.157858371734619, 4.277798175811768, 4.366491317749023, 4.3386945724487305, 4.335721492767334, 4.148256778717041, 4.295873165130615, 4.294742107391357, 4.345699310302734, 4.393413543701172, 4.268464088439941, 4.272705554962158, 4.310591220855713, 4.43259859085083, 4.2803754806518555, 4.213630676269531, 4.089629173278809, 4.2143707275390625, 4.0660929679870605, 4.238002777099609, 4.235294818878174, 4.230290412902832, 4.293673038482666, 4.164884567260742, 4.268157005310059, 4.349238395690918, 4.191025257110596, 4.322969913482666, 4.224346160888672, 4.178135395050049, 4.2368950843811035, 4.250554084777832, 4.30171537399292, 4.227300643920898, 4.150846004486084, 4.166076183319092, 4.343654632568359, 4.2383131980896, 4.222456455230713, 4.188985347747803, 4.3002214431762695, 4.20877742767334, 4.175576210021973, 4.223484516143799, 4.291195869445801, 4.103657245635986, 4.221030235290527, 4.194215297698975]
val step Loss: [4.637153625488281, 4.572159767150879, 4.582667827606201, 4.660339832305908, 4.669306755065918, 4.658568859100342, 4.667708396911621, 4.72527551651001, 4.612185955047607, 4.6107683181762695, 4.607548236846924, 4.573605060577393, 4.613353252410889, 4.64017915725708, 4.532175064086914, 4.450093746185303]
Train step Accs: [0.15931658878504673, 0.17003041194359966, 0.16592981486598507, 0.15137295794230102, 0.14118666089216111, 0.14008590827213524, 0.1474140194276713, 0.15003855050115653, 0.1740122914837577, 0.17799785867237689, 0.1563662374821173, 0.1457689932056825, 0.15908130195857403, 0.12896473997745936, 0.13790674742921538, 0.17186786421068656, 0.15829580879806027, 0.13870541611624834, 0.14389556445631213, 0.15615423901940756, 0.18074216250799743, 0.1510859301227573, 0.1472997572815534, 0.14558704453441296, 0.15016920473773265, 0.1598571995239984, 0.15536374845869297, 0.1488526570048309, 0.13800236406619384, 0.14038811400849, 0.17928633594429938, 0.18321513002364065, 0.17154159673939104, 0.19527363184079602, 0.16709878143634949, 0.16012649130372286, 0.1674889639054791, 0.14675675675675676, 0.17419270149645577, 0.1643392620902543, 0.15334370139968895, 0.17756033920417483, 0.1619223040857334, 0.1617709065354884, 0.17704011065006917, 0.16655177168068386, 0.164287883389007, 0.14789708827607456, 0.16616790045676486, 0.17652136383254208, 0.1760596920146055, 0.15980834272829764, 0.1669826224328594, 0.1589721869264436, 0.1779728651237031, 0.16220636336604222, 0.1668318934995043, 0.18075023361366974, 0.1655115054061547, 0.1534908992121706, 0.17274319375895558, 0.16745738885960287, 0.14928841126924194]
val step Accs: [0.1069377440845394, 0.11665377674658417, 0.11201747997086671, 0.10326814894186981, 0.10249756730457346, 0.10721036997029436, 0.0984185073846556, 0.08700816629547142, 0.12332775919732442, 0.11165868769360743, 0.11017597551644988, 0.13008989952406133, 0.10816274955774577, 0.10421412300683372, 0.11897590361445783, 0.12293499249088179]
Preds: [17, 17, 17, 284, 284, 284, 284, 284, 35, 35, 35, 182, 182, 182, 98, 48, 48, 182, 182, 182, 387, 387, 387, 387, 35, 35, 35, 35, 35, 35, 35, 35, 35, 35, 35, 35, 284, 324, 246, 246, 246, 246, 19, 35, 182, 182, 182, 35, 35, 284, 324, 246, 246, 246, 246, 246, 246, 246, 246, 19, 35, 246, 246, 246, 246, 246, 19, 35, 35, 182, 250, 250, 250, 250, 250, 182, 182, 182, 182, 182, 250, 250, 486, 486, 284, 324, 324, 324, 35, 35, 182, 182, 182, 182, 182, 182, 284, 324, 324, 246, 246, 246, 246, 246, 246, 246, 246, 246, 246, 246, 246, 246, 246, 246, 246, 19, 454, 414, 414, 414, 414, 170, 170, 392, 392, 392, 392, 73, 73, 73, 73, 73, 73, 73, 392, 392, 392, 392, 63, 392, 73, 73, 73, 320, 320, 320, 287, 287, 287, 287, 284, 284, 284, 35, 182, 182, 182, 182, 153, 284, 324, 284, 486, 486, 35, 250, 182, 182, 182, 182, 182, 250, 182, 250, 250, 250, 250, 486, 324, 324, 486, 486, 486, 486, 486, 324, 324, 246, 246, 246, 246, 246, 246, 246, 246, 246, 246, 19, 19, 182, 182, 250, 250, 486, 486, 35, 182, 182, 182, 182, 182, 182, 182, 98, 98, 182, 182, 250, 324, 324, 324, 240, 486, 486, 35, 35, 182, 182, 182, 182, 182, 182, 98, 414, 414, 414, 414, 170, 170, 392, 392, 392, 392, 73, 392, 392, 392, 392, 392, 392, 73, 73, 73, 73, 320, 320, 320, 287, 287, 287, 284, 284, 284, 284, 486, 486, 486, 35, 182, 182, 182, 182, 182, 250, 250, 250, 250, 250, 182, 182, 250, 182, 182, 355, 98, 98, 48, 48, 182, 182, 250, 250, 182, 182, 182, 182, 182, 182, 182, 98, 48, 414, 414, 414, 414, 80, 320, 287, 287, 284, 213, 246, 246, 246, 19, 486, 35, 35, 486, 486, 35, 35, 250, 250, 250, 250, 250, 250, 250, 182, 182, 182, 182, 182, 182, 250, 250, 250, 486, 240, 324, 324, 246, 246, 246, 246, 246, 246, 246, 19, 19, 250, 250, 486, 486, 250, 182, 182, 182, 182, 355, 98, 98, 182, 182, 250, 182, 182, 182, 182, 182, 182, 182, 182, 182, 182, 387, 250, 250, 250, 250, 182, 182, 182, 182, 98, 414, 414, 414, 414, 414, 414, 170, 392, 392, 392, 392, 73, 73, 73, 392, 73, 73, 392, 73, 73, 320, 320, 287, 287, 287, 287, 287, 153, 387, 486, 486, 486, 35, 182, 182, 182, 182, 182, 182, 182, 182, 182, 182, 182, 182, 182, 153, 153, 153, 153, 250, 250, 324, 324, 213, 246, 246, 246, 246, 246, 486, 486, 486, 35, 35, 355, 98, 98, 98, 182, 486, 324, 324, 324, 324, 324, 324, 246, 246, 246, 246, 246, 246, 246, 246, 246, 246, 246, 246, 246, 246, 246, 246, 246, 246, 246, 246, 246, 246, 246, 246, 246, 246, 246, 246, 246, 246, 246, 246, 246, 246, 246, 246, 246, 246, 246, 246, 246, 246, 246, 246, 246, 246, 246, 246, 246, 246, 246, 246, 246, 246, 246, 246, 246, 246, 246, 246, 246, 246, 246, 246, 246, 246, 246, 246, 246, 246, 246, 246, 246, 246, 246, 246, 246, 246, 246, 246, 246, 246, 246, 246, 246, 246, 246, 246, 246, 246, 246, 246, 246, 246, 246, 246, 246, 246, 246, 246, 246, 246, 246, 246, 246, 246, 246, 246, 246, 246, 246, 246, 246, 246, 246, 246, 246, 246, 246, 246, 246, 246, 246, 246, 246, 246, 246, 246, 246, 246, 246, 246, 246, 246, 246, 246, 246]

ep24
Train step Loss: [4.146782875061035, 4.123904705047607, 4.308104038238525, 4.212594509124756, 4.156808376312256, 4.324528694152832, 4.2322282791137695, 4.231263637542725, 4.33039665222168, 4.203609943389893, 4.280149936676025, 4.119487762451172, 4.265590190887451, 4.045976638793945, 4.122692108154297, 4.238248348236084, 4.116960048675537, 4.221858024597168, 4.1341657638549805, 4.111421585083008, 4.224196910858154, 4.213070392608643, 4.1052374839782715, 4.090066432952881, 4.167932033538818, 4.138810634613037, 4.239939212799072, 4.185155868530273, 4.164943695068359, 4.189488410949707, 4.172269344329834, 4.102872848510742, 4.230970859527588, 4.130441665649414, 4.040535926818848, 4.222157955169678, 4.098479270935059, 4.124825954437256, 4.164529323577881, 4.225474834442139, 4.146703243255615, 4.122286796569824, 4.205354690551758, 4.221944808959961, 4.228062152862549, 4.2193193435668945, 4.187746524810791, 4.214027404785156, 4.267362594604492, 4.276046276092529, 4.167706489562988, 4.112881660461426, 4.182034015655518, 4.052306652069092, 4.209399700164795, 4.162124156951904, 4.059268474578857, 4.072267055511475, 4.05833101272583, 4.146483898162842, 4.188498020172119, 4.0928473472595215, 4.1878767013549805]
val step Loss: [4.444114685058594, 4.564701557159424, 4.586516857147217, 4.509609222412109, 4.586677551269531, 4.4897236824035645, 4.646812438964844, 4.497807502746582, 4.513238906860352, 4.502920150756836, 4.447575569152832, 4.508869171142578, 4.483310222625732, 4.5884013175964355, 4.601746082305908, 4.539141654968262]
Train step Accs: [0.1689715466539501, 0.18915550015581178, 0.143234425974833, 0.16063696046933928, 0.18240230789404668, 0.14008787800465236, 0.16082873751676852, 0.1621173277032122, 0.14106395696353854, 0.17153284671532848, 0.16207845836200963, 0.18444165621079048, 0.1548743102391171, 0.19495444989488436, 0.18030477653988988, 0.1560295324036095, 0.17710522628555417, 0.1640219486875278, 0.18285048769835494, 0.18508511213185624, 0.16798388346505502, 0.16202420883768412, 0.1800940899735372, 0.17381258023106547, 0.1789888748063653, 0.17056265289480838, 0.17039731393396754, 0.17524528301886794, 0.17660550458715596, 0.17154535864978904, 0.17158373697343315, 0.18279397628965074, 0.17270514105685236, 0.1723575023806285, 0.19340186469041357, 0.17403156384505022, 0.18789808917197454, 0.181151832460733, 0.17525268992500814, 0.16747638326585695, 0.1806554756195044, 0.18893483530586055, 0.16273078574495492, 0.15260848366650415, 0.16451786193929627, 0.16480830914922864, 0.15918888711480123, 0.17042647785279105, 0.16397966594045024, 0.16863245138667518, 0.17976273551988833, 0.18799197407007254, 0.16545601291364004, 0.18691468890314303, 0.16720971563981044, 0.1704787611876687, 0.19676819676819676, 0.19274691358024693, 0.20159653632796645, 0.17655191483478502, 0.16828597616865262, 0.19561943874058862, 0.15718604012091233]
val step Accs: [0.13712374581939799, 0.12128844114528102, 0.11333794056668971, 0.1314253959433176, 0.11085089773614364, 0.11153119092627599, 0.10169265627082501, 0.13567906170864988, 0.11516218254966056, 0.1254466564573762, 0.12256933375836787, 0.1356443104747551, 0.13534858387799564, 0.11597014925373135, 0.10374804047313667, 0.1360804983229516]
Preds: [17, 17, 17, 17, 284, 284, 284, 284, 35, 35, 35, 35, 35, 35, 35, 35, 35, 35, 35, 182, 182, 182, 182, 182, 182, 182, 98, 48, 414, 414, 414, 414, 47, 47, 47, 320, 287, 287, 287, 284, 284, 284, 35, 35, 35, 182, 182, 182, 387, 284, 284, 284, 35, 35, 182, 35, 35, 250, 250, 182, 250, 250, 387, 486, 486, 324, 324, 324, 284, 486, 486, 284, 284, 324, 324, 324, 324, 324, 324, 324, 324, 324, 240, 35, 35, 35, 35, 35, 250, 182, 182, 182, 182, 182, 250, 182, 98, 182, 182, 250, 250, 387, 387, 284, 486, 324, 324, 324, 246, 246, 246, 464, 486, 35, 486, 486, 35, 35, 182, 182, 250, 250, 250, 250, 250, 182, 182, 182, 182, 182, 182, 182, 98, 48, 414, 414, 48, 182, 250, 250, 182, 182, 182, 182, 182, 182, 182, 182, 182, 182, 182, 182, 182, 182, 182, 182, 250, 250, 387, 387, 486, 486, 486, 240, 486, 35, 35, 486, 35, 98, 98, 414, 414, 414, 414, 170, 170, 392, 392, 392, 392, 392, 392, 392, 392, 392, 392, 63, 63, 63, 63, 63, 63, 63, 63, 63, 63, 63, 63, 63, 63, 63, 73, 73, 320, 320, 320, 320, 320, 287, 287, 213, 213, 171, 171, 171, 171, 35, 35, 486, 486, 35, 355, 355, 98, 98, 98, 355, 182, 250, 250, 387, 324, 324, 246, 246, 246, 246, 246, 324, 486, 486, 486, 35, 355, 355, 355, 250, 324, 324, 324, 486, 35, 250, 250, 250, 250, 250, 250, 250, 355, 98, 355, 250, 250, 324, 324, 240, 486, 486, 486, 486, 486, 486, 355, 355, 250, 486, 324, 324, 324, 324, 246, 264, 374, 35, 35, 35, 324, 324, 246, 324, 19, 355, 355, 355, 355, 355, 98, 414, 414, 414, 414, 80, 80, 80, 320, 320, 7, 153, 250, 250, 250, 387, 387, 250, 182, 98, 414, 414, 414, 414, 80, 320, 320, 287, 284, 284, 324, 324, 324, 324, 324, 324, 324, 324, 324, 324, 324, 324, 324, 324, 324, 324, 324, 324, 324, 324, 324, 324, 324, 324, 324, 324, 324, 324, 324, 324, 324, 324, 324, 324, 324, 324, 324, 324, 324, 324, 324, 324, 324, 324, 324, 324, 324, 324, 324, 324, 324, 324, 324, 324, 324, 324, 324, 324, 324, 324, 324, 324, 324, 324, 324, 324, 324, 324, 324, 324, 324, 324, 324, 324, 324, 324, 324, 324, 324, 324, 324, 324, 324, 324, 324, 324, 324, 324, 324, 324, 324, 324, 324, 324, 324, 324, 324, 324, 324, 324, 324, 324, 324, 324, 324, 324, 324, 324, 324, 324, 324, 324, 324, 324, 324, 324, 324, 324, 324, 324, 324, 324, 324, 324, 324, 324, 324, 324, 324, 324, 324, 324, 324, 324, 324, 324, 324, 324, 324, 324, 324, 324, 324, 324, 324, 324, 324, 324, 324, 324, 324, 324, 324, 324, 324, 324, 324, 324, 324, 324, 324, 324, 324, 324, 324, 324, 324, 324, 324, 324, 324, 324, 324, 324, 324, 324, 324, 324, 324, 324, 324, 324, 324, 324, 324, 324, 324, 324, 324, 324, 324, 324, 324, 324, 324, 324, 324, 324, 324, 324, 324, 324, 324, 324, 324, 324, 324, 324, 324, 324, 324, 324, 324, 324, 324, 324, 324, 324, 324, 324, 324, 324, 324, 324, 324, 324, 324, 324, 324, 324, 324, 324, 324, 324, 324, 324, 324, 324, 324, 324, 324, 324, 324, 324, 324, 324, 324, 324, 324, 324, 324, 324, 324, 324, 324, 324, 324, 324, 324, 324, 324, 324, 324, 324, 324, 324, 324, 324, 324, 324, 324, 324]

ep25
Train step Loss: [4.097782135009766, 4.075565338134766, 4.048558712005615, 4.1220598220825195, 4.064597129821777, 4.088362216949463, 4.061805725097656, 4.191920757293701, 4.059595584869385, 4.203518867492676, 4.1802449226379395, 4.065147399902344, 4.131241798400879, 4.136195659637451, 4.161818027496338, 4.169533729553223, 4.072110652923584, 4.10741662979126, 4.146867275238037, 3.985640048980713, 4.127796649932861, 4.218220233917236, 4.082921981811523, 4.204200267791748, 4.306259632110596, 3.9469523429870605, 4.140285491943359, 4.0878801345825195, 4.043341159820557, 4.0060858726501465, 4.104693412780762, 4.100375652313232, 4.0891242027282715, 4.038482189178467, 4.094760417938232, 4.050994396209717, 4.174341201782227, 3.9777746200561523, 4.210953712463379, 4.146713733673096, 4.016119956970215, 4.098221302032471, 3.943863868713379, 4.095704078674316, 4.145528793334961, 4.028992176055908, 4.1021928787231445, 4.199569225311279, 3.975583553314209, 4.083938121795654, 4.039666175842285, 4.073939323425293, 4.053023338317871, 4.0402374267578125, 3.9884605407714844, 4.053450107574463, 4.041284084320068, 4.168395519256592, 4.035322666168213, 4.027838230133057, 4.026797771453857, 4.0754289627075195, 4.009909629821777]
val step Loss: [4.510704040527344, 4.488135814666748, 4.470153331756592, 4.631384372711182, 4.5199384689331055, 4.427334785461426, 4.4285712242126465, 4.3999152183532715, 4.427155017852783, 4.41575288772583, 4.388963222503662, 4.461503028869629, 4.368830680847168, 4.376825332641602, 4.401332378387451, 4.568006992340088]
Train step Accs: [0.19585050029429077, 0.20666946896455093, 0.1959806157354618, 0.17407128514056225, 0.19298245614035087, 0.18407293202842204, 0.19698450369956721, 0.16189073379753616, 0.18773503037315592, 0.16918927019331634, 0.18548387096774194, 0.19790125117718282, 0.18276050190943807, 0.17049593723732137, 0.16429369067560023, 0.18084445824278175, 0.19552635695291726, 0.188438240716355, 0.16964968640048952, 0.20687384777455886, 0.1843125096884204, 0.16852856686881584, 0.1895424836601307, 0.17379526660963787, 0.15302157309393005, 0.21369944784360542, 0.190166069684142, 0.17350670459162942, 0.1750911933298593, 0.19179791049430844, 0.19122562674094706, 0.18878310026777745, 0.18414653914734966, 0.18473772748126624, 0.16387434554973823, 0.18970076548364648, 0.1768473675988127, 0.2107216494845361, 0.15661971830985916, 0.17522564581388111, 0.20082083215397678, 0.17524401064773737, 0.2112676056338028, 0.1958776250972258, 0.17896174863387979, 0.19040312456409542, 0.19637157735595498, 0.15084658799384298, 0.2067862606035322, 0.1872791519434629, 0.1820757530569639, 0.18858307849133538, 0.18968818380743982, 0.18221433182698515, 0.20253903399970816, 0.19250401050021876, 0.19061850311850312, 0.18516169942929614, 0.17598373747640483, 0.1933325507688696, 0.19492957746478873, 0.1906708004509583, 0.21204453441295545]
val step Accs: [0.12817491489918828, 0.12718881498574724, 0.12401451633087224, 0.11145510835913312, 0.1126986246494859, 0.1275300778485492, 0.1425713523606295, 0.1411156751026898, 0.13259596616785946, 0.14380286870172856, 0.12767710049423395, 0.1260692196341624, 0.1385316184351554, 0.1381531853972799, 0.12630548302872063, 0.11782338021673969]
Preds: [17, 17, 284, 284, 284, 35, 35, 35, 35, 35, 284, 284, 284, 284, 284, 284, 35, 35, 35, 35, 35, 35, 35, 35, 35, 284, 284, 284, 284, 35, 35, 35, 35, 35, 35, 284, 284, 284, 35, 98, 414, 414, 414, 414, 414, 414, 414, 170, 392, 47, 47, 47, 392, 392, 73, 73, 73, 73, 320, 73, 73, 73, 73, 73, 73, 73, 73, 73, 73, 320, 287, 287, 287, 287, 287, 284, 284, 284, 284, 284, 35, 35, 35, 35, 35, 486, 284, 35, 355, 98, 98, 48, 48, 48, 48, 48, 182, 182, 387, 387, 387, 486, 486, 486, 486, 486, 486, 35, 486, 486, 35, 35, 35, 182, 486, 324, 324, 324, 246, 246, 246, 464, 464, 240, 240, 240, 240, 240, 35, 35, 35, 35, 35, 182, 182, 182, 182, 250, 250, 250, 250, 250, 284, 324, 324, 19, 355, 98, 355, 182, 387, 486, 486, 486, 284, 35, 35, 182, 182, 250, 250, 250, 486, 486, 486, 486, 486, 486, 486, 486, 486, 486, 486, 240, 324, 324, 246, 246, 19, 35, 355, 182, 182, 250, 486, 324, 324, 246, 246, 246, 246, 246, 246, 246, 464, 19, 246, 246, 246, 246, 464, 464, 19, 19, 35, 35, 182, 182, 132, 250, 250, 250, 486, 324, 324, 324, 240, 486, 486, 486, 486, 486, 486, 355, 355, 355, 98, 48, 48, 414, 414, 414, 414, 170, 170, 392, 392, 392, 392, 73, 73, 73, 73, 73, 73, 73, 392, 63, 392, 63, 63, 63, 63, 63, 63, 63, 63, 63, 63, 73, 63, 73, 73, 320, 320, 320, 320, 320, 320, 320, 320, 153, 153, 153, 153, 153, 153, 153, 387, 153, 387, 284, 284, 284, 284, 171, 240, 486, 486, 284, 324, 486, 35, 35, 486, 486, 486, 35, 35, 35, 35, 35, 35, 35, 250, 250, 250, 486, 324, 324, 324, 246, 246, 246, 246, 246, 246, 246, 246, 246, 246, 19, 19, 454, 414, 414, 414, 414, 414, 170, 170, 392, 392, 392, 73, 73, 73, 73, 73, 73, 73, 73, 392, 73, 392, 63, 63, 63, 63, 63, 63, 63, 63, 63, 63, 73, 63, 63, 63, 63, 73, 63, 63, 73, 63, 73, 73, 73, 73, 73, 320, 320, 320, 7, 7, 7, 287, 287, 284, 486, 486, 35, 486, 35, 35, 35, 153, 153, 250, 250, 250, 250, 387, 486, 284, 324, 213, 240, 35, 35, 240, 324, 324, 324, 464, 464, 19, 355, 98, 98, 48, 48, 355, 287, 324, 324, 324, 246, 246, 246, 246, 246, 246, 246, 19, 19, 374, 486, 486, 486, 486, 35, 35, 35, 35, 250, 132, 132, 250, 250, 250, 240, 324, 324, 324, 246, 246, 246, 246, 246, 246, 19, 19, 35, 35, 35, 35, 132, 355, 355, 182, 355, 182, 182, 250, 250, 250, 250, 182, 182, 182, 182, 182, 182, 182, 182, 182, 182, 182, 182, 182, 250, 250, 182, 182, 182, 182, 182, 182, 250, 250, 250, 250, 250, 387, 486, 486, 486, 486, 486, 240, 324, 324, 246, 246, 246, 246, 246, 464, 464, 19, 486, 486, 486, 246, 246, 246, 246, 19, 19, 98, 355, 98, 48, 48, 7, 287, 324, 324, 324, 324, 246, 464, 464, 464, 464, 464, 464, 464, 464, 464, 464, 464, 464, 464, 464, 464, 464, 464, 464, 464, 464, 464, 464, 464, 464, 464, 464, 464, 464, 464, 464, 464, 464, 464, 464, 464, 464, 464, 464, 464, 464, 464, 464, 464, 464, 464, 464, 464, 464, 464, 464, 464, 464, 464, 464, 464, 464, 464, 464, 464, 464, 464, 464, 464, 464, 464, 464, 464, 464]

ep26
Train step Loss: [4.077136993408203, 4.061964511871338, 4.121058940887451, 3.931220293045044, 4.147922992706299, 4.206574440002441, 3.9650721549987793, 3.975111246109009, 4.041861057281494, 4.034305572509766, 3.9188966751098633, 4.136444568634033, 4.029743194580078, 4.0324811935424805, 4.012119770050049, 4.131160259246826, 4.014188289642334, 3.9351091384887695, 4.040701866149902, 3.9665160179138184, 3.90228009223938, 4.090721607208252, 3.968264102935791, 3.9857571125030518, 4.09327507019043, 3.922254800796509, 3.9770984649658203, 4.041191101074219, 4.1054840087890625, 4.065200328826904, 3.9902188777923584, 4.021640777587891, 3.9237711429595947, 4.086483955383301, 3.9804999828338623, 3.9702394008636475, 3.975857973098755, 3.9636852741241455, 4.063007354736328, 3.9628772735595703, 4.1304826736450195, 4.081323623657227, 3.9975967407226562, 4.045764923095703, 4.0417799949646, 3.9998722076416016, 4.030241012573242, 4.005622386932373, 3.943570137023926, 3.9250664710998535, 4.001698970794678, 4.019894123077393, 3.8473191261291504, 3.9888572692871094, 3.9597554206848145, 4.0032782554626465, 3.8934590816497803, 4.070159912109375, 4.030496120452881, 4.047147750854492, 3.937687397003174, 4.064988613128662, 4.141844749450684]
val step Loss: [4.370443820953369, 4.38941764831543, 4.412801742553711, 4.37490701675415, 4.444809436798096, 4.3985419273376465, 4.418493747711182, 4.422580242156982, 4.372730255126953, 4.364976406097412, 4.366358757019043, 4.450494766235352, 4.294806003570557, 4.39585018157959, 4.240371227264404, 4.3588151931762695]
Train step Accs: [0.1837954718901043, 0.19357295156868717, 0.17320434667373444, 0.1955685285922781, 0.17939925936085585, 0.16540317022742937, 0.20474824729126834, 0.2066115702479339, 0.19146341463414634, 0.18964713197575003, 0.20737827207378273, 0.1822089947089947, 0.19009233475010992, 0.200246541569648, 0.1999734077915171, 0.17510322679308762, 0.1837799717912553, 0.21248101615352755, 0.19006871515622975, 0.20462691430433366, 0.22356369691923397, 0.19773068580010011, 0.20157265991229398, 0.1935082872928177, 0.17481439977587898, 0.202635046113307, 0.20951640088162843, 0.18958785249457702, 0.17658883562702954, 0.18926681783824642, 0.17794939204732171, 0.1920961204400695, 0.20418848167539266, 0.1973051010587103, 0.204026032995308, 0.21018659781715762, 0.20393084084527857, 0.2071691427013766, 0.19122780391561695, 0.21102631988786794, 0.17538946262909155, 0.18230867528042027, 0.1912031438935913, 0.18037876435889474, 0.18957536727711813, 0.1944063613929257, 0.2038947827350676, 0.20026369762672136, 0.20546335732119253, 0.19145679699457355, 0.19441888991107023, 0.204998704998705, 0.22894253476777748, 0.1989574283231972, 0.20844825083466395, 0.19818497264113172, 0.21509070918086862, 0.19530580777796813, 0.18591172536781098, 0.20342516753536857, 0.1956838342380511, 0.19453753351206435, 0.16580451946637625]
val step Accs: [0.15080610643458411, 0.14814340588988476, 0.1316522504031667, 0.14381605255641244, 0.13267744202389317, 0.1320307874481942, 0.1309055118110236, 0.13043478260869565, 0.13866666666666666, 0.12870514820592824, 0.1403739409874379, 0.1315571507454445, 0.1391170431211499, 0.13968410661401776, 0.15458366167586027, 0.1425198540459326]
Preds: [17, 17, 17, 17, 17, 387, 387, 284, 284, 284, 284, 284, 35, 35, 35, 35, 35, 284, 284, 324, 246, 246, 246, 19, 19, 454, 414, 414, 414, 414, 414, 170, 392, 392, 392, 392, 73, 73, 320, 320, 320, 320, 320, 73, 73, 73, 73, 73, 392, 392, 63, 63, 63, 63, 63, 63, 63, 63, 63, 63, 63, 63, 63, 63, 63, 63, 63, 63, 63, 63, 63, 63, 63, 63, 63, 63, 63, 63, 63, 63, 73, 320, 320, 320, 287, 287, 287, 284, 284, 284, 284, 284, 486, 284, 284, 284, 35, 35, 182, 98, 414, 414, 414, 414, 414, 170, 392, 73, 73, 320, 320, 320, 320, 320, 73, 320, 320, 320, 7, 287, 287, 287, 486, 486, 486, 486, 35, 35, 182, 182, 153, 250, 387, 387, 486, 324, 324, 213, 213, 246, 246, 246, 246, 19, 19, 486, 355, 98, 355, 324, 324, 246, 246, 19, 19, 250, 250, 250, 250, 250, 250, 486, 486, 324, 240, 486, 486, 486, 324, 486, 486, 240, 324, 324, 324, 324, 246, 464, 19, 19, 355, 182, 250, 250, 486, 284, 35, 250, 132, 486, 486, 324, 213, 246, 246, 246, 246, 246, 464, 19, 19, 355, 182, 486, 486, 486, 486, 486, 486, 486, 35, 374, 486, 486, 324, 324, 486, 486, 486, 486, 35, 355, 355, 98, 48, 414, 414, 414, 414, 170, 392, 392, 392, 392, 392, 392, 392, 392, 392, 73, 320, 320, 320, 7, 7, 7, 153, 153, 387, 387, 387, 486, 35, 182, 284, 284, 284, 240, 486, 486, 486, 240, 374, 35, 355, 250, 250, 182, 182, 182, 182, 182, 387, 387, 240, 324, 324, 246, 246, 246, 246, 246, 246, 246, 246, 246, 464, 19, 374, 486, 486, 324, 324, 246, 19, 374, 486, 486, 35, 355, 355, 182, 182, 250, 250, 250, 250, 250, 250, 486, 324, 324, 246, 246, 246, 464, 19, 374, 486, 35, 355, 486, 486, 324, 324, 486, 35, 486, 355, 486, 240, 324, 324, 324, 324, 464, 464, 464, 464, 464, 464, 464, 464, 464, 464, 464, 464, 464, 464, 464, 464, 464, 464, 464, 464, 464, 464, 464, 464, 464, 464, 464, 464, 464, 464, 464, 464, 464, 464, 464, 464, 464, 464, 464, 464, 464, 464, 464, 464, 464, 464, 464, 464, 464, 464, 464, 464, 464, 464, 464, 464, 464, 464, 464, 464, 464, 464, 464, 464, 464, 464, 464, 464, 464, 464, 464, 464, 464, 464, 464, 464, 464, 464, 464, 464, 464, 464, 464, 464, 464, 464, 464, 464, 464, 464, 464, 464, 464, 464, 464, 464, 464, 464, 464, 464, 464, 464, 464, 464, 464, 464, 464, 464, 464, 464, 464, 464, 464, 464, 464, 464, 464, 464, 464, 464, 464, 464, 464, 464, 464, 464, 464, 464, 464, 464, 464, 464, 464, 464, 464, 464, 464, 464, 464, 464, 464, 464, 464, 464, 464, 464, 464, 464, 464, 464, 464, 464, 464, 464, 464, 464, 464, 464, 464, 464, 464, 464, 464, 464, 464, 464, 464, 464, 464, 464, 464, 464, 464, 464, 464, 464, 464, 464, 464, 464, 464, 464, 464, 464, 464, 464, 464, 464, 464, 464, 464, 464, 464, 464, 464, 464, 464, 464, 464, 464, 464, 464, 464, 464, 464, 464, 464, 464, 464, 464, 464, 464, 464, 464, 464, 464, 464, 464, 464, 464, 464, 464, 464, 464, 464, 464, 464, 464, 464, 464, 464, 464, 464, 464, 464, 464, 464, 464, 464, 464, 464, 464, 464, 464, 464, 464, 464, 464, 464, 464, 464, 464, 464, 464, 464, 464, 464, 464, 464, 464, 464, 464, 464, 464, 464]

