ep1
Train step Loss: [6.216753959655762, 6.212840557098389, 6.2090020179748535, 6.205721855163574, 6.197995662689209, 6.197416305541992, 6.184952259063721, 6.182634353637695, 6.1796159744262695, 6.17294979095459, 6.164929389953613, 6.152464866638184, 6.134895324707031, 6.114752769470215, 6.115623950958252, 6.104512691497803, 6.095057964324951, 6.0599870681762695, 6.037919521331787, 6.038594722747803, 6.032196044921875, 5.991235256195068, 5.973906517028809, 5.962602615356445, 5.918428421020508, 5.904062747955322, 5.871901512145996, 5.836402893066406, 5.826497554779053, 5.80243444442749, 5.738734722137451, 5.749549865722656, 5.748387813568115, 5.695690155029297, 5.718357563018799, 5.67521333694458, 5.654081344604492, 5.613103866577148, 5.668056964874268, 5.637683868408203, 5.618917465209961, 5.614803314208984, 5.51127290725708, 5.525968551635742, 5.602659225463867, 5.542524337768555, 5.535200595855713, 5.534834861755371, 5.505208492279053, 5.609765529632568, 5.4567694664001465, 5.570343494415283, 5.49928092956543, 5.446035385131836, 5.486939907073975, 5.4877400398254395, 5.421096324920654, 5.434114933013916, 5.502819538116455, 5.3815016746521, 5.508747577667236, 5.480637550354004, 5.416147708892822]
val step Loss: [5.714089393615723, 5.619595050811768, 5.642886161804199, 5.698476314544678, 5.649803161621094, 5.673222064971924, 5.6450724601745605, 5.650766849517822, 5.754814147949219, 5.641030788421631, 5.732357501983643, 5.655771732330322, 5.669940948486328, 5.638844966888428, 5.65628719329834, 5.7271318435668945]
Train step Accs: [0.0, 0.0, 0.0023686158401184307, 0.00147730325006715, 0.006305170239596469, 0.016316685584562996, 0.04677754677754678, 0.028372093023255815, 0.024751837050406084, 0.03559925411086625, 0.0433825840930525, 0.03297644539614561, 0.028473049927161966, 0.05043362241494329, 0.023918647951876253, 0.03221895028581327, 0.026048284625158832, 0.03910191725529768, 0.03374777975133215, 0.035954168312919796, 0.024126586244712516, 0.03257942918686053, 0.027788649706457925, 0.027201346045989904, 0.02919203099059214, 0.029146537842190016, 0.03490423387096774, 0.049508043104794626, 0.03693887692562531, 0.030332544872686797, 0.0628722700198544, 0.03285787060621498, 0.02407566638005159, 0.053145647802355644, 0.04016521862982481, 0.03653460767689225, 0.0432550178932628, 0.05055469737396433, 0.028929188255613126, 0.022111582955044663, 0.03, 0.026629509211952316, 0.054917692626919354, 0.05053661187338677, 0.028140229523659802, 0.03819759160947818, 0.03635526921306949, 0.03413709021945272, 0.03654850233580654, 0.024193548387096774, 0.04461457233368532, 0.022029778182923124, 0.036851683348498636, 0.04334455996485576, 0.03683083511777302, 0.02291448255204433, 0.047187880898485114, 0.0337546468401487, 0.02507462686567164, 0.05188536953242836, 0.023507355062013267, 0.030918881361820392, 0.031071655041217502]
val step Accs: [0.007415931466564378, 0.011725067385444744, 0.0075570411277430605, 0.005523408732246186, 0.019063896923481462, 0.018710493046776234, 0.016308568470100957, 0.0015727766657134686, 0.0010464355788096795, 0.01238390092879257, 0.005626344530862155, 0.02033476276110112, 0.007147673634524612, 0.020533095268460654, 0.011216963736939152, 0.010717896865520727]
Preds: [63, 63, 63, 63, 63, 63, 63, 63, 63, 63, 63, 63, 63, 63, 63, 63, 63, 63, 63, 63, 63, 63, 63, 63, 63, 63, 63, 63, 63, 63, 63, 63, 63, 63, 63, 63, 63, 63, 63, 63, 63, 63, 63, 63, 63, 63, 63, 63, 63, 63, 63, 63, 63, 63, 63, 63, 63, 63, 63, 63, 63, 63, 63, 63, 63, 63, 63, 63, 63, 63, 63, 63, 63, 63, 63, 63, 63, 63, 63, 63, 63, 63, 63, 63, 63, 63, 63, 63, 63, 63, 63, 63, 63, 63, 63, 63, 63, 63, 63, 63, 63, 63, 63, 63, 63, 63, 63, 63, 63, 63, 63, 63, 63, 63, 63, 63, 63, 63, 63, 63, 63, 63, 63, 63, 63, 63, 63, 63, 63, 63, 63, 63, 63, 63, 63, 63, 63, 63, 63, 63, 63, 63, 63, 63, 63, 63, 63, 63, 63, 63, 63, 63, 63, 63, 63, 63, 63, 63, 63, 63, 63, 63, 63, 63, 63, 63, 63, 63, 63, 63, 63, 63, 63, 63, 63, 63, 63, 63, 63, 63, 63, 63, 63, 63, 63, 63, 63, 63, 63, 63, 63, 63, 63, 63, 63, 63, 63, 63, 63, 63, 63, 63, 63, 63, 63, 63, 63, 63, 63, 63, 63, 63, 63, 63, 63, 63, 63, 63, 63, 63, 63, 63, 63, 63, 63, 63, 63, 63, 63, 63, 63, 63, 63, 63, 63, 63, 63, 63, 63, 63, 63, 63, 63, 63, 63, 63, 63, 63, 63, 63, 63, 63, 63, 63, 63, 63, 63, 63, 63, 63, 63, 63, 63, 63, 63, 63, 63, 63, 63, 63, 63, 63, 63, 63, 63, 63, 63, 63, 63, 63, 63, 63, 63, 63, 63, 63, 63, 63, 63, 63, 63, 63, 63, 63, 63, 63, 63, 63, 63, 63, 63, 63, 63, 63, 63, 63, 63, 63, 63, 63, 63, 63, 63, 63, 63, 63, 63, 63, 63, 63, 63, 63, 63, 63, 63, 63, 63, 63, 63, 63, 63, 63, 63, 63, 63, 63, 63, 63, 63, 63, 63, 63, 63, 63, 63, 63, 63, 63, 63, 63, 63, 63, 63, 63, 63, 63, 63, 63, 63, 63, 63, 63, 63, 63, 63, 63, 63, 63, 63, 63, 63, 63, 63, 63, 63, 63, 63, 63, 63, 63, 63, 63, 63, 63, 63, 63, 63, 63, 63, 63, 63, 63, 63, 63, 63, 63, 63, 63, 63, 63, 63, 63, 63, 63, 63, 63, 63, 63, 63, 63, 63, 63, 63, 63, 63, 63, 63, 63, 63, 63, 63, 63, 63, 63, 63, 63, 63, 63, 63, 63, 63, 63, 63, 63, 63, 63, 63, 63, 63, 63, 63, 63, 63, 63, 63, 63, 63, 63, 63, 63, 63, 63, 63, 63, 63, 63, 63, 63, 63, 63, 63, 63, 63, 63, 63, 63, 63, 63, 63, 63, 63, 63, 63, 63, 63, 63, 63, 63, 63, 63, 63, 63, 63, 63, 63, 63, 63, 63, 63, 63, 63, 63, 63, 63, 63, 63, 63, 63, 63, 63, 63, 63, 63, 63, 63, 63, 63, 63, 63, 63, 63, 63, 63, 63, 63, 63, 63, 63, 63, 63, 63, 63, 63, 63, 63, 63, 63, 63, 63, 63, 63, 63, 63, 63, 63, 63, 63, 63, 63, 63, 63, 63, 63, 63, 63, 63, 63, 63, 63, 63, 63, 63, 63, 63, 63, 63, 63, 63, 63, 63, 63, 63, 63, 63, 63, 63, 63, 63, 63, 63, 63, 63, 63, 63, 63, 63, 63, 63, 63, 63, 63, 63, 63, 63, 63, 63, 63, 63, 63, 63, 63, 63, 63, 63, 63, 63, 63, 63, 63, 63]

ep2
Train step Loss: [5.411469459533691, 5.492224216461182, 5.458367824554443, 5.409191131591797, 5.355229377746582, 5.401528835296631, 5.362828731536865, 5.410394668579102, 5.460934638977051, 5.422743797302246, 5.3915581703186035, 5.411840915679932, 5.396824359893799, 5.418673038482666, 5.425581932067871, 5.399878978729248, 5.445541858673096, 5.407995223999023, 5.391157150268555, 5.40685510635376, 5.490061283111572, 5.412389755249023, 5.412740707397461, 5.44121789932251, 5.385011196136475, 5.430536270141602, 5.404752731323242, 5.382856369018555, 5.400648593902588, 5.386231899261475, 5.280230522155762, 5.369548797607422, 5.405676364898682, 5.365130424499512, 5.405576705932617, 5.37912130355835, 5.415127277374268, 5.3884735107421875, 5.418227195739746, 5.4167070388793945, 5.416551113128662, 5.406848907470703, 5.341198921203613, 5.365691661834717, 5.457569122314453, 5.395855903625488, 5.400610446929932, 5.412624359130859, 5.382911205291748, 5.503107070922852, 5.370750427246094, 5.4629435539245605, 5.417440414428711, 5.36776065826416, 5.4088897705078125, 5.410064220428467, 5.368529319763184, 5.359050750732422, 5.442727565765381, 5.322109699249268, 5.446743965148926, 5.431459903717041, 5.35932731628418]
val step Loss: [5.6724677085876465, 5.573544502258301, 5.589526176452637, 5.641598701477051, 5.599920749664307, 5.6256794929504395, 5.594166278839111, 5.598337650299072, 5.71137809753418, 5.594085216522217, 5.689906120300293, 5.603236198425293, 5.620926380157471, 5.586059093475342, 5.612917900085449, 5.684086322784424]
Train step Accs: [0.028423429406295657, 0.022571606475716065, 0.01628423390081421, 0.0351866774106903, 0.06066974919433936, 0.03064699205448354, 0.04351054351054351, 0.02930232558139535, 0.02462292123243522, 0.03559925411086625, 0.0433825840930525, 0.03297644539614561, 0.028473049927161966, 0.05043362241494329, 0.023918647951876253, 0.03221895028581327, 0.026048284625158832, 0.03910191725529768, 0.03374777975133215, 0.035954168312919796, 0.024126586244712516, 0.03257942918686053, 0.027788649706457925, 0.027201346045989904, 0.02919203099059214, 0.029146537842190016, 0.03490423387096774, 0.049508043104794626, 0.03693887692562531, 0.030332544872686797, 0.0628722700198544, 0.03285787060621498, 0.02407566638005159, 0.053145647802355644, 0.04016521862982481, 0.03653460767689225, 0.0432550178932628, 0.05055469737396433, 0.028929188255613126, 0.022111582955044663, 0.03, 0.026629509211952316, 0.054917692626919354, 0.05053661187338677, 0.028140229523659802, 0.03819759160947818, 0.03635526921306949, 0.03413709021945272, 0.03654850233580654, 0.024193548387096774, 0.04461457233368532, 0.022029778182923124, 0.036851683348498636, 0.04334455996485576, 0.03683083511777302, 0.02291448255204433, 0.047187880898485114, 0.0337546468401487, 0.02507462686567164, 0.05188536953242836, 0.023507355062013267, 0.030918881361820392, 0.03170577045022194]
val step Accs: [0.008566679452755402, 0.01293800539083558, 0.008719662839703532, 0.0061809573908469225, 0.01932684722587431, 0.019216182048040455, 0.016955733885581154, 0.002287675150128682, 0.0017004578155657292, 0.013286893704850361, 0.0064537481383418836, 0.021026421358417487, 0.007417397167902899, 0.02129830378778217, 0.011677934849416103, 0.011122345803842264]
Preds: [63, 63, 63, 63, 63, 63, 63, 63, 63, 63, 63, 63, 63, 63, 63, 63, 63, 63, 63, 63, 63, 63, 63, 63, 63, 63, 63, 63, 63, 63, 63, 63, 63, 63, 63, 63, 63, 63, 63, 63, 63, 63, 63, 63, 63, 63, 63, 63, 63, 63, 63, 63, 63, 63, 63, 63, 63, 63, 63, 63, 63, 63, 63, 63, 63, 63, 63, 63, 63, 63, 63, 63, 63, 63, 63, 63, 63, 63, 63, 63, 63, 63, 63, 63, 63, 63, 63, 63, 63, 63, 63, 63, 63, 63, 63, 63, 63, 63, 63, 63, 63, 63, 63, 63, 63, 63, 63, 63, 63, 63, 63, 63, 63, 63, 63, 63, 63, 63, 63, 63, 63, 63, 63, 63, 63, 63, 63, 63, 63, 63, 63, 63, 63, 63, 63, 63, 63, 63, 63, 63, 63, 63, 63, 63, 63, 63, 63, 63, 63, 63, 63, 63, 63, 63, 63, 63, 63, 63, 63, 63, 63, 63, 63, 63, 63, 63, 63, 63, 63, 63, 63, 63, 63, 63, 63, 63, 63, 63, 63, 63, 63, 63, 63, 63, 63, 63, 63, 63, 63, 63, 63, 63, 63, 63, 63, 63, 63, 63, 63, 63, 63, 63, 63, 63, 63, 63, 63, 63, 63, 63, 63, 63, 63, 63, 63, 63, 63, 63, 63, 63, 63, 63, 63, 63, 63, 63, 63, 63, 63, 63, 63, 63, 63, 63, 63, 63, 63, 63, 63, 63, 63, 63, 63, 63, 63, 63, 63, 63, 63, 63, 63, 63, 63, 63, 63, 63, 63, 63, 63, 63, 63, 63, 63, 63, 63, 63, 63, 63, 63, 63, 63, 63, 63, 63, 63, 63, 63, 63, 63, 63, 63, 63, 63, 63, 63, 63, 63, 63, 63, 63, 63, 63, 63, 63, 63, 63, 63, 63, 63, 63, 63, 63, 63, 63, 63, 63, 63, 63, 63, 63, 63, 63, 63, 63, 63, 63, 63, 63, 63, 63, 63, 63, 63, 63, 63, 63, 63, 63, 63, 63, 63, 63, 63, 63, 63, 63, 63, 63, 63, 63, 63, 63, 63, 63, 63, 63, 63, 63, 63, 63, 63, 63, 63, 63, 63, 63, 63, 63, 63, 63, 63, 63, 63, 63, 63, 63, 63, 63, 63, 63, 63, 63, 63, 63, 63, 63, 63, 63, 63, 63, 63, 63, 63, 63, 63, 63, 63, 63, 63, 63, 63, 63, 63, 63, 63, 63, 63, 63, 63, 63, 63, 63, 63, 63, 63, 63, 63, 63, 63, 63, 63, 63, 63, 63, 63, 63, 63, 63, 63, 63, 63, 63, 63, 63, 63, 63, 63, 63, 63, 63, 63, 63, 63, 63, 63, 63, 63, 63, 63, 63, 63, 63, 63, 63, 63, 63, 63, 63, 63, 63, 63, 63, 63, 63, 63, 63, 63, 63, 63, 63, 63, 63, 63, 63, 63, 63, 63, 63, 63, 63, 63, 63, 63, 63, 63, 63, 63, 63, 63, 63, 63, 63, 63, 63, 63, 63, 63, 63, 63, 63, 63, 63, 63, 63, 63, 63, 63, 63, 63, 63, 63, 63, 63, 63, 63, 63, 63, 63, 63, 63, 63, 63, 63, 63, 63, 63, 63, 63, 63, 63, 63, 63, 63, 63, 63, 63, 63, 63, 63, 63, 63, 63, 63, 63, 63, 63, 63, 63, 63, 63, 63, 63, 63, 63, 63, 63, 63, 63, 63, 63, 63, 63, 63, 63, 63, 63, 63, 63, 63, 63, 63, 63, 63, 63, 63, 63, 63, 63, 63, 63, 63, 63, 63, 63, 63, 63, 63, 63, 63, 63, 63, 63, 63, 63, 63, 63, 63, 63, 63, 63, 63, 63, 63, 63, 63, 63, 63, 63, 63, 63]

ep3
Train step Loss: [5.398939609527588, 5.407451629638672, 5.450995922088623, 5.336469650268555, 5.402975559234619, 5.3673601150512695, 5.358076095581055, 5.399526596069336, 5.4288458824157715, 5.3863630294799805, 5.426130771636963, 5.431612014770508, 5.331236362457275, 5.390706539154053, 5.421410083770752, 5.379599571228027, 5.348132133483887, 5.45687198638916, 5.377697944641113, 5.4139885902404785, 5.427243709564209, 5.37549352645874, 5.39980411529541, 5.332828998565674, 5.392266273498535, 5.353660583496094, 5.328659534454346, 5.324145793914795, 5.3793840408325195, 5.397757053375244, 5.37750244140625, 5.376101970672607, 5.3997039794921875, 5.3484625816345215, 5.388189315795898, 5.38835334777832, 5.428016662597656, 5.42108154296875, 5.386046409606934, 5.3855791091918945, 5.3876447677612305, 5.410885334014893, 5.365416526794434, 5.3255510330200195, 5.352962017059326, 5.458531379699707, 5.3693671226501465, 5.365226745605469, 5.367701053619385, 5.3609619140625, 5.349650859832764, 5.427848815917969, 5.425400733947754, 5.4300665855407715, 5.358836650848389, 5.36906099319458, 5.385817050933838, 5.449189186096191, 5.310926914215088, 5.327347278594971, 5.416550636291504, 5.322207450866699, 5.438467979431152]
val step Loss: [5.642005920410156, 5.637302398681641, 5.646547317504883, 5.61859655380249, 5.6689605712890625, 5.561478614807129, 5.6478753089904785, 5.660038948059082, 5.675343036651611, 5.64619779586792, 5.62569522857666, 5.602242469787598, 5.593571186065674, 5.589308738708496, 5.559299468994141, 5.584132671356201]
Train step Accs: [0.026036211282358224, 0.026469390525315595, 0.03176542455711668, 0.05810493343774471, 0.02337334175615919, 0.05651302605210421, 0.04305705059203445, 0.023675762439807384, 0.019508057675996608, 0.036151689538143725, 0.027462257368799425, 0.023742580443611373, 0.048162230671736375, 0.030666859539997107, 0.03257811343106767, 0.03982621288921072, 0.03754313319530711, 0.013710986830236334, 0.05324640043466449, 0.032488729986009636, 0.025220018389596744, 0.03630907726931733, 0.026764333004648543, 0.04134029590948651, 0.029661607018521097, 0.048034934497816595, 0.06635268042665189, 0.04641581982971711, 0.04398289554062309, 0.04446002805049088, 0.02815952573430342, 0.04218430034129693, 0.0351520709154822, 0.05329854640327991, 0.04081325301204819, 0.04895216765317549, 0.032326283987915407, 0.03394294074615947, 0.044752418074202396, 0.036807644664661125, 0.041682313180623355, 0.0387511766551616, 0.03116073747078681, 0.05203276699029126, 0.047488333790831734, 0.017169684775318578, 0.04544198895027624, 0.038376587520706794, 0.02994170641229465, 0.055075915451027094, 0.0393204548568297, 0.03111587982832618, 0.03293129150291368, 0.02690863579474343, 0.04281949934123847, 0.06274445893089961, 0.03751233958538993, 0.020225464190981434, 0.07162610619469026, 0.04281834158811312, 0.033553025763930495, 0.036976778583049846, 0.02710753649091451]
val step Accs: [0.006508533410471507, 0.016303583977512297, 0.009872531867033242, 0.008293838862559242, 0.00886360629712925, 0.026833631484794274, 0.010363373999737637, 0.017055655296229804, 0.009148486980999296, 0.014119705110583532, 0.011241446725317693, 0.018810087780409643, 0.02758514408999846, 0.01820114255347416, 0.014433302947432392, 0.023213564796124343]
Preds: [17, 17, 17, 63, 63, 63, 63, 63, 63, 63, 63, 63, 63, 63, 63, 63, 63, 63, 63, 63, 63, 63, 63, 63, 63, 63, 63, 63, 63, 63, 63, 63, 63, 63, 63, 63, 63, 63, 63, 63, 63, 63, 63, 63, 63, 63, 63, 63, 63, 63, 63, 63, 63, 63, 63, 63, 63, 63, 63, 63, 63, 63, 63, 63, 63, 63, 63, 63, 63, 63, 63, 63, 63, 63, 63, 63, 63, 63, 63, 63, 63, 63, 63, 63, 63, 63, 63, 63, 63, 63, 63, 63, 63, 63, 63, 63, 63, 63, 63, 63, 63, 63, 63, 63, 63, 63, 63, 63, 63, 63, 63, 63, 63, 63, 63, 63, 63, 63, 63, 63, 63, 63, 63, 63, 63, 63, 63, 63, 63, 63, 63, 63, 63, 63, 63, 63, 63, 63, 63, 63, 63, 63, 63, 63, 63, 63, 63, 63, 63, 63, 63, 63, 63, 63, 63, 63, 63, 63, 63, 63, 63, 63, 63, 63, 63, 63, 63, 63, 63, 63, 63, 63, 63, 63, 63, 63, 63, 63, 63, 63, 63, 63, 63, 63, 63, 63, 63, 63, 63, 63, 63, 63, 63, 63, 63, 63, 63, 63, 63, 63, 63, 63, 63, 63, 63, 63, 63, 63, 63, 63, 63, 63, 63, 63, 63, 63, 63, 63, 63, 63, 63, 63, 63, 63, 63, 63, 63, 63, 63, 63, 63, 63, 63, 63, 63, 63, 63, 63, 63, 63, 63, 63, 63, 63, 63, 63, 63, 63, 63, 63, 63, 63, 63, 63, 63, 63, 63, 63, 63, 63, 63, 63, 63, 63, 63, 63, 63, 63, 63, 63, 63, 63, 63, 63, 63, 63, 63, 63, 63, 63, 63, 63, 63, 63, 63, 63, 63, 63, 63, 63, 63, 63, 63, 63, 63, 63, 63, 63, 63, 63, 63, 63, 63, 63, 63, 63, 63, 63, 63, 63, 63, 63, 63, 63, 63, 63, 63, 63, 63, 63, 63, 63, 63, 63, 63, 63, 63, 63, 63, 63, 63, 63, 63, 63, 63, 63, 63, 63, 63, 63, 63, 63, 63, 63, 63, 63, 63, 63, 63, 63, 63, 63, 63, 63, 63, 63, 63, 63, 63, 63, 63, 63, 63, 63, 63, 63, 63, 63, 63, 63, 63, 63, 63, 63, 63, 63, 63, 63, 63, 63, 63, 63, 63, 63, 63, 63, 63, 63, 63, 63, 63, 63, 63, 63, 63, 63, 63, 63, 63, 63, 63, 63, 63, 63, 63, 63, 63, 63, 63, 63, 63, 63, 63, 63, 63, 63, 63, 63, 63, 63, 63, 63, 63, 63, 63, 63, 63, 63, 63, 63, 63, 63, 63, 63, 63, 63, 63, 63, 63, 63, 63, 63, 63, 63, 63, 63, 63, 63, 63, 63, 63, 63, 63, 63, 63, 63, 63, 63, 63, 63, 63, 63, 63, 63, 63, 63, 63, 63, 63, 63, 63, 63, 63, 63, 63, 63, 63, 63, 63, 63, 63, 63, 63, 63, 63, 63, 63, 63, 63, 63, 63, 63, 63, 63, 63, 63, 63, 63, 63, 63, 63, 63, 63, 63, 63, 63, 63, 63, 63, 63, 63, 63, 63, 63, 63, 63, 63, 63, 63, 63, 63, 63, 63, 63, 63, 63, 63, 63, 63, 63, 63, 63, 63, 63, 63, 63, 63, 63, 63, 63, 63, 63, 63, 63, 63, 63, 63, 63, 63, 63, 63, 63, 63, 63, 63, 63, 63, 63, 63, 63, 63, 63, 63, 63, 63, 63, 63, 63, 63, 63, 63, 63, 63, 63, 63, 63, 63, 63, 63, 63, 63, 63, 63, 63, 63, 63, 63, 63, 63, 63, 63, 63, 63, 63, 63, 63, 63, 63, 63, 63]

ep4
Train step Loss: [5.426959991455078, 5.307965278625488, 5.3332743644714355, 5.353141784667969, 5.380761623382568, 5.390433311462402, 5.4059038162231445, 5.397312641143799, 5.450666427612305, 5.41126823425293, 5.329416751861572, 5.402486801147461, 5.433577060699463, 5.383918285369873, 5.44044303894043, 5.4017181396484375, 5.310098648071289, 5.3553667068481445, 5.444484710693359, 5.37488317489624, 5.332377910614014, 5.325816631317139, 5.351790428161621, 5.391785621643066, 5.418210506439209, 5.394421577453613, 5.414296627044678, 5.346593379974365, 5.328934669494629, 5.346093654632568, 5.309220790863037, 5.387732028961182, 5.3924665451049805, 5.363243579864502, 5.3899760246276855, 5.364566802978516, 5.41901159286499, 5.335047721862793, 5.324294090270996, 5.353020668029785, 5.400688171386719, 5.354649066925049, 5.396430015563965, 5.423267364501953, 5.308050632476807, 5.340631484985352, 5.312471389770508, 5.353585243225098, 5.404061794281006, 5.364865779876709, 5.495145797729492, 5.368638038635254, 5.400434494018555, 5.337269306182861, 5.359892845153809, 5.367380619049072, 5.441943168640137, 5.344623565673828, 5.367434978485107, 5.4159111976623535, 5.391769886016846, 5.345086097717285, 5.346634387969971]
val step Loss: [5.6142578125, 5.563921928405762, 5.6140031814575195, 5.584402084350586, 5.647468566894531, 5.627082347869873, 5.605886936187744, 5.563012599945068, 5.659229278564453, 5.63632869720459, 5.624202728271484, 5.636453628540039, 5.626735210418701, 5.542603015899658, 5.6174163818359375, 5.633644104003906]
Train step Accs: [0.03475382705833678, 0.05130989547984254, 0.037490029247540545, 0.05605979711692472, 0.033866118056654536, 0.04793063962048094, 0.0526137709355439, 0.029871754770096966, 0.03052140737600678, 0.023514502956913545, 0.05820938215102975, 0.03710119820990328, 0.026528413681659035, 0.03144820295983087, 0.022865853658536585, 0.033524904214559385, 0.06105077781039037, 0.042000262501640635, 0.032880902313133245, 0.03071895424836601, 0.039924231385691386, 0.06373176350140773, 0.049349484073575596, 0.04, 0.022563459730492008, 0.039212238438544045, 0.027125506072874495, 0.042819190498515396, 0.04119156214367161, 0.0443089430894309, 0.048849224988257396, 0.02977667493796526, 0.03089711417816813, 0.04756030701754386, 0.03964347479047493, 0.024966032608695652, 0.030709342560553632, 0.03434794750069813, 0.061943373654127346, 0.03345673933909228, 0.04057315233785822, 0.04432746917855659, 0.030295116218333768, 0.020512820512820513, 0.06127750611246944, 0.03928721762312334, 0.036157880209770905, 0.03266563944530046, 0.025075363113181693, 0.032551460028721876, 0.021557355631042593, 0.058128215825337226, 0.03709342560553633, 0.06691672918229558, 0.027313709891275524, 0.04318222540763304, 0.023087818696883852, 0.03653368405670028, 0.051098535286284955, 0.05001348072256673, 0.025592714711885695, 0.04341627786417833, 0.04485098849218058]
val step Accs: [0.015473343648895766, 0.021056613289622998, 0.018997156888084777, 0.01940686073527402, 0.008462211847096586, 0.009965057590267891, 0.006995003568879372, 0.031825037707390647, 0.005876303804906714, 0.015263781861292234, 0.014709644410335124, 0.008659049909801564, 0.011488250652741514, 0.014452955629426218, 0.015384615384615385, 0.022965879265091863]
Preds: [17, 17, 17, 17, 17, 17, 63, 63, 63, 63, 63, 63, 63, 63, 63, 63, 63, 63, 63, 63, 63, 63, 63, 63, 63, 63, 63, 63, 63, 63, 63, 63, 63, 63, 63, 63, 63, 63, 63, 63, 63, 63, 63, 63, 63, 63, 63, 63, 63, 63, 63, 63, 63, 63, 63, 63, 63, 63, 63, 63, 63, 63, 63, 63, 63, 63, 63, 63, 63, 63, 63, 63, 63, 63, 63, 63, 63, 63, 63, 63, 63, 63, 63, 63, 63, 63, 63, 63, 63, 63, 63, 63, 63, 63, 63, 63, 63, 63, 63, 63, 63, 63, 63, 63, 63, 63, 63, 63, 63, 63, 63, 63, 63, 63, 63, 63, 63, 63, 63, 63, 63, 63, 63, 63, 63, 63, 63, 63, 63, 63, 63, 63, 63, 63, 63, 63, 63, 63, 63, 63, 63, 63, 63, 63, 63, 63, 63, 63, 63, 63, 63, 63, 63, 63, 63, 63, 63, 63, 63, 63, 63, 63, 63, 63, 63, 63, 63, 63, 63, 63, 63, 63, 63, 63, 63, 63, 63, 63, 63, 63, 63, 63, 63, 63, 63, 63, 63, 63, 63, 63, 63, 63, 63, 63, 63, 63, 63, 63, 63, 63, 63, 63, 63, 63, 63, 63, 63, 63, 63, 63, 63, 63, 63, 63, 63, 63, 63, 63, 63, 63, 63, 63, 63, 63, 63, 63, 63, 63, 63, 63, 63, 63, 63, 63, 63, 63, 63, 63, 63, 63, 63, 63, 63, 63, 63, 63, 63, 63, 63, 63, 63, 63, 63, 63, 63, 63, 63, 63, 63, 63, 63, 63, 63, 63, 63, 63, 63, 63, 63, 63, 63, 63, 63, 63, 63, 63, 63, 63, 63, 63, 63, 63, 63, 63, 63, 63, 63, 63, 63, 63, 63, 63, 63, 63, 63, 63, 63, 63, 63, 63, 63, 63, 63, 63, 63, 63, 63, 63, 63, 63, 63, 63, 63, 63, 63, 63, 63, 63, 63, 63, 63, 63, 63, 63, 63, 63, 63, 63, 63, 63, 63, 63, 63, 63, 63, 63, 63, 63, 63, 63, 63, 63, 63, 63, 63, 63, 63, 63, 63, 63, 63, 63, 63, 63, 63, 63, 63, 63, 63, 63, 63, 63, 63, 63, 63, 63, 63, 63, 63, 63, 63, 63, 63, 63, 63, 63, 63, 63, 63, 63, 63, 63, 63, 63, 63, 63, 63, 63, 63, 63, 63, 63, 63, 63, 63, 63, 63, 63, 63, 63, 63, 63, 63, 63, 63, 63, 63, 63, 63, 63, 63, 63, 63, 63, 63, 63, 63, 63, 63, 63, 63, 63, 63, 63, 63, 63, 63, 63, 63, 63, 63, 63, 63, 63, 63, 63, 63, 63, 63, 63, 63, 63, 63, 63, 63, 63, 63, 63, 63, 63, 63, 63, 63, 63, 63, 63, 63, 63, 63, 63, 63, 63, 63, 63, 63, 63, 63, 63, 63, 63, 63, 63, 63, 63, 63, 63, 63, 63, 63, 63, 63, 63, 63, 63, 63, 63, 63, 63, 63, 63, 63, 63, 63, 63, 63, 63, 63, 63, 63, 63, 63, 63, 63, 63, 63, 63, 63, 63, 63, 63, 63, 63, 63, 63, 63, 63, 63, 63, 63, 63, 63, 63, 63, 63, 63, 63, 63, 63, 63, 63, 63, 63, 63, 63, 63, 63, 63, 63, 63, 63, 63, 63, 63, 63, 63, 63, 63, 63, 63, 63, 63, 63, 63, 63, 63, 63, 63, 63, 63, 63, 63, 63, 63, 63, 63, 63, 63, 63, 63, 63, 63, 63, 63, 63, 63, 63, 63, 63, 63, 63, 63, 63, 63, 63, 63, 63, 63, 63, 63, 63, 63, 63, 63, 63, 63, 63, 63, 63, 63, 63]

ep5
Train step Loss: [5.350578308105469, 5.365006446838379, 5.36494255065918, 5.300826072692871, 5.357044219970703, 5.423914909362793, 5.334575176239014, 5.336501121520996, 5.371826171875, 5.322059154510498, 5.342401504516602, 5.3008246421813965, 5.4207587242126465, 5.330744743347168, 5.352769374847412, 5.4235734939575195, 5.416695594787598, 5.338035583496094, 5.373272895812988, 5.302300930023193, 5.423614501953125, 5.341701507568359, 5.345155715942383, 5.405063152313232, 5.40185546875, 5.363704204559326, 5.382166385650635, 5.374624252319336, 5.357494354248047, 5.328535556793213, 5.37725305557251, 5.273871898651123, 5.414453983306885, 5.390804767608643, 5.3492231369018555, 5.351404666900635, 5.373238563537598, 5.359982490539551, 5.417475700378418, 5.344198226928711, 5.437907695770264, 5.34703254699707, 5.351698875427246, 5.38203239440918, 5.397461414337158, 5.333264350891113, 5.352497100830078, 5.36920166015625, 5.416853904724121, 5.346255302429199, 5.465478897094727, 5.347867488861084, 5.401853084564209, 5.405830383300781, 5.3907294273376465, 5.432921409606934, 5.357516765594482, 5.3999924659729, 5.359716415405273, 5.389172554016113, 5.343616485595703, 5.383581161499023, 5.376209259033203]
val step Loss: [5.560322284698486, 5.632842063903809, 5.619167804718018, 5.634082794189453, 5.5999674797058105, 5.675158977508545, 5.552186012268066, 5.597226619720459, 5.6498870849609375, 5.6260857582092285, 5.564854145050049, 5.622040748596191, 5.643141746520996, 5.621500015258789, 5.62539005279541, 5.567173957824707]
Train step Accs: [0.04466989703210176, 0.02663115845539281, 0.04561511288588543, 0.04716862151595409, 0.05536187421559057, 0.03540073633531578, 0.0539293668469615, 0.037057991513437055, 0.02313141535347694, 0.05389302640487475, 0.03775948460987831, 0.053891396525783064, 0.03431728951577723, 0.0447459584295612, 0.033276784549132195, 0.02940790337403177, 0.028757668711656442, 0.043027395140071194, 0.035788676387047906, 0.048109460055907015, 0.020916493693118314, 0.03185224839400428, 0.033856188849200185, 0.03587443946188341, 0.041574849419714996, 0.05260504201680672, 0.03370643602136861, 0.04154302670623145, 0.03507327515231352, 0.06430155210643015, 0.037866969224223515, 0.04414022517911975, 0.020574787720444153, 0.033346944331019465, 0.051615939755255726, 0.03406813627254509, 0.028446389496717725, 0.03352219074598678, 0.026180698151950718, 0.052672710221944356, 0.0316473189607518, 0.02830046665663104, 0.039087513340448236, 0.050997489760866696, 0.030333097094259392, 0.05445462114904247, 0.029016371622520964, 0.04053705138135812, 0.03870775643888641, 0.04513102555807182, 0.02956806104373893, 0.04115349954941424, 0.02345505617977528, 0.03772796881525825, 0.04138109401267296, 0.031079323797139142, 0.06077636910207816, 0.0361074416556583, 0.03183361629881155, 0.05035553620664635, 0.03141172222890841, 0.05898251192368839, 0.035058430717863104]
val step Accs: [0.02843529050107593, 0.016725798276735936, 0.012168141592920354, 0.018110473890733475, 0.015254917703733441, 0.013353317890720806, 0.02665350444225074, 0.010050251256281407, 0.008763897972531066, 0.011761450117614501, 0.014660965180207697, 0.015404982549043206, 0.0184660839591284, 0.009400370317618574, 0.006203769983297542, 0.014699706005879883]
Preds: [17, 17, 17, 17, 17, 17, 17, 17, 63, 63, 63, 63, 63, 63, 63, 63, 63, 63, 63, 63, 63, 63, 63, 63, 63, 63, 63, 63, 63, 63, 63, 63, 63, 63, 63, 63, 63, 63, 63, 63, 63, 63, 63, 63, 63, 63, 63, 63, 63, 63, 63, 63, 63, 63, 63, 63, 63, 63, 63, 63, 63, 63, 63, 63, 63, 63, 63, 63, 63, 63, 63, 63, 63, 63, 63, 63, 63, 63, 63, 63, 63, 63, 63, 63, 63, 63, 63, 63, 63, 63, 63, 63, 63, 63, 63, 63, 63, 63, 63, 63, 63, 63, 63, 63, 63, 63, 63, 63, 63, 63, 63, 63, 63, 63, 63, 63, 63, 63, 63, 63, 63, 63, 63, 63, 63, 63, 63, 63, 63, 63, 63, 63, 63, 63, 63, 63, 63, 63, 63, 63, 63, 63, 63, 63, 63, 63, 63, 63, 63, 63, 63, 63, 63, 63, 63, 63, 63, 63, 63, 63, 63, 63, 63, 63, 63, 63, 63, 63, 63, 63, 63, 63, 63, 63, 63, 63, 63, 63, 63, 63, 63, 63, 63, 63, 63, 63, 63, 63, 63, 63, 63, 63, 63, 63, 63, 63, 63, 63, 63, 63, 63, 63, 63, 63, 63, 63, 63, 63, 63, 63, 63, 63, 63, 63, 63, 63, 63, 63, 63, 63, 63, 63, 63, 63, 63, 63, 63, 63, 63, 63, 63, 63, 63, 63, 63, 63, 63, 63, 63, 63, 63, 63, 63, 63, 63, 63, 63, 63, 63, 63, 63, 63, 63, 63, 63, 63, 63, 63, 63, 63, 63, 63, 63, 63, 63, 63, 63, 63, 63, 63, 63, 63, 63, 63, 63, 63, 63, 63, 63, 63, 63, 63, 63, 63, 63, 63, 63, 63, 63, 63, 63, 63, 63, 63, 63, 63, 63, 63, 63, 63, 63, 63, 63, 63, 63, 63, 63, 63, 63, 63, 63, 63, 63, 63, 63, 63, 63, 63, 63, 63, 63, 63, 63, 63, 63, 63, 63, 63, 63, 63, 63, 63, 63, 63, 63, 63, 63, 63, 63, 63, 63, 63, 63, 63, 63, 63, 63, 63, 63, 63, 63, 63, 63, 63, 63, 63, 63, 63, 63, 63, 63, 63, 63, 63, 63, 63, 63, 63, 63, 63, 63, 63, 63, 63, 63, 63, 63, 63, 63, 63, 63, 63, 63, 63, 63, 63, 63, 63, 63, 63, 63, 63, 63, 63, 63, 63, 63, 63, 63, 63, 63, 63, 63, 63, 63, 63, 63, 63, 63, 63, 63, 63, 63, 63, 63, 63, 63, 63, 63, 63, 63, 63, 63, 63, 63, 63, 63, 63, 63, 63, 63, 63, 63, 63, 63, 63, 63, 63, 63, 63, 63, 63, 63, 63, 63, 63, 63, 63, 63, 63, 63, 63, 63, 63, 63, 63, 63, 63, 63, 63, 63, 63, 63, 63, 63, 63, 63, 63, 63, 63, 63, 63, 63, 63, 63, 63, 63, 63, 63, 63, 63, 63, 63, 63, 63, 63, 63, 63, 63, 63, 63, 63, 63, 63, 63, 63, 63, 63, 63, 63, 63, 63, 63, 63, 63, 63, 63, 63, 63, 63, 63, 63, 63, 63, 63, 63, 63, 63, 63, 63, 63, 63, 63, 63, 63, 63, 63, 63, 63, 63, 63, 63, 63, 63, 63, 63, 63, 63, 63, 63, 63, 63, 63, 63, 63, 63, 63, 63, 63, 63, 63, 63, 63, 63, 63, 63, 63, 63, 63, 63, 63, 63, 63, 63, 63, 63, 63, 63, 63, 63, 63, 63, 63, 63, 63, 63, 63, 63, 63, 63, 63, 63, 63, 63, 63, 63, 63, 63, 63, 63, 63, 63, 63, 63, 63, 63, 63, 63, 63, 63]

ep6
Train step Loss: [5.353635311126709, 5.3897786140441895, 5.412591457366943, 5.355615139007568, 5.359187126159668, 5.382663726806641, 5.395866870880127, 5.418698787689209, 5.3362932205200195, 5.359307765960693, 5.35666036605835, 5.32620096206665, 5.369707107543945, 5.33310604095459, 5.313225746154785, 5.323864936828613, 5.383996963500977, 5.378519535064697, 5.250426292419434, 5.3541646003723145, 5.314530372619629, 5.3989667892456055, 5.402113437652588, 5.3185811042785645, 5.389095783233643, 5.346307754516602, 5.357345104217529, 5.379698753356934, 5.379324913024902, 5.378779411315918, 5.358025550842285, 5.450286865234375, 5.365419864654541, 5.346037864685059, 5.358287334442139, 5.339029312133789, 5.348850250244141, 5.357089996337891, 5.470499515533447, 5.323005199432373, 5.344740390777588, 5.399918079376221, 5.399599075317383, 5.361239910125732, 5.356317520141602, 5.364968299865723, 5.4002275466918945, 5.255664348602295, 5.3112711906433105, 5.351107597351074, 5.27873420715332, 5.38125467300415, 5.380130767822266, 5.379509449005127, 5.450624942779541, 5.418614387512207, 5.395323753356934, 5.3503828048706055, 5.37919282913208, 5.374539852142334, 5.347808361053467, 5.411641597747803, 5.404755592346191]
val step Loss: [5.629589080810547, 5.644973278045654, 5.683017730712891, 5.605053424835205, 5.572739124298096, 5.597140312194824, 5.59292459487915, 5.619050025939941, 5.634078502655029, 5.62810754776001, 5.569356441497803, 5.596033096313477, 5.640798568725586, 5.590297222137451, 5.596376419067383, 5.585998058319092]
Train step Accs: [0.04997814366894944, 0.02588268392178928, 0.02878940549877645, 0.05455650060753341, 0.016427718040621268, 0.030231459612659425, 0.027954064672106378, 0.0439016849590354, 0.06154266958424508, 0.026116136562591187, 0.040226921093347086, 0.04052010885999395, 0.0325721961047683, 0.044631093544137024, 0.04434796092417429, 0.04954457631796853, 0.031310344827586205, 0.05336795038222991, 0.07506783237865541, 0.03732837528604119, 0.04031245640954108, 0.03609913793103448, 0.04068641018544146, 0.04578848453784384, 0.031078346342873663, 0.035044150110375274, 0.03780424650440187, 0.04168582375478927, 0.05220306513409962, 0.033050725678976864, 0.031015882529217862, 0.018142113220225096, 0.024311392732445362, 0.03630933668657655, 0.034681227863046046, 0.02810133954571928, 0.03937125748502994, 0.043286971331251776, 0.025466893039049237, 0.035290006988120196, 0.03376906318082789, 0.049210377890580935, 0.036152356358941255, 0.04497189256714553, 0.030942741469057258, 0.048851012022523205, 0.04364110079791565, 0.06701305622168932, 0.06240423457306032, 0.05238779747644146, 0.045553776742832196, 0.033198614318706694, 0.029278642149929278, 0.020691609977324263, 0.024311183144246355, 0.02969489313101648, 0.02137468566638726, 0.0659121171770972, 0.0326581880986026, 0.06217162872154115, 0.05920053972002024, 0.022336991607488702, 0.025738798856053385]
val step Accs: [0.021309192200557103, 0.007412898443291327, 0.013009049773755657, 0.016215491825247924, 0.021473627700979735, 0.013954112437944453, 0.017877234654331792, 0.019548108657019548, 0.008130081300813009, 0.00895909465990805, 0.02418704649287826, 0.010315269504576494, 0.014482081492390771, 0.022345552796845334, 0.005226220695833956, 0.011512779184895234]
Preds: [17, 17, 17, 17, 17, 17, 63, 63, 63, 63, 63, 63, 63, 63, 63, 63, 63, 63, 63, 63, 63, 63, 63, 63, 63, 63, 63, 63, 63, 63, 63, 63, 63, 63, 63, 63, 63, 63, 63, 63, 63, 63, 63, 63, 63, 63, 63, 63, 63, 63, 63, 63, 63, 63, 63, 63, 63, 63, 63, 63, 63, 63, 63, 63, 63, 63, 63, 63, 63, 63, 63, 63, 63, 63, 63, 63, 63, 63, 63, 63, 63, 63, 63, 63, 63, 63, 63, 63, 63, 63, 63, 63, 63, 63, 63, 63, 63, 63, 63, 63, 63, 63, 63, 63, 63, 63, 63, 63, 63, 63, 63, 63, 63, 63, 63, 63, 63, 63, 63, 63, 63, 63, 63, 63, 63, 63, 63, 63, 63, 63, 63, 63, 63, 63, 63, 63, 63, 63, 63, 63, 63, 63, 63, 63, 63, 63, 63, 63, 63, 63, 63, 63, 63, 63, 63, 63, 63, 63, 63, 63, 63, 63, 63, 63, 63, 63, 63, 63, 63, 63, 63, 63, 63, 63, 63, 63, 63, 63, 63, 63, 63, 63, 63, 63, 63, 63, 63, 63, 63, 63, 63, 63, 63, 63, 63, 63, 63, 63, 63, 63, 63, 63, 63, 63, 63, 63, 63, 63, 63, 63, 63, 63, 63, 63, 63, 63, 63, 63, 63, 63, 63, 63, 63, 63, 63, 63, 63, 63, 63, 63, 63, 63, 63, 63, 63, 63, 63, 63, 63, 63, 63, 63, 63, 63, 63, 63, 63, 63, 63, 63, 63, 63, 63, 63, 63, 63, 63, 63, 63, 63, 63, 63, 63, 63, 63, 63, 63, 63, 63, 63, 63, 63, 63, 63, 63, 63, 63, 63, 63, 63, 63, 63, 63, 63, 63, 63, 63, 63, 63, 63, 63, 63, 63, 63, 63, 63, 63, 63, 63, 63, 63, 63, 63, 63, 63, 63, 63, 63, 63, 63, 63, 63, 63, 63, 63, 63, 63, 63, 63, 63, 63, 63, 63, 63, 63, 63, 63, 63, 63, 63, 63, 63, 63, 63, 63, 63, 63, 63, 63, 63, 63, 63, 63, 63, 63, 63, 63, 63, 63, 63, 63, 63, 63, 63, 63, 63, 63, 63, 63, 63, 63, 63, 63, 63, 63, 63, 63, 63, 63, 63, 63, 63, 63, 63, 63, 63, 63, 63, 63, 63, 63, 63, 63, 63, 63, 63, 63, 63, 63, 63, 63, 63, 63, 63, 63, 63, 63, 63, 63, 63, 63, 63, 63, 63, 63, 63, 63, 63, 63, 63, 63, 63, 63, 63, 63, 63, 63, 63, 63, 63, 63, 63, 63, 63, 63, 63, 63, 63, 63, 63, 63, 63, 63, 63, 63, 63, 63, 63, 63, 63, 63, 63, 63, 63, 63, 63, 63, 63, 63, 63, 63, 63, 63, 63, 63, 63, 63, 63, 63, 63, 63, 63, 63, 63, 63, 63, 63, 63, 63, 63, 63, 63, 63, 63, 63, 63, 63, 63, 63, 63, 63, 63, 63, 63, 63, 63, 63, 63, 63, 63, 63, 63, 63, 63, 63, 63, 63, 63, 63, 63, 63, 63, 63, 63, 63, 63, 63, 63, 63, 63, 63, 63, 63, 63, 63, 63, 63, 63, 63, 63, 63, 63, 63, 63, 63, 63, 63, 63, 63, 63, 63, 63, 63, 63, 63, 63, 63, 63, 63, 63, 63, 63, 63, 63, 63, 63, 63, 63, 63, 63, 63, 63, 63, 63, 63, 63, 63, 63, 63, 63, 63, 63, 63, 63, 63, 63, 63, 63, 63, 63, 63, 63, 63, 63, 63, 63, 63, 63, 63, 63, 63, 63, 63, 63, 63, 63, 63, 63, 63, 63, 63, 63, 63, 63, 63, 63, 63, 63, 63, 63]

ep7
Train step Loss: [5.342687606811523, 5.333485126495361, 5.419744968414307, 5.31254768371582, 5.363734245300293, 5.315454006195068, 5.360794544219971, 5.363032341003418, 5.317844867706299, 5.3633503913879395, 5.421706676483154, 5.451998233795166, 5.371193885803223, 5.417839050292969, 5.359201908111572, 5.347167015075684, 5.424703598022461, 5.319492340087891, 5.335575103759766, 5.4119133949279785, 5.440017223358154, 5.305925369262695, 5.373189926147461, 5.325173854827881, 5.229305744171143, 5.346537113189697, 5.406572341918945, 5.400096416473389, 5.3349080085754395, 5.365660190582275, 5.359602928161621, 5.387344837188721, 5.335644245147705, 5.390226364135742, 5.331767559051514, 5.357443332672119, 5.455365180969238, 5.330471992492676, 5.34175443649292, 5.313953399658203, 5.447597980499268, 5.35833740234375, 5.337970733642578, 5.356746673583984, 5.325686454772949, 5.366907596588135, 5.399501800537109, 5.342432498931885, 5.366351127624512, 5.344400405883789, 5.343087196350098, 5.339644908905029, 5.382134914398193, 5.372472763061523, 5.404136657714844, 5.307314872741699, 5.313305377960205, 5.3312602043151855, 5.3900017738342285, 5.350253582000732, 5.323615074157715, 5.404898643493652, 5.421842098236084]
val step Loss: [5.645061492919922, 5.577692031860352, 5.626446723937988, 5.59381103515625, 5.603615760803223, 5.555333137512207, 5.654201030731201, 5.584176540374756, 5.601155757904053, 5.615838527679443, 5.613997459411621, 5.595896244049072, 5.5900092124938965, 5.602356910705566, 5.58681583404541, 5.638514995574951]
Train step Accs: [0.03074804956402019, 0.03529411764705882, 0.04449058282663503, 0.04976472265792101, 0.04553076228556688, 0.057476359338061465, 0.035377026074700495, 0.04078549848942598, 0.04278621495327103, 0.03120547164434312, 0.036306235201262825, 0.030370243985667976, 0.03303667745415318, 0.030791033238855965, 0.035191889934829836, 0.05711384693489022, 0.02233406731676628, 0.051815531407368144, 0.038066363483240696, 0.02714382174206617, 0.045734111338905536, 0.048145344436033306, 0.030680728667305847, 0.048213411649535, 0.09833916083916083, 0.03462014012913862, 0.02678821879382889, 0.02497687326549491, 0.037784090909090906, 0.04194981704129639, 0.031363438362131554, 0.038846556103391605, 0.03652834599649328, 0.035136724492796235, 0.04833246482542991, 0.02591792656587473, 0.014212454212454213, 0.038518960883845925, 0.037591973244147155, 0.036376953125, 0.027950310559006212, 0.05339871952050129, 0.047270955165692005, 0.036333231985405896, 0.022850372376438728, 0.03647616539373189, 0.03746483044572783, 0.05906040268456376, 0.04357142857142857, 0.04013575328316364, 0.029563812600969304, 0.048301781737193766, 0.025190194420963652, 0.043305930710510865, 0.0367716641881844, 0.051005059483112264, 0.08003467206009823, 0.03032647377378926, 0.022234891676168756, 0.04789036033261472, 0.02736233854520734, 0.026143790849673203, 0.045483259633607075]
val step Accs: [0.011420852265749723, 0.00791280979396835, 0.008462439786486135, 0.01227436823104693, 0.02166167878010546, 0.03160027008777853, 0.005159538357094365, 0.035670545009185546, 0.01860644167842936, 0.012442453651860147, 0.016940829855143627, 0.008403361344537815, 0.009727016002510198, 0.011999460698395577, 0.023154662914161444, 0.00997398091934085]
Preds: [17, 17, 17, 17, 17, 17, 17, 17, 17, 284, 284, 284, 284, 284, 284, 284, 284, 284, 284, 63, 63, 63, 63, 63, 63, 63, 63, 63, 63, 63, 63, 63, 63, 63, 63, 63, 63, 63, 63, 63, 63, 63, 63, 63, 63, 63, 63, 63, 63, 63, 63, 63, 63, 63, 63, 63, 63, 63, 63, 63, 63, 63, 63, 63, 63, 63, 63, 63, 63, 63, 63, 63, 63, 63, 63, 63, 63, 63, 63, 63, 63, 63, 63, 63, 63, 63, 63, 63, 63, 63, 63, 63, 63, 63, 63, 63, 63, 63, 63, 63, 63, 63, 63, 63, 63, 63, 63, 63, 63, 63, 63, 63, 63, 63, 63, 63, 63, 63, 63, 63, 63, 63, 63, 63, 63, 63, 63, 63, 63, 63, 63, 63, 63, 63, 63, 63, 63, 63, 63, 63, 63, 63, 63, 63, 63, 63, 63, 63, 63, 63, 63, 63, 63, 63, 63, 63, 63, 63, 63, 63, 63, 63, 63, 63, 63, 63, 63, 63, 63, 63, 63, 63, 63, 63, 63, 63, 63, 63, 63, 63, 63, 63, 63, 63, 63, 63, 63, 63, 63, 63, 63, 63, 63, 63, 63, 63, 63, 63, 63, 63, 63, 63, 63, 63, 63, 63, 63, 63, 63, 63, 63, 63, 63, 63, 63, 63, 63, 63, 63, 63, 63, 63, 63, 63, 63, 63, 63, 63, 63, 63, 63, 63, 63, 63, 63, 63, 63, 63, 63, 63, 63, 63, 63, 63, 63, 63, 63, 63, 63, 63, 63, 63, 63, 63, 63, 63, 63, 63, 63, 63, 63, 63, 63, 63, 63, 63, 63, 63, 63, 63, 63, 63, 63, 63, 63, 63, 63, 63, 63, 63, 63, 63, 63, 63, 63, 63, 63, 63, 63, 63, 63, 63, 63, 63, 63, 63, 63, 63, 63, 63, 63, 63, 63, 63, 63, 63, 63, 63, 63, 63, 63, 63, 63, 63, 63, 63, 63, 63, 63, 63, 63, 63, 63, 63, 63, 63, 63, 63, 63, 63, 63, 63, 63, 63, 63, 63, 63, 63, 63, 63, 63, 63, 63, 63, 63, 63, 63, 63, 63, 63, 63, 63, 63, 63, 63, 63, 63, 63, 63, 63, 63, 63, 63, 63, 63, 63, 63, 63, 63, 63, 63, 63, 63, 63, 63, 63, 63, 63, 63, 63, 63, 63, 63, 63, 63, 63, 63, 63, 63, 63, 63, 63, 63, 63, 63, 63, 63, 63, 63, 63, 63, 63, 63, 63, 63, 63, 63, 63, 63, 63, 63, 63, 63, 63, 63, 63, 63, 63, 63, 63, 63, 63, 63, 63, 63, 63, 63, 63, 63, 63, 63, 63, 63, 63, 63, 63, 63, 63, 63, 63, 63, 63, 63, 63, 63, 63, 63, 63, 63, 63, 63, 63, 63, 63, 63, 63, 63, 63, 63, 63, 63, 63, 63, 63, 63, 63, 63, 63, 63, 63, 63, 63, 63, 63, 63, 63, 63, 63, 63, 63, 63, 63, 63, 63, 63, 63, 63, 63, 63, 63, 63, 63, 63, 63, 63, 63, 63, 63, 63, 63, 63, 63, 63, 63, 63, 63, 63, 63, 63, 63, 63, 63, 63, 63, 63, 63, 63, 63, 63, 63, 63, 63, 63, 63, 63, 63, 63, 63, 63, 63, 63, 63, 63, 63, 63, 63, 63, 63, 63, 63, 63, 63, 63, 63, 63, 63, 63, 63, 63, 63, 63, 63, 63, 63, 63, 63, 63, 63, 63, 63, 63, 63, 63, 63, 63, 63, 63, 63, 63, 63, 63, 63, 63, 63, 63, 63, 63, 63, 63, 63, 63, 63, 63, 63, 63, 63, 63, 63, 63, 63, 63, 63, 63, 63, 63, 63, 63, 63, 63, 63]

ep8
Train step Loss: [5.362905979156494, 5.298700332641602, 5.346264362335205, 5.3970417976379395, 5.390079021453857, 5.361786365509033, 5.31658411026001, 5.385168075561523, 5.403415679931641, 5.335081577301025, 5.282753944396973, 5.330790042877197, 5.309157371520996, 5.299052715301514, 5.33109712600708, 5.312246322631836, 5.373737812042236, 5.353817939758301, 5.373533725738525, 5.423361778259277, 5.3729634284973145, 5.345950126647949, 5.424513816833496, 5.355814456939697, 5.399789810180664, 5.3143696784973145, 5.320082664489746, 5.441346168518066, 5.33070182800293, 5.364206790924072, 5.325820446014404, 5.386659145355225, 5.250246524810791, 5.489545822143555, 5.328495025634766, 5.379693984985352, 5.375881671905518, 5.369842052459717, 5.358288288116455, 5.325786113739014, 5.37929630279541, 5.371129989624023, 5.3669867515563965, 5.335225582122803, 5.378981590270996, 5.349843502044678, 5.385554790496826, 5.3646392822265625, 5.317851543426514, 5.349206924438477, 5.352199554443359, 5.407464504241943, 5.330822467803955, 5.401200771331787, 5.3091254234313965, 5.356705665588379, 5.349795818328857, 5.384635925292969, 5.465141296386719, 5.339947700500488, 5.329809665679932, 5.316951751708984, 5.347748756408691]
val step Loss: [5.518608093261719, 5.588137626647949, 5.632088661193848, 5.627283096313477, 5.585680961608887, 5.615604400634766, 5.585372447967529, 5.55993127822876, 5.606869220733643, 5.684893608093262, 5.591375350952148, 5.572070121765137, 5.567364692687988, 5.589441776275635, 5.651341915130615, 5.575532913208008]
Train step Accs: [0.041005291005291, 0.0575204041974349, 0.03505417463352454, 0.02723122934046907, 0.029644533869885983, 0.03542278811622592, 0.052833813640730067, 0.031434712520150454, 0.021643835616438355, 0.04015074648499783, 0.05944233206590621, 0.05506783719074222, 0.03949889462048637, 0.062238986932507075, 0.04311524774158226, 0.056639487478159584, 0.031806615776081425, 0.039559785841760856, 0.0358038450821956, 0.03412726626377533, 0.0491218441273326, 0.028081544484946673, 0.03400330396475771, 0.030696065715520967, 0.02474293059125964, 0.0377255330781848, 0.03699688304648326, 0.018374338212394894, 0.05416401780038144, 0.04189982257404122, 0.04472297393533685, 0.03467361224157578, 0.07079889807162534, 0.030316030316030317, 0.06002501042100875, 0.038892831795599714, 0.037267080745341616, 0.0385312783318223, 0.0336, 0.046231603983945296, 0.042038962941262636, 0.040657132726628055, 0.04102178812922615, 0.04046746903889761, 0.02699055330634278, 0.04295105916727538, 0.030536754289312136, 0.028938906752411574, 0.043352159975576246, 0.03824062877871826, 0.03913228413441089, 0.03338391502276176, 0.04348415063668382, 0.029362543739540545, 0.06046349538247081, 0.03348366817001503, 0.04680381057572829, 0.04508566275924256, 0.017349915553508368, 0.05164872139973082, 0.030248369640627167, 0.046027742749054225, 0.019835647492207426]
val step Accs: [0.02534059945504087, 0.018397626112759646, 0.01625, 0.01277555110220441, 0.020724593183911576, 0.011182108626198083, 0.023852735286492094, 0.013207547169811321, 0.01795560582496819, 0.005509979184523081, 0.008653260207190738, 0.019467071655391414, 0.017881036370271258, 0.020753038837829824, 0.007157730348776679, 0.01605746883583351]
Preds: [17, 17, 17, 17, 17, 17, 17, 17, 284, 284, 284, 284, 284, 284, 284, 284, 284, 284, 284, 284, 284, 284, 284, 284, 284, 284, 284, 284, 284, 284, 63, 63, 63, 63, 63, 63, 63, 63, 63, 63, 63, 63, 63, 63, 63, 63, 63, 63, 63, 63, 63, 63, 63, 63, 63, 63, 63, 63, 63, 63, 63, 63, 63, 63, 63, 63, 63, 63, 63, 63, 63, 63, 63, 63, 63, 63, 63, 63, 63, 63, 63, 63, 63, 63, 63, 63, 63, 63, 63, 63, 63, 63, 63, 63, 63, 63, 63, 63, 63, 63, 63, 63, 63, 63, 63, 63, 63, 63, 63, 63, 63, 63, 63, 63, 63, 63, 63, 63, 63, 63, 63, 63, 63, 63, 63, 63, 63, 63, 63, 63, 63, 63, 63, 63, 63, 63, 63, 63, 63, 63, 63, 63, 63, 63, 63, 63, 63, 63, 63, 63, 63, 63, 63, 63, 63, 63, 63, 63, 63, 63, 63, 63, 63, 63, 63, 63, 63, 63, 63, 63, 63, 63, 63, 63, 63, 63, 63, 63, 63, 63, 63, 63, 63, 63, 63, 63, 63, 63, 63, 63, 63, 63, 63, 63, 63, 63, 63, 63, 63, 63, 63, 63, 63, 63, 63, 63, 63, 63, 63, 63, 63, 63, 63, 63, 63, 63, 63, 63, 63, 63, 63, 63, 63, 63, 63, 63, 63, 63, 63, 63, 63, 63, 63, 63, 63, 63, 63, 63, 63, 63, 63, 63, 63, 63, 63, 63, 63, 63, 63, 63, 63, 63, 63, 63, 63, 63, 63, 63, 63, 63, 63, 63, 63, 63, 63, 63, 63, 63, 63, 63, 63, 63, 63, 63, 63, 63, 63, 63, 63, 63, 63, 63, 63, 63, 63, 63, 63, 63, 63, 63, 63, 63, 63, 63, 63, 63, 63, 63, 63, 63, 63, 63, 63, 63, 63, 63, 63, 63, 63, 63, 63, 63, 63, 63, 63, 63, 63, 63, 63, 63, 63, 63, 63, 63, 63, 63, 63, 63, 63, 63, 63, 63, 63, 63, 63, 63, 63, 63, 63, 63, 63, 63, 63, 63, 63, 63, 63, 63, 63, 63, 63, 63, 63, 63, 63, 63, 63, 63, 63, 63, 63, 63, 63, 63, 63, 63, 63, 63, 63, 63, 63, 63, 63, 63, 63, 63, 63, 63, 63, 63, 63, 63, 63, 63, 63, 63, 63, 63, 63, 63, 63, 63, 63, 63, 63, 63, 63, 63, 63, 63, 63, 63, 63, 63, 63, 63, 63, 63, 63, 63, 63, 63, 63, 63, 63, 63, 63, 63, 63, 63, 63, 63, 63, 63, 63, 63, 63, 63, 63, 63, 63, 63, 63, 63, 63, 63, 63, 63, 63, 63, 63, 63, 63, 63, 63, 63, 63, 63, 63, 63, 63, 63, 63, 63, 63, 63, 63, 63, 63, 63, 63, 63, 63, 63, 63, 63, 63, 63, 63, 63, 63, 63, 63, 63, 63, 63, 63, 63, 63, 63, 63, 63, 63, 63, 63, 63, 63, 63, 63, 63, 63, 63, 63, 63, 63, 63, 63, 63, 63, 63, 63, 63, 63, 63, 63, 63, 63, 63, 63, 63, 63, 63, 63, 63, 63, 63, 63, 63, 63, 63, 63, 63, 63, 63, 63, 63, 63, 63, 63, 63, 63, 63, 63, 63, 63, 63, 63, 63, 63, 63, 63, 63, 63, 63, 63, 63, 63, 63, 63, 63, 63, 63, 63, 63, 63, 63, 63, 63, 63, 63, 63, 63, 63, 63, 63, 63, 63, 63, 63, 63, 63, 63, 63, 63, 63, 63, 63, 63, 63, 63, 63, 63, 63, 63, 63, 63, 63, 63, 63, 63, 63, 63, 63, 63, 63, 63, 63, 63, 63, 63]

ep9
Train step Loss: [5.263983726501465, 5.2829790115356445, 5.396420001983643, 5.387537002563477, 5.322254657745361, 5.408865451812744, 5.373664855957031, 5.40264892578125, 5.353993892669678, 5.2875447273254395, 5.3268537521362305, 5.299418926239014, 5.341315269470215, 5.3395819664001465, 5.397028923034668, 5.336991310119629, 5.258864402770996, 5.373467922210693, 5.394016742706299, 5.368847846984863, 5.293704986572266, 5.37374210357666, 5.361508369445801, 5.370113849639893, 5.42210054397583, 5.3095173835754395, 5.237209796905518, 5.387425899505615, 5.302976131439209, 5.373776435852051, 5.329949378967285, 5.30912971496582, 5.399810314178467, 5.305267810821533, 5.384161472320557, 5.3436455726623535, 5.382177352905273, 5.33347749710083, 5.307312488555908, 5.333440780639648, 5.38864278793335, 5.3988938331604, 5.35444450378418, 5.439146995544434, 5.3665032386779785, 5.4148101806640625, 5.305289268493652, 5.34282922744751, 5.363382339477539, 5.399500846862793, 5.3868021965026855, 5.416189193725586, 5.294266700744629, 5.312182903289795, 5.324571132659912, 5.362190246582031, 5.395471096038818, 5.327226638793945, 5.405909061431885, 5.33182430267334, 5.411658763885498, 5.3639445304870605, 5.379014492034912]
val step Loss: [5.605758190155029, 5.601246356964111, 5.600368022918701, 5.627782821655273, 5.574671745300293, 5.627549648284912, 5.628605365753174, 5.602555751800537, 5.617684841156006, 5.615206241607666, 5.586661338806152, 5.621052265167236, 5.522274494171143, 5.626531600952148, 5.552931785583496, 5.545121669769287]
Train step Accs: [0.059062805076472505, 0.04130465745620282, 0.03227682465833091, 0.017212232979867834, 0.03477443609022556, 0.03765582829970441, 0.05189732142857143, 0.04720641489912054, 0.04452510586811857, 0.06140219186308362, 0.04534926246495185, 0.045117756020111144, 0.03966567502479105, 0.0344593447631981, 0.01499091459721381, 0.04245865218464576, 0.05204095946135503, 0.03285593934288121, 0.04773483491169695, 0.04689287075867327, 0.05369296697756491, 0.0489431124982267, 0.047619047619047616, 0.04225352112676056, 0.03563366655917446, 0.058554138043833824, 0.081531892180411, 0.02947777944037109, 0.04447413628555068, 0.03474847339342832, 0.033947482953721166, 0.045674740484429065, 0.026519666269368296, 0.044950213371266, 0.024515738498789345, 0.045165476963011035, 0.033198883028234566, 0.04473986961523712, 0.046016059295861646, 0.030230596175478065, 0.023522223919352374, 0.031642304385210665, 0.042293233082706765, 0.022887821418479795, 0.03743635819107517, 0.052254722730042655, 0.05384743227522021, 0.038753985773853326, 0.04714494875549048, 0.034898085237801114, 0.03317839397339317, 0.029355699580632864, 0.05404191616766467, 0.027299454010919783, 0.05040375097681688, 0.045579268292682926, 0.029262086513994912, 0.0442056792018419, 0.024181870836953372, 0.02582496413199426, 0.04524600537889575, 0.024872343930159777, 0.03575794621026895]
val step Accs: [0.005628037861345613, 0.006207078711040676, 0.03592356687898089, 0.01303538175046555, 0.009635036496350365, 0.01426264800861141, 0.012847132104853361, 0.014392471630224191, 0.009105098855359001, 0.02975455916632387, 0.011600564351779277, 0.017039800995024876, 0.028752752234166557, 0.004260418053521502, 0.02032520325203252, 0.0279989725147701]
Preds: [17, 17, 17, 17, 17, 17, 17, 17, 17, 284, 284, 284, 284, 284, 284, 284, 284, 284, 284, 284, 284, 284, 284, 284, 284, 284, 284, 284, 284, 284, 284, 284, 284, 284, 392, 392, 392, 392, 392, 392, 392, 392, 392, 392, 392, 392, 392, 392, 392, 392, 392, 392, 392, 392, 392, 392, 392, 392, 392, 392, 392, 392, 392, 392, 392, 392, 392, 392, 392, 392, 392, 392, 392, 392, 392, 63, 63, 63, 63, 63, 63, 63, 63, 63, 63, 63, 63, 63, 63, 63, 63, 63, 63, 63, 63, 63, 63, 63, 63, 63, 63, 63, 63, 63, 63, 63, 63, 63, 63, 63, 63, 63, 63, 63, 63, 63, 63, 63, 63, 63, 63, 63, 63, 63, 63, 63, 63, 63, 63, 63, 63, 63, 63, 63, 63, 63, 63, 63, 63, 63, 63, 63, 63, 63, 63, 63, 63, 63, 63, 63, 63, 63, 63, 63, 63, 63, 63, 63, 63, 63, 63, 63, 63, 63, 63, 63, 63, 63, 63, 63, 63, 63, 63, 63, 63, 63, 63, 63, 63, 63, 63, 63, 63, 63, 63, 63, 63, 63, 63, 63, 63, 63, 63, 63, 63, 63, 63, 63, 63, 63, 63, 63, 63, 63, 63, 63, 63, 63, 63, 63, 63, 63, 63, 63, 63, 63, 63, 63, 63, 63, 63, 63, 63, 63, 63, 63, 63, 63, 63, 63, 63, 63, 63, 63, 63, 63, 63, 63, 63, 63, 63, 63, 63, 63, 63, 63, 63, 63, 63, 63, 63, 63, 63, 63, 63, 63, 63, 63, 63, 63, 63, 63, 63, 63, 63, 63, 63, 63, 63, 63, 63, 63, 63, 63, 63, 63, 63, 63, 63, 63, 63, 63, 63, 63, 63, 63, 63, 63, 63, 63, 63, 63, 63, 63, 63, 63, 63, 63, 63, 63, 63, 63, 63, 63, 63, 63, 63, 63, 63, 63, 63, 63, 63, 63, 63, 63, 63, 63, 63, 63, 63, 63, 63, 63, 63, 63, 63, 63, 63, 63, 63, 63, 63, 63, 63, 63, 63, 63, 63, 63, 63, 63, 63, 63, 63, 63, 63, 63, 63, 63, 63, 63, 63, 63, 63, 63, 63, 63, 63, 63, 63, 63, 63, 63, 63, 63, 63, 63, 63, 63, 63, 63, 63, 63, 63, 63, 63, 63, 63, 63, 63, 63, 63, 63, 63, 63, 63, 63, 63, 63, 63, 63, 63, 63, 63, 63, 63, 63, 63, 63, 63, 63, 63, 63, 63, 63, 63, 63, 63, 63, 63, 63, 63, 63, 63, 63, 63, 63, 63, 63, 63, 63, 63, 63, 63, 63, 63, 63, 63, 63, 63, 63, 63, 63, 63, 63, 63, 63, 63, 63, 63, 63, 63, 63, 63, 63, 63, 63, 63, 63, 63, 63, 63, 63, 63, 63, 63, 63, 63, 63, 63, 63, 63, 63, 63, 63, 63, 63, 63, 63, 63, 63, 63, 63, 63, 63, 63, 63, 63, 63, 63, 63, 63, 63, 63, 63, 63, 63, 63, 63, 63, 63, 63, 63, 63, 63, 63, 63, 63, 63, 63, 63, 63, 63, 63, 63, 63, 63, 63, 63, 63, 63, 63, 63, 63, 63, 63, 63, 63, 63, 63, 63, 63, 63, 63, 63, 63, 63, 63, 63, 63, 63, 63, 63, 63, 63, 63, 63, 63, 63, 63, 63, 63, 63, 63, 63, 63, 63, 63, 63, 63, 63, 63, 63, 63, 63, 63, 63, 63, 63, 63, 63, 63, 63, 63, 63, 63, 63, 63, 63, 63, 63, 63, 63, 63, 63, 63, 63, 63, 63, 63, 63, 63, 63, 63, 63, 63, 63, 63, 63, 63, 63, 63, 63, 63, 63, 63, 63, 63, 63]

ep10
Train step Loss: [5.305271148681641, 5.374098300933838, 5.306337833404541, 5.324286460876465, 5.372413158416748, 5.341007232666016, 5.289824962615967, 5.333661079406738, 5.329896450042725, 5.3519182205200195, 5.328256130218506, 5.338487148284912, 5.3932881355285645, 5.340065956115723, 5.3317670822143555, 5.366748809814453, 5.3863420486450195, 5.375104904174805, 5.352668762207031, 5.321679592132568, 5.341555595397949, 5.387633800506592, 5.3838348388671875, 5.286308765411377, 5.350949287414551, 5.326080799102783, 5.350284576416016, 5.350667953491211, 5.2779693603515625, 5.361243724822998, 5.290448188781738, 5.327878475189209, 5.417166233062744, 5.4219255447387695, 5.407547473907471, 5.390796184539795, 5.305922985076904, 5.307453632354736, 5.3714375495910645, 5.366386413574219, 5.4011759757995605, 5.373692035675049, 5.309467792510986, 5.355107307434082, 5.305306434631348, 5.298074722290039, 5.295055389404297, 5.338128566741943, 5.353119850158691, 5.43307638168335, 5.310886383056641, 5.278351783752441, 5.382116794586182, 5.343894958496094, 5.4280900955200195, 5.289681434631348, 5.3215837478637695, 5.317232131958008, 5.3281145095825195, 5.406702518463135, 5.318405628204346, 5.348496437072754, 5.419643402099609]
val step Loss: [5.585968494415283, 5.55633020401001, 5.5515007972717285, 5.565341472625732, 5.594457626342773, 5.5751776695251465, 5.612839221954346, 5.605541229248047, 5.570829391479492, 5.603175640106201, 5.602466106414795, 5.612762451171875, 5.627416133880615, 5.623921871185303, 5.6684041023254395, 5.600452423095703]
Train step Accs: [0.05766167569289583, 0.03152916447714135, 0.03474847339342832, 0.05515383524741245, 0.040148814137343045, 0.061558960692871416, 0.04745810449232502, 0.038441145281018024, 0.041575859178541494, 0.036756756756756756, 0.047274830128668496, 0.040355477855477856, 0.03731656184486373, 0.04793971460638127, 0.04475545985850508, 0.04744413835322926, 0.026790914385556204, 0.030606151089877576, 0.03928432516530533, 0.04821830706053782, 0.04268192968111202, 0.03794193733831561, 0.03675707721950496, 0.04333781965006729, 0.04009131117135112, 0.046401947360413816, 0.054361864506281554, 0.04025589015447028, 0.053942542787286066, 0.03802524364914523, 0.051544741475908436, 0.0448736154501562, 0.021130480718436345, 0.025977859778597786, 0.032049989921386815, 0.016420361247947456, 0.056528880372296746, 0.053230275630742306, 0.03201787043931496, 0.044646235338630345, 0.023274058577405856, 0.028275862068965516, 0.03579117330462863, 0.029772570640937284, 0.04026084491068897, 0.03635125936010892, 0.05692850838481906, 0.03791598472449536, 0.03255228809561252, 0.0252033817195725, 0.06737982772992498, 0.040129032258064516, 0.02803203661327231, 0.049885974914481185, 0.02876954853939215, 0.06710310965630115, 0.04909596662030598, 0.0315136476426799, 0.04073820915926179, 0.02929406114935169, 0.04453681710213777, 0.03456390645683189, 0.01880288310874334]
val step Accs: [0.018207282913165267, 0.019236209335219235, 0.014498995119150157, 0.015213410339484434, 0.012392039053698836, 0.018537996318695765, 0.021792095289658905, 0.01757282698431419, 0.021772151898734177, 0.015833973866256727, 0.008527025168477514, 0.02507232401157184, 0.009733333333333333, 0.01161001538676738, 0.006811989100817439, 0.01662663957140218]
Preds: [17, 17, 17, 17, 17, 17, 17, 284, 284, 284, 284, 284, 284, 284, 284, 284, 284, 284, 284, 284, 284, 284, 284, 284, 284, 284, 284, 284, 284, 284, 284, 284, 284, 284, 284, 284, 284, 284, 63, 63, 63, 63, 63, 63, 63, 63, 63, 63, 63, 63, 63, 63, 63, 63, 63, 63, 63, 63, 63, 63, 63, 63, 63, 63, 63, 63, 63, 63, 63, 63, 63, 63, 63, 63, 63, 63, 63, 63, 63, 63, 63, 63, 63, 63, 63, 63, 63, 63, 63, 63, 63, 63, 63, 63, 63, 63, 63, 63, 63, 63, 63, 63, 63, 63, 63, 63, 63, 63, 63, 63, 63, 63, 63, 63, 63, 63, 63, 63, 63, 63, 63, 63, 63, 63, 63, 63, 63, 63, 63, 63, 63, 63, 63, 63, 63, 63, 63, 63, 63, 63, 63, 63, 63, 63, 63, 63, 63, 63, 63, 63, 63, 63, 63, 63, 63, 63, 63, 63, 63, 63, 63, 63, 63, 63, 63, 63, 63, 63, 63, 63, 63, 63, 63, 63, 63, 63, 63, 63, 63, 63, 63, 63, 63, 63, 63, 63, 63, 63, 63, 63, 63, 63, 63, 63, 63, 63, 63, 63, 63, 63, 63, 63, 63, 63, 63, 63, 63, 63, 63, 63, 63, 63, 63, 63, 63, 63, 63, 63, 63, 63, 63, 63, 63, 63, 63, 63, 63, 63, 63, 63, 63, 63, 63, 63, 63, 63, 63, 63, 63, 63, 63, 63, 63, 63, 63, 63, 63, 63, 63, 63, 63, 63, 63, 63, 63, 63, 63, 63, 63, 63, 63, 63, 63, 63, 63, 63, 63, 63, 63, 63, 63, 63, 63, 63, 63, 63, 63, 63, 63, 63, 63, 63, 63, 63, 63, 63, 63, 63, 63, 63, 63, 63, 63, 63, 63, 63, 63, 63, 63, 63, 63, 63, 63, 63, 63, 63, 63, 63, 63, 63, 63, 63, 63, 63, 63, 63, 63, 63, 63, 63, 63, 63, 63, 63, 63, 63, 63, 63, 63, 63, 63, 63, 63, 63, 63, 63, 63, 63, 63, 63, 63, 63, 63, 63, 63, 63, 63, 63, 63, 63, 63, 63, 63, 63, 63, 63, 63, 63, 63, 63, 63, 63, 63, 63, 63, 63, 63, 63, 63, 63, 63, 63, 63, 63, 63, 63, 63, 63, 63, 63, 63, 63, 63, 63, 63, 63, 63, 63, 63, 63, 63, 63, 63, 63, 63, 63, 63, 63, 63, 63, 63, 63, 63, 63, 63, 63, 63, 63, 63, 63, 63, 63, 63, 63, 63, 63, 63, 63, 63, 63, 63, 63, 63, 63, 63, 63, 63, 63, 63, 63, 63, 63, 63, 63, 63, 63, 63, 63, 63, 63, 63, 63, 63, 63, 63, 63, 63, 63, 63, 63, 63, 63, 63, 63, 63, 63, 63, 63, 63, 63, 63, 63, 63, 63, 63, 63, 63, 63, 63, 63, 63, 63, 63, 63, 63, 63, 63, 63, 63, 63, 63, 63, 63, 63, 63, 63, 63, 63, 63, 63, 63, 63, 63, 63, 63, 63, 63, 63, 63, 63, 63, 63, 63, 63, 63, 63, 63, 63, 63, 63, 63, 63, 63, 63, 63, 63, 63, 63, 63, 63, 63, 63, 63, 63, 63, 63, 63, 63, 63, 63, 63, 63, 63, 63, 63, 63, 63, 63, 63, 63, 63, 63, 63, 63, 63, 63, 63, 63, 63, 63, 63, 63, 63, 63, 63, 63, 63, 63, 63, 63, 63, 63, 63, 63, 63, 63, 63, 63, 63, 63, 63, 63, 63, 63, 63, 63, 63, 63, 63, 63, 63, 63, 63, 63, 63, 63, 63, 63, 63, 63, 63, 63, 63, 63, 63, 63, 63, 63, 63, 63]

ep11
Train step Loss: [5.295950889587402, 5.333420753479004, 5.3721795082092285, 5.350746154785156, 5.358991622924805, 5.305923938751221, 5.321381092071533, 5.3727545738220215, 5.302746772766113, 5.342337608337402, 5.286126136779785, 5.350851535797119, 5.28222131729126, 5.403268337249756, 5.383956432342529, 5.37495231628418, 5.308067321777344, 5.284154891967773, 5.370336055755615, 5.347855091094971, 5.338406085968018, 5.279969692230225, 5.319916725158691, 5.286748886108398, 5.365331649780273, 5.369750022888184, 5.29921293258667, 5.3422465324401855, 5.329365253448486, 5.390644550323486, 5.364630222320557, 5.313624382019043, 5.325718879699707, 5.38675594329834, 5.3814473152160645, 5.382716178894043, 5.224910736083984, 5.2527546882629395, 5.396198272705078, 5.364652156829834, 5.301933765411377, 5.376263618469238, 5.322121620178223, 5.307258129119873, 5.357972145080566, 5.225168228149414, 5.332669258117676, 5.353906154632568, 5.272863864898682, 5.396273136138916, 5.274362564086914, 5.350342750549316, 5.330999851226807, 5.247283935546875, 5.294885635375977, 5.292294025421143, 5.323105335235596, 5.380102634429932, 5.335050582885742, 5.226283550262451, 5.401375770568848, 5.282813549041748, 5.400455474853516]
val step Loss: [5.553234577178955, 5.596456527709961, 5.64914083480835, 5.519085884094238, 5.596794128417969, 5.595426559448242, 5.557940483093262, 5.676002502441406, 5.615464210510254, 5.5923261642456055, 5.586881637573242, 5.567215919494629, 5.6408820152282715, 5.543036937713623, 5.562067985534668, 5.596497535705566]
Train step Accs: [0.05078597339782346, 0.04714053494901729, 0.029912754466140425, 0.043909555069292484, 0.027914845622444662, 0.04919411352487737, 0.03359319631467045, 0.020466516177577127, 0.04239606126914661, 0.03462798315395414, 0.04708276797829036, 0.045426065162907266, 0.05603810591202017, 0.02047472368182642, 0.030035912504080966, 0.03202434429792784, 0.04627450980392157, 0.048723897911832945, 0.03155376102886197, 0.03824247355573637, 0.035061655028970434, 0.05966173924623785, 0.03295165394402036, 0.06313993174061433, 0.022632423756019263, 0.03757944183476098, 0.04376908535698706, 0.036954399665318646, 0.0445598096474151, 0.050261635912971635, 0.028647568287808126, 0.046723564299146536, 0.039385474860335196, 0.03499052339991252, 0.02821869488536155, 0.036911412609736634, 0.0684307867406459, 0.05803807509254363, 0.02504012841091493, 0.030249110320284697, 0.03784254023488473, 0.030010556477152766, 0.03739574926015604, 0.03898687176767007, 0.021315640880858272, 0.06635127143701952, 0.02180018724087201, 0.030754378706385328, 0.04912919157785287, 0.03127088066283576, 0.05592747559274756, 0.03882443928847641, 0.04401354262850108, 0.06494367130550033, 0.03329422117923145, 0.040719821358203075, 0.04077411729945339, 0.02626970227670753, 0.03897944720056697, 0.08119857165036486, 0.027662517289073305, 0.057864132747128066, 0.024607812980621348]
val step Accs: [0.02038912579957356, 0.020659928656361473, 0.004592071024031839, 0.03846697779663414, 0.017105263157894738, 0.006768414067684141, 0.01813053988718775, 0.01008952678698309, 0.010927573062261754, 0.014521375464684015, 0.01812090756814375, 0.013900472616068946, 0.012792870490153803, 0.019404746296053495, 0.018552422799951177, 0.0078028747433264885]
Preds: [17, 17, 17, 17, 17, 17, 284, 284, 284, 284, 284, 284, 284, 284, 284, 284, 284, 284, 284, 284, 284, 284, 284, 284, 284, 284, 284, 284, 284, 284, 284, 284, 284, 284, 284, 284, 392, 392, 392, 392, 392, 63, 63, 63, 63, 63, 63, 63, 63, 63, 63, 63, 63, 63, 63, 63, 63, 63, 63, 63, 63, 63, 63, 63, 63, 63, 63, 63, 63, 63, 63, 63, 63, 63, 63, 63, 63, 63, 63, 63, 63, 63, 63, 63, 63, 63, 63, 63, 63, 63, 63, 63, 63, 63, 63, 63, 63, 63, 63, 63, 63, 63, 63, 63, 63, 63, 63, 63, 63, 63, 63, 63, 63, 63, 63, 63, 63, 63, 63, 63, 63, 63, 63, 63, 63, 63, 63, 63, 63, 63, 63, 63, 63, 63, 63, 63, 63, 63, 63, 63, 63, 63, 63, 63, 63, 63, 63, 63, 63, 63, 63, 63, 63, 63, 63, 63, 63, 63, 63, 63, 63, 63, 63, 63, 63, 63, 63, 63, 63, 63, 63, 63, 63, 63, 63, 63, 63, 63, 63, 63, 63, 63, 63, 63, 63, 63, 63, 63, 63, 63, 63, 63, 63, 63, 63, 63, 63, 63, 63, 63, 63, 63, 63, 63, 63, 63, 63, 63, 63, 63, 63, 63, 63, 63, 63, 63, 63, 63, 63, 63, 63, 63, 63, 63, 63, 63, 63, 63, 63, 63, 63, 63, 63, 63, 63, 63, 63, 63, 63, 63, 63, 63, 63, 63, 63, 63, 63, 63, 63, 63, 63, 63, 63, 63, 63, 63, 63, 63, 63, 63, 63, 63, 63, 63, 63, 63, 63, 63, 63, 63, 63, 63, 63, 63, 63, 63, 63, 63, 63, 63, 63, 63, 63, 63, 63, 63, 63, 63, 63, 63, 63, 63, 63, 63, 63, 63, 63, 63, 63, 63, 63, 63, 63, 63, 63, 63, 63, 63, 63, 63, 63, 63, 63, 63, 63, 63, 63, 63, 63, 63, 63, 63, 63, 63, 63, 63, 63, 63, 63, 63, 63, 63, 63, 63, 63, 63, 63, 63, 63, 63, 63, 63, 63, 63, 63, 63, 63, 63, 63, 63, 63, 63, 63, 63, 63, 63, 63, 63, 63, 63, 63, 63, 63, 63, 63, 63, 63, 63, 63, 63, 63, 63, 63, 63, 63, 63, 63, 63, 63, 63, 63, 63, 63, 63, 63, 63, 63, 63, 63, 63, 63, 63, 63, 63, 63, 63, 63, 63, 63, 63, 63, 63, 63, 63, 63, 63, 63, 63, 63, 63, 63, 63, 63, 63, 63, 63, 63, 63, 63, 63, 63, 63, 63, 63, 63, 63, 63, 63, 63, 63, 63, 63, 63, 63, 63, 63, 63, 63, 63, 63, 63, 63, 63, 63, 63, 63, 63, 63, 63, 63, 63, 63, 63, 63, 63, 63, 63, 63, 63, 63, 63, 63, 63, 63, 63, 63, 63, 63, 63, 63, 63, 63, 63, 63, 63, 63, 63, 63, 63, 63, 63, 63, 63, 63, 63, 63, 63, 63, 63, 63, 63, 63, 63, 63, 63, 63, 63, 63, 63, 63, 63, 63, 63, 63, 63, 63, 63, 63, 63, 63, 63, 63, 63, 63, 63, 63, 63, 63, 63, 63, 63, 63, 63, 63, 63, 63, 63, 63, 63, 63, 63, 63, 63, 63, 63, 63, 63, 63, 63, 63, 63, 63, 63, 63, 63, 63, 63, 63, 63, 63, 63, 63, 63, 63, 63, 63, 63, 63, 63, 63, 63, 63, 63, 63, 63, 63, 63, 63, 63, 63, 63, 63, 63, 63, 63, 63, 63, 63, 63, 63, 63, 63, 63, 63, 63, 63, 63, 63, 63, 63, 63, 63, 63, 63, 63, 63, 63, 63, 63, 63]

ep12
Train step Loss: [5.32136869430542, 5.346786022186279, 5.288158416748047, 5.286027908325195, 5.292674541473389, 5.3022589683532715, 5.272243976593018, 5.321271896362305, 5.298948764801025, 5.356196880340576, 5.257882118225098, 5.261300563812256, 5.341920375823975, 5.292260646820068, 5.322390079498291, 5.284456729888916, 5.297765254974365, 5.277244567871094, 5.2975006103515625, 5.325324058532715, 5.271976947784424, 5.298218250274658, 5.362210273742676, 5.298927307128906, 5.266388416290283, 5.310831546783447, 5.283634185791016, 5.32763671875, 5.288759231567383, 5.342220783233643, 5.286004066467285, 5.267770767211914, 5.204882621765137, 5.314653396606445, 5.336215972900391, 5.302962303161621, 5.243708610534668, 5.355005741119385, 5.2702460289001465, 5.375773906707764, 5.276723384857178, 5.370546340942383, 5.285420894622803, 5.339413166046143, 5.310936450958252, 5.418699741363525, 5.388367652893066, 5.200993537902832, 5.223909378051758, 5.266752243041992, 5.211165428161621, 5.406970500946045, 5.319910049438477, 5.364889144897461, 5.3524932861328125, 5.390178680419922, 5.2448883056640625, 5.226550579071045, 5.2942118644714355, 5.270644664764404, 5.230218410491943, 5.2852702140808105, 5.376529693603516]
val step Loss: [5.584705829620361, 5.5098114013671875, 5.628476142883301, 5.5523576736450195, 5.559865951538086, 5.5832014083862305, 5.581794738769531, 5.5766730308532715, 5.515415668487549, 5.5718841552734375, 5.612418174743652, 5.483645439147949, 5.548882007598877, 5.584827423095703, 5.63947057723999, 5.549658298492432]
Train step Accs: [0.04736035659562613, 0.029379611915823996, 0.05890992167101828, 0.03846835667434852, 0.04585034013605442, 0.047376834762389186, 0.04532497149372862, 0.04527532290958532, 0.03859951212512556, 0.01861547411285631, 0.05553656869446343, 0.053993399339933995, 0.03825913810268809, 0.05415676959619953, 0.03550537341858251, 0.04831426851294401, 0.04004854368932039, 0.04653696498054475, 0.03356428021555043, 0.04180303481106813, 0.051531671858774664, 0.0304463852498787, 0.026341061874056798, 0.035609885729471165, 0.04961240310077519, 0.037231158503524306, 0.04107963814325968, 0.027225278600648894, 0.05629037219317133, 0.030478116423515816, 0.02977667493796526, 0.038923395445134575, 0.06943894389438944, 0.04204952499610653, 0.03867883528900478, 0.031183932346723044, 0.06365079365079365, 0.028754428999727445, 0.05025932328970116, 0.023798191337458353, 0.03774193548387097, 0.029270559083165556, 0.04712041884816754, 0.02825806451612903, 0.020431654676258994, 0.021956684092606423, 0.029360056258790436, 0.04506681831106056, 0.05995203836930456, 0.041179906542056076, 0.0707889641819942, 0.02059603682321735, 0.04576576576576576, 0.022237960339943342, 0.031028487361241138, 0.020674157303370785, 0.04824079164376031, 0.06046776953793497, 0.049193996664813784, 0.0552, 0.056698866022679546, 0.04337939478747595, 0.016437437101643745]
val step Accs: [0.016951451044209385, 0.026623794212218648, 0.014753461886890126, 0.01687225294201049, 0.01721538074893189, 0.013902011067620462, 0.004870848708487085, 0.008861439312567132, 0.03395189003436426, 0.009174311926605505, 0.011932519544644082, 0.024967148488830485, 0.015958885582905057, 0.011513583441138422, 0.013624338624338624, 0.020008424599831508]
Preds: [17, 17, 17, 17, 17, 17, 284, 284, 284, 284, 284, 284, 284, 284, 284, 284, 284, 284, 284, 284, 284, 284, 284, 284, 284, 284, 284, 284, 284, 392, 392, 392, 392, 392, 392, 392, 392, 392, 392, 392, 392, 392, 392, 392, 392, 392, 392, 392, 392, 392, 392, 392, 392, 392, 392, 392, 392, 63, 63, 63, 63, 63, 63, 63, 63, 63, 63, 63, 63, 63, 63, 63, 63, 63, 392, 392, 392, 392, 63, 63, 63, 63, 63, 63, 63, 63, 63, 63, 63, 63, 63, 63, 63, 63, 63, 63, 63, 63, 63, 63, 63, 63, 63, 63, 63, 63, 63, 63, 63, 63, 63, 63, 63, 63, 63, 63, 63, 63, 63, 63, 63, 63, 63, 63, 63, 63, 63, 63, 63, 63, 63, 63, 63, 63, 63, 63, 63, 63, 63, 63, 63, 63, 63, 63, 63, 63, 63, 63, 63, 63, 63, 63, 63, 63, 63, 63, 63, 63, 63, 63, 63, 63, 63, 63, 63, 63, 63, 63, 63, 63, 63, 63, 63, 63, 63, 63, 63, 63, 63, 63, 63, 63, 63, 63, 63, 63, 63, 63, 63, 63, 63, 63, 63, 63, 63, 63, 63, 63, 63, 63, 63, 63, 63, 63, 63, 63, 63, 63, 63, 63, 63, 63, 63, 63, 63, 63, 63, 63, 63, 63, 63, 63, 63, 63, 63, 63, 63, 63, 63, 63, 63, 63, 63, 63, 63, 63, 63, 63, 63, 63, 63, 63, 63, 63, 63, 63, 63, 63, 63, 63, 63, 63, 63, 63, 63, 63, 63, 63, 63, 63, 63, 63, 63, 63, 63, 63, 63, 63, 63, 63, 63, 63, 63, 63, 63, 63, 63, 63, 63, 63, 63, 63, 63, 63, 63, 63, 63, 63, 63, 63, 63, 63, 63, 63, 63, 63, 63, 63, 63, 63, 63, 63, 63, 63, 63, 63, 63, 63, 63, 63, 63, 63, 63, 63, 63, 63, 63, 63, 63, 63, 63, 63, 63, 63, 63, 63, 63, 63, 63, 63, 63, 63, 63, 63, 63, 63, 63, 63, 63, 63, 63, 63, 63, 63, 63, 63, 63, 63, 63, 63, 63, 63, 63, 63, 63, 63, 63, 63, 63, 63, 63, 63, 63, 63, 63, 63, 63, 63, 63, 63, 63, 63, 63, 63, 63, 63, 63, 63, 63, 63, 63, 63, 63, 63, 63, 63, 63, 63, 63, 63, 63, 63, 63, 63, 63, 63, 63, 63, 63, 63, 63, 63, 63, 63, 63, 63, 63, 63, 63, 63, 63, 63, 63, 63, 63, 63, 63, 63, 63, 63, 63, 63, 63, 63, 63, 63, 63, 63, 63, 63, 63, 63, 63, 63, 63, 63, 63, 63, 63, 63, 63, 63, 63, 63, 63, 63, 63, 63, 63, 63, 63, 63, 63, 63, 63, 63, 63, 63, 63, 63, 63, 63, 63, 63, 63, 63, 63, 63, 63, 63, 63, 63, 63, 63, 63, 63, 63, 63, 63, 63, 63, 63, 63, 63, 63, 63, 63, 63, 63, 63, 63, 63, 63, 63, 63, 63, 63, 63, 63, 63, 63, 63, 63, 63, 63, 63, 63, 63, 63, 63, 63, 63, 63, 63, 63, 63, 63, 63, 63, 63, 63, 63, 63, 63, 63, 63, 63, 63, 63, 63, 63, 63, 63, 63, 63, 63, 63, 63, 63, 63, 63, 63, 63, 63, 63, 63, 63, 63, 63, 63, 63, 63, 63, 63, 63, 63, 63, 63, 63, 63, 63, 63, 63, 63, 63, 63, 63, 63, 63, 63, 63, 63, 63, 63, 63, 63, 63, 63, 63, 63, 63, 63, 63, 63, 63, 63, 63, 63, 63, 63, 63, 63, 63, 63, 63, 63, 63, 63, 63, 63]

ep13
Train step Loss: [5.228983402252197, 5.346236705780029, 5.3334245681762695, 5.2721710205078125, 5.224253177642822, 5.339027404785156, 5.381351470947266, 5.331535339355469, 5.156332969665527, 5.2461090087890625, 5.314628601074219, 5.324629783630371, 5.325965881347656, 5.237157344818115, 5.173605442047119, 5.274372577667236, 5.2445807456970215, 5.304154396057129, 5.287456512451172, 5.25209379196167, 5.1797404289245605, 5.373456001281738, 5.113396167755127, 5.209898948669434, 5.265860557556152, 5.204197406768799, 5.379986763000488, 5.289243698120117, 5.208371639251709, 5.246253490447998, 5.339293003082275, 5.210617542266846, 5.289822101593018, 5.332460880279541, 5.256509304046631, 5.254378795623779, 5.257869720458984, 5.1899800300598145, 5.383800029754639, 5.2423224449157715, 5.243007659912109, 5.26918363571167, 5.245737552642822, 5.298014163970947, 5.15730094909668, 5.27592134475708, 5.24684476852417, 5.197371959686279, 5.212780952453613, 5.226640224456787, 5.216660022735596, 5.240347385406494, 5.231104850769043, 5.097844123840332, 5.24119758605957, 5.262833118438721, 5.254645824432373, 5.223906993865967, 5.210668563842773, 5.1270341873168945, 5.162871360778809, 5.27212381362915, 5.277606010437012]
val step Loss: [5.4469313621521, 5.536895275115967, 5.579329490661621, 5.580390930175781, 5.607105731964111, 5.437577724456787, 5.537507057189941, 5.476794719696045, 5.569149017333984, 5.532070159912109, 5.531585693359375, 5.475355625152588, 5.543560028076172, 5.552205562591553, 5.5828328132629395, 5.516088008880615]
Train step Accs: [0.04713752333540759, 0.02757811353968021, 0.031118060985144646, 0.0359016393442623, 0.05773100139297323, 0.028177196804647784, 0.01829924650161464, 0.03260869565217391, 0.08698873740367516, 0.04708044676940478, 0.03406393969007399, 0.031245350394286563, 0.035997882477501325, 0.05608447290981478, 0.0534890035297312, 0.05825383058687482, 0.04469727752945957, 0.049730202712556515, 0.05083430345362825, 0.04612502926715055, 0.05456026058631922, 0.03094920775951429, 0.07029544462232572, 0.06062808956091887, 0.03875739644970414, 0.055321219987021414, 0.03830306729742103, 0.050724637681159424, 0.042608222161720666, 0.04067704067704068, 0.025608907446068196, 0.052141268075639596, 0.04258891772248512, 0.02798708288482239, 0.05337931034482759, 0.05485345522990051, 0.03179472876865151, 0.04701230228471002, 0.026378515811218816, 0.042370325693606756, 0.0533587422582182, 0.039524471205805156, 0.0505695547117708, 0.030686936936936936, 0.050752190444701605, 0.029696578437701744, 0.039015606242496996, 0.056733963710707894, 0.05682951146560319, 0.04350298549900483, 0.03135681379105365, 0.041926272066458985, 0.041451463382333464, 0.0843155031731641, 0.03304347826086956, 0.042365172189733596, 0.054564072557050904, 0.054282638782100566, 0.06632456703014752, 0.07860434496379197, 0.05790155440414508, 0.04561033482731347, 0.06018518518518518]
val step Accs: [0.04440497335701599, 0.03241623535821302, 0.033062482488091904, 0.03950758660177498, 0.033963473245754564, 0.04854368932038835, 0.03594594594594595, 0.03451581975071908, 0.033293221018852785, 0.03911191428940235, 0.04440293145566892, 0.03771051989260434, 0.04154302670623145, 0.029639819909954977, 0.025680337293982367, 0.016363264471262018]
Preds: [17, 17, 17, 17, 17, 17, 284, 284, 284, 284, 284, 284, 284, 284, 284, 284, 284, 284, 284, 284, 284, 284, 284, 284, 284, 284, 284, 284, 284, 284, 284, 284, 284, 246, 246, 246, 246, 246, 246, 246, 246, 246, 246, 246, 246, 246, 246, 246, 246, 246, 246, 246, 246, 246, 246, 246, 246, 392, 63, 63, 63, 63, 63, 63, 63, 63, 63, 63, 63, 63, 63, 63, 63, 63, 63, 63, 63, 63, 392, 392, 392, 246, 246, 246, 246, 246, 246, 246, 246, 246, 246, 246, 246, 246, 246, 246, 246, 246, 246, 246, 392, 392, 392, 392, 392, 392, 392, 246, 246, 246, 246, 246, 246, 246, 246, 246, 246, 246, 246, 246, 246, 246, 246, 246, 246, 246, 246, 246, 246, 246, 246, 246, 246, 246, 246, 246, 246, 246, 246, 246, 246, 246, 246, 246, 246, 246, 246, 246, 246, 246, 246, 392, 392, 392, 392, 392, 392, 392, 392, 246, 246, 246, 246, 246, 246, 246, 246, 246, 246, 246, 246, 246, 246, 246, 246, 392, 392, 392, 392, 392, 246, 246, 246, 246, 246, 246, 246, 246, 246, 246, 246, 246, 246, 246, 246, 246, 246, 246, 246, 246, 246, 246, 246, 246, 246, 246, 246, 246, 246, 246, 246, 246, 246, 246, 246, 246, 246, 246, 246, 246, 246, 246, 246, 246, 246, 246, 246, 246, 246, 246, 392, 63, 63, 63, 63, 63, 63, 63, 63, 63, 63, 63, 63, 63, 63, 63, 63, 63, 63, 63, 63, 63, 63, 63, 63, 63, 63, 63, 63, 63, 63, 63, 63, 63, 63, 63, 63, 63, 63, 392, 392, 392, 392, 246, 246, 246, 246, 246, 246, 246, 246, 246, 246, 246, 246, 246, 246, 246, 246, 246, 246, 246, 246, 246, 246, 246, 246, 246, 246, 246, 246, 246, 246, 246, 246, 246, 246, 246, 246, 246, 246, 246, 246, 246, 246, 246, 246, 246, 246, 246, 246, 246, 246, 246, 246, 246, 246, 246, 246, 246, 246, 246, 246, 246, 246, 246, 246, 246, 246, 246, 246, 246, 246, 392, 392, 63, 63, 63, 63, 63, 63, 63, 63, 63, 63, 63, 63, 63, 63, 63, 63, 63, 63, 63, 63, 63, 63, 63, 63, 63, 63, 63, 63, 63, 63, 63, 63, 63, 63, 63, 63, 63, 63, 63, 63, 63, 63, 63, 63, 63, 63, 392, 392, 246, 246, 246, 246, 246, 246, 246, 246, 246, 246, 246, 246, 246, 246, 246, 246, 246, 246, 246, 246, 246, 246, 246, 246, 246, 246, 246, 246, 246, 246, 246, 246, 246, 246, 246, 246, 246, 246, 246, 246, 246, 246, 246, 392, 392, 392, 392, 392, 392, 392, 392, 392, 392, 392, 392, 392, 392, 392, 392, 392, 392, 392, 392, 246, 246, 246, 246, 246, 246, 246, 246, 246, 246, 246, 246, 246, 246, 392, 392, 392, 392, 392, 392, 392, 392, 392, 392, 392, 392, 392, 392, 392, 392, 392, 392, 392, 392, 392, 392, 392, 392, 392, 392, 392, 392, 392, 392, 392, 392, 392, 392, 392, 392, 392, 392, 392, 392, 392, 392, 392, 392, 392, 392, 392, 392, 392, 392, 392, 392, 392, 392, 392, 392, 392, 392, 392, 392, 392, 392, 392, 392, 392, 392, 392, 392, 392, 392, 392, 392, 392, 392, 392, 392, 392, 392, 392, 392, 392, 392, 392, 392, 392, 392, 392, 392, 392, 392, 392, 392, 392, 392, 392, 392, 392, 392, 392, 392, 392, 392, 392, 392, 392, 392, 392, 392, 392, 392, 392, 392, 392, 392, 392, 392, 392, 392, 392, 392, 392, 392, 392, 392, 392, 392, 392, 392, 392, 392]

ep14
Train step Loss: [5.289936065673828, 5.111264705657959, 5.294130325317383, 5.154346466064453, 5.210784912109375, 5.295470237731934, 5.212268352508545, 5.274347305297852, 5.252492904663086, 5.343050479888916, 5.276878356933594, 5.209975242614746, 5.257946014404297, 5.203625679016113, 5.299716472625732, 5.179740905761719, 5.252175331115723, 5.080813884735107, 5.285916805267334, 5.175615310668945, 5.215601921081543, 5.247567176818848, 5.132846832275391, 5.14467716217041, 5.149921894073486, 5.189343452453613, 5.114178657531738, 5.104602336883545, 5.217192649841309, 5.152515888214111, 5.087331771850586, 5.149481773376465, 5.143479824066162, 5.117685317993164, 5.203513145446777, 5.251277446746826, 5.201076030731201, 5.135202407836914, 5.200850009918213, 5.2031636238098145, 5.159390449523926, 5.08846378326416, 5.188441753387451, 5.0944647789001465, 5.119009971618652, 5.249537944793701, 5.134945869445801, 5.233490467071533, 5.086684703826904, 5.137906074523926, 5.2076215744018555, 5.241027355194092, 5.150781631469727, 5.199638366699219, 5.126184463500977, 5.087682247161865, 5.046295642852783, 5.137470245361328, 5.095175743103027, 5.23361873626709, 5.0734734535217285, 5.19672966003418, 5.101430416107178]
val step Loss: [5.491673946380615, 5.499872207641602, 5.332146644592285, 5.494763374328613, 5.4863600730896, 5.44085693359375, 5.468054294586182, 5.460878372192383, 5.43394660949707, 5.511115074157715, 5.498952865600586, 5.490482807159424, 5.462602138519287, 5.499520301818848, 5.420440673828125, 5.553849220275879]
Train step Accs: [0.04394883568383076, 0.07606614447345518, 0.0469861726406229, 0.07176154824127702, 0.05567226890756303, 0.048965091133765834, 0.06364819904527702, 0.05874439461883408, 0.033718244803695153, 0.041993001166472255, 0.046849757673667204, 0.04006893580353296, 0.05910663257632727, 0.06657113079729025, 0.04552705853478955, 0.06074001309757695, 0.05993215228043724, 0.07121146330872774, 0.05357643758765778, 0.06682506682506682, 0.05118781992387452, 0.054447277636118195, 0.06656426011264721, 0.07215980024968789, 0.07429582256089264, 0.06642679213949626, 0.07512733446519525, 0.08498316498316498, 0.0406015037593985, 0.07471264367816093, 0.08673050615595075, 0.07259425998874508, 0.07178982860354031, 0.06849110213847764, 0.05157318741450068, 0.03429131286740692, 0.06767935027823734, 0.07129821146124833, 0.05568554047730463, 0.05225106802497535, 0.05313673668104048, 0.06246682003185277, 0.052580734198178304, 0.07655160078697908, 0.0703156212544946, 0.05311381531853973, 0.05701632991973429, 0.03809233582203261, 0.07650683901999099, 0.06510525582043775, 0.04753747323340471, 0.04863133372160745, 0.06359341080321798, 0.05854403529611403, 0.06670281995661605, 0.059922402644058056, 0.06769880365939479, 0.05113241628456301, 0.06683971447112265, 0.03934085510688836, 0.0690493209435311, 0.04596346493812611, 0.052496798975672214]
val step Accs: [0.036394516559505034, 0.03352643904844078, 0.0599702179504535, 0.02347222222222222, 0.03929299796057104, 0.052273987798114256, 0.025568942436412317, 0.03991567111735769, 0.04094398635200455, 0.027474029524330236, 0.037290242386575516, 0.0332317515600058, 0.04268463914630722, 0.03608391608391608, 0.03557531962201223, 0.016700066800267203]
Preds: [17, 17, 17, 17, 17, 284, 284, 284, 284, 284, 284, 284, 284, 284, 284, 284, 284, 284, 284, 284, 284, 284, 284, 284, 284, 284, 284, 284, 284, 284, 284, 284, 284, 284, 284, 284, 284, 284, 284, 284, 284, 284, 284, 284, 284, 284, 284, 284, 246, 246, 246, 246, 246, 246, 246, 246, 246, 246, 392, 392, 392, 392, 392, 392, 392, 63, 63, 63, 63, 63, 63, 63, 63, 63, 63, 63, 63, 63, 63, 63, 63, 63, 63, 63, 63, 63, 63, 63, 63, 63, 63, 63, 63, 63, 63, 63, 63, 63, 63, 63, 392, 392, 171, 171, 246, 246, 246, 246, 246, 246, 246, 246, 246, 246, 246, 246, 246, 246, 246, 246, 246, 246, 246, 246, 246, 246, 246, 246, 246, 246, 246, 246, 246, 246, 246, 246, 246, 246, 246, 246, 246, 246, 246, 246, 246, 246, 246, 246, 246, 246, 246, 246, 246, 246, 246, 246, 246, 246, 246, 246, 246, 246, 246, 246, 246, 246, 246, 246, 246, 246, 246, 246, 246, 246, 246, 246, 246, 246, 246, 246, 246, 246, 246, 246, 246, 246, 246, 246, 246, 246, 246, 246, 246, 246, 246, 246, 246, 246, 246, 246, 246, 392, 392, 392, 392, 392, 392, 392, 246, 246, 246, 246, 246, 246, 246, 246, 246, 246, 246, 246, 246, 246, 246, 246, 246, 246, 246, 246, 246, 246, 246, 246, 246, 246, 246, 392, 392, 392, 392, 392, 392, 392, 392, 392, 392, 246, 246, 246, 246, 246, 246, 246, 246, 246, 246, 246, 246, 246, 246, 246, 246, 246, 246, 246, 246, 246, 246, 246, 246, 246, 246, 246, 246, 246, 246, 246, 246, 246, 246, 246, 246, 246, 246, 246, 246, 246, 246, 246, 246, 246, 246, 246, 392, 392, 392, 392, 63, 63, 63, 63, 63, 63, 63, 63, 63, 63, 63, 63, 63, 63, 63, 63, 63, 63, 63, 63, 63, 63, 63, 63, 63, 63, 63, 63, 392, 392, 392, 392, 392, 171, 171, 171, 246, 246, 246, 246, 246, 246, 246, 246, 246, 246, 246, 246, 246, 246, 246, 246, 246, 246, 246, 246, 246, 246, 246, 246, 246, 246, 246, 246, 246, 246, 246, 246, 246, 246, 246, 246, 246, 246, 246, 246, 246, 246, 246, 246, 246, 246, 246, 246, 246, 246, 246, 246, 246, 246, 246, 246, 246, 246, 246, 246, 392, 392, 392, 392, 392, 392, 392, 246, 246, 246, 246, 246, 246, 246, 246, 246, 246, 246, 246, 246, 246, 246, 246, 246, 246, 246, 246, 246, 246, 246, 246, 246, 246, 246, 246, 246, 246, 246, 246, 246, 246, 246, 246, 246, 246, 246, 246, 246, 246, 246, 246, 246, 246, 246, 246, 246, 246, 246, 246, 246, 246, 246, 246, 246, 246, 246, 246, 246, 246, 246, 246, 246, 246, 246, 392, 392, 63, 63, 63, 63, 63, 63, 63, 63, 63, 63, 63, 63, 63, 63, 63, 63, 63, 63, 63, 63, 63, 63, 63, 63, 63, 63, 63, 63, 63, 63, 63, 63, 63, 63, 63, 63, 63, 63, 63, 63, 63, 392, 171, 246, 246, 246, 246, 246, 246, 246, 246, 246, 246, 246, 246, 246, 246, 246, 246, 246, 246, 246, 246, 246, 246, 246, 246, 246, 246, 246, 246, 246, 246, 246, 246, 246, 246, 246, 246, 246, 246, 246, 246, 246, 246, 246, 246, 246, 246, 246, 246, 246, 246, 246, 246, 246, 246, 246, 246, 246, 246, 246, 246, 246, 246, 246, 246, 246, 246, 246, 246, 246, 246, 246, 246, 246, 246, 246, 246, 246, 246, 246, 246, 246, 246, 246, 246, 246, 246, 246, 246, 246]

ep15
Train step Loss: [5.200999736785889, 5.066719055175781, 5.155997276306152, 5.129445552825928, 5.095851421356201, 5.102425575256348, 5.05155086517334, 5.144354343414307, 5.090588092803955, 5.029921531677246, 5.091403007507324, 5.107705116271973, 5.145191669464111, 5.113254070281982, 4.9302167892456055, 5.02811336517334, 5.092038631439209, 5.121327877044678, 5.102527141571045, 5.144343376159668, 5.038663864135742, 5.179269790649414, 5.160807132720947, 5.026700973510742, 5.017873287200928, 5.057818412780762, 5.132882595062256, 5.127897262573242, 5.172357559204102, 5.19984769821167, 5.103399276733398, 5.092098236083984, 5.051089763641357, 5.0683417320251465, 5.110419273376465, 5.071053504943848, 5.127529621124268, 5.117434501647949, 5.03149938583374, 5.0402326583862305, 5.081654071807861, 5.0446295738220215, 5.024829387664795, 5.0423264503479, 5.153773307800293, 5.070944786071777, 5.088829040527344, 5.053913116455078, 5.185393333435059, 5.00244140625, 5.038889408111572, 5.161046981811523, 5.128293037414551, 5.053593635559082, 4.98924446105957, 5.043542861938477, 5.022034168243408, 5.020360469818115, 5.090488910675049, 5.045405864715576, 5.057404041290283, 4.976419448852539, 5.000363826751709]
val step Loss: [5.372241020202637, 5.340515613555908, 5.374037742614746, 5.415404796600342, 5.281521320343018, 5.464593410491943, 5.386468887329102, 5.434049129486084, 5.410567283630371, 5.372751235961914, 5.4148406982421875, 5.311427116394043, 5.396684169769287, 5.395391464233398, 5.380589485168457, 5.416557788848877]
Train step Accs: [0.04949032353375683, 0.08164072804009496, 0.05171919770773639, 0.05830248545742993, 0.06102835175396444, 0.055088309503784696, 0.06348957516852172, 0.05408388520971302, 0.06671358198451795, 0.07449546254909928, 0.06910748419350096, 0.04837430610626487, 0.05641575961980684, 0.06038612280447089, 0.09151905528717123, 0.0794600398834177, 0.06539183882533721, 0.056474444941141407, 0.05748175182481752, 0.06057336621454994, 0.07702650787552824, 0.035896533521027625, 0.058674546222034614, 0.07195571955719557, 0.07311888904633697, 0.0666960481856912, 0.05814500941619586, 0.06145079316186663, 0.05032537960954447, 0.049687547629934464, 0.06366438815172229, 0.05887230514096186, 0.06619018023617154, 0.06497211775385812, 0.0642926423721768, 0.06762716847985886, 0.06020488573680063, 0.056291390728476824, 0.061126005361930295, 0.0720402337909474, 0.05846662989520132, 0.07522472796088946, 0.06255268925982128, 0.05932577653466804, 0.06445799833656779, 0.06186886644858484, 0.06283320639756283, 0.0616030801540077, 0.04569775849602314, 0.06743566992014197, 0.0563069685386651, 0.059569859198514624, 0.0589625921290502, 0.07020612117426608, 0.07990647778847476, 0.06202746489739238, 0.05063497232171931, 0.056044267877412034, 0.0610504264551848, 0.060761016694239736, 0.06760447965036875, 0.07339055793991417, 0.06552162849872774]
val step Accs: [0.04432284541723666, 0.04326858673811119, 0.037475888674566, 0.02910342669378814, 0.043264248704663215, 0.034582929865818235, 0.031610703043022034, 0.03474033673227413, 0.044215795328142384, 0.04390915347556779, 0.03934426229508197, 0.060496380558428126, 0.03722457917065827, 0.04318936877076412, 0.039878079756159514, 0.04597466285247242]
Preds: [17, 17, 17, 17, 17, 284, 284, 284, 284, 284, 284, 284, 284, 284, 284, 284, 284, 284, 284, 284, 284, 284, 284, 284, 284, 284, 284, 284, 414, 414, 392, 392, 392, 392, 392, 392, 392, 392, 392, 392, 287, 213, 213, 213, 213, 213, 213, 213, 213, 213, 213, 213, 213, 213, 213, 324, 324, 324, 324, 213, 213, 213, 213, 213, 213, 213, 213, 213, 414, 414, 414, 414, 414, 414, 414, 213, 213, 213, 213, 213, 213, 213, 213, 213, 213, 213, 213, 213, 213, 213, 213, 213, 213, 213, 213, 213, 213, 414, 414, 414, 414, 213, 213, 213, 213, 213, 213, 213, 213, 213, 213, 213, 213, 213, 213, 213, 213, 213, 213, 213, 213, 213, 213, 213, 213, 213, 213, 414, 414, 414, 414, 414, 414, 414, 414, 414, 392, 392, 392, 392, 392, 392, 392, 392, 63, 63, 63, 63, 63, 63, 63, 63, 63, 63, 392, 392, 392, 392, 392, 213, 213, 213, 213, 213, 213, 213, 213, 213, 213, 213, 213, 213, 213, 213, 213, 213, 213, 213, 213, 213, 213, 213, 213, 213, 213, 213, 213, 213, 246, 246, 246, 246, 213, 213, 213, 213, 213, 414, 414, 414, 414, 414, 392, 392, 392, 392, 392, 392, 414, 414, 414, 414, 414, 414, 392, 392, 392, 392, 392, 392, 392, 392, 392, 392, 392, 392, 392, 392, 170, 213, 213, 213, 213, 213, 213, 213, 213, 246, 246, 246, 246, 246, 246, 246, 246, 246, 246, 246, 246, 246, 246, 246, 246, 213, 414, 414, 414, 392, 392, 392, 392, 392, 392, 170, 213, 213, 213, 213, 213, 213, 213, 213, 213, 213, 213, 213, 213, 213, 213, 213, 213, 213, 213, 213, 213, 213, 213, 246, 414, 414, 414, 414, 246, 246, 246, 246, 246, 246, 246, 246, 246, 246, 246, 246, 246, 246, 246, 246, 246, 246, 414, 414, 414, 392, 392, 392, 392, 392, 170, 414, 213, 213, 213, 213, 246, 246, 246, 246, 246, 246, 246, 246, 246, 246, 246, 246, 246, 246, 246, 246, 246, 246, 246, 246, 246, 246, 246, 246, 246, 246, 246, 246, 246, 246, 246, 246, 246, 246, 246, 246, 246, 246, 246, 246, 246, 246, 246, 246, 246, 246, 246, 246, 246, 414, 414, 414, 392, 392, 392, 63, 63, 63, 63, 63, 63, 63, 63, 63, 63, 63, 63, 63, 63, 63, 63, 63, 392, 392, 392, 392, 213, 213, 213, 213, 213, 246, 246, 246, 246, 246, 246, 246, 246, 246, 246, 246, 246, 246, 246, 246, 246, 246, 246, 246, 246, 246, 246, 246, 246, 246, 246, 246, 246, 246, 246, 246, 246, 246, 246, 246, 246, 246, 246, 246, 246, 246, 246, 414, 414, 414, 392, 392, 392, 63, 63, 63, 63, 63, 392, 392, 392, 392, 392, 392, 170, 170, 170, 414, 414, 414, 414, 213, 213, 213, 246, 246, 246, 246, 246, 414, 414, 414, 414, 414, 414, 414, 414, 414, 414, 414, 414, 414, 414, 246, 246, 246, 246, 246, 246, 246, 246, 246, 246, 246, 246, 246, 246, 246, 246, 246, 246, 246, 246, 246, 246, 246, 246, 246, 246, 246, 246, 246, 246, 246, 246, 246, 246, 246, 246, 246, 246, 246, 246, 246, 246, 246, 246, 246, 246, 246, 246, 246, 246, 246, 246, 246, 246, 246, 246, 246, 246, 246, 246, 246, 246, 246, 246, 246, 246, 246, 246, 246, 246, 246, 246, 246, 246, 246, 246, 246, 246, 246, 246, 246, 246, 246, 246, 246, 246, 246, 246, 246, 246, 246, 246, 246, 246, 246, 246, 246, 246, 246, 246, 246, 246, 246, 246, 246, 246, 246]

ep16
Train step Loss: [5.046209812164307, 5.1439409255981445, 5.093464374542236, 4.97429895401001, 4.96098518371582, 5.023614883422852, 4.9986467361450195, 5.0129714012146, 5.058988094329834, 4.964658260345459, 4.980452537536621, 4.981759071350098, 4.976175785064697, 5.010227680206299, 5.072552680969238, 5.024545192718506, 4.904411315917969, 5.146690368652344, 5.083569526672363, 4.964303016662598, 4.944906711578369, 4.9598708152771, 4.918418884277344, 5.020810127258301, 5.005058288574219, 5.073014259338379, 5.025234699249268, 5.050703048706055, 4.991786003112793, 5.059286117553711, 4.972935199737549, 4.96054744720459, 4.917480945587158, 4.799103260040283, 4.984865188598633, 5.061957836151123, 5.002003192901611, 4.910066604614258, 4.922586441040039, 5.0504961013793945, 4.847234725952148, 4.931759357452393, 4.894923210144043, 5.089442253112793, 4.934706211090088, 4.900588035583496, 5.025864601135254, 5.001246929168701, 4.937694549560547, 5.094552040100098, 4.855041027069092, 4.99185037612915, 4.937293529510498, 4.736110687255859, 4.9190826416015625, 4.9654083251953125, 4.978209495544434, 5.013026237487793, 4.911316871643066, 4.837028980255127, 4.901907920837402, 4.774606704711914, 5.057802200317383]
val step Loss: [5.287011623382568, 5.278903961181641, 5.359596252441406, 5.316609859466553, 5.291200637817383, 5.234048843383789, 5.346502304077148, 5.308298110961914, 5.285064220428467, 5.225738048553467, 5.268791675567627, 5.310498237609863, 5.295873165130615, 5.346290111541748, 5.251678943634033, 5.3307061195373535]
Train step Accs: [0.07124334652654565, 0.06775152558285089, 0.04827422607045428, 0.07186544342507645, 0.07054794520547945, 0.05128595343174555, 0.06854009595613433, 0.06559184235910155, 0.06628399617329507, 0.06501442878967917, 0.05693309322620862, 0.07285054818234275, 0.08599910727570302, 0.056653696498054476, 0.06354334948842219, 0.06334026334026334, 0.08463822894168467, 0.04864444156181087, 0.06140620202640467, 0.0722731303576707, 0.07253816020532217, 0.06866379949577339, 0.0890671169269734, 0.06350866706515242, 0.06231123827690351, 0.05731707317073171, 0.06695200244573525, 0.06537717601547388, 0.07859649122807018, 0.059988002399520096, 0.058994345101635336, 0.07768278301886793, 0.07914285714285714, 0.1124327386009629, 0.07374755107752588, 0.061555998860074096, 0.07141750580945004, 0.08153055705786912, 0.09316109422492401, 0.0754880694143167, 0.09386127332288847, 0.07330677290836653, 0.07809314724792223, 0.05631536604987932, 0.07563813813813813, 0.08409580193756727, 0.06221783295711061, 0.07642198919605973, 0.08877123861117951, 0.04737384140061792, 0.083595952894344, 0.06388303477344573, 0.07596371882086168, 0.11288162828066417, 0.08262583383869011, 0.0767188373392957, 0.073463687150838, 0.06467741935483871, 0.09688873858640513, 0.08696938322733323, 0.08509814049586777, 0.11107599936798862, 0.04867114953570285]
val step Accs: [0.05552788844621514, 0.04764150943396227, 0.03960246950760428, 0.047461928934010154, 0.05236253108593534, 0.054158885217641145, 0.04494535519125683, 0.044336810730253355, 0.04610169491525424, 0.05620005155968033, 0.04424062584299973, 0.04373570178979949, 0.042996394712244625, 0.04121863799283154, 0.05432651918230188, 0.04406168636090527]
Preds: [17, 17, 17, 17, 17, 284, 284, 284, 284, 284, 284, 284, 284, 284, 284, 284, 284, 284, 284, 284, 284, 284, 284, 284, 284, 284, 284, 284, 284, 284, 284, 284, 414, 414, 414, 414, 414, 170, 392, 392, 392, 392, 392, 392, 392, 392, 392, 392, 392, 392, 392, 392, 392, 392, 392, 392, 392, 392, 392, 287, 287, 287, 287, 287, 287, 287, 287, 287, 414, 414, 414, 414, 414, 170, 392, 392, 392, 392, 392, 287, 287, 213, 213, 213, 213, 213, 213, 246, 246, 246, 246, 246, 246, 246, 246, 246, 246, 246, 246, 246, 246, 246, 246, 246, 246, 246, 246, 246, 246, 246, 246, 246, 246, 246, 246, 246, 246, 246, 246, 246, 246, 246, 246, 246, 246, 246, 246, 246, 246, 414, 414, 414, 414, 414, 414, 414, 414, 246, 246, 246, 246, 246, 414, 414, 414, 170, 170, 170, 392, 392, 392, 392, 392, 392, 392, 392, 320, 287, 213, 213, 213, 246, 246, 246, 246, 246, 246, 246, 246, 246, 246, 246, 246, 246, 246, 246, 246, 246, 414, 414, 414, 414, 414, 414, 414, 414, 414, 414, 246, 246, 246, 246, 246, 246, 246, 246, 246, 246, 246, 246, 246, 246, 246, 246, 246, 246, 246, 246, 246, 246, 246, 246, 246, 414, 414, 414, 414, 170, 170, 170, 170, 170, 170, 170, 170, 213, 213, 246, 246, 246, 246, 246, 246, 246, 246, 246, 246, 246, 246, 246, 246, 246, 246, 246, 246, 246, 246, 414, 414, 414, 414, 414, 414, 414, 246, 246, 246, 246, 246, 246, 246, 246, 246, 414, 414, 414, 170, 170, 170, 170, 170, 392, 392, 392, 170, 170, 170, 170, 170, 392, 392, 392, 392, 392, 392, 392, 392, 392, 63, 63, 63, 392, 392, 73, 320, 287, 287, 213, 213, 213, 213, 213, 213, 246, 246, 246, 246, 246, 246, 246, 246, 246, 246, 246, 246, 246, 246, 246, 246, 246, 246, 246, 246, 246, 246, 246, 246, 246, 246, 246, 246, 246, 246, 246, 246, 246, 246, 246, 246, 246, 246, 246, 246, 246, 246, 246, 246, 246, 246, 246, 246, 246, 246, 246, 246, 246, 246, 246, 246, 414, 414, 246, 246, 246, 246, 246, 246, 246, 246, 246, 246, 246, 246, 246, 246, 246, 246, 246, 246, 246, 246, 246, 246, 246, 246, 246, 246, 246, 246, 246, 246, 246, 246, 246, 246, 246, 246, 246, 246, 246, 246, 246, 246, 246, 246, 246, 246, 246, 246, 246, 246, 246, 246, 246, 246, 246, 246, 246, 246, 246, 246, 246, 246, 246, 246, 246, 246, 246, 246, 246, 246, 246, 246, 246, 246, 246, 246, 246, 246, 246, 246, 246, 246, 246, 246, 246, 246, 246, 246, 246, 246, 246, 246, 246, 246, 246, 246, 246, 246, 246, 246, 246, 246, 246, 246, 246, 246, 246, 246, 246, 246, 246, 246, 246, 246, 246, 246, 246, 246, 246, 246, 246, 246, 246, 246, 246, 246, 246, 246, 246, 246, 246, 246, 246, 246, 246, 246, 246, 246, 246, 414, 414, 414, 170, 170, 414, 414, 414, 246, 246, 246, 246, 246, 246, 246, 246, 246, 246, 246, 246, 246, 414, 414, 414, 170, 170, 392, 63, 63, 63, 63, 63, 63, 63, 63, 63, 63, 392, 392, 392, 392, 392, 392, 392, 392, 392, 392, 392, 392, 73, 320, 7, 287, 213, 246, 213, 213, 213, 246, 246, 246, 246, 246, 246, 246, 246, 246, 246, 246, 246, 246, 246, 246, 246, 246, 246, 246, 246, 246, 246, 246, 246, 246, 246, 246, 246, 246, 414, 414, 414, 170, 170, 392, 392, 63, 63, 63, 63, 63, 63]

ep17
Train step Loss: [4.8868255615234375, 4.784640789031982, 4.908921718597412, 4.959096908569336, 5.038614273071289, 5.0169806480407715, 4.893697738647461, 4.959021091461182, 5.067539691925049, 4.838403224945068, 4.894696235656738, 4.971445083618164, 5.015768527984619, 4.857403755187988, 4.859076499938965, 4.801604747772217, 4.9698896408081055, 4.825219631195068, 4.909445762634277, 4.985039710998535, 4.908380031585693, 4.907922744750977, 4.956112861633301, 4.909425258636475, 4.842702388763428, 4.939444065093994, 5.056029796600342, 4.77986478805542, 4.9691057205200195, 4.809892654418945, 4.885336399078369, 4.890962600708008, 4.937669277191162, 4.964762210845947, 4.837046146392822, 4.8622283935546875, 4.771326065063477, 4.855188846588135, 4.871066570281982, 4.899263858795166, 4.826399803161621, 4.833756446838379, 4.840359687805176, 4.719563007354736, 4.888528823852539, 4.8784499168396, 4.915407657623291, 4.863154888153076, 4.717443466186523, 4.972688674926758, 4.842250347137451, 4.854824542999268, 4.7560529708862305, 4.8816237449646, 4.864363670349121, 4.869833469390869, 4.743992328643799, 4.93446683883667, 4.866694450378418, 4.859460353851318, 4.7487897872924805, 4.881227016448975, 4.806879043579102]
val step Loss: [5.1985063552856445, 5.211507797241211, 5.254223823547363, 5.22820520401001, 5.1989288330078125, 5.242237091064453, 5.236053466796875, 5.164778232574463, 5.182483673095703, 5.183324337005615, 5.166352272033691, 5.202277660369873, 5.265580177307129, 5.16423225402832, 5.2329182624816895, 5.281096935272217]
Train step Accs: [0.08139029688631426, 0.10421618916551983, 0.07102235154080148, 0.07212968471148126, 0.06216696269982238, 0.06915477497255763, 0.08476696903346888, 0.06651340996168582, 0.06628453850676073, 0.09120563674321504, 0.07968464029283401, 0.07414104882459313, 0.07752189425883879, 0.09051937345424567, 0.09607558139534884, 0.10558360558360558, 0.06204986149584488, 0.09743453409544064, 0.08983308042488619, 0.07977297808607914, 0.09329408753519325, 0.08424587531026427, 0.0639715681919147, 0.09021235829474693, 0.1036889332003988, 0.08540925266903915, 0.07319993158884898, 0.10672579453067257, 0.07659574468085106, 0.10200138026224982, 0.09237003912800447, 0.10428505605897712, 0.0941968040370059, 0.07622478386167147, 0.09927849927849929, 0.07499329219211162, 0.10006215040397763, 0.08793334325249219, 0.09722004083555835, 0.09216676014208264, 0.09595224228305184, 0.08739954075774971, 0.07833577116853567, 0.11478854741266088, 0.08375669367019085, 0.07880133185349611, 0.09026927784577723, 0.09598274467511458, 0.12309758281110117, 0.0692757534862798, 0.0989537925021796, 0.1109838178433338, 0.09517426273458444, 0.08604857819905214, 0.08739954075774971, 0.0836792073905476, 0.10351145038167939, 0.06719022687609075, 0.09599254426840634, 0.0890121500264131, 0.10081148564294631, 0.08309305373525556, 0.08142423406017113]
val step Accs: [0.05288786690112268, 0.05870356882738529, 0.05303030303030303, 0.05576400569284513, 0.06232140427269016, 0.05588822355289421, 0.04893388556527075, 0.061301024087696526, 0.05934678704195433, 0.05916645993549988, 0.06641771138970393, 0.06226950354609929, 0.058053647790592196, 0.0642495334577446, 0.05199353448275862, 0.050338409475465314]
Preds: [17, 17, 17, 17, 284, 284, 284, 284, 284, 284, 284, 284, 284, 284, 284, 284, 284, 284, 284, 284, 284, 284, 284, 284, 284, 284, 284, 284, 284, 284, 284, 284, 284, 284, 284, 284, 284, 284, 284, 284, 284, 284, 284, 171, 171, 414, 414, 414, 414, 414, 414, 414, 170, 392, 392, 392, 392, 392, 392, 392, 392, 392, 392, 392, 392, 392, 392, 392, 392, 392, 392, 63, 63, 63, 63, 392, 392, 73, 320, 320, 287, 287, 287, 213, 213, 213, 213, 213, 213, 213, 213, 213, 246, 246, 246, 246, 246, 246, 246, 246, 246, 246, 246, 246, 246, 246, 246, 246, 246, 246, 246, 246, 246, 246, 246, 246, 246, 246, 246, 246, 246, 246, 246, 246, 246, 246, 246, 246, 246, 246, 246, 246, 246, 246, 246, 246, 246, 246, 246, 246, 246, 246, 246, 246, 246, 246, 246, 246, 246, 246, 246, 246, 246, 246, 246, 246, 246, 246, 246, 246, 246, 246, 246, 414, 414, 414, 414, 414, 414, 414, 246, 246, 246, 246, 246, 246, 246, 246, 246, 246, 246, 246, 246, 246, 246, 246, 246, 246, 246, 414, 414, 246, 246, 246, 246, 246, 246, 246, 246, 246, 246, 414, 414, 414, 414, 414, 246, 246, 246, 246, 246, 246, 246, 246, 246, 246, 246, 246, 246, 246, 246, 246, 246, 246, 246, 246, 246, 246, 246, 246, 246, 246, 246, 246, 246, 246, 246, 246, 246, 414, 414, 414, 414, 414, 414, 170, 392, 392, 392, 392, 392, 392, 392, 392, 63, 392, 392, 392, 320, 320, 320, 7, 7, 287, 287, 171, 171, 171, 171, 213, 213, 213, 246, 246, 246, 246, 246, 246, 246, 246, 246, 246, 246, 246, 246, 246, 246, 246, 246, 246, 246, 246, 246, 246, 246, 246, 246, 246, 246, 246, 246, 246, 246, 246, 246, 246, 246, 246, 246, 246, 246, 246, 246, 246, 246, 246, 246, 246, 414, 414, 414, 414, 414, 414, 414, 414, 246, 246, 246, 246, 246, 246, 246, 246, 246, 246, 246, 246, 246, 246, 246, 246, 246, 246, 246, 246, 246, 246, 246, 246, 246, 246, 246, 246, 246, 246, 246, 246, 246, 246, 246, 246, 246, 246, 246, 246, 246, 246, 246, 246, 246, 246, 246, 246, 246, 246, 246, 246, 414, 414, 414, 414, 414, 414, 170, 392, 63, 63, 392, 392, 392, 392, 63, 63, 63, 63, 63, 63, 63, 63, 63, 63, 63, 63, 63, 63, 63, 63, 63, 63, 63, 73, 320, 320, 320, 320, 7, 7, 213, 213, 213, 213, 213, 213, 246, 246, 246, 246, 246, 246, 246, 246, 246, 246, 246, 246, 246, 246, 246, 246, 246, 246, 246, 246, 246, 246, 246, 246, 246, 246, 246, 246, 246, 246, 246, 246, 246, 246, 246, 246, 246, 246, 246, 246, 246, 246, 246, 246, 246, 246, 246, 246, 246, 246, 246, 246, 246, 246, 246, 246, 246, 246, 246, 246, 246, 246, 246, 246, 246, 246, 246, 246, 246, 246, 246, 246, 246, 246, 246, 246, 414, 414, 414, 414, 414, 414, 246, 246, 246, 246, 246, 246, 246, 246, 246, 246, 246, 246, 246, 246, 246, 246, 246, 246, 246, 246, 246, 246, 246, 246, 246, 246, 246, 246, 246, 246, 414, 414, 414, 414, 414, 414, 414, 213, 213, 246, 246, 246, 246, 246, 246, 414, 414, 414, 414, 170, 392, 392, 63, 63, 63, 63, 63, 63, 63, 63, 392, 63, 63, 63, 63, 63, 63, 63, 63, 63, 63, 63, 73, 73, 320, 320, 320, 7, 7, 287, 213, 213, 213, 213, 213, 246, 246, 246, 246, 246, 246, 246, 246, 246]

ep18
Train step Loss: [4.864344120025635, 4.747037410736084, 4.806909561157227, 4.8794755935668945, 4.840336799621582, 4.864265441894531, 4.741762161254883, 4.752967357635498, 4.795564651489258, 4.721736431121826, 4.7207932472229, 4.90485143661499, 4.86307430267334, 4.86161470413208, 4.784873008728027, 4.899063587188721, 4.8959550857543945, 4.861333847045898, 4.868181228637695, 4.815486907958984, 4.887271404266357, 4.633255958557129, 4.727813720703125, 4.9299635887146, 4.815724849700928, 4.736546516418457, 4.765220642089844, 4.860316753387451, 4.819080829620361, 4.708502769470215, 4.916835784912109, 4.760041236877441, 4.6904144287109375, 4.773054599761963, 4.779727935791016, 4.787208080291748, 4.800360202789307, 4.945436477661133, 4.752957820892334, 4.592782497406006, 4.814120769500732, 4.874040603637695, 4.829697608947754, 4.823298454284668, 4.717765808105469, 4.7877197265625, 4.766575336456299, 4.630581855773926, 4.714061260223389, 4.663641929626465, 4.641434192657471, 4.7221574783325195, 4.778622150421143, 4.770960330963135, 4.826303958892822, 4.6989288330078125, 4.8040289878845215, 4.779685020446777, 4.777816295623779, 4.704238414764404, 4.801291465759277, 4.804851531982422, 4.872306823730469]
val step Loss: [5.118796348571777, 4.985048294067383, 5.073206424713135, 5.178666591644287, 5.149388313293457, 5.153726100921631, 5.098665237426758, 5.09959602355957, 5.115572929382324, 5.175113677978516, 5.09479284286499, 5.120815753936768, 5.112053394317627, 5.094950199127197, 5.151651382446289, 5.1995954513549805]
Train step Accs: [0.08063631376851343, 0.10096344199551274, 0.0984109283523836, 0.0864689390585805, 0.09697830578512397, 0.08801884015307625, 0.1036878674505612, 0.12448923998910379, 0.10462573591253153, 0.11281550690280295, 0.11689691817215728, 0.09536459025102935, 0.09078474952983416, 0.08378245957863792, 0.10288729297962773, 0.08468969167659124, 0.09721601905612624, 0.08731396172927001, 0.08067742365648753, 0.08870698296024056, 0.07786752827140549, 0.11356670430714631, 0.10185441461389427, 0.07736516357206012, 0.08265280871071518, 0.11262924667651403, 0.11096276516837264, 0.08440581648002675, 0.09431988041853513, 0.11970280682443589, 0.07286472575197041, 0.10771756978653531, 0.12682717110920033, 0.1130558183538316, 0.09706604627116454, 0.10740591937859917, 0.0968133535660091, 0.07555329432714322, 0.10876047139003266, 0.1324953041467996, 0.08848852040816327, 0.0831779721784024, 0.09628536945152207, 0.09122074824862125, 0.1084498480243161, 0.1093705497009399, 0.11854334907816547, 0.11882176734897654, 0.10938633396199042, 0.10708706149694645, 0.11831578947368421, 0.10228098212988522, 0.09748786754210677, 0.08881167477414871, 0.10642599277978339, 0.11697881486030089, 0.10139002452984465, 0.10013440860215053, 0.1058143169740544, 0.11231441048034935, 0.08568598315998019, 0.10143396226415094, 0.08723747980613894]
val step Accs: [0.060717009916094584, 0.07703824690349803, 0.06980198019801981, 0.049379151025122726, 0.060102807433768286, 0.06684202382794369, 0.06740161875523304, 0.07505169687385962, 0.07397371629860452, 0.06547020818377602, 0.0798372743452835, 0.06783144912641316, 0.07741686994479394, 0.06687402799377916, 0.0675003552650277, 0.05333333333333334]
Preds: [17, 17, 17, 17, 17, 284, 284, 284, 284, 284, 284, 284, 284, 284, 284, 284, 284, 284, 284, 284, 284, 414, 284, 284, 284, 284, 284, 284, 284, 284, 284, 284, 284, 284, 284, 284, 284, 284, 284, 284, 246, 246, 246, 246, 246, 246, 246, 246, 246, 246, 246, 246, 414, 414, 414, 414, 414, 414, 414, 414, 414, 414, 392, 392, 392, 73, 320, 320, 320, 320, 287, 287, 287, 171, 213, 213, 246, 246, 246, 246, 246, 132, 132, 132, 132, 132, 132, 246, 132, 132, 132, 132, 132, 132, 246, 246, 246, 246, 246, 246, 246, 246, 246, 246, 132, 132, 132, 132, 132, 246, 246, 246, 246, 246, 246, 414, 414, 414, 414, 414, 414, 170, 170, 392, 392, 392, 392, 392, 392, 392, 392, 320, 320, 320, 320, 320, 320, 287, 287, 287, 171, 171, 171, 171, 213, 246, 246, 246, 246, 246, 246, 246, 246, 246, 246, 246, 246, 246, 246, 414, 414, 414, 414, 414, 414, 414, 414, 320, 320, 287, 287, 171, 213, 246, 246, 246, 246, 246, 246, 246, 246, 246, 246, 246, 246, 246, 246, 246, 246, 246, 246, 246, 246, 246, 246, 246, 246, 246, 132, 132, 132, 132, 132, 132, 132, 132, 132, 246, 246, 246, 132, 132, 414, 414, 132, 132, 132, 132, 246, 246, 246, 246, 246, 246, 246, 246, 246, 246, 414, 414, 414, 414, 414, 414, 414, 414, 414, 414, 287, 246, 246, 246, 246, 132, 132, 132, 132, 132, 132, 246, 246, 246, 246, 246, 246, 246, 246, 246, 246, 246, 246, 246, 246, 246, 246, 246, 246, 246, 246, 246, 246, 246, 246, 246, 246, 246, 246, 246, 246, 246, 246, 246, 246, 246, 246, 246, 246, 246, 246, 246, 246, 246, 246, 246, 246, 246, 246, 355, 414, 414, 414, 414, 414, 414, 414, 414, 414, 213, 246, 246, 246, 246, 355, 414, 414, 414, 414, 414, 170, 414, 320, 320, 320, 320, 320, 287, 287, 287, 287, 171, 171, 171, 171, 171, 132, 132, 132, 132, 132, 132, 132, 132, 132, 132, 132, 132, 132, 132, 132, 132, 132, 132, 132, 132, 132, 132, 132, 132, 132, 132, 132, 132, 132, 132, 132, 132, 132, 132, 132, 132, 132, 132, 132, 132, 132, 132, 132, 132, 132, 132, 132, 132, 132, 132, 132, 132, 132, 132, 132, 132, 132, 132, 132, 132, 132, 132, 132, 132, 132, 132, 132, 132, 132, 132, 132, 132, 132, 132, 132, 132, 132, 132, 132, 132, 132, 132, 132, 132, 132, 132, 132, 132, 132, 132, 132, 132, 132, 132, 132, 132, 132, 132, 132, 132, 132, 132, 132, 132, 132, 132, 132, 132, 132, 132, 132, 132, 132, 132, 132, 132, 132, 132, 132, 132, 132, 132, 132, 132, 132, 132, 132, 132, 132, 132, 132, 132, 132, 132, 132, 132, 132, 132, 132, 132, 132, 132, 132, 132, 132, 132, 132, 132, 132, 132, 132, 132, 132, 132, 132, 132, 132, 132, 132, 132, 132, 132, 132, 132, 132, 132, 132, 132, 132, 132, 132, 132, 132, 132, 132, 132, 132, 132, 132, 132, 132, 132, 132, 132, 132, 132, 132, 132, 132, 132, 132, 132, 132, 132, 132, 132, 132, 132, 132, 132, 132, 132, 132, 132, 132, 132, 132, 132, 132, 132, 132, 132, 132, 132, 132, 132, 132, 132, 132, 132, 132, 132, 132, 132, 132, 132, 132, 132, 132, 132, 132, 132, 132, 132, 132, 132, 132, 132, 132, 132, 132, 132, 132, 132, 132, 132, 132, 132, 132, 132, 132, 132, 132, 132, 132, 132, 132, 132, 132, 132, 132, 132, 132, 132, 132, 132]

ep19
Train step Loss: [4.6877617835998535, 4.608497142791748, 4.713861465454102, 4.838227272033691, 4.737048625946045, 4.827798843383789, 4.72735595703125, 4.793885707855225, 4.605411529541016, 4.601386547088623, 4.744253158569336, 4.7405805587768555, 4.691725254058838, 4.882534027099609, 4.809759616851807, 4.5901947021484375, 4.706754684448242, 4.801479816436768, 4.770992279052734, 4.769455909729004, 4.572600364685059, 4.727052211761475, 4.733543872833252, 4.784611701965332, 4.818497657775879, 4.708427906036377, 4.718565464019775, 4.751954555511475, 4.867630958557129, 4.713266372680664, 4.653583526611328, 4.523580551147461, 4.6475300788879395, 4.490759372711182, 4.688640594482422, 4.6609907150268555, 4.6702094078063965, 4.733587741851807, 4.6069746017456055, 4.695219039916992, 4.7893195152282715, 4.6200337409973145, 4.753428936004639, 4.657468795776367, 4.607743263244629, 4.660621166229248, 4.674004554748535, 4.721003532409668, 4.658913612365723, 4.577211380004883, 4.608153343200684, 4.771368980407715, 4.675108432769775, 4.636987209320068, 4.611698627471924, 4.723085880279541, 4.651849746704102, 4.601868629455566, 4.6585373878479, 4.7133097648620605, 4.529309272766113, 4.63712739944458, 4.636145114898682]
val step Loss: [5.0513200759887695, 4.978793144226074, 5.006934642791748, 5.069979667663574, 5.068968296051025, 5.061873912811279, 5.078522682189941, 5.1275177001953125, 5.012977123260498, 5.023359298706055, 5.0223236083984375, 4.985173225402832, 5.0350661277771, 5.0597381591796875, 4.936326503753662, 4.8601789474487305]
Train step Accs: [0.12397780373831775, 0.13160077412220073, 0.11356728378004974, 0.10340632603406326, 0.10004330879168472, 0.10059581543577664, 0.10632711997899712, 0.10316114109483424, 0.12660228270412643, 0.13945396145610278, 0.10815450643776824, 0.10772081531809759, 0.11328730449485698, 0.08291740460473354, 0.09282997605296521, 0.1295478763891003, 0.11257360581918947, 0.09722589167767504, 0.105028927458834, 0.10457099080694586, 0.12044145873320537, 0.10465848284545168, 0.09754247572815535, 0.08939271255060728, 0.09926677946982515, 0.11318259949755388, 0.10249691738594328, 0.10628019323671498, 0.09530141843971632, 0.0977865372953305, 0.12213519002030751, 0.13622931442080377, 0.1235914648765284, 0.15809839690436706, 0.11589318122893441, 0.11355469311484835, 0.1123084913009608, 0.09878378378378379, 0.12260435809923864, 0.11788916654417168, 0.0984447900466563, 0.11963470319634703, 0.10817146684527797, 0.11651440618411806, 0.12835408022130013, 0.1120915483248311, 0.11979957485575463, 0.10337390232629795, 0.12222397227909908, 0.12631276075384837, 0.12081282743292586, 0.10667981961668546, 0.11406003159557662, 0.1181702668360864, 0.1318435754189944, 0.11626523936961047, 0.11839682764480952, 0.1344279802429582, 0.11990573884114222, 0.1104319478402608, 0.13437350740327975, 0.12932700755578985, 0.10049375544583213]
val step Accs: [0.07535033310360671, 0.07617942768754833, 0.07021121631463947, 0.060942941334047686, 0.07071034706454751, 0.07277882797731569, 0.06404391582799634, 0.054194506310319225, 0.08193979933110368, 0.07068431427766826, 0.07013516959959194, 0.08593336858804865, 0.06709628506444276, 0.06406605922551253, 0.09214129244249726, 0.09311306586569405]
Preds: [17, 17, 17, 17, 284, 284, 284, 284, 284, 284, 284, 284, 284, 250, 414, 414, 284, 284, 284, 284, 284, 284, 284, 284, 284, 284, 250, 250, 250, 35, 35, 35, 35, 35, 250, 35, 284, 324, 246, 246, 246, 246, 246, 246, 171, 35, 132, 132, 132, 35, 324, 246, 246, 246, 246, 246, 246, 246, 246, 246, 246, 246, 246, 246, 246, 246, 246, 246, 132, 132, 132, 132, 132, 132, 414, 414, 414, 414, 414, 414, 414, 171, 324, 246, 246, 246, 246, 246, 171, 132, 132, 132, 132, 132, 132, 132, 132, 246, 246, 246, 246, 246, 246, 246, 246, 246, 246, 246, 246, 246, 246, 246, 246, 246, 246, 246, 414, 414, 414, 414, 414, 170, 392, 392, 392, 392, 392, 392, 392, 392, 392, 392, 392, 392, 392, 392, 392, 392, 63, 63, 392, 73, 320, 320, 320, 320, 287, 287, 287, 171, 171, 171, 171, 171, 171, 171, 171, 171, 171, 246, 246, 246, 246, 246, 246, 246, 246, 246, 246, 132, 132, 132, 132, 132, 132, 246, 246, 246, 246, 246, 246, 246, 246, 246, 246, 246, 246, 246, 246, 246, 246, 246, 246, 246, 246, 246, 246, 246, 246, 246, 246, 246, 246, 246, 246, 246, 246, 246, 246, 246, 246, 132, 132, 98, 414, 414, 132, 132, 246, 246, 246, 246, 246, 246, 246, 246, 246, 132, 132, 132, 132, 355, 414, 414, 414, 414, 414, 170, 392, 392, 392, 392, 392, 392, 392, 392, 392, 392, 63, 63, 392, 73, 73, 320, 320, 320, 287, 287, 287, 171, 171, 171, 213, 213, 213, 246, 246, 171, 132, 132, 98, 98, 414, 355, 132, 132, 246, 246, 246, 246, 246, 246, 246, 355, 98, 414, 414, 414, 414, 132, 132, 246, 246, 246, 246, 246, 246, 246, 132, 355, 414, 414, 414, 414, 414, 414, 320, 320, 287, 171, 246, 246, 246, 246, 246, 246, 246, 246, 132, 132, 132, 132, 132, 355, 355, 355, 355, 355, 355, 132, 132, 132, 132, 132, 132, 132, 132, 132, 246, 246, 246, 246, 246, 246, 246, 246, 246, 246, 246, 246, 246, 246, 355, 355, 132, 132, 132, 132, 132, 132, 355, 98, 414, 414, 355, 132, 132, 246, 246, 246, 246, 246, 246, 246, 246, 246, 246, 246, 246, 132, 132, 132, 132, 132, 132, 414, 414, 414, 414, 414, 414, 414, 392, 392, 392, 392, 392, 392, 392, 392, 392, 392, 73, 392, 392, 73, 320, 320, 320, 7, 320, 320, 320, 7, 7, 7, 171, 171, 171, 171, 171, 246, 246, 246, 246, 246, 246, 246, 246, 246, 246, 246, 246, 246, 246, 246, 246, 246, 246, 246, 246, 246, 246, 246, 246, 246, 246, 246, 246, 246, 246, 355, 414, 414, 414, 414, 414, 355, 132, 132, 132, 132, 132, 132, 132, 132, 132, 132, 132, 132, 132, 132, 132, 132, 132, 132, 132, 132, 132, 132, 132, 132, 132, 132, 132, 132, 132, 132, 132, 132, 132, 132, 132, 132, 132, 132, 132, 132, 132, 132, 132, 132, 132, 132, 132, 132, 132, 132, 132, 132, 132, 132, 132, 132, 132, 132, 132, 132, 132, 132, 132, 132, 132, 132, 132, 132, 132, 132, 132, 132, 132, 132, 132, 132, 132, 132, 132, 132, 132, 132, 132, 132, 132, 132, 132, 132, 132, 132, 132, 132, 132, 132, 132, 132, 132, 132, 132, 132, 132, 132, 132, 132, 132, 132, 132, 132, 132, 132, 132, 132, 132, 132, 132, 132, 132, 132, 132, 132, 132, 132, 132, 132, 132, 132, 132, 132, 132, 132, 132, 132, 132, 132, 132, 132, 132, 132, 132, 132, 132, 132]

ep20
Train step Loss: [4.578523635864258, 4.553282737731934, 4.727203369140625, 4.631020545959473, 4.576799392700195, 4.744741916656494, 4.657891273498535, 4.648257732391357, 4.746354103088379, 4.619874000549316, 4.70058536529541, 4.538341045379639, 4.686193943023682, 4.4651970863342285, 4.5488810539245605, 4.656179904937744, 4.54654598236084, 4.634026050567627, 4.555436611175537, 4.528108596801758, 4.6431193351745605, 4.622927665710449, 4.516755104064941, 4.501965522766113, 4.581111431121826, 4.5764641761779785, 4.654374122619629, 4.599856376647949, 4.578603267669678, 4.610893249511719, 4.6056132316589355, 4.533847332000732, 4.640146732330322, 4.558815956115723, 4.456277847290039, 4.6379714012146, 4.512814521789551, 4.549476623535156, 4.561305046081543, 4.636162281036377, 4.5610761642456055, 4.535864353179932, 4.6214494705200195, 4.636151313781738, 4.642650604248047, 4.6301093101501465, 4.601100921630859, 4.604918479919434, 4.664218902587891, 4.673418998718262, 4.578887939453125, 4.5222249031066895, 4.588986396789551, 4.452452659606934, 4.623838424682617, 4.564396858215332, 4.474845886230469, 4.483545780181885, 4.463481426239014, 4.562566757202148, 4.589513778686523, 4.489233016967773, 4.597310543060303]
val step Loss: [4.838571071624756, 4.94173002243042, 4.96678352355957, 4.891256332397461, 4.983612537384033, 4.891082286834717, 5.029200077056885, 4.904975891113281, 4.902010917663574, 4.905363082885742, 4.8437299728393555, 4.892273426055908, 4.86506986618042, 4.9874162673950195, 4.996702194213867, 4.943579196929932]
Train step Accs: [0.12589413447782546, 0.13960735431598628, 0.10315364300139816, 0.12711272524095543, 0.13755573039601363, 0.10299819074696304, 0.11328066775972574, 0.11702608957924898, 0.09414225941422594, 0.13153284671532847, 0.11355815554026152, 0.13592639063153492, 0.11980380134886573, 0.14716187806587247, 0.13689332821103856, 0.11386382280557834, 0.1325486899257391, 0.1319887290523506, 0.14325229291017616, 0.14239394758173465, 0.12490314582364792, 0.1284818433717369, 0.13687150837988826, 0.14146341463414633, 0.13674130404168428, 0.13468333786354988, 0.12898712926692782, 0.13343396226415094, 0.12629969418960243, 0.13198839662447256, 0.12446792895934243, 0.13200897148349888, 0.12773879421452097, 0.12800979458577064, 0.14546975854649774, 0.13371592539454807, 0.14255383682135275, 0.13036649214659685, 0.13417019889142484, 0.12118758434547908, 0.13157474020783375, 0.1354627121060887, 0.11893516530699871, 0.11587843328457663, 0.12382487241471932, 0.12280433786467085, 0.11623822449305445, 0.12382677424666556, 0.11430646332607117, 0.1255977048135161, 0.13314724354501048, 0.13721253279827134, 0.12227602905569007, 0.14624759461193074, 0.11181872037914692, 0.12345503622673676, 0.13885313885313885, 0.14336419753086418, 0.1555946421323231, 0.12346191068712845, 0.1228230980751604, 0.15290896646132784, 0.11871393239901072]
val step Accs: [0.09337792642140469, 0.08059384941675504, 0.0783690393918452, 0.09210891914420673, 0.07116835805360396, 0.06868304977945809, 0.06863921098227375, 0.08343329334932693, 0.07681669600201156, 0.08231240428790199, 0.08431622569333759, 0.09093192665159508, 0.08946078431372549, 0.07462686567164178, 0.06384494798346872, 0.08313368471490178]
Preds: [17, 17, 17, 17, 284, 284, 284, 284, 284, 284, 284, 284, 284, 284, 284, 284, 284, 284, 284, 284, 284, 284, 284, 284, 284, 284, 250, 414, 414, 414, 414, 414, 414, 414, 414, 73, 320, 287, 287, 284, 284, 284, 35, 250, 250, 250, 250, 250, 284, 324, 324, 324, 284, 35, 35, 250, 250, 250, 250, 250, 324, 324, 324, 246, 246, 246, 246, 246, 246, 250, 250, 250, 250, 250, 250, 250, 250, 250, 324, 324, 324, 324, 324, 324, 324, 324, 324, 246, 246, 324, 324, 250, 250, 250, 35, 250, 250, 250, 250, 250, 250, 250, 250, 250, 250, 324, 324, 246, 246, 246, 246, 246, 246, 246, 246, 246, 246, 246, 355, 250, 250, 250, 324, 324, 324, 324, 324, 324, 324, 324, 246, 246, 98, 414, 414, 414, 414, 414, 414, 414, 414, 414, 414, 320, 287, 287, 287, 250, 250, 250, 250, 303, 303, 303, 303, 303, 303, 250, 324, 324, 324, 246, 246, 246, 246, 324, 324, 246, 246, 355, 414, 414, 414, 414, 414, 170, 392, 392, 392, 392, 392, 392, 392, 392, 392, 392, 392, 63, 63, 63, 63, 63, 63, 63, 63, 63, 63, 63, 63, 63, 63, 63, 73, 73, 73, 320, 320, 7, 7, 287, 287, 213, 213, 213, 213, 213, 213, 213, 213, 246, 246, 171, 355, 98, 98, 355, 250, 250, 250, 250, 250, 171, 324, 246, 213, 213, 213, 213, 246, 246, 246, 246, 246, 246, 246, 246, 250, 250, 246, 246, 246, 246, 246, 355, 132, 132, 132, 132, 132, 246, 355, 355, 355, 355, 355, 132, 246, 246, 246, 355, 355, 132, 132, 132, 355, 355, 132, 246, 246, 246, 246, 246, 246, 246, 246, 246, 246, 246, 246, 246, 246, 246, 246, 355, 355, 355, 355, 355, 414, 414, 414, 414, 414, 414, 414, 414, 320, 320, 287, 287, 171, 246, 246, 246, 246, 355, 355, 98, 414, 414, 414, 414, 414, 320, 320, 320, 287, 287, 171, 171, 171, 171, 246, 246, 246, 246, 246, 246, 246, 246, 246, 246, 246, 246, 246, 246, 246, 246, 246, 246, 246, 246, 246, 246, 246, 246, 246, 246, 246, 246, 246, 246, 246, 246, 246, 246, 246, 246, 246, 246, 246, 246, 246, 246, 246, 246, 246, 246, 246, 246, 246, 246, 246, 246, 246, 246, 246, 246, 246, 246, 246, 246, 246, 246, 246, 246, 246, 246, 246, 246, 246, 246, 246, 246, 246, 246, 246, 246, 246, 246, 246, 246, 246, 246, 246, 246, 246, 246, 246, 246, 246, 246, 246, 246, 246, 246, 246, 246, 246, 246, 246, 246, 246, 246, 246, 246, 246, 246, 246, 246, 246, 246, 246, 246, 246, 246, 246, 246, 246, 246, 246, 246, 246, 246, 246, 246, 246, 246, 246, 246, 246, 246, 246, 246, 246, 246, 246, 246, 246, 246, 246, 246, 246, 246, 246, 246, 246, 246, 246, 246, 246, 246, 246, 246, 246, 246, 246, 246, 246, 246, 246, 246, 246, 246, 246, 246, 246, 246, 246, 246, 246, 246, 246, 246, 246, 246, 246, 246, 246, 246, 246, 246, 246, 246, 246, 246, 246, 246, 246, 246, 246, 246, 246, 246, 246, 246, 246, 246, 246, 246, 246, 246, 246, 246, 246, 246, 246, 246, 246, 246, 246, 246, 246, 246, 246, 246, 246, 246, 246, 246, 246, 246, 246, 246, 246, 246, 246, 246, 246, 246, 246, 246, 246, 246, 246, 246, 246, 246, 246, 246, 246, 246, 246, 246, 246, 246, 246, 246, 246, 246, 246, 246, 246, 246, 246, 246, 246, 246, 246, 246, 246, 246, 246, 246, 246, 246, 246, 246, 246, 246]

ep21
Train step Loss: [4.500316619873047, 4.4703049659729, 4.451079368591309, 4.5278096199035645, 4.460659503936768, 4.495148658752441, 4.468029499053955, 4.597941875457764, 4.463785648345947, 4.603580951690674, 4.570791721343994, 4.4637627601623535, 4.520924091339111, 4.54473352432251, 4.565950870513916, 4.5554680824279785, 4.463495254516602, 4.498083591461182, 4.536212921142578, 4.38197135925293, 4.524227619171143, 4.613083839416504, 4.481861114501953, 4.60368537902832, 4.694952487945557, 4.3376946449279785, 4.5246686935424805, 4.49976921081543, 4.444878578186035, 4.395973205566406, 4.491997718811035, 4.477513313293457, 4.479349136352539, 4.42571496963501, 4.478930950164795, 4.442117214202881, 4.564993381500244, 4.361901760101318, 4.599206447601318, 4.538209438323975, 4.407476902008057, 4.481359004974365, 4.315554618835449, 4.485552787780762, 4.547435283660889, 4.413972854614258, 4.470590114593506, 4.5835280418396, 4.3465471267700195, 4.473993301391602, 4.427327632904053, 4.470609664916992, 4.443931579589844, 4.429609775543213, 4.371801853179932, 4.437013626098633, 4.413660526275635, 4.542621612548828, 4.4109787940979, 4.421234130859375, 4.404410362243652, 4.470876693725586, 4.379332542419434]
val step Loss: [4.883842945098877, 4.867269515991211, 4.85280704498291, 4.9944658279418945, 4.887814044952393, 4.812528610229492, 4.792359352111816, 4.76779842376709, 4.788039207458496, 4.778453350067139, 4.776062965393066, 4.823947906494141, 4.740520000457764, 4.76217794418335, 4.777207851409912, 4.923283576965332]
Train step Accs: [0.14081812831077103, 0.14824155807762365, 0.14224629418472065, 0.12989457831325302, 0.14809941520467837, 0.13446842740313714, 0.14728465726650844, 0.11100696304231387, 0.1436216372577379, 0.12857785104151057, 0.14238042269187987, 0.15619534508273913, 0.13338788870703763, 0.13351078733538807, 0.12004466778336124, 0.14188140329090346, 0.14515876740184577, 0.14919673426389254, 0.13201774514303197, 0.16276007374242824, 0.1314524879863587, 0.12719438238110437, 0.14092140921409213, 0.12303963501568292, 0.10371164411094734, 0.16430383524847036, 0.1335070009768805, 0.12108898821617228, 0.12311099531005733, 0.1501637299235927, 0.14665738161559888, 0.14415352573638798, 0.13697519857351273, 0.1474231533873681, 0.12286212914485166, 0.1524008350730689, 0.12607405092954227, 0.1586254295532646, 0.11126760563380282, 0.13211951447245565, 0.16190206623266346, 0.1333924874297545, 0.16375360597318853, 0.14596836919885922, 0.12465846994535519, 0.1488352629376482, 0.14530488829161767, 0.09970925260817513, 0.1607565011820331, 0.1413427561837456, 0.1403220996122875, 0.13382845492937237, 0.14811269146608316, 0.13347320852162686, 0.15744929228075297, 0.13883622575470322, 0.13851351351351351, 0.13300570703868103, 0.13503702628139974, 0.1450874515788238, 0.15098591549295776, 0.1379650507328072, 0.15713562753036436]
val step Accs: [0.0816967792615868, 0.08456630921677752, 0.07646101864597672, 0.07669575007036307, 0.07490986780611564, 0.08506723283793348, 0.0976260336089624, 0.09222207499668743, 0.09303838646714378, 0.0957459850435209, 0.07825370675453047, 0.08869588103697855, 0.0917738478027867, 0.08489620615604868, 0.09056788511749347, 0.07585888863269541]
Preds: [17, 17, 284, 284, 284, 284, 284, 35, 250, 250, 35, 284, 284, 284, 284, 284, 284, 284, 284, 284, 35, 250, 250, 250, 250, 35, 284, 284, 284, 324, 284, 284, 284, 284, 284, 284, 284, 284, 19, 414, 414, 414, 414, 414, 414, 414, 414, 392, 392, 392, 392, 392, 392, 392, 73, 73, 73, 320, 320, 73, 73, 73, 73, 392, 73, 73, 73, 73, 320, 320, 287, 287, 287, 287, 284, 171, 213, 213, 213, 213, 213, 171, 171, 171, 171, 171, 35, 19, 98, 414, 414, 414, 414, 320, 287, 250, 250, 250, 35, 35, 171, 171, 171, 171, 171, 171, 171, 171, 171, 171, 35, 250, 250, 250, 35, 324, 324, 246, 246, 246, 246, 246, 246, 246, 171, 171, 324, 324, 324, 324, 324, 171, 171, 171, 132, 132, 132, 132, 132, 171, 171, 324, 324, 246, 246, 171, 355, 355, 355, 132, 132, 324, 171, 171, 171, 171, 132, 132, 132, 171, 171, 171, 171, 324, 324, 246, 246, 246, 246, 171, 171, 171, 171, 324, 324, 246, 246, 246, 246, 355, 355, 355, 355, 355, 355, 132, 324, 324, 246, 246, 246, 246, 246, 246, 246, 355, 132, 324, 246, 246, 246, 246, 171, 355, 355, 355, 355, 355, 355, 355, 355, 355, 355, 132, 324, 324, 324, 246, 246, 246, 246, 246, 246, 355, 355, 355, 98, 98, 414, 414, 414, 414, 414, 170, 392, 392, 392, 392, 392, 392, 73, 73, 73, 73, 73, 392, 392, 63, 392, 63, 63, 63, 63, 63, 63, 63, 63, 63, 63, 63, 63, 73, 73, 73, 320, 320, 320, 7, 7, 7, 287, 287, 171, 171, 250, 250, 250, 171, 250, 250, 171, 171, 171, 171, 213, 213, 213, 213, 213, 213, 213, 246, 171, 171, 171, 171, 132, 132, 132, 132, 132, 132, 132, 132, 171, 171, 171, 171, 171, 246, 246, 246, 246, 246, 246, 246, 246, 246, 246, 246, 246, 355, 98, 414, 414, 414, 414, 414, 414, 170, 392, 392, 392, 392, 392, 73, 73, 73, 73, 73, 73, 73, 392, 392, 392, 63, 63, 63, 63, 63, 63, 63, 63, 63, 63, 63, 63, 63, 63, 63, 73, 63, 63, 63, 63, 73, 73, 73, 73, 320, 320, 320, 7, 287, 287, 287, 287, 171, 171, 171, 171, 171, 171, 171, 250, 250, 250, 250, 250, 132, 171, 171, 171, 171, 171, 171, 213, 213, 171, 171, 355, 132, 132, 132, 132, 132, 98, 98, 98, 414, 414, 414, 414, 320, 171, 213, 213, 213, 246, 246, 246, 246, 246, 246, 246, 246, 246, 246, 246, 246, 246, 246, 246, 355, 132, 355, 132, 132, 132, 132, 132, 324, 246, 246, 246, 246, 246, 246, 246, 246, 246, 246, 246, 355, 355, 132, 132, 355, 355, 355, 355, 355, 355, 355, 132, 132, 132, 132, 132, 171, 246, 246, 246, 246, 246, 246, 246, 246, 246, 355, 355, 355, 132, 132, 132, 132, 355, 132, 355, 355, 355, 355, 132, 132, 171, 171, 132, 132, 132, 171, 246, 246, 246, 246, 246, 246, 246, 246, 246, 246, 246, 355, 355, 132, 246, 246, 246, 246, 246, 355, 355, 355, 98, 414, 414, 414, 355, 132, 132, 171, 171, 171, 171, 171, 171, 246, 246, 246, 246, 246, 246, 246, 246, 246, 246, 246, 246, 246, 246, 246, 246, 246, 246, 246, 246, 246, 246, 246, 246, 246, 246, 246, 246, 246, 246, 246, 246, 246, 246, 246, 246, 246, 246, 246, 246, 246, 246, 246, 246, 246, 246, 246, 246, 246, 246, 246, 246, 246, 246, 246, 246, 246, 246, 246, 246, 246, 246, 246, 246, 246]

ep22
Train step Loss: [4.453573226928711, 4.441131591796875, 4.521411895751953, 4.3124260902404785, 4.515310287475586, 4.578550815582275, 4.333222389221191, 4.354872703552246, 4.425106048583984, 4.414970397949219, 4.292039394378662, 4.507889270782471, 4.407867908477783, 4.396219730377197, 4.390300273895264, 4.509467124938965, 4.384603023529053, 4.323114395141602, 4.416980266571045, 4.322395324707031, 4.2723188400268555, 4.458261966705322, 4.345790386199951, 4.350279331207275, 4.469650745391846, 4.284574031829834, 4.34287691116333, 4.406564235687256, 4.456536293029785, 4.431004047393799, 4.357504367828369, 4.382502555847168, 4.298355579376221, 4.4530744552612305, 4.350642681121826, 4.338653087615967, 4.328590393066406, 4.330081939697266, 4.419369220733643, 4.3241496086120605, 4.498401165008545, 4.440842628479004, 4.367481231689453, 4.408095359802246, 4.391568183898926, 4.342004776000977, 4.384822845458984, 4.362534523010254, 4.301898956298828, 4.280237674713135, 4.356063365936279, 4.376086711883545, 4.206966400146484, 4.348615646362305, 4.307586193084717, 4.343531608581543, 4.240908145904541, 4.412990093231201, 4.383706092834473, 4.383963584899902, 4.2881622314453125, 4.417518615722656, 4.50377893447876]
val step Loss: [4.695806980133057, 4.73555850982666, 4.750588417053223, 4.712414264678955, 4.781885623931885, 4.735109329223633, 4.761227607727051, 4.755638599395752, 4.714062690734863, 4.71932315826416, 4.722570896148682, 4.784591197967529, 4.6494574546813965, 4.743798732757568, 4.5824432373046875, 4.713840484619141]
Train step Accs: [0.1425845840752989, 0.14118184587267743, 0.12523191094619665, 0.15934722037946134, 0.13166918118227952, 0.12215713301171606, 0.15981516889738687, 0.14847534910230836, 0.13739837398373983, 0.14456707601430127, 0.16492608164926081, 0.13624338624338625, 0.14583027993551223, 0.15449938364607588, 0.14678899082568808, 0.1209665086404649, 0.13963328631875882, 0.16112108242440978, 0.1411901983663944, 0.16862170087976538, 0.17277268942547877, 0.15217754046387452, 0.1480417359745955, 0.15069060773480664, 0.1253676985572209, 0.16416337285902502, 0.16206404771165564, 0.14417932031814895, 0.13360136075460027, 0.14572940287226002, 0.13769306605323695, 0.14910248986682106, 0.15667539267015707, 0.15126724414501122, 0.15589526260027245, 0.15291632437507335, 0.16536131225062806, 0.1619190404797601, 0.1411443314615268, 0.15869802211493536, 0.12322772623840364, 0.1330398977708363, 0.14087061668681983, 0.13536168891648556, 0.1489233246125981, 0.14998629010145326, 0.15114082255486122, 0.14986815118663932, 0.1574386840945807, 0.14804508139696673, 0.13968107942348973, 0.14219114219114218, 0.1741012857517712, 0.14697364610483638, 0.16881985774422995, 0.15908180968904312, 0.16891148982957668, 0.15487407915024842, 0.1392480309109823, 0.1535368577810871, 0.14974182444061962, 0.13790214477211796, 0.11380343043833378]
val step Accs: [0.10500784705378799, 0.09564660691421255, 0.09485412696085618, 0.10554127392173665, 0.0916373858046381, 0.09443457667258733, 0.08998875140607424, 0.0915198377487641, 0.09612698412698413, 0.08385335413416536, 0.08954133800759567, 0.09069574820541138, 0.09291581108829569, 0.09674234945705824, 0.10756501182033097, 0.08950418544752092]
Preds: [17, 17, 17, 17, 287, 287, 284, 284, 284, 284, 284, 284, 284, 35, 35, 35, 35, 284, 284, 246, 246, 246, 246, 284, 19, 414, 414, 414, 414, 414, 414, 170, 392, 392, 392, 392, 392, 73, 73, 73, 73, 73, 73, 73, 73, 73, 73, 73, 392, 392, 63, 63, 63, 63, 63, 63, 63, 63, 63, 63, 63, 63, 63, 63, 63, 63, 63, 63, 63, 63, 63, 63, 63, 63, 63, 63, 63, 63, 63, 63, 73, 73, 320, 320, 287, 287, 287, 287, 213, 171, 171, 171, 284, 171, 213, 213, 171, 171, 35, 98, 414, 414, 414, 414, 414, 392, 392, 392, 73, 73, 320, 320, 320, 320, 320, 320, 320, 320, 287, 287, 287, 320, 250, 35, 250, 250, 250, 35, 250, 250, 250, 250, 35, 35, 171, 171, 213, 213, 213, 213, 246, 246, 213, 19, 19, 355, 414, 414, 414, 320, 171, 213, 213, 171, 250, 250, 355, 250, 250, 132, 171, 171, 171, 213, 171, 171, 171, 171, 171, 246, 246, 213, 213, 171, 171, 171, 246, 246, 35, 250, 250, 132, 132, 250, 250, 132, 132, 132, 171, 171, 171, 246, 246, 246, 246, 246, 246, 246, 246, 171, 355, 250, 250, 355, 250, 250, 132, 132, 132, 250, 132, 132, 374, 374, 171, 246, 171, 171, 35, 171, 132, 250, 355, 98, 414, 414, 414, 414, 414, 170, 170, 392, 392, 392, 392, 392, 392, 392, 392, 73, 73, 320, 320, 320, 287, 287, 287, 171, 171, 171, 171, 171, 35, 250, 171, 171, 213, 213, 213, 213, 213, 213, 35, 250, 250, 132, 132, 250, 250, 250, 250, 250, 132, 132, 374, 171, 246, 246, 246, 246, 246, 246, 246, 246, 246, 246, 171, 355, 355, 355, 250, 132, 324, 246, 171, 132, 374, 171, 132, 250, 250, 355, 355, 355, 250, 132, 132, 171, 171, 246, 246, 246, 246, 246, 246, 246, 246, 246, 171, 355, 355, 132, 246, 246, 246, 171, 171, 171, 355, 132, 374, 171, 171, 324, 246, 246, 246, 246, 246, 246, 246, 246, 246, 246, 246, 246, 246, 246, 246, 246, 246, 246, 246, 246, 246, 246, 246, 246, 246, 246, 246, 246, 246, 246, 246, 246, 246, 246, 246, 246, 246, 246, 246, 246, 246, 246, 246, 246, 246, 246, 246, 246, 246, 246, 246, 246, 246, 246, 246, 246, 246, 246, 246, 246, 246, 246, 246, 246, 246, 246, 246, 246, 246, 246, 246, 246, 246, 246, 246, 246, 246, 246, 246, 246, 246, 246, 246, 246, 246, 246, 246, 246, 246, 246, 246, 246, 246, 246, 246, 246, 246, 246, 246, 246, 246, 246, 246, 246, 246, 246, 246, 246, 246, 246, 246, 246, 246, 246, 246, 246, 246, 246, 246, 246, 246, 246, 246, 246, 246, 246, 246, 246, 246, 246, 246, 246, 246, 246, 246, 246, 246, 246, 246, 246, 246, 246, 246, 246, 246, 246, 246, 246, 246, 246, 246, 246, 246, 246, 246, 246, 246, 246, 246, 246, 246, 246, 246, 246, 246, 246, 246, 246, 246, 246, 246, 246, 246, 246, 246, 246, 246, 246, 246, 246, 246, 246, 246, 246, 246, 246, 246, 246, 246, 246, 246, 246, 246, 246, 246, 246, 246, 246, 246, 246, 246, 246, 246, 246, 246, 246, 246, 246, 246, 246, 246, 246, 246, 246, 246, 246, 246, 246, 246, 246, 246, 246, 246, 246, 246, 246, 246, 246, 246, 246, 246, 246, 246, 246, 246, 246, 246, 246, 246, 246, 246, 246, 246, 246, 246, 246, 246, 246, 246, 246, 246, 246, 246, 246, 246, 246, 246, 246, 246, 246, 246, 246, 246, 246, 246, 246]

ep23
Train step Loss: [4.3368401527404785, 4.318538188934326, 4.44504976272583, 4.39889669418335, 4.226292133331299, 4.302132606506348, 4.384531497955322, 4.267171859741211, 4.3708600997924805, 4.34032678604126, 4.224551200866699, 4.372761249542236, 4.306694507598877, 4.311902046203613, 4.206954479217529, 4.3144612312316895, 4.330173015594482, 4.2796244621276855, 4.3518757820129395, 4.257072925567627, 4.383025169372559, 4.306607723236084, 4.23794412612915, 4.290855884552002, 4.222589015960693, 4.34052038192749, 4.285489082336426, 4.236793041229248, 4.312103748321533, 4.342202663421631, 4.259829998016357, 4.371310710906982, 4.322530269622803, 4.2808403968811035, 4.326776027679443, 4.3007493019104, 4.20944356918335, 4.2303147315979, 4.2430806159973145, 4.246082305908203, 4.213631629943848, 4.254032611846924, 4.22857666015625, 4.176599502563477, 4.182176113128662, 4.2509894371032715, 4.204906463623047, 4.209113597869873, 4.169107437133789, 4.317786693572998, 4.278111934661865, 4.212472438812256, 4.147225379943848, 4.259890079498291, 4.27308464050293, 4.211876392364502, 4.165317535400391, 4.3071160316467285, 4.155590057373047, 4.322169780731201, 4.309753894805908, 4.21986722946167, 4.128551483154297]
val step Loss: [4.679998397827148, 4.682858943939209, 4.599475383758545, 4.612550735473633, 4.654078006744385, 4.647207736968994, 4.597829341888428, 4.637693405151367, 4.642810821533203, 4.529843807220459, 4.739526271820068, 4.5901198387146, 4.53366756439209, 4.664960861206055, 4.596451282501221, 4.573452949523926]
Train step Accs: [0.15465334166146158, 0.15920096852300242, 0.14431290274239472, 0.14009928295642582, 0.17200870195794055, 0.1549097065462754, 0.15340170446338292, 0.1718146718146718, 0.1464808362369338, 0.15674062540547554, 0.1846024164091037, 0.13805912397461692, 0.16393442622950818, 0.15435375125520012, 0.17566504013851725, 0.15123570638140907, 0.1574568288854003, 0.16863704307650496, 0.15135215897206036, 0.165402124430956, 0.14916680148843228, 0.14678780012978584, 0.151257040802308, 0.1520698394818361, 0.16609665427509293, 0.1503071672354949, 0.16391820580474933, 0.17183259534352235, 0.16255892255892257, 0.1529570884052625, 0.17147927085013712, 0.15127272727272728, 0.16221255438160348, 0.1582942313000276, 0.15783021759117377, 0.16001953442943187, 0.1754704737183647, 0.1707134852446769, 0.1665042461367117, 0.15207562679819153, 0.16104446012702894, 0.1574740207833733, 0.16070234113712376, 0.16905239049527626, 0.18452768729641694, 0.16272738522460092, 0.1619108280254777, 0.16963996107687318, 0.17530337815677272, 0.1534954407294833, 0.1658702213279678, 0.1749589122964291, 0.18628553075317167, 0.16048278945015645, 0.1710017340269441, 0.16135723810934954, 0.1710990502035278, 0.15947188844385107, 0.17024816303895743, 0.14887975606522605, 0.1513134220942785, 0.16227480505512235, 0.17789373814041745]
val step Accs: [0.09810720994076001, 0.10406698564593302, 0.11525331148436434, 0.11185223191380195, 0.09680768232546068, 0.1027893175074184, 0.10721218456025086, 0.10553536483086386, 0.10259196026695638, 0.13263101026472177, 0.09685452162516382, 0.10492937445949842, 0.12509722582317864, 0.10538336052202284, 0.11196675223077864, 0.11730854360336432]
Preds: [17, 17, 17, 17, 287, 284, 284, 284, 284, 284, 284, 35, 35, 250, 250, 250, 35, 35, 284, 284, 284, 284, 284, 284, 284, 284, 284, 284, 35, 284, 246, 246, 250, 98, 414, 414, 414, 414, 414, 414, 414, 47, 47, 320, 320, 320, 392, 73, 392, 73, 392, 392, 392, 63, 63, 63, 63, 63, 63, 63, 63, 63, 73, 73, 320, 320, 320, 7, 287, 287, 287, 287, 284, 171, 171, 284, 35, 250, 98, 47, 320, 320, 287, 287, 35, 35, 35, 35, 35, 35, 35, 35, 35, 35, 250, 250, 35, 35, 35, 35, 35, 284, 284, 284, 284, 284, 182, 171, 171, 171, 171, 171, 171, 171, 182, 250, 250, 250, 250, 98, 250, 250, 132, 35, 35, 35, 35, 35, 132, 132, 35, 250, 250, 132, 35, 35, 250, 98, 355, 250, 132, 250, 132, 132, 35, 35, 35, 132, 132, 132, 132, 250, 98, 98, 250, 132, 35, 374, 284, 284, 284, 171, 171, 171, 171, 171, 171, 171, 171, 171, 19, 98, 414, 414, 414, 414, 414, 170, 170, 392, 392, 392, 392, 392, 63, 63, 63, 63, 63, 63, 63, 63, 63, 73, 320, 320, 7, 7, 287, 287, 171, 171, 213, 171, 171, 35, 35, 250, 250, 35, 35, 284, 171, 171, 213, 171, 171, 171, 171, 171, 171, 246, 246, 355, 98, 98, 98, 414, 320, 250, 250, 250, 250, 250, 35, 284, 284, 246, 246, 246, 246, 246, 246, 171, 250, 355, 355, 355, 250, 132, 132, 132, 132, 171, 171, 171, 171, 246, 171, 355, 250, 132, 132, 132, 132, 374, 171, 171, 182, 171, 246, 246, 246, 171, 355, 355, 355, 98, 355, 132, 355, 355, 355, 132, 132, 132, 374, 171, 246, 171, 171, 246, 246, 246, 246, 171, 182, 374, 374, 182, 182, 355, 355, 355, 98, 414, 414, 414, 414, 320, 250, 287, 182, 374, 250, 250, 98, 414, 414, 414, 170, 170, 392, 392, 392, 63, 63, 63, 63, 63, 63, 63, 63, 63, 63, 63, 63, 63, 63, 63, 63, 63, 63, 63, 63, 63, 63, 63, 63, 63, 63, 73, 73, 320, 320, 320, 7, 287, 287, 287, 171, 171, 171, 171, 171, 35, 35, 35, 35, 171, 35, 35, 35, 35, 171, 35, 213, 213, 246, 246, 246, 246, 246, 246, 246, 246, 246, 246, 246, 250, 19, 355, 355, 250, 250, 250, 132, 171, 246, 246, 182, 374, 374, 374, 374, 250, 250, 132, 132, 132, 171, 374, 132, 374, 250, 98, 98, 98, 414, 263, 287, 171, 213, 246, 246, 246, 246, 374, 19, 98, 98, 414, 414, 320, 287, 171, 171, 171, 171, 171, 246, 246, 355, 98, 355, 132, 374, 132, 250, 132, 374, 171, 171, 246, 246, 246, 246, 246, 355, 355, 132, 182, 246, 246, 246, 246, 246, 171, 374, 355, 98, 98, 132, 246, 246, 246, 246, 246, 246, 246, 19, 355, 98, 414, 414, 414, 414, 414, 414, 170, 392, 392, 392, 392, 392, 392, 73, 320, 320, 320, 7, 287, 213, 213, 213, 213, 246, 246, 246, 19, 98, 414, 414, 414, 414, 320, 7, 287, 171, 250, 35, 171, 171, 171, 171, 171, 171, 246, 246, 246, 246, 182, 355, 355, 355, 132, 132, 132, 250, 132, 132, 374, 246, 246, 246, 246, 374, 374, 171, 246, 246, 246, 246, 246, 246, 246, 355, 98, 414, 98, 414, 355, 374, 171, 246, 246, 246, 246, 246, 246, 246, 246, 246, 246, 246, 246, 246, 246, 246, 246, 246, 246, 246, 246, 246, 246, 246, 246, 246, 246, 246, 246, 246, 246, 246, 246, 246, 246, 246, 246]

ep24
Train step Loss: [4.172149658203125, 4.203591346740723, 4.211176872253418, 4.1902546882629395, 4.18026065826416, 4.230403900146484, 4.176042079925537, 4.082612991333008, 4.245492458343506, 4.283613681793213, 4.100297451019287, 4.2859110832214355, 4.118462085723877, 4.224940299987793, 4.239411354064941, 4.123600959777832, 4.226192474365234, 4.251875877380371, 4.274083614349365, 4.1116509437561035, 4.165234565734863, 4.207230091094971, 4.144449710845947, 4.168129920959473, 4.289987564086914, 4.177675724029541, 4.193521976470947, 4.199874401092529, 4.226476192474365, 4.132258415222168, 4.273268222808838, 4.3154120445251465, 4.2595534324646, 4.204916000366211, 4.120175838470459, 4.211178302764893, 4.145453453063965, 4.113893032073975, 4.227786540985107, 4.262510776519775, 4.200362682342529, 4.121118068695068, 4.104315757751465, 4.2153239250183105, 4.034073352813721, 4.150625705718994, 4.209696292877197, 4.110116004943848, 4.089685916900635, 4.191874980926514, 4.321088790893555, 4.193398475646973, 4.104830741882324, 4.186753273010254, 4.130758285522461, 4.064681053161621, 4.221390247344971, 4.042281150817871, 4.049111843109131, 4.203283786773682, 4.1761908531188965, 4.113397121429443, 4.225564479827881]
val step Loss: [4.527228832244873, 4.502990245819092, 4.610747337341309, 4.533778667449951, 4.426198959350586, 4.487584114074707, 4.535062789916992, 4.60080099105835, 4.587117671966553, 4.454086780548096, 4.517253398895264, 4.558191776275635, 4.5986857414245605, 4.516724586486816, 4.5729169845581055, 4.443118572235107]
Train step Accs: [0.17587503615851896, 0.16107993326255118, 0.15480225988700566, 0.17112091333679294, 0.17896066972042332, 0.16815003178639543, 0.1713807785888078, 0.19040880503144655, 0.1719780991155412, 0.14702463970246396, 0.17462311557788945, 0.16049168975069253, 0.1878972794304602, 0.16212057630437823, 0.16109154929577466, 0.1951113051069402, 0.18441801416544168, 0.1621301775147929, 0.15599937097027836, 0.18690145196169292, 0.17833398513883458, 0.16624895572263992, 0.18083530805687204, 0.17892644135188868, 0.14797533744375937, 0.17096273291925465, 0.15960065645514224, 0.16972602739726028, 0.16819658240361532, 0.1738807080172542, 0.16993281075027997, 0.14457831325301204, 0.15331599479843952, 0.16742546629461008, 0.1781031190324634, 0.17076363636363637, 0.18203949147957804, 0.18593224722006724, 0.16694798220039897, 0.15979317985965777, 0.18360017956007782, 0.18790946992257296, 0.17916600602505153, 0.17626480086114102, 0.203297512144855, 0.1767461082793773, 0.17220087815587268, 0.18151918559122945, 0.18202577067362583, 0.17869112718292468, 0.1529745042492918, 0.1634991615427613, 0.18555589775177087, 0.169605242627555, 0.18114766189703496, 0.19965302876969784, 0.17079758500158881, 0.20509633312616532, 0.19599072233267065, 0.18676448112486627, 0.1743448275862069, 0.17568850902184235, 0.14226462048942348]
val step Accs: [0.10881346263548203, 0.11976819059884096, 0.11760688430542275, 0.11317567567567567, 0.13332515638415307, 0.11716397481522037, 0.10737691144345488, 0.11623931623931624, 0.11557512383048982, 0.1285932509373698, 0.12259332023575638, 0.11045197740112994, 0.10630361805296532, 0.1251914775100961, 0.11752745018300122, 0.13381022512097623]
Preds: [17, 17, 287, 284, 284, 35, 35, 250, 250, 250, 284, 284, 284, 284, 35, 35, 284, 35, 35, 250, 250, 250, 250, 250, 284, 284, 284, 246, 246, 246, 284, 284, 35, 35, 284, 19, 414, 414, 414, 414, 414, 414, 414, 392, 392, 73, 73, 73, 392, 73, 73, 320, 320, 73, 73, 73, 73, 73, 320, 320, 320, 320, 287, 287, 287, 287, 284, 171, 171, 171, 171, 171, 171, 35, 35, 35, 35, 35, 35, 35, 250, 98, 98, 355, 250, 250, 250, 250, 35, 35, 35, 35, 182, 35, 35, 182, 284, 35, 35, 250, 250, 250, 35, 324, 246, 246, 246, 246, 246, 246, 374, 374, 182, 182, 182, 182, 182, 182, 182, 35, 35, 250, 355, 250, 132, 35, 35, 171, 246, 246, 246, 246, 182, 182, 182, 182, 182, 182, 35, 35, 132, 250, 132, 35, 35, 35, 35, 284, 324, 246, 246, 246, 182, 35, 355, 182, 324, 246, 246, 246, 35, 355, 355, 250, 250, 250, 132, 374, 246, 246, 246, 246, 246, 246, 246, 374, 324, 246, 246, 246, 246, 246, 19, 19, 355, 355, 355, 250, 250, 250, 250, 250, 132, 374, 374, 182, 182, 132, 35, 182, 182, 250, 355, 355, 98, 98, 414, 414, 414, 414, 414, 170, 392, 392, 392, 73, 320, 320, 73, 73, 73, 392, 392, 392, 392, 392, 63, 63, 63, 63, 63, 63, 63, 63, 73, 73, 320, 320, 73, 73, 320, 320, 7, 7, 7, 7, 320, 320, 287, 153, 250, 250, 250, 35, 35, 284, 284, 171, 171, 171, 171, 171, 35, 35, 35, 182, 35, 132, 132, 132, 132, 132, 132, 132, 132, 132, 374, 284, 246, 246, 246, 246, 246, 246, 246, 246, 246, 246, 19, 414, 414, 414, 414, 414, 414, 414, 170, 392, 392, 392, 73, 320, 320, 320, 320, 73, 320, 320, 392, 63, 63, 63, 63, 63, 63, 63, 63, 73, 63, 63, 63, 63, 63, 63, 63, 63, 63, 63, 73, 73, 73, 73, 320, 320, 320, 7, 7, 7, 7, 287, 153, 153, 35, 35, 35, 35, 250, 250, 250, 35, 35, 35, 35, 35, 171, 171, 213, 213, 246, 171, 35, 35, 35, 35, 35, 35, 132, 35, 35, 250, 355, 250, 132, 132, 35, 171, 246, 246, 246, 246, 246, 246, 374, 374, 374, 182, 182, 182, 35, 250, 250, 250, 250, 132, 132, 35, 35, 182, 171, 246, 246, 171, 246, 246, 246, 171, 355, 355, 132, 132, 132, 35, 132, 355, 98, 98, 355, 355, 132, 132, 132, 132, 132, 132, 374, 182, 182, 182, 182, 182, 182, 182, 182, 182, 182, 355, 355, 355, 132, 132, 132, 132, 355, 132, 132, 132, 132, 374, 171, 246, 246, 246, 246, 246, 246, 246, 246, 246, 374, 374, 355, 374, 246, 246, 246, 246, 355, 19, 355, 355, 98, 98, 414, 355, 287, 171, 171, 246, 246, 246, 246, 246, 246, 246, 246, 246, 246, 246, 246, 246, 246, 246, 246, 246, 246, 246, 246, 246, 246, 246, 246, 246, 246, 246, 246, 246, 246, 246, 246, 246, 246, 246, 246, 246, 246, 246, 246, 246, 246, 246, 246, 246, 246, 246, 246, 246, 246, 246, 246, 246, 246, 246, 246, 246, 246, 246, 246, 246, 246, 246, 246, 246, 246, 246, 246, 246, 246, 246, 246, 246, 246, 246, 246, 246, 246, 246, 246, 246, 246, 246, 246, 246, 246, 246, 246, 246, 246, 246, 246, 246, 246, 246, 246, 246, 246, 246, 246, 246, 246, 246, 246, 246, 246, 246, 246, 246, 246, 246, 246, 246, 246, 246, 246, 246, 246, 246, 246, 246, 246, 246]

ep25
Train step Loss: [4.181651592254639, 4.181867599487305, 4.1555657386779785, 4.039017200469971, 3.918003559112549, 4.127816200256348, 4.115697860717773, 4.117450714111328, 4.167905807495117, 3.958693504333496, 4.1369171142578125, 4.029238224029541, 4.1625237464904785, 4.048079967498779, 4.1668548583984375, 4.1536455154418945, 4.068706035614014, 4.169191837310791, 4.216263294219971, 4.133768081665039, 4.193803787231445, 4.082590579986572, 4.0404582023620605, 4.125535011291504, 4.080671310424805, 4.176649570465088, 4.153298377990723, 4.083636283874512, 4.069510459899902, 4.2036237716674805, 3.9978973865509033, 4.118339538574219, 4.137339115142822, 3.9357032775878906, 4.132020473480225, 4.128396511077881, 4.040393352508545, 4.027472496032715, 4.108787536621094, 4.034183979034424, 4.146554946899414, 4.063365936279297, 4.300290584564209, 4.043225288391113, 4.179213047027588, 4.005676746368408, 3.999070644378662, 4.102204322814941, 3.779881477355957, 4.041852951049805, 4.103702545166016, 3.999342679977417, 4.054518699645996, 4.142120361328125, 4.131546497344971, 4.032384395599365, 4.175641059875488, 4.067633152008057, 4.047456741333008, 4.076413631439209, 4.076270580291748, 4.062586784362793, 4.10187292098999]
val step Loss: [4.455146312713623, 4.466971397399902, 4.396628379821777, 4.426595211029053, 4.458844184875488, 4.403077602386475, 4.481229782104492, 4.401407241821289, 4.539544105529785, 4.538406848907471, 4.408052921295166, 4.357304096221924, 4.401594161987305, 4.509371757507324, 4.424571514129639, 4.523268699645996]
Train step Accs: [0.17588010745086952, 0.16392939370683038, 0.17875337129157925, 0.1899539669645275, 0.20862989323843417, 0.18135764944275581, 0.18529170090386196, 0.18463572267920095, 0.18313953488372092, 0.20772460117548278, 0.17502668089647813, 0.1871475215197388, 0.17540714178992978, 0.197572947913826, 0.1797069825436409, 0.18245515695067266, 0.1937263556116015, 0.17397260273972603, 0.1620462551692449, 0.19609395618896808, 0.1650783395251171, 0.1930074919728862, 0.19162663006177078, 0.17141089108910892, 0.18043507273455225, 0.1571665744327615, 0.17500672585418348, 0.18911174785100288, 0.1851337269885377, 0.1583011583011583, 0.20424657534246576, 0.1891407350493021, 0.1766195681151693, 0.20592927412922096, 0.17449398068527583, 0.17874255844344417, 0.19160104986876642, 0.19790853753706883, 0.16817190906259732, 0.1989795918367347, 0.1710302091402014, 0.19065776930409914, 0.1568988613529806, 0.1852468948803393, 0.16558632881555688, 0.19250205664590433, 0.1899591211037302, 0.19089826696652998, 0.2472671285604311, 0.19359213426004407, 0.16711729110338613, 0.20697141478711856, 0.1857638888888889, 0.1778650378126818, 0.17971147943523635, 0.18363051015354137, 0.1634160756501182, 0.18960244648318042, 0.19458926306890234, 0.17873795461610195, 0.19286816389507971, 0.18306576903158986, 0.1767337807606264]
val step Accs: [0.11911998842090027, 0.11786874593892138, 0.13706453455168474, 0.12657438583364508, 0.11289082521783701, 0.1287261061355434, 0.1157868832287437, 0.13411424058962884, 0.1112407056422219, 0.10835527227379797, 0.12926762114537446, 0.13840036702859765, 0.12952665129526653, 0.11799410029498525, 0.1381138745107941, 0.08759710688454327]
Preds: [17, 17, 287, 284, 284, 284, 284, 284, 284, 35, 35, 250, 250, 17, 17, 17, 250, 250, 250, 250, 250, 250, 35, 35, 35, 35, 284, 284, 284, 284, 35, 250, 250, 35, 35, 35, 35, 284, 284, 246, 246, 284, 250, 250, 250, 250, 250, 250, 250, 35, 35, 324, 246, 246, 246, 246, 246, 374, 19, 355, 250, 284, 246, 246, 246, 246, 35, 250, 250, 355, 250, 250, 250, 250, 250, 355, 263, 263, 355, 287, 284, 171, 246, 246, 171, 374, 250, 250, 250, 132, 132, 35, 284, 284, 284, 182, 355, 35, 284, 324, 246, 284, 284, 171, 171, 171, 171, 171, 171, 171, 171, 171, 171, 464, 35, 355, 355, 355, 98, 414, 170, 170, 414, 414, 170, 392, 73, 392, 392, 392, 73, 73, 73, 73, 73, 73, 73, 73, 392, 73, 73, 392, 73, 73, 73, 73, 73, 7, 287, 287, 287, 287, 7, 250, 35, 250, 250, 250, 35, 35, 35, 35, 182, 284, 182, 35, 35, 35, 35, 250, 250, 98, 98, 414, 414, 320, 35, 250, 250, 153, 284, 35, 35, 250, 35, 284, 284, 171, 246, 171, 355, 250, 132, 132, 324, 35, 132, 250, 132, 132, 35, 182, 284, 132, 250, 250, 250, 250, 132, 132, 132, 132, 374, 182, 182, 132, 250, 132, 132, 132, 374, 182, 182, 182, 182, 35, 250, 355, 355, 355, 98, 414, 414, 414, 414, 414, 170, 392, 392, 392, 392, 73, 73, 73, 73, 73, 73, 73, 73, 73, 73, 73, 73, 73, 73, 73, 73, 320, 7, 7, 7, 7, 287, 284, 153, 35, 284, 35, 35, 250, 250, 355, 355, 355, 250, 7, 35, 35, 153, 182, 182, 284, 35, 355, 98, 98, 355, 355, 250, 250, 250, 35, 35, 35, 35, 250, 250, 250, 98, 414, 414, 414, 414, 47, 47, 47, 47, 320, 320, 7, 287, 287, 171, 171, 182, 35, 35, 35, 35, 35, 35, 182, 182, 35, 250, 250, 250, 250, 250, 250, 250, 250, 250, 250, 250, 250, 250, 250, 35, 182, 284, 182, 182, 182, 171, 171, 171, 246, 464, 464, 464, 182, 355, 355, 182, 182, 182, 182, 324, 355, 19, 98, 98, 355, 355, 355, 132, 132, 35, 35, 132, 374, 182, 182, 182, 182, 355, 355, 355, 250, 132, 250, 250, 250, 98, 98, 414, 414, 414, 414, 414, 414, 392, 392, 392, 392, 73, 73, 73, 73, 73, 73, 73, 392, 392, 73, 73, 73, 73, 320, 287, 7, 320, 320, 320, 320, 7, 7, 153, 153, 182, 182, 182, 182, 182, 182, 182, 182, 182, 182, 182, 182, 35, 35, 35, 35, 355, 98, 98, 355, 182, 284, 132, 355, 132, 132, 35, 374, 35, 132, 98, 98, 414, 414, 414, 7, 287, 284, 284, 171, 171, 171, 246, 246, 246, 246, 246, 246, 246, 246, 246, 246, 246, 246, 246, 246, 246, 246, 246, 246, 246, 246, 246, 246, 246, 246, 246, 246, 246, 246, 246, 246, 246, 246, 246, 246, 246, 246, 246, 246, 246, 246, 246, 246, 246, 246, 246, 246, 246, 246, 246, 246, 246, 246, 246, 246, 246, 246, 246, 246, 246, 246, 246, 246, 246, 246, 246, 246, 246, 246, 246, 246, 246, 246, 246, 246, 246, 246, 246, 246, 246, 246, 246, 246, 246, 246, 246, 246, 246, 246, 246, 246, 246, 246, 246, 246, 246, 246, 246, 246, 246, 246, 246, 246, 246, 246, 246, 246, 246, 246, 246, 246, 246, 246, 246, 246, 246, 246, 246, 246, 246, 246, 246, 246, 246, 246, 246, 246, 246, 246, 246, 246, 246, 246, 246, 246, 246, 246, 246, 246]

ep26
Train step Loss: [4.017024040222168, 3.9820709228515625, 3.9935896396636963, 4.036784648895264, 4.214507102966309, 3.92335844039917, 4.070751667022705, 3.9746086597442627, 4.027708053588867, 4.050771236419678, 3.888864040374756, 3.9395906925201416, 4.029820442199707, 4.047962665557861, 4.070491790771484, 4.012272834777832, 4.036562919616699, 3.908567190170288, 4.0386152267456055, 3.930377244949341, 3.9079391956329346, 4.080130100250244, 3.961669683456421, 4.049360275268555, 4.044610500335693, 3.9971554279327393, 4.031633377075195, 4.060449123382568, 4.046658515930176, 4.074243068695068, 3.962618589401245, 4.097568988800049, 4.030184268951416, 3.9817006587982178, 4.021364212036133, 4.057580947875977, 3.963308811187744, 4.033005237579346, 4.133824348449707, 4.021507263183594, 4.028417587280273, 3.9867119789123535, 4.009843349456787, 3.961949110031128, 4.096132278442383, 3.999540090560913, 3.9580273628234863, 4.0960164070129395, 4.070892810821533, 3.921499252319336, 3.9864683151245117, 4.055146217346191, 4.057546138763428, 4.052903175354004, 4.050379753112793, 3.9489810466766357, 3.9727792739868164, 4.0011372566223145, 3.9591224193573, 4.051578521728516, 4.031346321105957, 3.9660515785217285, 4.100095748901367]
val step Loss: [4.3948140144348145, 4.4317827224731445, 4.414713382720947, 4.350193977355957, 4.40861701965332, 4.344440460205078, 4.3265228271484375, 4.25376033782959, 4.365449905395508, 4.399183750152588, 4.337727069854736, 4.48419189453125, 4.451190948486328, 4.379537105560303, 4.419283390045166, 4.268035888671875]
Train step Accs: [0.18931144245267215, 0.1946226703330278, 0.19921526663099698, 0.1946161241587694, 0.15923687193048736, 0.21072851451337507, 0.17841806344369027, 0.19820381688911065, 0.1893498772133902, 0.18208754208754208, 0.20665961945031713, 0.21728045325779036, 0.193933146811957, 0.19027582982702199, 0.18787716239774707, 0.19746955185053802, 0.18175368898978433, 0.1992274550586837, 0.19921504939775342, 0.20925838450637696, 0.20898410504492052, 0.1912303856870509, 0.20535078981073004, 0.19080491509043215, 0.18372985418265542, 0.19682835820895522, 0.18803154476573372, 0.19289035548222588, 0.1848101265822785, 0.19386331938633194, 0.20892556931071374, 0.18697165589259074, 0.1969085085642668, 0.1970507634085867, 0.19814734404400058, 0.18671775223499362, 0.21082299887260428, 0.17849073655671036, 0.18475493316359007, 0.19427811044577512, 0.18098300413412954, 0.18811074918566775, 0.17913385826771652, 0.19306494269761976, 0.17308584686774942, 0.18997564414818613, 0.20221981591770438, 0.19266666666666668, 0.17795484727755645, 0.1957393830405312, 0.19361115615372143, 0.16836991120790754, 0.16950105411103303, 0.17367373228715305, 0.17512012813667913, 0.20261707988980715, 0.20019504040122596, 0.210038920950208, 0.19414939926867492, 0.1711340206185567, 0.18943477591252117, 0.19631031220435194, 0.174496644295302]
val step Accs: [0.12993133162784434, 0.12688236171164455, 0.1268507972665148, 0.13539600687557848, 0.1324588477366255, 0.13558448253640934, 0.131079078539674, 0.16010262989095575, 0.13590671491757136, 0.12925925925925927, 0.14169873556899396, 0.1199126773740839, 0.13009179575444635, 0.13596716264751155, 0.1283850147327066, 0.16670196992162678]
Preds: [17, 17, 17, 287, 287, 284, 284, 284, 284, 284, 284, 284, 284, 284, 35, 284, 284, 324, 246, 246, 246, 246, 246, 284, 19, 19, 355, 250, 35, 35, 284, 284, 35, 284, 284, 246, 246, 284, 35, 35, 250, 98, 98, 414, 414, 414, 414, 414, 414, 414, 170, 392, 392, 392, 63, 63, 63, 63, 63, 63, 63, 63, 63, 63, 63, 63, 63, 63, 73, 73, 320, 320, 320, 320, 7, 287, 287, 284, 284, 284, 250, 250, 35, 250, 250, 35, 284, 284, 35, 250, 250, 250, 250, 250, 250, 250, 35, 284, 284, 284, 246, 246, 246, 246, 246, 246, 374, 19, 19, 355, 355, 132, 374, 182, 284, 240, 182, 182, 182, 355, 250, 132, 132, 132, 132, 132, 35, 98, 98, 98, 414, 263, 355, 287, 153, 284, 171, 246, 246, 246, 246, 374, 355, 355, 355, 250, 464, 246, 246, 246, 246, 246, 355, 355, 355, 182, 246, 246, 246, 464, 464, 464, 19, 19, 414, 414, 414, 414, 414, 414, 414, 47, 47, 47, 47, 392, 73, 392, 392, 392, 392, 392, 392, 392, 392, 392, 392, 392, 392, 73, 73, 320, 320, 320, 287, 287, 287, 284, 284, 284, 250, 250, 35, 98, 263, 250, 35, 35, 153, 213, 213, 246, 464, 355, 98, 98, 414, 263, 7, 182, 284, 284, 240, 182, 182, 182, 355, 250, 250, 35, 132, 132, 132, 132, 267, 324, 246, 246, 355, 98, 98, 355, 355, 355, 132, 374, 35, 35, 374, 284, 171, 246, 246, 246, 246, 19, 19, 355, 355, 132, 374, 182, 171, 240, 182, 182, 182, 355, 132, 374, 182, 182, 182, 355, 355, 132, 35, 35, 98, 98, 374, 171, 246, 246, 246, 374, 355, 355, 355, 132, 132, 132, 374, 182, 182, 35, 374, 182, 182, 182, 246, 246, 246, 464, 240, 374, 374, 374, 355, 355, 132, 324, 182, 355, 355, 355, 355, 355, 355, 355, 355, 250, 250, 355, 132, 324, 213, 246, 246, 246, 246, 246, 246, 355, 264, 246, 246, 246, 246, 246, 374, 19, 19, 355, 355, 355, 355, 355, 355, 355, 263, 263, 355, 287, 171, 171, 246, 246, 374, 35, 355, 355, 355, 355, 98, 263, 414, 414, 47, 7, 287, 171, 171, 171, 171, 464, 464, 464, 464, 464, 464, 464, 464, 464, 464, 464, 464, 464, 464, 464, 464, 464, 464, 464, 464, 464, 464, 464, 464, 464, 464, 464, 464, 464, 464, 464, 464, 464, 464, 464, 464, 464, 464, 464, 464, 464, 464, 464, 464, 464, 464, 464, 464, 464, 464, 464, 464, 464, 464, 464, 464, 464, 464, 464, 464, 464, 464, 464, 464, 464, 464, 464, 464, 464, 464, 464, 464, 464, 464, 464, 464, 464, 464, 464, 464, 464, 464, 464, 464, 464, 464, 464, 464, 464, 464, 464, 464, 464, 464, 464, 464, 464, 464, 464, 464, 464, 464, 464, 464, 464, 464, 464, 464, 464, 464, 464, 464, 464, 464, 464, 464, 464, 464, 464, 464, 464, 464, 464, 464, 464, 464, 464, 464, 464, 464, 464, 464, 464, 464, 464, 464, 464, 464, 464, 464, 464, 464, 464, 464, 464, 464, 464, 464, 464, 464, 464, 464, 464, 464, 464, 464, 464, 464, 464, 464, 464, 464, 464, 464, 464, 464, 464, 464, 464, 464, 464, 464, 464, 464, 464, 464, 464, 464, 464, 464, 464, 464, 464, 464, 464, 464, 464, 464, 464, 464, 464, 464, 464, 464, 464, 464, 464, 464, 464, 464, 464, 464, 464, 464, 464, 464, 464, 464, 464, 464, 464, 464, 464, 464, 464, 464, 464, 464, 464, 464, 464, 464, 464, 464, 464]

