ep1
Train step Loss: [6.218035697937012, 6.210916996002197, 6.205427169799805, 6.1982598304748535, 6.186766624450684, 6.185379981994629, 6.173153400421143, 6.167148590087891, 6.16581392288208, 6.157899379730225, 6.144928932189941, 6.137851715087891, 6.124337196350098, 6.102522373199463, 6.112799167633057, 6.1007490158081055, 6.096978187561035, 6.06728458404541, 6.050144672393799, 6.051453590393066, 6.054069519042969, 6.017795085906982, 6.006594181060791, 5.991052150726318, 5.966944217681885, 5.940428256988525, 5.911344528198242, 5.8755903244018555, 5.883609771728516, 5.849516868591309, 5.792625904083252, 5.810328006744385, 5.805915355682373, 5.766959190368652, 5.7720842361450195, 5.719786167144775, 5.694991588592529, 5.6448235511779785, 5.694945812225342, 5.680209636688232, 5.642660140991211, 5.624170303344727, 5.509375095367432, 5.503085136413574, 5.60929012298584, 5.51315450668335, 5.494719982147217, 5.489230632781982, 5.446420192718506, 5.557278156280518, 5.362922668457031, 5.504878520965576, 5.388642311096191, 5.326371192932129, 5.379153251647949, 5.4138360023498535, 5.271979331970215, 5.313892841339111, 5.376072406768799, 5.186369895935059, 5.388675212860107, 5.3203558921813965, 5.251733779907227]
val step Loss: [5.617751598358154, 5.507363796234131, 5.569493293762207, 5.605165958404541, 5.5272111892700195, 5.548696994781494, 5.528988361358643, 5.565533638000488, 5.677675247192383, 5.532650947570801, 5.6375532150268555, 5.519678592681885, 5.575174808502197, 5.510540008544922, 5.544045448303223, 5.632141590118408]
Train step Accs: [0.0011953778722273874, 0.0043586550435865505, 0.0029607698001480384, 0.008595218909481601, 0.06949698752977441, 0.05476730987514188, 0.0833085833085833, 0.10031007751937984, 0.08998324094366379, 0.1161213765044923, 0.1301477522791575, 0.1217701641684511, 0.1299165673420739, 0.14569713142094728, 0.12288742480664566, 0.11761649055950113, 0.09990470139771283, 0.11226034308779011, 0.10982830076968621, 0.12498353746872119, 0.07911640294532352, 0.08817985998922995, 0.0867579908675799, 0.06632080762759394, 0.059629219701162146, 0.06328502415458938, 0.05632560483870968, 0.0651257223176636, 0.053172105350339574, 0.039376652288854876, 0.08338848444738584, 0.04228222109016811, 0.03215821152192605, 0.06592933065211146, 0.044295684375445094, 0.03653460767689225, 0.04481095378870391, 0.051256845948602726, 0.029648819804260217, 0.023429491872895006, 0.03038961038961039, 0.026629509211952316, 0.054917692626919354, 0.05053661187338677, 0.028140229523659802, 0.03819759160947818, 0.03635526921306949, 0.03467894879436467, 0.03654850233580654, 0.02577482605945604, 0.07101372756071805, 0.049073230021270134, 0.08280254777070063, 0.08771416019915068, 0.08179871520342613, 0.06709600119814288, 0.11196238899529863, 0.09234200743494424, 0.09582089552238807, 0.12669683257918551, 0.07903086241707528, 0.10300503734583985, 0.10050729232720355]
val step Accs: [0.050505050505050504, 0.06455525606469002, 0.04868478418834472, 0.047869542346133616, 0.06468577438864055, 0.05777496839443742, 0.06406937613253948, 0.04961395481841579, 0.03610202746893394, 0.05714654282765738, 0.043190468310441835, 0.07165583068197538, 0.04720161834120027, 0.06593546741487055, 0.06238475722188076, 0.04408493427704752]
Preds: [63, 63, 63, 392, 392, 392, 392, 392, 392, 392, 392, 392, 392, 392, 392, 392, 392, 392, 246, 246, 246, 246, 246, 246, 246, 246, 246, 246, 246, 246, 246, 246, 246, 246, 246, 246, 246, 246, 246, 246, 246, 246, 246, 246, 246, 246, 246, 246, 246, 246, 246, 246, 246, 246, 246, 246, 246, 246, 246, 246, 246, 246, 246, 246, 246, 246, 246, 246, 392, 392, 392, 392, 392, 392, 246, 392, 392, 392, 392, 392, 63, 392, 392, 392, 392, 392, 392, 392, 392, 63, 63, 63, 63, 63, 246, 246, 213, 246, 246, 246, 246, 246, 246, 246, 246, 246, 246, 246, 246, 246, 246, 246, 246, 246, 246, 246, 246, 246, 63, 63, 63, 392, 392, 392, 392, 392, 392, 392, 392, 392, 392, 392, 392, 392, 392, 392, 246, 246, 246, 246, 246, 246, 246, 392, 392, 63, 63, 392, 392, 392, 392, 392, 392, 392, 246, 246, 246, 246, 246, 246, 392, 392, 392, 392, 392, 392, 392, 392, 392, 392, 246, 246, 246, 246, 246, 246, 246, 246, 246, 246, 246, 246, 392, 392, 392, 392, 392, 392, 392, 392, 392, 392, 392, 392, 392, 392, 392, 392, 392, 392, 392, 392, 392, 392, 392, 392, 392, 392, 392, 392, 392, 392, 392, 392, 392, 392, 392, 392, 392, 392, 392, 392, 392, 392, 392, 392, 392, 392, 392, 392, 392, 392, 392, 392, 392, 392, 392, 392, 392, 246, 63, 63, 63, 63, 63, 63, 63, 63, 63, 63, 63, 63, 63, 63, 63, 63, 63, 63, 63, 63, 63, 63, 63, 63, 63, 63, 63, 63, 63, 63, 63, 246, 246, 246, 246, 246, 246, 246, 246, 246, 246, 246, 246, 246, 246, 246, 246, 246, 246, 246, 392, 392, 392, 392, 392, 392, 392, 392, 392, 392, 392, 392, 392, 246, 246, 246, 246, 63, 63, 63, 63, 63, 63, 63, 63, 63, 392, 246, 246, 246, 246, 392, 392, 392, 392, 392, 392, 392, 392, 392, 392, 392, 392, 246, 246, 246, 246, 246, 246, 246, 246, 246, 246, 246, 246, 246, 246, 392, 392, 392, 392, 392, 392, 246, 392, 392, 392, 392, 392, 392, 392, 392, 392, 392, 392, 392, 392, 392, 392, 392, 392, 392, 392, 392, 392, 392, 392, 392, 392, 392, 392, 392, 392, 246, 246, 246, 246, 246, 246, 246, 246, 392, 392, 392, 392, 392, 392, 392, 392, 392, 392, 392, 392, 392, 392, 392, 392, 392, 246, 246, 246, 246, 246, 246, 392, 392, 392, 392, 392, 392, 392, 392, 392, 392, 392, 246, 246, 246, 246, 246, 246, 246, 246, 246, 246, 246, 246, 246, 246, 246, 246, 246, 246, 246, 246, 246, 246, 246, 246, 246, 246, 246, 246, 246, 246, 246, 246, 171, 171, 246, 246, 246, 63, 63, 63, 63, 63, 63, 63, 246, 246, 246, 246, 246, 246, 246, 246, 246, 246, 246, 246, 246, 392, 392, 392, 392, 392, 392, 392, 392, 392, 392, 392, 246, 246, 246, 246, 246, 246, 246, 246, 246, 246, 246, 246, 246, 246, 246, 246, 246, 246, 246, 246, 246, 246, 246, 246, 246, 246, 246, 246, 246, 246, 246, 246, 246, 246, 246, 246, 246, 246, 246, 246, 246, 246, 246, 246, 246, 246, 246, 246, 246, 246, 246, 246, 246, 246, 246, 246, 246, 246, 246, 246, 246, 246, 246, 246, 246, 246, 246, 246, 246, 246, 246, 246, 246, 246, 246, 246, 246, 246, 246, 246, 246, 246, 246, 246, 246, 246, 246, 246, 246, 246, 246, 246, 246, 246, 246, 246, 246, 246, 246, 246, 246, 246, 246, 246, 246, 246, 246]

ep2
Train step Loss: [5.261748790740967, 5.350524425506592, 5.330249786376953, 5.243343353271484, 5.095427989959717, 5.22622537612915, 5.148205280303955, 5.220478057861328, 5.28892707824707, 5.219949722290039, 5.1560750007629395, 5.182631492614746, 5.174086570739746, 5.121778964996338, 5.2130656242370605, 5.153803825378418, 5.2335944175720215, 5.139074802398682, 5.12412166595459, 5.126143932342529, 5.256936550140381, 5.1461591720581055, 5.148749351501465, 5.179189682006836, 5.119262218475342, 5.124157905578613, 5.0958662033081055, 5.040777206420898, 5.069775581359863, 5.070841312408447, 4.880126476287842, 5.025571823120117, 5.076432704925537, 4.979238510131836, 5.082507610321045, 5.024744987487793, 5.016160488128662, 4.972117900848389, 5.0897088050842285, 5.062135219573975, 5.0567193031311035, 5.056151866912842, 4.907466888427734, 4.938074111938477, 5.114171028137207, 4.999741554260254, 4.9922990798950195, 5.021350860595703, 4.976369857788086, 5.148799419403076, 4.895999908447266, 5.102110862731934, 4.96298360824585, 4.898688793182373, 4.9798665046691895, 5.01671838760376, 4.860360622406006, 4.918819904327393, 5.011710166931152, 4.800934791564941, 5.029318332672119, 4.974123001098633, 4.896674633026123]
val step Loss: [5.359287261962891, 5.223095893859863, 5.295228004455566, 5.338242530822754, 5.26171350479126, 5.299230098724365, 5.253546237945557, 5.290616989135742, 5.438104629516602, 5.251247882843018, 5.402846813201904, 5.240728855133057, 5.30286979675293, 5.230624198913574, 5.2764973640441895, 5.384952068328857]
Train step Accs: [0.09868508434054987, 0.0921544209215442, 0.09770540340488527, 0.10005372011818427, 0.1179767409275606, 0.09548808172531215, 0.11003861003861004, 0.09767441860465116, 0.08095913368570323, 0.1037463976945245, 0.11002829298962591, 0.10292648108493933, 0.10131108462455304, 0.12515010006671115, 0.10584359782297335, 0.10826260176684566, 0.10165184243964422, 0.11680121089808275, 0.119449378330373, 0.12419333596733834, 0.09149302835657215, 0.10931610123855681, 0.11376386170906719, 0.10151430173864273, 0.09988931931377974, 0.11948470209339775, 0.12121975806451613, 0.12275495861315008, 0.12887195626967038, 0.12647836371225823, 0.14520185307743216, 0.13512480896586856, 0.13086844368013759, 0.14349324906636024, 0.11465603190428714, 0.11345768459996917, 0.12509724599346506, 0.14028928521275102, 0.11283822682786414, 0.13091228583980086, 0.12246753246753246, 0.10187335500851526, 0.14289666620556093, 0.13734546936557532, 0.10941675837132527, 0.12909491130389744, 0.12685994784476146, 0.12801408832294772, 0.12998076394613906, 0.10578747628083492, 0.15166314677930307, 0.11318748100881192, 0.1527145890203215, 0.14438424366671548, 0.12905067808708065, 0.11067844840497229, 0.16559289569911195, 0.1324907063197026, 0.1326865671641791, 0.15806938159879336, 0.11494087107008942, 0.13844015980545424, 0.1357006975269499]
val step Accs: [0.08784042961258151, 0.10107816711590296, 0.08065688126725766, 0.07680168332456602, 0.09347883250065737, 0.08558786346396965, 0.09707481232202951, 0.0832141835859308, 0.0697187704381949, 0.09416924664602683, 0.0713221909647526, 0.09959883801355651, 0.08064733648010788, 0.09743655146027293, 0.10064535955746773, 0.07340748230535894]
Preds: [392, 392, 392, 392, 392, 392, 392, 392, 392, 392, 392, 392, 392, 392, 392, 392, 392, 392, 246, 213, 213, 213, 246, 246, 246, 246, 246, 246, 246, 246, 414, 414, 414, 171, 171, 246, 246, 246, 246, 246, 246, 246, 246, 246, 246, 246, 246, 246, 246, 246, 246, 246, 246, 246, 246, 246, 246, 246, 246, 414, 414, 414, 414, 414, 414, 414, 414, 414, 414, 392, 392, 392, 392, 392, 392, 392, 392, 171, 171, 171, 246, 392, 392, 392, 392, 392, 392, 392, 246, 246, 63, 246, 246, 246, 246, 246, 213, 246, 246, 246, 246, 246, 246, 246, 246, 246, 246, 246, 246, 246, 246, 414, 414, 414, 414, 414, 414, 171, 171, 392, 392, 392, 392, 392, 392, 392, 392, 392, 392, 392, 392, 392, 392, 392, 414, 414, 246, 246, 246, 246, 246, 246, 246, 171, 171, 171, 171, 171, 171, 171, 392, 392, 392, 171, 246, 246, 246, 246, 246, 246, 284, 284, 392, 392, 392, 392, 392, 392, 392, 392, 213, 213, 213, 213, 213, 246, 246, 246, 246, 246, 246, 392, 392, 392, 392, 392, 392, 392, 392, 392, 392, 392, 392, 392, 392, 392, 392, 392, 392, 392, 392, 392, 392, 392, 392, 392, 392, 392, 392, 392, 392, 171, 392, 414, 414, 392, 392, 392, 392, 392, 392, 392, 392, 392, 392, 392, 392, 392, 392, 392, 392, 392, 392, 392, 392, 392, 246, 246, 246, 246, 63, 63, 63, 63, 63, 63, 63, 63, 63, 63, 63, 63, 63, 63, 63, 63, 73, 73, 320, 320, 320, 324, 324, 246, 246, 246, 246, 246, 246, 246, 246, 246, 246, 246, 246, 246, 246, 246, 246, 246, 246, 246, 246, 246, 246, 246, 246, 246, 414, 284, 284, 392, 392, 392, 392, 392, 392, 392, 392, 392, 392, 171, 246, 246, 246, 246, 246, 246, 246, 246, 464, 464, 464, 171, 171, 171, 171, 171, 171, 171, 171, 392, 392, 392, 392, 392, 392, 392, 392, 392, 392, 171, 171, 171, 171, 171, 246, 246, 246, 246, 213, 213, 246, 414, 414, 414, 414, 414, 392, 213, 171, 171, 171, 171, 171, 171, 171, 392, 392, 392, 392, 392, 392, 392, 392, 392, 392, 392, 392, 392, 392, 392, 392, 392, 392, 392, 392, 392, 392, 171, 171, 171, 171, 171, 246, 414, 414, 246, 246, 246, 246, 392, 392, 392, 392, 392, 171, 171, 171, 246, 171, 171, 171, 171, 171, 171, 171, 171, 171, 171, 246, 246, 246, 246, 171, 392, 392, 392, 392, 392, 392, 392, 392, 392, 392, 171, 246, 246, 246, 213, 246, 246, 246, 246, 246, 246, 246, 246, 246, 246, 246, 246, 246, 246, 246, 414, 414, 414, 171, 171, 171, 171, 171, 171, 171, 171, 171, 171, 171, 171, 171, 171, 171, 171, 171, 171, 171, 171, 171, 171, 171, 171, 171, 246, 246, 246, 246, 246, 246, 171, 171, 171, 414, 414, 392, 392, 171, 171, 171, 171, 171, 171, 171, 171, 171, 246, 246, 246, 246, 246, 246, 246, 246, 246, 246, 414, 414, 414, 414, 414, 414, 414, 414, 414, 414, 414, 414, 414, 414, 414, 414, 414, 414, 414, 414, 414, 414, 414, 414, 414, 414, 414, 414, 414, 414, 414, 414, 414, 414, 414, 414, 414, 414, 414, 414, 414, 414, 414, 414, 414, 414, 414, 414, 414, 414, 414, 414, 414, 414, 414, 414, 414, 414, 414, 414, 414, 414, 414, 414, 414, 414, 414, 414, 414, 414, 414, 414, 414, 414, 414, 414, 414, 414, 414, 414, 414, 414, 414, 414, 414, 414, 414, 414, 414, 414, 414, 414, 414, 414, 414]

ep3
Train step Loss: [4.967379570007324, 4.977993488311768, 5.007838249206543, 4.793504238128662, 4.954528331756592, 4.84309196472168, 4.840380668640137, 4.954242706298828, 4.983386993408203, 4.882542610168457, 4.925127029418945, 4.976198673248291, 4.783552646636963, 4.909407138824463, 4.914491653442383, 4.839139938354492, 4.802651405334473, 5.008955955505371, 4.8253679275512695, 4.90483283996582, 4.91102933883667, 4.8198323249816895, 4.889057159423828, 4.733376502990723, 4.827463626861572, 4.757126808166504, 4.669034957885742, 4.7155537605285645, 4.802289962768555, 4.81802225112915, 4.810638904571533, 4.773248672485352, 4.812509059906006, 4.710636138916016, 4.802990436553955, 4.774850845336914, 4.857514381408691, 4.816205024719238, 4.763681411743164, 4.767862796783447, 4.7806572914123535, 4.79643440246582, 4.755672454833984, 4.685943603515625, 4.731938362121582, 4.8703694343566895, 4.709426403045654, 4.707839012145996, 4.75998067855835, 4.661018371582031, 4.662786960601807, 4.826648712158203, 4.812168121337891, 4.80875301361084, 4.639054775238037, 4.603786468505859, 4.690121650695801, 4.824195861816406, 4.500146865844727, 4.571439743041992, 4.7227935791015625, 4.60651159286499, 4.782106876373291]
val step Loss: [5.119925498962402, 5.107697010040283, 5.112570762634277, 5.069389343261719, 5.161966800689697, 4.961092948913574, 5.137302875518799, 5.130221843719482, 5.150251388549805, 5.103028297424316, 5.092739582061768, 5.052370071411133, 5.006289482116699, 5.008488178253174, 5.0117340087890625, 4.988004684448242]
Train step Accs: [0.11806075115965883, 0.1356047237681553, 0.12278558338423946, 0.1630383711824589, 0.14513581806696146, 0.15564462257849032, 0.1442411194833154, 0.1326912787586945, 0.13542550183771557, 0.15965766563376124, 0.16319194823867722, 0.1451109028428616, 0.15865883166263395, 0.14465499783017502, 0.1574115208055679, 0.17089065894279507, 0.1743271221532091, 0.13981598412412052, 0.16136919315403422, 0.14860873620394838, 0.14856167082621832, 0.1671417854463616, 0.1615720524017467, 0.19132579054250073, 0.16599359420693496, 0.1720212102308172, 0.19213187422080621, 0.18607525405108485, 0.16356139279169213, 0.1697054698457223, 0.1845863648612234, 0.18716723549488054, 0.17514901421366347, 0.1833768169959001, 0.17033132530120482, 0.1866901295792673, 0.1596676737160121, 0.18975859546452084, 0.1844954525768731, 0.18279950451247567, 0.16898235073225684, 0.1829306557891434, 0.18930148013502987, 0.1929611650485437, 0.18679659621191325, 0.1715627095908786, 0.19806629834254144, 0.19630038652678078, 0.18296237413884472, 0.20899077106281633, 0.20358953281271408, 0.1861587982832618, 0.17590459411844422, 0.1847622027534418, 0.21870882740447958, 0.2191981747066493, 0.19616415174164434, 0.17025862068965517, 0.23368362831858408, 0.22623422271928423, 0.20476333133612942, 0.21032391658038752, 0.18647602025618112]
val step Accs: [0.13219554527046573, 0.14546732255797612, 0.1488377905523619, 0.15389678778304372, 0.139701018653261, 0.1722463582928699, 0.13590449954086317, 0.15095751047277078, 0.14961294862772695, 0.14519555166812445, 0.14589442815249268, 0.149505364358367, 0.16319926028663892, 0.16195031220937955, 0.1526891522333637, 0.1665320952765442]
Preds: [63, 171, 171, 171, 171, 171, 171, 171, 171, 171, 171, 171, 171, 171, 264, 264, 264, 264, 264, 264, 264, 264, 264, 171, 392, 392, 392, 324, 324, 324, 324, 324, 324, 324, 246, 324, 414, 414, 414, 414, 414, 414, 171, 171, 171, 171, 171, 171, 246, 246, 63, 63, 63, 324, 324, 324, 324, 324, 324, 324, 324, 324, 324, 324, 324, 324, 324, 324, 324, 250, 250, 250, 324, 324, 182, 182, 182, 182, 182, 182, 182, 171, 171, 171, 171, 171, 414, 414, 414, 171, 171, 171, 171, 171, 171, 171, 414, 414, 392, 392, 392, 392, 171, 171, 213, 213, 213, 414, 414, 414, 414, 414, 414, 414, 414, 414, 414, 414, 414, 414, 414, 414, 414, 414, 170, 170, 392, 392, 392, 392, 392, 392, 392, 392, 392, 392, 392, 392, 324, 324, 324, 324, 392, 392, 392, 392, 320, 213, 414, 213, 213, 213, 213, 213, 213, 213, 213, 213, 213, 213, 324, 324, 374, 374, 171, 171, 171, 171, 171, 171, 171, 246, 324, 324, 324, 324, 324, 324, 324, 324, 324, 324, 324, 324, 324, 324, 464, 464, 464, 414, 414, 486, 486, 414, 414, 414, 392, 392, 392, 392, 392, 324, 392, 392, 392, 392, 392, 63, 63, 324, 324, 213, 464, 464, 464, 464, 464, 464, 392, 392, 392, 392, 63, 63, 63, 63, 63, 63, 73, 73, 324, 324, 213, 213, 171, 171, 63, 63, 63, 73, 73, 73, 73, 171, 171, 324, 324, 213, 213, 414, 414, 414, 414, 414, 414, 414, 414, 414, 414, 414, 170, 170, 392, 392, 392, 392, 392, 392, 392, 392, 392, 392, 320, 320, 320, 320, 320, 320, 320, 171, 171, 171, 171, 171, 171, 171, 171, 324, 213, 213, 213, 213, 213, 213, 171, 171, 171, 63, 171, 171, 171, 171, 171, 171, 171, 171, 171, 171, 171, 324, 324, 324, 324, 324, 324, 324, 213, 324, 324, 324, 324, 324, 324, 414, 414, 414, 414, 414, 414, 284, 284, 284, 284, 324, 324, 324, 324, 324, 324, 324, 324, 324, 324, 324, 324, 324, 324, 324, 324, 213, 213, 414, 414, 414, 414, 414, 170, 414, 170, 170, 392, 392, 392, 392, 392, 392, 73, 73, 73, 73, 63, 63, 63, 63, 63, 63, 63, 73, 73, 73, 73, 320, 320, 320, 284, 171, 171, 486, 414, 414, 414, 414, 414, 414, 414, 414, 324, 324, 414, 324, 324, 324, 324, 213, 213, 213, 171, 171, 171, 171, 171, 171, 171, 171, 171, 171, 171, 171, 171, 171, 171, 213, 213, 324, 324, 324, 324, 324, 324, 324, 213, 324, 414, 171, 171, 324, 324, 324, 324, 132, 171, 171, 132, 171, 171, 324, 324, 414, 414, 414, 324, 324, 324, 392, 392, 392, 392, 392, 392, 392, 392, 73, 171, 213, 213, 213, 213, 213, 213, 414, 414, 414, 414, 414, 414, 414, 414, 414, 170, 170, 392, 392, 392, 392, 392, 392, 392, 392, 392, 73, 320, 320, 320, 320, 324, 324, 324, 324, 171, 171, 171, 171, 171, 171, 264, 264, 264, 264, 264, 264, 264, 264, 264, 171, 171, 171, 171, 171, 171, 324, 324, 324, 324, 213, 213, 414, 414, 414, 414, 414, 414, 414, 414, 414, 414, 414, 414, 414, 414, 414, 414, 414, 414, 414, 414, 414, 414, 414, 414, 414, 414, 414, 414, 414, 414, 414, 414, 414, 414, 414, 414, 414, 414, 414, 414, 414, 414, 414, 414, 414, 414, 414, 414, 414, 414, 414, 414, 414, 414, 414, 414, 414, 414, 414, 414, 414, 414, 414, 414, 414, 414, 414, 414, 414, 414, 414, 414, 414, 414, 414]

ep4
Train step Loss: [4.767030715942383, 4.549556732177734, 4.61484432220459, 4.599792003631592, 4.683908939361572, 4.674099445343018, 4.665350914001465, 4.702681541442871, 4.764980792999268, 4.693410873413086, 4.5493974685668945, 4.692783832550049, 4.714113235473633, 4.65705680847168, 4.74998664855957, 4.652573585510254, 4.434780120849609, 4.54293155670166, 4.697626113891602, 4.637195110321045, 4.5138840675354, 4.4815354347229, 4.529864311218262, 4.62279748916626, 4.654153823852539, 4.634344577789307, 4.662273406982422, 4.509324550628662, 4.53518533706665, 4.519367218017578, 4.455209255218506, 4.562754154205322, 4.590534687042236, 4.515253067016602, 4.562150478363037, 4.554685115814209, 4.629988670349121, 4.4653096199035645, 4.446090221405029, 4.466588020324707, 4.575161933898926, 4.495338439941406, 4.557976245880127, 4.6212592124938965, 4.369454860687256, 4.476285934448242, 4.404504299163818, 4.4894304275512695, 4.541980743408203, 4.47338342666626, 4.718188762664795, 4.468382835388184, 4.4998087882995605, 4.383021354675293, 4.47442102432251, 4.455734729766846, 4.6046366691589355, 4.398998737335205, 4.442281723022461, 4.472629547119141, 4.5269975662231445, 4.4218974113464355, 4.358843803405762]
val step Loss: [4.878093719482422, 4.784661293029785, 4.866835117340088, 4.831110000610352, 4.936898231506348, 4.882835388183594, 4.8706889152526855, 4.759492874145508, 4.9190993309021, 4.932048320770264, 4.894100189208984, 4.890154838562012, 4.9159746170043945, 4.753876686096191, 4.872807502746582, 4.887279987335205]
Train step Accs: [0.19045648876017102, 0.22532917062576355, 0.20978463174687584, 0.22637479978643887, 0.20224719101123595, 0.21069851136921317, 0.20605650482151922, 0.20315921176102597, 0.19740002826056238, 0.21177133201914952, 0.23012013729977115, 0.20196333188970694, 0.20737947751144628, 0.20930232558139536, 0.1973238482384824, 0.21319102353585112, 0.25271499853243323, 0.22535765848536554, 0.20703498375071688, 0.22516339869281046, 0.23983680606148913, 0.2430253391348861, 0.22581127560939135, 0.21105454545454547, 0.22782826700094014, 0.240196940390364, 0.21808367071524967, 0.24800750117205814, 0.2224914481185861, 0.23495934959349593, 0.25489275090026614, 0.22630272952853597, 0.22851317440401506, 0.24547697368421054, 0.23520021285087137, 0.24014945652173914, 0.22794117647058823, 0.25397933538117845, 0.25295759670344276, 0.25737008089949265, 0.2268476621417798, 0.24643302396453803, 0.2289109428049099, 0.22179487179487178, 0.2684902200488998, 0.2548056685842571, 0.266491857576594, 0.24976887519260402, 0.2356810084954782, 0.24413595021541407, 0.21191533838515808, 0.2485050757891809, 0.24816608996539793, 0.26136534133533385, 0.2500662954123575, 0.266439706145852, 0.24291784702549576, 0.263042525208242, 0.25166444740346205, 0.2518198975465085, 0.23645784267545925, 0.25388802488335926, 0.2750073768073178]
val step Accs: [0.1880714587143058, 0.21094439541041482, 0.19268544843628846, 0.1966652999863332, 0.17872775021885032, 0.19658340882619388, 0.19300499643112062, 0.21553544494720966, 0.18613192302042014, 0.18524007113218732, 0.19557431568176004, 0.18845460012026458, 0.18577023498694517, 0.2101459748518572, 0.19804639804639804, 0.20341207349081364]
Preds: [17, 17, 213, 213, 324, 324, 324, 324, 324, 213, 213, 213, 324, 171, 171, 324, 324, 324, 324, 324, 324, 324, 324, 324, 324, 414, 414, 414, 414, 414, 414, 414, 414, 170, 170, 213, 213, 213, 63, 267, 213, 213, 213, 63, 63, 63, 171, 171, 171, 171, 171, 171, 324, 240, 240, 324, 324, 324, 324, 324, 324, 324, 324, 324, 324, 324, 324, 324, 324, 324, 324, 324, 324, 63, 63, 63, 63, 392, 392, 320, 213, 213, 246, 246, 246, 246, 246, 246, 246, 246, 246, 464, 171, 171, 171, 414, 414, 171, 35, 35, 35, 35, 284, 284, 132, 284, 35, 35, 35, 324, 324, 324, 324, 324, 324, 324, 324, 324, 414, 414, 414, 213, 213, 324, 324, 324, 324, 324, 324, 324, 324, 324, 324, 324, 324, 324, 324, 171, 63, 63, 171, 171, 171, 324, 324, 324, 324, 324, 324, 414, 414, 170, 170, 170, 171, 324, 324, 324, 414, 414, 414, 414, 414, 414, 414, 414, 414, 414, 414, 414, 414, 414, 414, 414, 414, 414, 414, 414, 414, 414, 414, 414, 414, 414, 414, 414, 414, 414, 414, 414, 414, 414, 414, 414, 414, 414, 414, 414, 414, 414, 414, 414, 414, 414, 414, 414, 414, 414, 414, 414, 414, 414, 414, 414, 414, 414, 414, 414, 414, 414, 414, 414, 414, 414, 414, 414, 414, 414, 414, 414, 414, 414, 414, 414, 414, 414, 414, 414, 414, 414, 414, 414, 414, 414, 414, 414, 414, 414, 414, 414, 414, 414, 414, 414, 414, 414, 414, 414, 414, 414, 414, 414, 414, 414, 414, 414, 414, 414, 414, 414, 414, 414, 414, 414, 414, 414, 414, 414, 414, 414, 414, 414, 414, 414, 414, 414, 414, 414, 414, 414, 414, 414, 414, 414, 414, 414, 414, 414, 414, 414, 414, 414, 414, 414, 414, 414, 414, 414, 414, 414, 414, 414, 414, 414, 414, 414, 414, 414, 414, 414, 414, 414, 414, 414, 414, 414, 414, 414, 414, 414, 414, 414, 414, 414, 414, 414, 414, 414, 414, 414, 414, 414, 414, 414, 414, 414, 414, 414, 414, 414, 414, 414, 414, 414, 414, 414, 414, 414, 414, 414, 414, 414, 414, 414, 414, 414, 414, 414, 414, 414, 414, 414, 414, 414, 414, 414, 414, 414, 414, 414, 414, 414, 414, 414, 414, 414, 414, 414, 414, 414, 414, 414, 414, 414, 414, 414, 414, 414, 414, 414, 414, 414, 414, 414, 414, 414, 414, 414, 414, 414, 414, 414, 414, 414, 414, 414, 414, 414, 414, 414, 414, 414, 414, 414, 414, 414, 414, 414, 414, 414, 414, 414, 414, 414, 414, 414, 414, 414, 414, 414, 414, 414, 414, 414, 414, 414, 414, 414, 414, 414, 414, 414, 414, 414, 414, 414, 414, 414, 414, 414, 414, 414, 414, 414, 414, 414, 414, 414, 414, 414, 414, 414, 414, 414, 414, 414, 414, 414, 414, 414, 414, 414, 414, 414, 414, 414, 414, 414, 414, 414, 414, 414, 414, 414, 414, 414, 414, 414, 414, 414, 414, 414, 414, 414, 414, 414, 414, 414, 414, 414, 414, 414, 414, 414, 414, 414, 414, 414, 414, 414, 414, 414, 414, 414, 414, 414, 414, 414, 414, 414, 414, 414, 414, 414, 414, 414, 414, 414, 414, 414, 414, 414, 414, 414, 414, 414, 414, 414, 414, 414, 414, 414, 414, 414, 414, 414, 414, 414, 414, 414, 414, 414, 414, 414, 414, 414, 414, 414, 414, 414, 414, 414, 414, 414, 414, 414, 414, 414, 414, 414, 414, 414, 414, 414, 414, 414, 414, 414, 414, 414, 414, 414, 414, 414, 414, 414, 414, 414, 414, 414]

ep5
Train step Loss: [4.389444351196289, 4.434059143066406, 4.396397590637207, 4.31911563873291, 4.411734104156494, 4.505500316619873, 4.347208499908447, 4.3463921546936035, 4.411553859710693, 4.307596683502197, 4.397366523742676, 4.297666072845459, 4.495814800262451, 4.334735870361328, 4.362002849578857, 4.4818220138549805, 4.4446210861206055, 4.367873191833496, 4.392283916473389, 4.231777191162109, 4.450387001037598, 4.3290228843688965, 4.316684246063232, 4.421486854553223, 4.385799884796143, 4.34263801574707, 4.376752853393555, 4.317404270172119, 4.282805442810059, 4.242128372192383, 4.372453689575195, 4.179360389709473, 4.384818077087402, 4.3813982009887695, 4.270396709442139, 4.2812299728393555, 4.333714008331299, 4.308607578277588, 4.429474830627441, 4.243852615356445, 4.395661354064941, 4.234429836273193, 4.2705769538879395, 4.299922466278076, 4.3448004722595215, 4.213408946990967, 4.271037578582764, 4.3175153732299805, 4.3420634269714355, 4.21832275390625, 4.424869060516357, 4.193600654602051, 4.303919792175293, 4.309581279754639, 4.253986358642578, 4.317028999328613, 4.1939496994018555, 4.291820526123047, 4.213719844818115, 4.241910934448242, 4.156066417694092, 4.25091552734375, 4.259907245635986]
val step Loss: [4.539544582366943, 4.669177055358887, 4.657370090484619, 4.702782154083252, 4.605648517608643, 4.732992649078369, 4.549611568450928, 4.612456798553467, 4.705102920532227, 4.664669513702393, 4.571599960327148, 4.654545307159424, 4.673781394958496, 4.681405067443848, 4.666941165924072, 4.567179203033447]
Train step Accs: [0.26711084191399154, 0.2561029738126942, 0.26416833051758565, 0.2706520368268382, 0.2637010179891229, 0.24992919852732937, 0.2731466751511295, 0.2722772277227723, 0.2697701315599248, 0.26784021665538255, 0.259663564781675, 0.274244289426891, 0.2519994183510252, 0.2723729792147806, 0.27156466135978075, 0.25508730471314167, 0.25933026584867075, 0.2693081566321003, 0.2686991100170422, 0.2943945858466971, 0.2535526105700144, 0.26994111349036404, 0.2786146917223171, 0.2748878923766816, 0.2726604965476715, 0.2747899159663866, 0.27181378784024424, 0.278486646884273, 0.2940885888358307, 0.2980677858726639, 0.2751382782584031, 0.29593142272262024, 0.275310254735467, 0.27085885395399484, 0.2880451835582052, 0.2775551102204409, 0.2745329069180273, 0.2780925401322002, 0.26163586584531145, 0.28805876836511407, 0.27045328911000555, 0.2967032967032967, 0.2808164354322305, 0.27929713304267406, 0.27866761162296244, 0.2992506244796003, 0.2773858645015307, 0.2711076684740511, 0.27780259044216166, 0.2880944678097703, 0.2621610573647636, 0.3035446079903875, 0.2771067415730337, 0.2826117221216762, 0.2901849217638691, 0.28010403120936284, 0.3006142987844726, 0.28019961837663293, 0.29301075268817206, 0.29212015672616454, 0.2996750511493561, 0.28680445151033385, 0.2951585976627713]
val step Accs: [0.2556102059637258, 0.24214394323365435, 0.2354811946902655, 0.2295502565650468, 0.25036799143583566, 0.22741517917972476, 0.24326611197292342, 0.23450586264656617, 0.2289077828646174, 0.23149301231493014, 0.25488698839340257, 0.2375737152485257, 0.24301366490212975, 0.22418458908987324, 0.22739203054163684, 0.23897522049559008]
Preds: [17, 17, 284, 284, 284, 284, 284, 284, 284, 284, 250, 250, 35, 250, 153, 153, 153, 153, 182, 182, 182, 182, 182, 182, 182, 182, 182, 182, 182, 98, 98, 98, 98, 98, 320, 320, 287, 287, 287, 284, 284, 284, 284, 284, 35, 35, 324, 324, 324, 324, 324, 324, 324, 324, 324, 132, 132, 250, 250, 250, 250, 250, 250, 250, 250, 250, 132, 132, 426, 426, 426, 426, 132, 132, 250, 250, 250, 250, 250, 250, 250, 250, 250, 250, 250, 182, 182, 182, 98, 98, 98, 98, 98, 284, 284, 284, 284, 284, 284, 284, 284, 284, 284, 284, 171, 171, 171, 171, 171, 171, 324, 414, 414, 414, 414, 414, 414, 392, 392, 392, 392, 392, 171, 171, 171, 171, 171, 171, 464, 464, 464, 464, 464, 464, 464, 464, 32, 32, 32, 324, 324, 324, 324, 324, 324, 324, 324, 250, 250, 250, 250, 284, 284, 284, 284, 284, 132, 250, 250, 35, 250, 35, 35, 35, 35, 35, 267, 267, 267, 267, 213, 213, 213, 246, 246, 246, 246, 246, 246, 246, 246, 414, 414, 414, 324, 324, 324, 324, 324, 324, 414, 414, 414, 267, 267, 267, 264, 486, 486, 486, 376, 376, 376, 376, 376, 376, 35, 35, 35, 35, 35, 35, 35, 267, 267, 267, 464, 464, 464, 464, 464, 464, 284, 284, 284, 284, 250, 250, 250, 240, 240, 35, 414, 414, 414, 414, 414, 414, 414, 414, 414, 324, 35, 35, 35, 35, 35, 267, 267, 267, 284, 284, 486, 486, 486, 376, 414, 414, 414, 414, 170, 170, 170, 170, 170, 170, 170, 170, 392, 392, 392, 320, 2, 2, 2, 2, 2, 2, 2, 2, 73, 73, 73, 73, 73, 73, 320, 320, 320, 320, 320, 287, 287, 7, 7, 153, 153, 153, 153, 182, 387, 387, 387, 387, 387, 387, 387, 250, 35, 324, 324, 324, 324, 464, 464, 464, 464, 464, 132, 250, 250, 250, 250, 392, 250, 250, 250, 250, 250, 250, 324, 324, 324, 324, 324, 324, 324, 414, 392, 170, 170, 170, 284, 284, 284, 284, 240, 35, 250, 250, 250, 414, 414, 414, 267, 267, 267, 267, 267, 267, 267, 267, 213, 213, 213, 213, 213, 246, 246, 246, 246, 246, 246, 246, 246, 246, 414, 414, 414, 414, 414, 414, 414, 414, 170, 47, 47, 47, 47, 47, 47, 47, 47, 47, 47, 73, 73, 73, 73, 320, 320, 287, 287, 287, 287, 246, 35, 35, 35, 35, 35, 35, 35, 35, 35, 35, 35, 414, 414, 171, 171, 267, 267, 267, 267, 267, 267, 153, 182, 182, 182, 182, 182, 182, 98, 98, 98, 98, 98, 320, 320, 320, 320, 320, 320, 7, 7, 7, 7, 324, 213, 213, 246, 246, 246, 246, 246, 246, 246, 246, 246, 324, 324, 324, 324, 324, 324, 414, 63, 63, 63, 63, 392, 392, 392, 392, 320, 171, 171, 171, 35, 240, 240, 414, 355, 355, 153, 153, 98, 98, 414, 414, 414, 414, 414, 414, 414, 170, 170, 170, 170, 170, 47, 47, 47, 47, 47, 47, 47, 73, 73, 73, 73, 73, 73, 73, 320, 320, 320, 287, 287, 287, 287, 284, 35, 35, 35, 35, 35, 35, 35, 35, 35, 267, 267, 213, 213, 213, 213, 246, 246, 246, 246, 246, 246, 246, 414, 414, 324, 213, 213, 213, 324, 324, 324, 171, 171, 171, 240, 35, 35, 35, 35, 35, 324, 324, 324, 374, 374, 132, 132, 132, 132, 171, 171, 374, 132, 132, 132, 132, 132, 132, 171, 171, 132, 132, 132, 132, 132, 132, 132, 132, 132, 132, 132, 132, 132, 132, 132, 132]

ep6
Train step Loss: [4.214932918548584, 4.255009174346924, 4.302771091461182, 4.146320343017578, 4.173155307769775, 4.189203262329102, 4.257506370544434, 4.233353137969971, 4.10477876663208, 4.160233020782471, 4.135347366333008, 4.085677623748779, 4.176010608673096, 4.118921279907227, 4.047702789306641, 4.0640363693237305, 4.212118625640869, 4.164783000946045, 3.9326694011688232, 4.122345924377441, 4.036294937133789, 4.2065839767456055, 4.199410438537598, 4.057323932647705, 4.1610589027404785, 4.069604873657227, 4.119378089904785, 4.100398540496826, 4.081026554107666, 4.120962619781494, 4.044455051422119, 4.277653694152832, 4.072835445404053, 4.032772541046143, 4.062656402587891, 4.010079383850098, 4.049575328826904, 4.0120110511779785, 4.2512898445129395, 3.980926990509033, 4.05027437210083, 4.090947151184082, 4.102135181427002, 4.032130241394043, 4.041538715362549, 4.018543720245361, 4.081326961517334, 3.8048040866851807, 3.9156177043914795, 3.9630627632141113, 3.8798649311065674, 4.0343732833862305, 4.035211563110352, 4.017999649047852, 4.139556884765625, 4.1330952644348145, 4.046196460723877, 3.918043375015259, 3.9800798892974854, 4.014057159423828, 3.9786107540130615, 4.016719818115234, 4.07846736907959]
val step Loss: [4.442398548126221, 4.478025436401367, 4.557871341705322, 4.3987531661987305, 4.30865478515625, 4.353104114532471, 4.364757537841797, 4.428102970123291, 4.443129062652588, 4.402170658111572, 4.328315734863281, 4.3736066818237305, 4.451377868652344, 4.401926040649414, 4.358515739440918, 4.384477615356445]
Train step Accs: [0.29287483607751713, 0.28822619215079476, 0.284871167410393, 0.3012150668286756, 0.3021206690561529, 0.295701464336325, 0.2848292535509217, 0.29463595609831505, 0.3137308533916849, 0.30828713160198423, 0.3047962867457452, 0.31947384336256424, 0.3059100067159167, 0.3129117259552042, 0.3177236780896263, 0.31645045542368205, 0.29020689655172416, 0.3062166450310111, 0.34036780223093155, 0.3052059496567506, 0.32556841958432137, 0.2900053879310345, 0.3007196235815112, 0.3205193917649069, 0.2961838681699913, 0.3158112582781457, 0.30256343863283275, 0.31800766283524906, 0.31816730523627074, 0.3124012070699813, 0.32184596943362304, 0.28405845792037626, 0.3174705806284754, 0.32678403017918894, 0.3147874852420307, 0.3260046592894584, 0.3209580838323353, 0.3187624183934147, 0.2870575943581037, 0.3261122757978104, 0.30983504512916277, 0.3161308516638466, 0.3067785668173015, 0.31574016239850095, 0.3150665124349335, 0.32612996499771724, 0.30434782608695654, 0.35504929389821477, 0.33793007382643825, 0.3368471490177288, 0.3391063891718818, 0.3153868360277136, 0.31768033946251767, 0.3134920634920635, 0.3067629291292176, 0.3047805514765867, 0.310841017043867, 0.33501997336884154, 0.32940807034071284, 0.3161120840630473, 0.33040984989036937, 0.3128469980632666, 0.3263425484588497]
val step Accs: [0.2618384401114206, 0.2576723498888065, 0.2447680995475113, 0.26212811578665235, 0.2857334585961616, 0.27331275996243126, 0.2631578947368421, 0.2649149530337649, 0.2665013090808874, 0.27054108216432865, 0.28379467884977155, 0.26209501670783086, 0.2621502209131075, 0.2637651526215861, 0.2768403762878901, 0.2654846880036841]
Preds: [17, 17, 287, 287, 287, 360, 360, 360, 360, 360, 324, 35, 35, 35, 35, 35, 35, 182, 464, 464, 35, 35, 35, 35, 35, 35, 35, 267, 267, 267, 486, 486, 486, 486, 486, 486, 486, 35, 35, 35, 35, 35, 213, 213, 213, 213, 213, 246, 246, 19, 19, 19, 414, 414, 414, 414, 414, 414, 414, 414, 170, 170, 392, 392, 392, 392, 392, 320, 320, 320, 287, 287, 171, 171, 392, 392, 73, 73, 320, 320, 320, 320, 287, 287, 287, 284, 284, 284, 284, 284, 284, 284, 284, 284, 35, 35, 35, 35, 250, 250, 250, 250, 250, 250, 250, 63, 213, 464, 284, 284, 284, 284, 284, 284, 284, 284, 35, 35, 35, 35, 35, 35, 35, 284, 284, 264, 264, 264, 264, 264, 264, 264, 264, 264, 264, 264, 264, 264, 264, 264, 264, 264, 264, 264, 264, 264, 468, 468, 63, 171, 171, 171, 171, 171, 324, 324, 324, 324, 324, 250, 250, 250, 250, 392, 392, 426, 426, 426, 132, 132, 250, 250, 250, 250, 250, 250, 486, 486, 486, 486, 486, 486, 486, 486, 486, 486, 486, 486, 486, 35, 35, 35, 35, 35, 486, 171, 171, 171, 171, 171, 213, 213, 213, 213, 213, 324, 324, 414, 374, 414, 355, 355, 355, 355, 355, 355, 355, 320, 392, 392, 320, 320, 320, 320, 171, 171, 171, 284, 284, 35, 35, 486, 486, 170, 267, 267, 267, 267, 63, 171, 171, 171, 171, 171, 171, 171, 171, 434, 171, 171, 171, 171, 171, 171, 171, 171, 246, 246, 246, 246, 246, 35, 35, 171, 35, 171, 171, 171, 324, 324, 324, 434, 434, 246, 246, 19, 19, 19, 414, 414, 414, 414, 414, 414, 414, 414, 414, 170, 170, 170, 170, 392, 392, 392, 392, 392, 73, 73, 73, 73, 320, 320, 320, 320, 320, 320, 287, 287, 35, 35, 267, 267, 267, 267, 267, 267, 464, 464, 464, 464, 464, 171, 240, 240, 240, 240, 240, 240, 324, 324, 324, 324, 324, 324, 324, 324, 324, 324, 324, 324, 324, 324, 324, 324, 324, 324, 324, 324, 374, 63, 63, 63, 63, 63, 63, 182, 213, 213, 213, 213, 213, 246, 246, 246, 246, 246, 246, 246, 246, 246, 246, 464, 171, 486, 486, 486, 486, 486, 35, 35, 35, 35, 35, 153, 153, 387, 387, 387, 486, 486, 486, 374, 267, 213, 171, 171, 267, 267, 171, 284, 284, 35, 35, 486, 35, 35, 35, 35, 35, 171, 171, 171, 171, 171, 171, 434, 434, 434, 434, 434, 63, 246, 246, 246, 246, 246, 246, 246, 246, 246, 464, 464, 464, 264, 374, 374, 486, 414, 414, 414, 414, 414, 414, 414, 414, 414, 170, 170, 170, 392, 392, 392, 392, 320, 320, 320, 324, 324, 324, 414, 320, 320, 7, 7, 7, 7, 7, 374, 63, 63, 171, 171, 171, 171, 171, 171, 171, 171, 434, 434, 434, 434, 434, 434, 434, 434, 434, 434, 434, 434, 434, 434, 434, 374, 324, 324, 250, 35, 284, 284, 284, 284, 284, 132, 132, 426, 132, 132, 132, 355, 355, 355, 355, 355, 355, 414, 414, 414, 414, 414, 414, 170, 170, 170, 170, 170, 392, 244, 244, 2, 2, 2, 2, 2, 73, 73, 73, 73, 73, 320, 320, 320, 287, 287, 287, 284, 284, 284, 284, 284, 284, 284, 284, 284, 284, 392, 392, 392, 392, 48, 48, 213, 213, 213, 171, 324, 324, 153, 153, 153, 182, 182, 182, 182, 182, 182, 182, 182, 182, 387, 387, 387, 387, 35, 35, 35, 35, 35, 35, 170, 63, 63, 171, 324, 171, 171, 171, 171, 171, 324]

ep7
Train step Loss: [3.9251177310943604, 3.9011378288269043, 4.062007427215576, 3.8762288093566895, 3.9266855716705322, 3.851921558380127, 3.9106740951538086, 3.9616541862487793, 3.8564298152923584, 3.9362668991088867, 4.04381799697876, 4.112765312194824, 3.923654079437256, 3.996169090270996, 3.9097824096679688, 3.818101406097412, 3.9922759532928467, 3.8161001205444336, 3.839709520339966, 4.003996849060059, 4.045938491821289, 3.7822189331054688, 3.906744956970215, 3.849092721939087, 3.6311421394348145, 3.7867579460144043, 3.940842390060425, 3.892944812774658, 3.799469232559204, 3.8370320796966553, 3.849123239517212, 3.8929283618927, 3.7692105770111084, 3.868997097015381, 3.7722713947296143, 3.817143440246582, 3.999265670776367, 3.7641375064849854, 3.7613916397094727, 3.722788095474243, 3.973630428314209, 3.7675721645355225, 3.7382891178131104, 3.7846858501434326, 3.743825912475586, 3.7752153873443604, 3.7980284690856934, 3.7020721435546875, 3.80757474899292, 3.7441935539245605, 3.7295641899108887, 3.714078903198242, 3.7714836597442627, 3.7495574951171875, 3.7963993549346924, 3.6007919311523438, 3.649629831314087, 3.695246696472168, 3.717625379562378, 3.7250380516052246, 3.6764352321624756, 3.732638359069824, 3.831162452697754]
val step Loss: [4.191391944885254, 4.115740776062012, 4.1912407875061035, 4.104221343994141, 4.140915393829346, 4.078315734863281, 4.210336685180664, 4.1557183265686035, 4.1415815353393555, 4.13448429107666, 4.182636260986328, 4.118664264678955, 4.132408142089844, 4.145853519439697, 4.123388290405273, 4.201120853424072]
Train step Accs: [0.3275202692366529, 0.33486786018755327, 0.3188491769242177, 0.3402252958790817, 0.3316135689410551, 0.3458924349881797, 0.33713883016208596, 0.31782477341389725, 0.33805490654205606, 0.32958107722998004, 0.3205998421468035, 0.30847978160723427, 0.3256472491909385, 0.32684875032208194, 0.3430847212165098, 0.35626348521385964, 0.3225857187794904, 0.3499867479459316, 0.3463028465554994, 0.3211343686698177, 0.30626084213846394, 0.34822104466313397, 0.33812719718759987, 0.33932941752325013, 0.3780594405594406, 0.35636763291660944, 0.33814866760168305, 0.3409541429892956, 0.3482954545454545, 0.34069524307370624, 0.33948018004936836, 0.33288510383983266, 0.3571011104617183, 0.34195824757424287, 0.34979155810317875, 0.3385169186465083, 0.31985347985347984, 0.35323977306658705, 0.3565217391304348, 0.3587646484375, 0.32919254658385094, 0.3646642146846479, 0.3645224171539961, 0.3450896929157799, 0.36154366960054163, 0.35475375296286543, 0.3553976010661928, 0.36630872483221477, 0.34985714285714287, 0.35930352663420395, 0.35848142164781904, 0.3680400890868597, 0.35756551141166526, 0.3615678214914856, 0.34906042990401515, 0.38575140161356486, 0.3740248483097371, 0.36716695033266283, 0.3710091220068415, 0.36279642747151214, 0.36114887831407205, 0.36803610333022097, 0.34459886291850916]
val step Accs: [0.3057841090507184, 0.30128396536279484, 0.30334591850019527, 0.3111913357400722, 0.3022659256092347, 0.3145172180958812, 0.2951799049558724, 0.2992957746478873, 0.30052611317849354, 0.3043424163244992, 0.30432113920942794, 0.2976416373000813, 0.3015374960778161, 0.30713226371848457, 0.3010106178840988, 0.2885949696444059]
Preds: [17, 17, 17, 360, 360, 171, 171, 360, 171, 171, 434, 434, 434, 434, 434, 434, 434, 324, 324, 153, 153, 153, 182, 98, 98, 98, 98, 250, 250, 284, 63, 284, 284, 284, 319, 319, 319, 413, 319, 319, 319, 35, 35, 219, 219, 464, 464, 464, 464, 464, 464, 464, 464, 264, 264, 264, 264, 468, 413, 413, 182, 182, 182, 132, 413, 98, 98, 98, 414, 414, 414, 170, 414, 414, 170, 170, 170, 170, 170, 170, 170, 2, 2, 2, 2, 2, 2, 2, 2, 2, 2, 73, 73, 73, 73, 320, 320, 320, 320, 320, 320, 320, 287, 219, 219, 219, 219, 219, 464, 213, 324, 213, 213, 213, 213, 246, 246, 246, 246, 19, 19, 454, 414, 414, 414, 414, 414, 414, 414, 414, 170, 47, 47, 47, 47, 47, 244, 73, 73, 73, 73, 73, 320, 320, 320, 320, 320, 7, 7, 7, 360, 360, 360, 360, 171, 171, 171, 171, 171, 19, 324, 324, 324, 324, 324, 324, 324, 324, 374, 486, 267, 267, 267, 267, 267, 267, 267, 267, 171, 171, 171, 171, 171, 252, 464, 464, 392, 392, 73, 320, 320, 7, 213, 213, 213, 213, 213, 246, 246, 246, 246, 246, 246, 454, 454, 414, 414, 414, 414, 320, 80, 80, 7, 7, 7, 7, 7, 7, 7, 35, 171, 374, 374, 374, 171, 171, 171, 171, 171, 171, 171, 171, 324, 324, 414, 414, 414, 414, 414, 47, 47, 80, 287, 213, 213, 213, 246, 360, 360, 434, 374, 374, 374, 63, 360, 360, 360, 360, 360, 464, 464, 464, 464, 450, 450, 450, 450, 450, 450, 450, 450, 450, 450, 413, 250, 250, 250, 250, 153, 153, 153, 182, 182, 182, 182, 284, 413, 250, 250, 250, 250, 250, 250, 250, 250, 250, 250, 250, 250, 250, 250, 250, 250, 250, 250, 250, 250, 426, 426, 426, 426, 426, 426, 426, 426, 426, 426, 413, 413, 413, 303, 303, 303, 303, 35, 355, 171, 324, 324, 324, 324, 324, 464, 464, 464, 464, 264, 264, 264, 264, 171, 171, 240, 35, 35, 35, 171, 324, 324, 153, 153, 153, 153, 387, 387, 387, 387, 387, 387, 387, 374, 171, 171, 171, 284, 284, 284, 284, 171, 213, 35, 35, 35, 240, 240, 240, 171, 246, 464, 464, 464, 464, 464, 171, 171, 171, 171, 171, 464, 464, 464, 464, 240, 240, 240, 240, 414, 414, 170, 170, 170, 170, 170, 170, 47, 47, 47, 267, 287, 324, 324, 324, 324, 324, 324, 324, 324, 324, 324, 171, 267, 267, 392, 73, 73, 73, 73, 320, 320, 320, 320, 320, 287, 284, 284, 284, 284, 284, 284, 284, 284, 284, 284, 284, 284, 284, 450, 413, 413, 250, 250, 240, 324, 324, 324, 324, 324, 324, 464, 464, 464, 464, 464, 464, 464, 450, 450, 450, 450, 450, 450, 450, 250, 250, 153, 153, 153, 153, 182, 182, 182, 182, 182, 182, 182, 182, 182, 182, 182, 182, 98, 182, 387, 413, 413, 413, 413, 413, 413, 413, 413, 213, 213, 213, 213, 35, 35, 486, 355, 355, 240, 240, 240, 303, 303, 303, 468, 468, 468, 413, 413, 48, 303, 303, 303, 303, 303, 48, 48, 48, 48, 414, 170, 170, 170, 170, 171, 171, 19, 19, 414, 303, 48, 48, 48, 48, 303, 303, 48, 48, 170, 170, 170, 170, 170, 170, 47, 47, 47, 171, 171, 171, 171, 414, 171, 171, 171, 171, 171, 171, 171, 171, 171, 171, 171, 171, 171, 171, 240, 240, 35, 284, 284, 284, 486, 35, 35, 35, 35, 284, 170, 170, 170, 170, 170, 47, 47, 47, 47, 47]

ep8
Train step Loss: [3.7027413845062256, 3.583010673522949, 3.6524746417999268, 3.762174606323242, 3.7228493690490723, 3.701274871826172, 3.584440231323242, 3.719881534576416, 3.7165191173553467, 3.6386008262634277, 3.5405023097991943, 3.5681471824645996, 3.5913138389587402, 3.523155450820923, 3.590116500854492, 3.5517783164978027, 3.6701419353485107, 3.6232171058654785, 3.6393890380859375, 3.7310914993286133, 3.647895336151123, 3.549405813217163, 3.7123968601226807, 3.6079492568969727, 3.663353681564331, 3.5086820125579834, 3.510589122772217, 3.7329063415527344, 3.5112147331237793, 3.5943288803100586, 3.4990832805633545, 3.6160590648651123, 3.34136700630188, 3.7942469120025635, 3.5165817737579346, 3.559720039367676, 3.563995838165283, 3.5332233905792236, 3.5653722286224365, 3.459865093231201, 3.559536933898926, 3.5091216564178467, 3.4996204376220703, 3.4833648204803467, 3.5195441246032715, 3.4914143085479736, 3.5095245838165283, 3.477402687072754, 3.382742404937744, 3.4601030349731445, 3.4879329204559326, 3.540252685546875, 3.390082836151123, 3.5317323207855225, 3.4017648696899414, 3.453613519668579, 3.4359397888183594, 3.4874114990234375, 3.608316659927368, 3.474396228790283, 3.3295443058013916, 3.385364055633545, 3.3702754974365234]
val step Loss: [3.7095093727111816, 3.8635306358337402, 3.9486122131347656, 3.933342218399048, 3.8472135066986084, 3.892521381378174, 3.837576389312744, 3.780552864074707, 3.882561683654785, 3.9914231300354004, 3.831427812576294, 3.8193912506103516, 3.788597583770752, 3.8758139610290527, 3.9729743003845215, 3.832545042037964]
Train step Accs: [0.3665674603174603, 0.38787407695297316, 0.3765455704270236, 0.3615614670234535, 0.37290409121395035, 0.36565458700620307, 0.3863043776588445, 0.3676786673831274, 0.3665753424657534, 0.3820843600521815, 0.38897338403041826, 0.3942537909018356, 0.3789240972733972, 0.3957968476357268, 0.3859841226389269, 0.3990972626674432, 0.3798416737348035, 0.38399762046400954, 0.36974087489551405, 0.36651261997867046, 0.3781558726673985, 0.3865262589442419, 0.3732103524229075, 0.3808906182447038, 0.3725899742930591, 0.39297430289775837, 0.39734381352486786, 0.3565867331049517, 0.39491417673235857, 0.3791456257677085, 0.40264919527132886, 0.37978186553801074, 0.4362258953168044, 0.3563563563563564, 0.4012783104071141, 0.39616749467707596, 0.39596273291925466, 0.39996977938954364, 0.3904, 0.4080570833952728, 0.39211952541379813, 0.40314383642595436, 0.40435762584522916, 0.40415140415140416, 0.39946018893387314, 0.40569758948137324, 0.4020147961592948, 0.40472529008807495, 0.42787360708288813, 0.40447400241837966, 0.4074861760952786, 0.40682852807283765, 0.42021132484421564, 0.40422942339875245, 0.42080501829587036, 0.4039907065737324, 0.4181968797459616, 0.40366696723775175, 0.3916781820973438, 0.40410497981157467, 0.4345774941029555, 0.4150378310214376, 0.4239161235477472]
val step Accs: [0.3688010899182561, 0.34020771513353115, 0.33152777777777775, 0.3357965931863727, 0.3474055879643844, 0.3437409236131281, 0.34677210267046926, 0.35602322206095793, 0.3370564117064895, 0.32117056446675646, 0.3530773918342474, 0.35800082838602787, 0.3599318817662085, 0.3471686925585532, 0.32222800624674647, 0.34967251214874284]
Preds: [17, 17, 17, 287, 284, 284, 284, 284, 284, 450, 450, 450, 450, 413, 413, 413, 413, 413, 132, 48, 48, 48, 48, 2, 324, 153, 284, 284, 284, 486, 35, 35, 35, 35, 250, 250, 324, 324, 398, 324, 324, 324, 324, 324, 324, 414, 374, 267, 267, 267, 267, 267, 267, 267, 267, 324, 324, 324, 464, 464, 464, 464, 171, 171, 171, 171, 171, 171, 240, 35, 35, 35, 267, 267, 267, 267, 267, 267, 267, 267, 486, 486, 486, 486, 486, 486, 460, 267, 406, 374, 132, 132, 32, 32, 32, 32, 32, 239, 107, 107, 395, 395, 395, 395, 264, 264, 264, 264, 264, 264, 264, 264, 120, 264, 264, 35, 35, 35, 35, 170, 170, 170, 170, 170, 170, 170, 170, 170, 170, 170, 170, 392, 392, 392, 2, 2, 2, 2, 392, 392, 73, 392, 392, 73, 73, 73, 320, 320, 287, 287, 287, 287, 293, 293, 35, 387, 387, 387, 387, 387, 293, 284, 284, 426, 413, 413, 413, 250, 250, 250, 250, 250, 250, 98, 98, 98, 7, 7, 7, 473, 35, 240, 240, 171, 374, 374, 434, 434, 324, 324, 324, 324, 324, 374, 398, 360, 360, 360, 360, 360, 324, 331, 331, 331, 132, 132, 132, 132, 182, 182, 182, 182, 43, 35, 32, 32, 32, 32, 32, 153, 153, 426, 426, 426, 413, 413, 250, 250, 250, 250, 98, 98, 98, 98, 414, 414, 170, 170, 170, 170, 170, 170, 170, 2, 2, 2, 2, 2, 2, 2, 2, 2, 73, 73, 73, 73, 73, 320, 320, 7, 7, 7, 284, 284, 284, 35, 240, 240, 35, 35, 35, 35, 35, 267, 267, 267, 267, 153, 153, 153, 153, 387, 387, 387, 387, 387, 387, 284, 170, 413, 324, 324, 324, 153, 153, 153, 182, 497, 98, 98, 98, 98, 98, 98, 244, 244, 244, 320, 320, 287, 287, 284, 284, 284, 284, 284, 284, 284, 284, 284, 132, 132, 132, 132, 132, 132, 413, 35, 324, 324, 324, 324, 434, 250, 250, 250, 250, 250, 250, 250, 250, 250, 171, 171, 171, 171, 324, 264, 264, 32, 32, 32, 32, 32, 239, 180, 153, 153, 153, 387, 387, 387, 387, 486, 284, 413, 324, 324, 324, 153, 153, 153, 182, 182, 182, 182, 182, 182, 132, 132, 132, 132, 132, 132, 132, 98, 98, 98, 98, 414, 414, 170, 170, 170, 170, 170, 170, 170, 392, 392, 392, 392, 392, 392, 392, 392, 73, 73, 73, 320, 320, 320, 7, 7, 153, 182, 153, 153, 153, 153, 153, 182, 182, 182, 182, 182, 182, 182, 182, 182, 182, 182, 182, 182, 182, 35, 35, 98, 98, 48, 374, 374, 374, 374, 374, 374, 374, 153, 153, 153, 98, 98, 98, 98, 98, 98, 98, 414, 414, 486, 486, 240, 240, 240, 240, 240, 240, 240, 240, 240, 240, 240, 240, 240, 240, 240, 240, 240, 240, 240, 240, 240, 240, 240, 240, 240, 240, 240, 240, 240, 240, 240, 240, 240, 240, 240, 240, 240, 240, 240, 240, 240, 240, 240, 240, 240, 240, 240, 240, 240, 240, 240, 240, 240, 240, 240, 240, 240, 240, 240, 240, 240, 240, 240, 240, 240, 240, 240, 240, 240, 240, 240, 240, 240, 240, 240, 240, 240, 240, 240, 240, 240, 240, 240, 240, 240, 240, 240, 240, 240, 240, 240, 240, 240, 240, 240, 240, 240, 240, 240, 240, 240, 240, 240, 240, 240, 240, 240, 240, 240, 240, 240, 240, 240, 240, 240, 240, 240, 240, 240, 240, 240, 240, 240, 240, 240, 240, 240, 240, 240, 240, 240, 240, 240, 240, 240, 240, 240, 240, 240]

ep9
Train step Loss: [3.279489040374756, 3.297516107559204, 3.5065016746520996, 3.4011850357055664, 3.2931413650512695, 3.48829984664917, 3.432250499725342, 3.4627528190612793, 3.352363109588623, 3.304884910583496, 3.290175676345825, 3.2588138580322266, 3.297496795654297, 3.3561055660247803, 3.416991949081421, 3.270534038543701, 3.1637918949127197, 3.343477964401245, 3.382673501968384, 3.357882261276245, 3.213235855102539, 3.376105785369873, 3.376030206680298, 3.3213841915130615, 3.4584662914276123, 3.2252159118652344, 3.1314330101013184, 3.3769445419311523, 3.2355263233184814, 3.3104348182678223, 3.2177436351776123, 3.203848123550415, 3.326807975769043, 3.167052745819092, 3.265265941619873, 3.2197673320770264, 3.3137850761413574, 3.24147629737854, 3.1918044090270996, 3.1945579051971436, 3.2238423824310303, 3.2882611751556396, 3.244257688522339, 3.3507275581359863, 3.206759452819824, 3.3322484493255615, 3.1197144985198975, 3.1057560443878174, 3.2094290256500244, 3.240213632583618, 3.219536781311035, 3.266758441925049, 3.0853028297424316, 3.0583133697509766, 3.087947130203247, 3.1905245780944824, 3.2040295600891113, 3.098172903060913, 3.221724033355713, 3.081998825073242, 3.2645227909088135, 3.142263174057007, 3.1924943923950195]
val step Loss: [3.5410475730895996, 3.536541700363159, 3.586238384246826, 3.6463582515716553, 3.46987247467041, 3.635745048522949, 3.600264549255371, 3.54726243019104, 3.5835559368133545, 3.588801383972168, 3.5063440799713135, 3.6266965866088867, 3.410649538040161, 3.569199323654175, 3.502722978591919, 3.5192039012908936]
Train step Accs: [0.44012365766352096, 0.4331291838769406, 0.40171561500436176, 0.42292915321960967, 0.43703007518796994, 0.39917748361393135, 0.4086216517857143, 0.4161924469736161, 0.42698124621899575, 0.43341840564479805, 0.43740095087163233, 0.44046043926964806, 0.4431222552769514, 0.42047190629774234, 0.41459721380981224, 0.4429770427055048, 0.4619161172674989, 0.4331648413367032, 0.42615817762989505, 0.4300419367136866, 0.4483236702798084, 0.4298482054192084, 0.42462845010615713, 0.4351954423168223, 0.41712350854563046, 0.45387634936211974, 0.46423805711235655, 0.4240610504264552, 0.4405420881847681, 0.43617330619366096, 0.4403017554040331, 0.4556401384083045, 0.43772348033373065, 0.46344238975817925, 0.45111985472154964, 0.45139519792342636, 0.4382562829661806, 0.4475265243512719, 0.45460160592958615, 0.45556805399325084, 0.4507407973117458, 0.44316423043852105, 0.4533208020050125, 0.43811811246114724, 0.4562743336328242, 0.44683120048750763, 0.4743227522020941, 0.47559480009811134, 0.465592972181552, 0.44981470043236566, 0.45231607629427795, 0.44567289363324436, 0.4758982035928144, 0.47109057818843625, 0.4809846314144308, 0.4560975609756098, 0.4637404580152672, 0.4785878741366078, 0.4604691572545613, 0.47983421010680694, 0.45435848758107894, 0.46302091912370286, 0.4621026894865526]
val step Accs: [0.3988232284471732, 0.40649762282091917, 0.4029299363057325, 0.39063171465406105, 0.4213138686131387, 0.3978740581270183, 0.40020763041785623, 0.41931912538057015, 0.3993236212278876, 0.3986013986013986, 0.41385797146888226, 0.3932835820895522, 0.42585157363035875, 0.4036746105711623, 0.41260162601626016, 0.40688415104032877]
Preds: [17, 17, 287, 287, 319, 319, 319, 319, 413, 35, 35, 276, 153, 497, 497, 497, 122, 122, 35, 35, 374, 374, 413, 98, 98, 284, 284, 284, 426, 426, 426, 426, 293, 293, 293, 293, 293, 250, 250, 250, 250, 250, 65, 426, 426, 426, 426, 426, 426, 426, 426, 35, 77, 342, 342, 342, 267, 267, 267, 267, 324, 464, 464, 464, 464, 464, 315, 315, 450, 319, 319, 413, 413, 35, 35, 250, 250, 250, 250, 250, 250, 250, 331, 486, 486, 486, 486, 486, 460, 460, 486, 342, 342, 342, 342, 374, 374, 374, 374, 374, 63, 63, 153, 153, 213, 213, 213, 246, 246, 246, 246, 454, 180, 180, 63, 63, 374, 374, 374, 374, 374, 374, 374, 374, 374, 374, 374, 374, 132, 132, 497, 122, 122, 122, 122, 239, 395, 395, 213, 213, 213, 213, 213, 246, 32, 239, 35, 239, 324, 213, 324, 324, 324, 301, 301, 301, 464, 464, 464, 213, 213, 213, 213, 246, 246, 246, 19, 19, 454, 454, 414, 414, 414, 414, 170, 170, 170, 187, 187, 187, 80, 80, 392, 244, 320, 320, 320, 320, 320, 320, 320, 7, 287, 287, 267, 267, 267, 267, 267, 267, 267, 267, 267, 213, 246, 246, 246, 246, 246, 246, 246, 246, 246, 246, 246, 246, 32, 354, 354, 354, 284, 284, 284, 284, 460, 460, 460, 460, 486, 342, 342, 267, 267, 267, 267, 267, 267, 374, 374, 331, 387, 153, 153, 153, 497, 497, 497, 43, 43, 276, 276, 387, 387, 284, 284, 486, 376, 376, 376, 460, 460, 460, 460, 263, 414, 414, 414, 414, 414, 170, 170, 170, 47, 47, 47, 73, 73, 244, 320, 320, 320, 320, 7, 7, 7, 360, 434, 434, 434, 434, 434, 434, 434, 250, 250, 132, 132, 132, 398, 98, 360, 434, 434, 434, 434, 374, 374, 374, 374, 63, 374, 153, 153, 182, 464, 464, 464, 464, 464, 240, 240, 240, 240, 239, 100, 100, 153, 497, 497, 497, 122, 35, 35, 239, 395, 464, 171, 171, 171, 171, 171, 171, 171, 252, 32, 464, 464, 464, 443, 240, 240, 240, 240, 240, 180, 180, 213, 213, 213, 246, 246, 246, 246, 246, 246, 19, 19, 454, 454, 414, 414, 414, 414, 414, 187, 187, 392, 244, 73, 73, 320, 320, 320, 7, 7, 7, 213, 213, 213, 346, 387, 387, 293, 293, 35, 35, 35, 35, 35, 35, 180, 139, 139, 139, 139, 293, 293, 35, 35, 35, 374, 35, 35, 387, 387, 387, 284, 284, 284, 284, 284, 443, 443, 240, 240, 240, 35, 310, 371, 286, 180, 180, 180, 374, 464, 73, 73, 63, 374, 374, 374, 374, 374, 374, 374, 374, 374, 413, 413, 413, 413, 48, 342, 374, 374, 63, 63, 63, 153, 153, 153, 213, 213, 213, 324, 324, 324, 301, 239, 180, 374, 63, 63, 374, 374, 374, 434, 324, 434, 434, 374, 374, 331, 331, 486, 486, 486, 486, 240, 240, 35, 219, 219, 246, 246, 246, 246, 246, 246, 246, 19, 19, 19, 454, 454, 414, 414, 414, 414, 170, 170, 170, 170, 244, 73, 73, 73, 320, 320, 320, 7, 7, 7, 374, 374, 132, 132, 132, 473, 473, 473, 324, 19, 19, 19, 19, 19, 454, 454, 414, 486, 486, 486, 240, 240, 240, 240, 240, 240, 240, 240, 240, 240, 240, 240, 240, 240, 240, 240, 240, 240, 240, 240, 240, 240, 240, 240, 240, 240, 240, 240, 240, 240, 240, 240, 240, 240, 240, 240, 240, 240, 240, 240, 240, 240, 240, 240, 240, 240, 240, 240, 240, 240, 240, 240, 240, 240, 240, 240, 240]

ep10
Train step Loss: [3.1017379760742188, 3.18658447265625, 3.0267152786254883, 3.070917844772339, 3.1354172229766846, 3.0274698734283447, 3.0068883895874023, 3.0179953575134277, 3.018303632736206, 3.0634078979492188, 3.049194812774658, 3.0900542736053467, 3.148315191268921, 3.0447847843170166, 2.9887239933013916, 3.1000783443450928, 3.0768210887908936, 3.033029079437256, 3.05293607711792, 2.943310499191284, 3.018709421157837, 3.0934948921203613, 3.107131242752075, 2.873351573944092, 3.001652240753174, 2.960021495819092, 3.0484588146209717, 2.992831230163574, 2.8659846782684326, 2.974538803100586, 2.896061897277832, 2.9136691093444824, 3.0441744327545166, 3.0414485931396484, 3.086082935333252, 3.0134451389312744, 2.823960781097412, 2.8315956592559814, 2.9357357025146484, 2.9458298683166504, 2.9389452934265137, 2.9367947578430176, 2.8233518600463867, 2.87392258644104, 2.813506841659546, 2.768899440765381, 2.788299322128296, 2.833472490310669, 2.8687472343444824, 2.984745502471924, 2.8371970653533936, 2.7027082443237305, 2.886787176132202, 2.840696334838867, 2.9524121284484863, 2.7719552516937256, 2.8073437213897705, 2.730149984359741, 2.7782812118530273, 2.8801021575927734, 2.751150608062744, 2.8166232109069824, 2.9174442291259766]
val step Loss: [3.19718337059021, 3.1201348304748535, 3.1315019130706787, 3.150651693344116, 3.162442445755005, 3.1754770278930664, 3.2606441974639893, 3.2028088569641113, 3.178302049636841, 3.2148962020874023, 3.22988224029541, 3.2803452014923096, 3.2848072052001953, 3.2689578533172607, 3.3454129695892334, 3.246332883834839]
Train step Accs: [0.4775406180312201, 0.4610264494657558, 0.49331200930503055, 0.4943995462923579, 0.470469694620989, 0.49926715522984677, 0.48993099563441767, 0.4834305408271474, 0.4933780385582565, 0.4898841698841699, 0.4925545756830996, 0.48513986013986016, 0.4789657582110412, 0.4886964886964887, 0.49969240233774226, 0.48010407101316194, 0.4730634828188701, 0.49238578680203043, 0.4860624918967976, 0.5096039210491455, 0.49615699100572364, 0.481172750790457, 0.4791759300429821, 0.5262449528936743, 0.5056356113568269, 0.5149855469344288, 0.4885523071504051, 0.5128725230145108, 0.5181845965770171, 0.5026362038664324, 0.5173683368016648, 0.518460664583925, 0.4948494453248811, 0.49771217712177124, 0.4869985889941544, 0.49826673964605, 0.5254585272378867, 0.5295318652471926, 0.5122859270290394, 0.5145667801740447, 0.5095449790794979, 0.503448275862069, 0.5296017222820237, 0.521433494141971, 0.5296285795293451, 0.5429543907420014, 0.5370697263901147, 0.532733224222586, 0.5217801541122818, 0.5070984208007657, 0.5277854959711031, 0.5512258064516129, 0.5251716247139588, 0.5357753705815279, 0.5212452050752434, 0.5455537370430987, 0.5354659248956884, 0.5447890818858561, 0.5384825700615175, 0.519929566191772, 0.5418646080760094, 0.5331666421532578, 0.5211532434973363]
val step Accs: [0.47619047619047616, 0.48316831683168315, 0.47444731553258684, 0.48513875193689254, 0.48178745775441234, 0.47830660005259007, 0.46534921494315107, 0.4683335298973936, 0.4710126582278481, 0.46287471176018447, 0.47049924357034795, 0.45818983331037333, 0.458, 0.4688767659812561, 0.44792612776264, 0.46646961019767225]
Preds: [17, 17, 17, 17, 486, 486, 460, 460, 460, 460, 460, 63, 374, 374, 48, 324, 324, 324, 153, 387, 387, 387, 250, 348, 398, 398, 324, 324, 434, 434, 434, 434, 434, 434, 398, 398, 360, 360, 360, 360, 360, 360, 360, 434, 434, 246, 19, 19, 19, 454, 454, 454, 414, 414, 414, 414, 414, 47, 80, 80, 80, 80, 320, 320, 188, 188, 171, 171, 171, 434, 434, 434, 250, 250, 250, 153, 43, 43, 43, 43, 98, 98, 319, 319, 319, 139, 139, 139, 139, 293, 293, 35, 35, 35, 354, 354, 354, 354, 360, 360, 360, 360, 360, 434, 434, 19, 19, 454, 454, 414, 414, 414, 414, 414, 414, 414, 170, 47, 47, 47, 47, 80, 321, 320, 7, 7, 7, 7, 7, 473, 398, 398, 360, 360, 360, 360, 360, 434, 434, 246, 246, 246, 246, 19, 19, 454, 454, 454, 197, 197, 197, 7, 7, 7, 219, 219, 219, 219, 219, 219, 219, 286, 286, 286, 286, 468, 468, 406, 413, 180, 486, 486, 315, 315, 315, 315, 315, 450, 413, 348, 250, 250, 250, 250, 250, 250, 138, 182, 497, 497, 387, 486, 486, 486, 85, 132, 413, 48, 324, 324, 324, 153, 153, 153, 182, 182, 98, 98, 98, 98, 98, 197, 197, 197, 197, 188, 188, 264, 264, 264, 443, 403, 342, 342, 342, 342, 342, 342, 267, 324, 324, 171, 324, 324, 324, 324, 324, 301, 342, 342, 342, 267, 267, 267, 267, 486, 486, 486, 460, 460, 460, 35, 35, 35, 35, 310, 100, 100, 182, 182, 182, 182, 182, 182, 182, 182, 182, 182, 182, 98, 98, 98, 98, 98, 414, 170, 170, 321, 287, 287, 287, 284, 426, 426, 426, 98, 98, 98, 98, 98, 98, 414, 486, 486, 486, 240, 240, 240, 240, 240, 240, 240, 240, 240, 240, 240, 240, 240, 240, 240, 240, 240, 240, 240, 240, 240, 240, 240, 240, 240, 240, 240, 240, 240, 240, 240, 240, 240, 240, 240, 240, 240, 240, 240, 240, 240, 240, 240, 240, 240, 240, 240, 240, 240, 240, 240, 240, 240, 240, 240, 240, 240, 240, 240, 240, 240, 240, 240, 240, 240, 240, 240, 240, 240, 240, 240, 240, 240, 240, 240, 240, 240, 240, 240, 240, 240, 240, 240, 240, 240, 240, 240, 240, 240, 240, 240, 240, 240, 240, 240, 240, 240, 240, 240, 240, 240, 240, 240, 240, 240, 240, 240, 240, 240, 240, 240, 240, 240, 240, 240, 240, 240, 240, 240, 240, 240, 240, 240, 240, 240, 240, 240, 240, 240, 240, 240, 240, 240, 240, 240, 240, 240, 240, 240, 240, 240, 240, 240, 240, 240, 240, 240, 240, 240, 240, 240, 240, 240, 240, 240, 240, 240, 240, 240, 240, 240, 240, 240, 240, 240, 240, 240, 240, 240, 240, 240, 240, 240, 240, 240, 240, 240, 240, 240, 240, 240, 240, 240, 240, 240, 240, 240, 240, 240, 240, 240, 240, 240, 240, 240, 240, 240, 240, 240, 240, 240, 240, 240, 240, 240, 240, 240, 240, 240, 240, 240, 240, 240, 240, 240, 240, 240, 240, 240, 240, 240, 240, 240, 240, 240, 240, 240, 240, 240, 240, 240, 240, 240, 240, 240, 240, 240, 240, 240, 240, 240, 240, 240, 240, 240, 240, 240, 240, 240, 240, 240, 240, 240, 240, 240, 240, 240, 240, 240, 240, 240, 240, 240, 240, 240, 240, 240, 240, 240, 240, 240, 240, 240, 240, 240, 240, 240, 240, 240, 240, 240, 240, 240, 240, 240, 240, 240, 240, 240, 240, 240, 240, 240, 240, 240, 240, 240, 240, 240, 240, 240, 240, 240, 240, 240]

ep11
Train step Loss: [2.7389628887176514, 2.7944931983947754, 2.8102567195892334, 2.79662823677063, 2.805900812149048, 2.7204339504241943, 2.6750893592834473, 2.784412145614624, 2.656491279602051, 2.7264187335968018, 2.6521456241607666, 2.7748191356658936, 2.664130926132202, 2.8157541751861572, 2.7624294757843018, 2.752281904220581, 2.664389133453369, 2.5972273349761963, 2.756406545639038, 2.697657585144043, 2.664454221725464, 2.648472309112549, 2.6038448810577393, 2.6343092918395996, 2.6016666889190674, 2.7214345932006836, 2.588437795639038, 2.6486923694610596, 2.677438974380493, 2.7754805088043213, 2.6495361328125, 2.6249098777770996, 2.6194398403167725, 2.7066650390625, 2.657792568206787, 2.737150192260742, 2.4433884620666504, 2.4557316303253174, 2.680638551712036, 2.6314613819122314, 2.523483991622925, 2.6199049949645996, 2.53588604927063, 2.494849443435669, 2.5505928993225098, 2.4190773963928223, 2.4968795776367188, 2.5157344341278076, 2.431044101715088, 2.6260650157928467, 2.432372808456421, 2.574978828430176, 2.5567851066589355, 2.4132986068725586, 2.4203004837036133, 2.44944429397583, 2.5109059810638428, 2.5125622749328613, 2.491943359375, 2.4322972297668457, 2.6369783878326416, 2.440690279006958, 2.52628755569458]
val step Loss: [2.8479440212249756, 2.903731107711792, 2.8983852863311768, 2.827739953994751, 2.8991076946258545, 2.8229355812072754, 2.7800228595733643, 3.0103275775909424, 2.89804744720459, 2.856602668762207, 2.86659574508667, 2.793614387512207, 2.9703588485717773, 2.7737507820129395, 2.792701482772827, 2.8078532218933105]
Train step Accs: [0.5399032648125756, 0.5315501699423674, 0.5398144301343304, 0.5337709700948213, 0.5284082898632455, 0.5487035739313244, 0.5608788093550673, 0.5405568096313017, 0.562636761487965, 0.5398533770082671, 0.5573948439620081, 0.5408834586466166, 0.5623423928271224, 0.5423083892009422, 0.5437479595168135, 0.546732357629329, 0.5570196078431373, 0.5694605568445475, 0.5435920442649917, 0.5518036343911039, 0.5618778784727381, 0.5671860434145691, 0.5661577608142494, 0.5661590968758204, 0.5792937399678972, 0.5537441282122133, 0.5701614075905191, 0.5601729187003207, 0.5526714254812892, 0.542963370972184, 0.5592271818787475, 0.5670475914942861, 0.5737430167597766, 0.5573698789911066, 0.5578002244668911, 0.5500798084596967, 0.6013657703798548, 0.5970386039132733, 0.561637239165329, 0.5559015421115066, 0.5885167464114832, 0.5688433117176896, 0.5863599677158999, 0.5913008884763294, 0.5698757763975155, 0.5906564163217032, 0.5837902902233516, 0.5770238587780996, 0.5951390694047309, 0.5720967526393158, 0.6033472803347281, 0.5701469450889405, 0.5757156048014774, 0.5994698475811796, 0.5938691698445292, 0.5963483515040063, 0.5807357068990988, 0.5845008756567426, 0.5909284195605953, 0.6028566992702996, 0.5562141869195811, 0.6016167919444051, 0.5835127653029837]
val step Accs: [0.5418443496801706, 0.5230380499405469, 0.5219654063982856, 0.5408004525526799, 0.5257894736842105, 0.5418712674187127, 0.5392156862745098, 0.5036237032826488, 0.524269377382465, 0.5331087360594795, 0.5355565707324501, 0.5486516541562413, 0.5063964352450769, 0.5392683886193785, 0.5425363114854144, 0.5406570841889117]
Preds: [17, 17, 287, 287, 284, 319, 319, 319, 319, 348, 348, 348, 250, 250, 250, 250, 250, 138, 138, 138, 182, 182, 182, 182, 182, 182, 182, 182, 497, 497, 98, 98, 14, 14, 287, 287, 287, 287, 111, 111, 111, 111, 111, 330, 146, 330, 331, 398, 398, 398, 324, 324, 324, 301, 301, 43, 43, 65, 65, 138, 153, 182, 182, 182, 182, 182, 426, 426, 284, 284, 284, 284, 426, 426, 426, 413, 413, 413, 413, 413, 497, 43, 43, 43, 43, 43, 43, 276, 276, 346, 346, 346, 284, 111, 111, 146, 85, 85, 240, 240, 252, 251, 331, 213, 443, 428, 428, 146, 146, 146, 146, 146, 35, 35, 77, 342, 54, 54, 172, 172, 115, 267, 267, 267, 403, 403, 403, 403, 171, 171, 171, 171, 252, 252, 252, 252, 32, 32, 239, 324, 324, 324, 301, 301, 301, 250, 250, 250, 250, 276, 284, 426, 426, 426, 426, 426, 319, 319, 319, 169, 77, 342, 342, 342, 342, 267, 267, 267, 267, 267, 213, 324, 246, 246, 246, 246, 246, 434, 434, 434, 398, 398, 398, 324, 324, 324, 324, 301, 301, 303, 48, 303, 115, 267, 267, 267, 267, 267, 486, 486, 486, 85, 85, 85, 282, 282, 169, 342, 342, 342, 342, 342, 267, 267, 267, 464, 464, 464, 464, 464, 180, 180, 180, 486, 486, 486, 486, 486, 85, 146, 240, 240, 240, 54, 54, 342, 486, 139, 139, 293, 293, 293, 293, 122, 77, 342, 267, 267, 267, 267, 284, 486, 486, 486, 376, 460, 460, 460, 460, 263, 263, 263, 414, 414, 170, 170, 47, 187, 28, 28, 28, 287, 75, 75, 75, 320, 73, 320, 320, 320, 244, 244, 320, 320, 320, 66, 115, 267, 267, 267, 267, 267, 267, 267, 374, 153, 153, 153, 153, 392, 392, 426, 426, 319, 319, 348, 348, 219, 219, 464, 464, 464, 464, 315, 315, 315, 319, 319, 319, 319, 348, 348, 250, 250, 250, 250, 132, 406, 398, 324, 324, 324, 324, 301, 301, 301, 8, 354, 354, 354, 106, 284, 284, 284, 206, 206, 206, 35, 169, 77, 342, 342, 342, 342, 342, 342, 342, 267, 371, 371, 267, 267, 267, 213, 213, 213, 246, 246, 246, 246, 246, 246, 246, 246, 246, 19, 454, 454, 454, 414, 414, 414, 414, 414, 170, 244, 47, 47, 187, 187, 47, 244, 73, 73, 73, 321, 320, 287, 287, 287, 284, 284, 284, 460, 460, 460, 460, 169, 342, 342, 342, 115, 35, 35, 342, 115, 267, 342, 342, 267, 267, 267, 219, 374, 106, 100, 497, 497, 497, 182, 182, 182, 497, 497, 122, 122, 122, 122, 197, 197, 197, 7, 7, 7, 7, 473, 473, 473, 398, 398, 360, 360, 360, 434, 434, 434, 434, 434, 246, 246, 246, 246, 19, 310, 180, 338, 338, 338, 338, 338, 338, 400, 400, 286, 286, 286, 374, 374, 374, 374, 374, 132, 132, 374, 303, 303, 303, 303, 303, 303, 303, 48, 48, 48, 48, 414, 414, 414, 414, 170, 170, 170, 170, 187, 187, 187, 187, 35, 321, 321, 244, 320, 244, 321, 320, 287, 287, 287, 287, 284, 284, 284, 460, 460, 460, 460, 35, 35, 77, 342, 342, 342, 267, 267, 267, 267, 213, 213, 246, 246, 246, 246, 301, 301, 301, 303, 43, 276, 213, 346, 284, 284, 284, 376, 376, 376, 146, 240, 240, 35, 35, 35, 434, 434, 434, 434, 324, 301, 301, 301, 251, 251, 250, 250, 250, 250, 250, 250, 398, 398, 398, 398, 398, 286, 374, 374, 374, 374, 374, 132, 132, 132, 132, 132, 132, 132, 132, 98, 443, 443]

ep12
Train step Loss: [2.467210054397583, 2.4426043033599854, 2.4599664211273193, 2.389387607574463, 2.381291627883911, 2.4492204189300537, 2.3145055770874023, 2.4306957721710205, 2.3682947158813477, 2.3863518238067627, 2.335235357284546, 2.3530385494232178, 2.431251049041748, 2.3966755867004395, 2.339679479598999, 2.3296632766723633, 2.3170955181121826, 2.2987842559814453, 2.2941079139709473, 2.4034268856048584, 2.3253233432769775, 2.251997470855713, 2.3650388717651367, 2.262004852294922, 2.2936460971832275, 2.308424949645996, 2.2494194507598877, 2.2930469512939453, 2.3167178630828857, 2.31327748298645, 2.1995913982391357, 2.1964151859283447, 2.1636152267456055, 2.2607247829437256, 2.316033363342285, 2.1992790699005127, 2.231022357940674, 2.270883798599243, 2.211606740951538, 2.3359265327453613, 2.19879150390625, 2.314354658126831, 2.233680486679077, 2.202502965927124, 2.155625104904175, 2.3397622108459473, 2.350189447402954, 2.034064769744873, 2.0767486095428467, 2.1354939937591553, 2.1501293182373047, 2.3348705768585205, 2.254260778427124, 2.205251932144165, 2.2292306423187256, 2.2307512760162354, 2.079545736312866, 2.0588488578796387, 2.1956701278686523, 2.168534278869629, 2.0640223026275635, 2.09979248046875, 2.2851972579956055]
val step Loss: [2.5309255123138428, 2.4634170532226562, 2.5694429874420166, 2.4833271503448486, 2.4569737911224365, 2.5009517669677734, 2.454542398452759, 2.4502034187316895, 2.4705066680908203, 2.466102361679077, 2.5491089820861816, 2.3895673751831055, 2.4376437664031982, 2.473109245300293, 2.608027458190918, 2.5220625400543213]
Train step Accs: [0.5915865719459534, 0.5975676414320853, 0.5969321148825065, 0.6025527388760858, 0.6031292517006803, 0.5933730562418253, 0.6227194982896237, 0.5955132562882393, 0.6112785191562634, 0.5986038394415357, 0.605434039644566, 0.6079207920792079, 0.5987768453989475, 0.6063341250989707, 0.6105291797034417, 0.6151414810355208, 0.6185275080906149, 0.6269260700389105, 0.6227867590454196, 0.6060696221362689, 0.6235721703011423, 0.628942261038331, 0.6172314446426121, 0.6272920542120648, 0.6233967582804792, 0.6291342851979035, 0.6430372237876316, 0.6247707716179998, 0.6202706859427868, 0.6242958255091723, 0.6377171215880894, 0.6461007591442374, 0.6505610561056105, 0.6333904376265379, 0.6276981022743735, 0.6382135306553911, 0.6387301587301587, 0.6298718997001908, 0.6458384786367004, 0.6214501031254958, 0.6375806451612903, 0.6286201022146508, 0.6359947643979058, 0.6467096774193548, 0.6515107913669065, 0.6207617625093353, 0.6227144866385372, 0.6740119419960193, 0.6714628297362111, 0.6574182242990654, 0.6540416263310745, 0.6286472148541115, 0.6317117117117117, 0.646600566572238, 0.6477196736659088, 0.6398501872659176, 0.6691863661352392, 0.6739874500855676, 0.6500833796553641, 0.6546666666666666, 0.6764664706705866, 0.6667832779429771, 0.6346863468634686]
val step Accs: [0.6013018714401953, 0.6092604501607717, 0.5925973857900867, 0.601304409471147, 0.6080673536064338, 0.6003509245512215, 0.6038376383763837, 0.6008324382384532, 0.6070103092783505, 0.6072750684049574, 0.5988204635852421, 0.6180026281208936, 0.6119826886664863, 0.6014230271668822, 0.5791005291005291, 0.6006739679865206]
Preds: [17, 7, 473, 217, 473, 473, 473, 473, 213, 360, 360, 360, 143, 143, 77, 75, 107, 107, 395, 395, 213, 171, 171, 171, 246, 246, 3, 14, 3, 197, 197, 354, 180, 109, 109, 109, 443, 143, 434, 434, 434, 434, 171, 360, 360, 434, 434, 434, 434, 398, 398, 398, 398, 398, 398, 199, 250, 250, 250, 250, 250, 250, 250, 250, 250, 129, 259, 259, 100, 100, 100, 497, 497, 497, 497, 43, 43, 43, 43, 100, 100, 346, 346, 346, 346, 346, 426, 413, 413, 303, 303, 303, 132, 406, 406, 303, 303, 303, 303, 303, 303, 303, 303, 48, 48, 48, 48, 48, 414, 414, 414, 170, 47, 170, 47, 244, 392, 392, 392, 392, 392, 392, 392, 321, 321, 321, 66, 115, 115, 115, 267, 267, 267, 267, 267, 286, 374, 374, 468, 468, 139, 139, 139, 426, 473, 473, 398, 398, 398, 324, 324, 324, 324, 324, 3, 14, 14, 14, 188, 145, 145, 111, 111, 240, 240, 464, 65, 111, 111, 111, 111, 111, 342, 342, 342, 374, 84, 180, 443, 443, 443, 443, 240, 240, 35, 35, 310, 374, 139, 213, 213, 213, 213, 246, 246, 246, 246, 246, 246, 246, 246, 197, 197, 197, 259, 354, 287, 287, 284, 284, 284, 284, 376, 376, 460, 460, 460, 263, 263, 263, 414, 170, 170, 170, 170, 47, 2, 28, 187, 187, 392, 392, 244, 73, 244, 73, 73, 321, 321, 320, 320, 219, 213, 213, 324, 301, 301, 143, 259, 259, 354, 354, 180, 284, 284, 319, 319, 319, 319, 342, 342, 342, 342, 342, 342, 342, 342, 342, 342, 342, 342, 342, 342, 342, 342, 342, 342, 342, 342, 342, 342, 342, 342, 342, 342, 342, 342, 342, 342, 342, 342, 342, 342, 342, 342, 342, 342, 342, 342, 342, 342, 342, 342, 342, 342, 342, 342, 342, 342, 342, 342, 342, 342, 342, 342, 342, 342, 342, 342, 342, 342, 342, 342, 342, 342, 342, 342, 342, 342, 342, 342, 342, 342, 342, 342, 342, 342, 342, 342, 342, 342, 342, 342, 342, 342, 342, 342, 342, 342, 342, 342, 342, 342, 342, 342, 342, 342, 342, 342, 342, 342, 342, 342, 342, 342, 342, 342, 342, 342, 342, 342, 342, 342, 342, 342, 342, 342, 342, 342, 342, 342, 342, 342, 342, 342, 342, 342, 342, 342, 342, 342, 342, 342, 342, 342, 342, 342, 342, 342, 342, 342, 342, 342, 342, 342, 342, 342, 342, 342, 342, 342, 342, 342, 342, 342, 342, 342, 342, 342, 342, 342, 342, 342, 342, 342, 342, 342, 342, 342, 342, 342, 342, 342, 342, 342, 342, 342, 342, 342, 342, 342, 342, 342, 342, 342, 342, 342, 342, 342, 342, 342, 342, 342, 342, 342, 342, 342, 342, 342, 342, 342, 342, 342, 342, 342, 342, 342, 342, 342, 342, 342, 342, 342, 342, 342, 342, 342, 342, 342, 342, 342, 342, 342, 342, 342, 342, 342, 342, 342, 342, 342, 342, 342, 342, 342, 342, 342, 342, 342, 342, 342, 342, 342, 342, 342, 342, 342, 342, 342, 342, 342, 342, 342, 342, 342, 342, 342, 342, 342, 342, 342, 342, 342, 342, 342, 342, 342, 342, 342, 342, 342, 342, 342, 342, 342, 342, 342, 342, 342, 342, 342, 342, 342, 342, 342, 342, 342, 342, 342, 342, 342, 342, 342, 342, 342, 342, 342, 342, 342, 342, 342, 342, 342, 342, 342, 342, 342, 342, 342, 342, 342, 342, 342, 342, 342, 342, 342, 342, 342, 342, 342, 342, 342, 342, 342, 342, 342, 342, 342, 342, 342, 342, 342, 342, 342, 342, 342, 342, 342, 342]

ep13
Train step Loss: [2.0474743843078613, 2.182194471359253, 2.1192524433135986, 2.0409553050994873, 2.068070411682129, 2.1303365230560303, 2.1463849544525146, 2.1277778148651123, 2.0412659645080566, 2.0023419857025146, 2.0560076236724854, 2.0671961307525635, 2.1193418502807617, 2.042386531829834, 1.9002338647842407, 2.0801820755004883, 1.90385103225708, 2.055952310562134, 2.0045313835144043, 1.9468878507614136, 1.8799664974212646, 2.077871799468994, 1.8027231693267822, 1.9104207754135132, 1.930275321006775, 1.8789136409759521, 2.124260902404785, 1.9808225631713867, 1.8077741861343384, 1.8830201625823975, 1.9834035634994507, 1.9147531986236572, 1.9501055479049683, 1.931746482849121, 1.886986494064331, 1.9395983219146729, 1.8297733068466187, 1.8064498901367188, 2.017275094985962, 1.8536351919174194, 1.8922879695892334, 1.8978633880615234, 1.9345784187316895, 1.8734989166259766, 1.7327728271484375, 1.8065688610076904, 1.8327566385269165, 1.8028322458267212, 1.838849425315857, 1.785858154296875, 1.6891586780548096, 1.7669912576675415, 1.7200418710708618, 1.717232584953308, 1.7401983737945557, 1.76419997215271, 1.8063571453094482, 1.749408483505249, 1.7407766580581665, 1.6523972749710083, 1.6442028284072876, 1.7623838186264038, 1.818831205368042]
val step Loss: [2.020901918411255, 2.0539987087249756, 2.1578829288482666, 2.1570866107940674, 2.239778757095337, 1.9889097213745117, 2.0897889137268066, 1.9473127126693726, 2.097759246826172, 2.0682106018066406, 2.179352045059204, 2.035727024078369, 2.083003282546997, 2.113137722015381, 2.1023366451263428, 1.9737495183944702]
Train step Accs: [0.6757934038581207, 0.6538066598210357, 0.6614542611415168, 0.6759016393442623, 0.6709487695403188, 0.6617283950617284, 0.6643087805628172, 0.6638690148596588, 0.6741256668642561, 0.6831613176869786, 0.67192517101773, 0.6665674750781134, 0.6587259572966296, 0.6808031850441405, 0.6968503937007874, 0.673460537727667, 0.7035080590545849, 0.6798891643575908, 0.6814124951493985, 0.6967923202996956, 0.7125407166123778, 0.6719976306826596, 0.7210013098530054, 0.7052922361151498, 0.6986686390532545, 0.7188513951979234, 0.6630550892720891, 0.7024456521739131, 0.7193030220528178, 0.704067704067704, 0.6918580375782881, 0.7031423804226918, 0.6974507708746757, 0.6956404736275565, 0.7100689655172414, 0.7054315676257058, 0.7234695300515968, 0.721294669009959, 0.6861592245351978, 0.7115500603136309, 0.7098618389709386, 0.7044928207503474, 0.7050396962374871, 0.7153716216216216, 0.7359894197387998, 0.7264364105874758, 0.7267406962785115, 0.7311525683618707, 0.7162797322318758, 0.7340062553312482, 0.7500371526229752, 0.7361111111111112, 0.74043173089657, 0.7423908820101023, 0.7381818181818182, 0.7263157894736842, 0.7274722059684026, 0.7332000615100722, 0.7440667094291212, 0.7531270572745227, 0.7520725388601036, 0.7276562088056947, 0.7314814814814815]
val step Accs: [0.6928542150567017, 0.6765186597657314, 0.6697954609134211, 0.6707701116518752, 0.662447933354694, 0.6979034754467427, 0.6817567567567567, 0.6990823174907547, 0.6829790078887552, 0.6869756034594037, 0.662882598074436, 0.6931901391261899, 0.6791205826814135, 0.6687093546773387, 0.6776542736680721, 0.6913479239108202]
Preds: [17, 17, 287, 287, 284, 284, 284, 85, 85, 330, 330, 330, 348, 212, 212, 330, 219, 250, 250, 250, 217, 217, 473, 473, 398, 398, 171, 171, 246, 246, 246, 246, 246, 246, 143, 303, 19, 19, 374, 395, 374, 395, 219, 219, 213, 246, 246, 246, 246, 19, 19, 19, 454, 454, 229, 414, 170, 392, 392, 392, 392, 392, 392, 392, 392, 392, 244, 244, 244, 244, 287, 66, 66, 66, 172, 267, 106, 100, 497, 319, 122, 129, 129, 129, 75, 75, 75, 75, 286, 286, 403, 403, 403, 290, 290, 171, 434, 434, 434, 434, 434, 434, 246, 246, 19, 19, 19, 129, 401, 401, 75, 75, 75, 445, 180, 171, 171, 171, 171, 143, 143, 259, 445, 464, 464, 171, 171, 171, 171, 143, 129, 259, 75, 75, 354, 420, 213, 213, 213, 213, 246, 246, 246, 246, 246, 19, 19, 48, 197, 197, 197, 197, 197, 7, 188, 188, 443, 120, 232, 68, 68, 68, 68, 68, 115, 115, 267, 267, 286, 286, 286, 374, 374, 132, 132, 132, 250, 250, 250, 473, 464, 337, 337, 213, 213, 324, 246, 246, 246, 143, 143, 19, 143, 395, 219, 219, 219, 324, 464, 464, 464, 464, 180, 315, 315, 315, 315, 315, 450, 450, 450, 413, 413, 43, 43, 276, 276, 153, 182, 182, 182, 182, 182, 182, 98, 98, 98, 98, 98, 414, 170, 170, 392, 392, 392, 63, 63, 63, 63, 63, 63, 63, 63, 63, 63, 63, 63, 63, 63, 392, 73, 244, 320, 320, 320, 287, 287, 287, 287, 145, 145, 376, 376, 376, 460, 460, 460, 169, 150, 342, 342, 224, 224, 224, 75, 129, 129, 77, 77, 68, 115, 115, 267, 319, 319, 319, 319, 319, 348, 348, 348, 348, 348, 473, 473, 398, 324, 324, 464, 464, 464, 139, 319, 319, 319, 319, 319, 348, 53, 70, 70, 65, 65, 65, 145, 426, 426, 65, 65, 250, 331, 324, 324, 301, 301, 301, 10, 479, 398, 398, 464, 464, 464, 464, 486, 376, 376, 460, 460, 460, 263, 263, 170, 170, 170, 170, 392, 392, 392, 392, 63, 63, 63, 63, 63, 63, 63, 63, 63, 63, 63, 63, 63, 63, 63, 63, 63, 73, 392, 244, 244, 244, 321, 7, 7, 479, 473, 331, 473, 171, 171, 171, 171, 434, 434, 434, 434, 3, 14, 14, 14, 287, 287, 287, 111, 450, 450, 43, 43, 43, 182, 182, 43, 182, 109, 109, 207, 207, 324, 324, 324, 301, 8, 32, 239, 239, 239, 354, 371, 371, 213, 213, 246, 246, 19, 19, 454, 454, 401, 401, 401, 401, 80, 320, 320, 320, 320, 14, 284, 170, 315, 403, 403, 120, 120, 120, 120, 282, 282, 330, 32, 354, 354, 354, 310, 310, 107, 107, 107, 107, 338, 338, 400, 400, 17, 395, 342, 143, 143, 143, 143, 143, 143, 143, 143, 143, 143, 143, 143, 143, 143, 143, 143, 143, 143, 143, 143, 143, 143, 143, 143, 143, 143, 143, 143, 143, 143, 143, 143, 143, 143, 143, 143, 143, 143, 143, 143, 143, 143, 143, 143, 143, 143, 143, 143, 143, 143, 143, 143, 143, 143, 143, 143, 143, 143, 143, 143, 143, 143, 143, 143, 143, 143, 143, 143, 143, 143, 143, 143, 143, 143, 143, 143, 143, 143, 143, 143, 143, 143, 143, 143, 143, 143, 143, 143, 143, 143, 143, 143, 143, 143, 143, 143, 143, 143, 143, 143, 143, 143, 143, 143, 143, 143, 143, 143, 143, 143, 143, 143, 143, 143, 143, 143, 143, 143, 143, 143, 143, 143, 143, 143, 143, 143, 143, 143, 143, 143, 143, 143, 143]

ep14
Train step Loss: [1.756949782371521, 1.6540260314941406, 1.8016626834869385, 1.6537233591079712, 1.6450834274291992, 1.820343255996704, 1.7094074487686157, 1.7884199619293213, 1.6575676202774048, 1.8058418035507202, 1.7489988803863525, 1.5574259757995605, 1.727555513381958, 1.6667139530181885, 1.6870384216308594, 1.6116576194763184, 1.7235920429229736, 1.5023038387298584, 1.701825737953186, 1.6075865030288696, 1.564874529838562, 1.6837847232818604, 1.5297892093658447, 1.5742454528808594, 1.6033704280853271, 1.6339787244796753, 1.5377529859542847, 1.5384706258773804, 1.4440276622772217, 1.551624059677124, 1.5375900268554688, 1.5177388191223145, 1.5272495746612549, 1.4332237243652344, 1.507756233215332, 1.514534592628479, 1.6352291107177734, 1.4796940088272095, 1.53916335105896, 1.4975160360336304, 1.4632678031921387, 1.4240349531173706, 1.4018884897232056, 1.4775803089141846, 1.4682228565216064, 1.6021180152893066, 1.369645357131958, 1.426819920539856, 1.3987847566604614, 1.459807276725769, 1.423896074295044, 1.4866595268249512, 1.3910187482833862, 1.5066196918487549, 1.4322662353515625, 1.3232501745224, 1.3147609233856201, 1.2979439496994019, 1.3042348623275757, 1.434528112411499, 1.29617440700531, 1.385615587234497, 1.3571947813034058]
val step Loss: [1.7043664455413818, 1.6896421909332275, 1.5995326042175293, 1.6741596460342407, 1.731145977973938, 1.701461672782898, 1.658814549446106, 1.675065517425537, 1.6505112648010254, 1.728833794593811, 1.739882230758667, 1.6933133602142334, 1.7074532508850098, 1.6930639743804932, 1.5980082750320435, 1.7741200923919678]
Train step Accs: [0.7351590685470646, 0.7531766753698869, 0.7320445697409048, 0.7577341432405708, 0.7543517406962785, 0.7273710225517455, 0.7478663387820049, 0.7373692077727952, 0.7527328714395689, 0.729878353607732, 0.7381406961374651, 0.7677725118483413, 0.7459768386223492, 0.751823866597186, 0.7506442508283225, 0.7617878192534381, 0.7439376806131424, 0.7785497177594441, 0.7423562412342216, 0.7594297594297594, 0.7629610185063657, 0.7480125993700315, 0.774705581157194, 0.7686641697877653, 0.7618723635868826, 0.7562967063382231, 0.7720713073005093, 0.7762962962962963, 0.7900751879699248, 0.7755595886267392, 0.7723666210670315, 0.7732132808103546, 0.7802753582466985, 0.7871990429190967, 0.7781121751025992, 0.7808621815806662, 0.7626710783576478, 0.7858620270105853, 0.7752300733114958, 0.7791652974038777, 0.7824454026985672, 0.7904795611396213, 0.7928512282638697, 0.7825076015024146, 0.7853242775336263, 0.764352183249821, 0.8054248546913922, 0.787444766113058, 0.7954306327972344, 0.7846089502300293, 0.7980014275517487, 0.7766453115899825, 0.7970884944451538, 0.778720515866282, 0.7920281995661606, 0.8072998994108349, 0.8099929627023223, 0.8186744476865361, 0.8120700843608046, 0.7903800475059383, 0.8087205146533238, 0.8049499116087213, 0.8151941954758856]
val step Accs: [0.754337013223341, 0.7552076913595465, 0.7663462840124543, 0.7544444444444445, 0.7435757987763426, 0.7520798668885191, 0.756091030789826, 0.752635277582572, 0.7546204151265283, 0.7467195188627666, 0.7444375388440024, 0.75431722536642, 0.7524571749508565, 0.7558041958041958, 0.7627848804891606, 0.7376976174571365]
Preds: [17, 17, 479, 479, 331, 278, 443, 443, 443, 169, 150, 150, 54, 54, 224, 224, 224, 273, 273, 273, 494, 203, 264, 468, 468, 468, 468, 468, 468, 337, 337, 337, 337, 337, 434, 339, 339, 10, 10, 479, 331, 331, 331, 84, 84, 84, 426, 426, 426, 426, 375, 375, 375, 375, 98, 98, 98, 98, 13, 13, 13, 414, 414, 244, 47, 187, 187, 187, 187, 187, 187, 187, 20, 20, 20, 473, 473, 473, 473, 473, 473, 371, 371, 371, 244, 63, 63, 63, 63, 63, 63, 63, 63, 73, 244, 73, 7, 7, 7, 7, 7, 7, 7, 7, 354, 420, 420, 213, 213, 213, 213, 213, 213, 213, 246, 246, 246, 246, 246, 246, 246, 246, 246, 3, 3, 3, 188, 188, 188, 188, 278, 301, 143, 143, 8, 259, 354, 354, 109, 109, 278, 278, 171, 171, 171, 171, 171, 171, 246, 246, 246, 246, 246, 246, 246, 246, 422, 143, 338, 338, 338, 338, 338, 338, 400, 400, 400, 400, 267, 324, 324, 464, 464, 434, 434, 339, 143, 77, 77, 77, 68, 54, 172, 172, 395, 395, 286, 286, 464, 464, 464, 264, 264, 443, 315, 315, 315, 315, 282, 282, 282, 282, 282, 203, 203, 43, 43, 43, 43, 43, 276, 182, 182, 182, 182, 182, 182, 182, 182, 182, 182, 497, 497, 497, 122, 122, 8, 303, 441, 197, 14, 406, 406, 406, 406, 406, 406, 406, 302, 302, 375, 375, 375, 375, 122, 122, 129, 401, 392, 350, 309, 479, 398, 398, 464, 464, 464, 84, 84, 139, 88, 43, 43, 43, 43, 43, 276, 153, 153, 350, 387, 426, 319, 413, 348, 348, 348, 348, 219, 398, 398, 464, 464, 464, 464, 120, 120, 282, 282, 282, 282, 263, 263, 263, 263, 414, 414, 414, 414, 187, 187, 187, 187, 187, 187, 2, 2, 392, 392, 392, 392, 392, 392, 73, 244, 73, 73, 75, 75, 310, 107, 395, 395, 75, 331, 106, 106, 106, 153, 153, 153, 153, 182, 182, 182, 182, 182, 182, 182, 182, 182, 182, 182, 497, 497, 497, 122, 122, 122, 122, 310, 310, 107, 395, 115, 115, 106, 106, 106, 481, 387, 387, 293, 293, 293, 293, 293, 35, 207, 188, 324, 324, 324, 301, 143, 143, 35, 259, 354, 354, 354, 109, 109, 109, 355, 355, 355, 355, 355, 376, 376, 376, 376, 376, 376, 376, 376, 486, 460, 460, 460, 460, 169, 35, 259, 75, 354, 114, 180, 486, 486, 486, 460, 460, 169, 150, 150, 150, 150, 434, 434, 199, 486, 486, 486, 460, 240, 240, 240, 252, 278, 434, 371, 324, 324, 324, 464, 464, 464, 464, 88, 88, 375, 375, 98, 98, 98, 13, 129, 259, 259, 441, 441, 441, 100, 100, 100, 182, 182, 182, 98, 98, 98, 48, 48, 13, 414, 170, 170, 170, 170, 170, 28, 28, 28, 63, 63, 63, 63, 392, 63, 63, 63, 63, 2, 2, 2, 2, 63, 63, 63, 63, 63, 63, 63, 63, 63, 63, 63, 244, 73, 73, 73, 73, 244, 321, 321, 287, 287, 287, 287, 287, 284, 284, 284, 284, 284, 450, 450, 450, 450, 450, 450, 88, 43, 276, 346, 65, 426, 387, 387, 387, 250, 250, 250, 250, 443, 32, 239, 354, 219, 398, 398, 464, 171, 171, 171, 171, 171, 171, 246, 252, 143, 310, 310, 310, 107, 107, 107, 400, 400, 400, 400, 286, 199, 374, 374, 374, 132, 132, 132, 186, 186, 186, 186, 482, 482, 482, 482, 482, 482, 482, 115, 115, 273, 106, 106, 106, 424, 293, 497, 497, 122, 122, 122, 310, 310, 107, 107, 107]

ep15
Train step Loss: [1.4164097309112549, 1.3375005722045898, 1.3525984287261963, 1.3194180727005005, 1.2945460081100464, 1.2882612943649292, 1.2401139736175537, 1.3607280254364014, 1.3278213739395142, 1.252734899520874, 1.2753760814666748, 1.229166030883789, 1.3277429342269897, 1.2053691148757935, 1.1676479578018188, 1.2914518117904663, 1.330754041671753, 1.3027064800262451, 1.2925981283187866, 1.3201887607574463, 1.270190954208374, 1.2554490566253662, 1.320497751235962, 1.198858618736267, 1.1883996725082397, 1.2312356233596802, 1.2344387769699097, 1.3122390508651733, 1.2457884550094604, 1.2791476249694824, 1.1839028596878052, 1.208764910697937, 1.222894310951233, 1.1982316970825195, 1.2064948081970215, 1.204361081123352, 1.1793937683105469, 1.2107341289520264, 1.1580400466918945, 1.171642541885376, 1.1535526514053345, 1.1354974508285522, 1.1486546993255615, 1.057462453842163, 1.2686388492584229, 1.1383541822433472, 1.1440998315811157, 1.0893657207489014, 1.2360812425613403, 1.043907642364502, 1.067158818244934, 1.2233374118804932, 1.144561767578125, 1.1476446390151978, 1.073820948600769, 1.0699450969696045, 0.9880272746086121, 1.0130975246429443, 1.1357519626617432, 1.023511528968811, 1.0648890733718872, 1.0513484477996826, 0.967172384262085]
val step Loss: [1.3614921569824219, 1.2755731344223022, 1.2783883810043335, 1.3547805547714233, 1.2560017108917236, 1.4017150402069092, 1.319887399673462, 1.375404953956604, 1.342773675918579, 1.312990665435791, 1.348408579826355, 1.298998236656189, 1.3075891733169556, 1.3250635862350464, 1.3554619550704956, 1.3947978019714355]
Train step Accs: [0.7996749889200768, 0.8044051701398048, 0.8051575931232091, 0.8094923320994183, 0.8171552138395003, 0.8173535183627698, 0.8269321210221038, 0.804635761589404, 0.8021111893033075, 0.8264932954083706, 0.822084987501838, 0.8244250594766058, 0.8053043078338188, 0.8305995064595733, 0.8336017176596887, 0.8100935726338395, 0.8101417107734334, 0.8132916107882581, 0.8153023983315955, 0.81288532675709, 0.8154053015751056, 0.8199894421960232, 0.8124384409736879, 0.8244393982401362, 0.8291058523451892, 0.8215072719259586, 0.826271186440678, 0.8074849838287387, 0.8198120028922632, 0.8210638622161256, 0.8391636509851227, 0.8268380320619126, 0.8297078931013051, 0.8255738555310596, 0.8266592767077733, 0.8324022346368715, 0.8375098502758077, 0.8317880794701987, 0.8412868632707775, 0.8374337365774093, 0.8381136238279095, 0.8470272827629711, 0.8369583544090372, 0.8557338436625939, 0.8167452176323815, 0.841558810979946, 0.8446306169078446, 0.8559677983899195, 0.8316702819956616, 0.8521147589470571, 0.8563657747721258, 0.8341327556862138, 0.8442497566402447, 0.8408494690818239, 0.8575161600880209, 0.8543434655145811, 0.8681211331813742, 0.8633654937570943, 0.8494688014364806, 0.8649420965558731, 0.8586451789128653, 0.8589413447782547, 0.8756361323155216]
val step Accs: [0.8123119015047879, 0.8270596115204286, 0.825296224855332, 0.8116100766703176, 0.8270725388601037, 0.811453866371559, 0.8233210912906611, 0.8126630305904672, 0.8206340378197998, 0.8260151410874054, 0.8199453551912569, 0.8245863495346433, 0.8267414807718626, 0.8150609080841639, 0.8173736347472695, 0.8093583980384144]
Preds: [17, 287, 100, 387, 387, 98, 98, 35, 129, 129, 129, 401, 414, 401, 144, 27, 437, 426, 426, 426, 426, 426, 426, 426, 426, 263, 263, 414, 414, 414, 414, 414, 414, 414, 414, 187, 187, 7, 7, 7, 473, 109, 286, 286, 286, 286, 264, 264, 468, 468, 468, 406, 406, 467, 337, 337, 337, 171, 171, 171, 171, 3, 3, 3, 3, 3, 3, 197, 197, 197, 20, 20, 479, 398, 398, 360, 360, 360, 116, 116, 465, 309, 479, 331, 374, 374, 132, 153, 182, 182, 182, 182, 98, 98, 43, 8, 197, 411, 100, 100, 100, 497, 497, 43, 8, 129, 259, 144, 27, 27, 106, 106, 284, 426, 426, 426, 206, 206, 285, 285, 330, 486, 406, 406, 406, 467, 467, 467, 467, 100, 375, 375, 98, 98, 98, 48, 263, 263, 263, 13, 414, 414, 414, 47, 170, 47, 47, 47, 47, 80, 80, 80, 80, 80, 320, 320, 7, 309, 479, 331, 324, 324, 422, 143, 143, 458, 259, 144, 27, 27, 180, 486, 315, 319, 319, 282, 388, 348, 348, 348, 212, 212, 465, 354, 420, 420, 324, 464, 464, 464, 180, 355, 376, 460, 460, 263, 263, 13, 229, 229, 229, 229, 312, 312, 312, 23, 23, 23, 23, 23, 23, 23, 23, 23, 23, 23, 23, 391, 391, 391, 391, 244, 73, 73, 73, 244, 320, 287, 287, 111, 111, 460, 460, 460, 35, 35, 77, 77, 232, 68, 232, 172, 115, 267, 267, 267, 267, 324, 246, 246, 246, 19, 454, 197, 197, 197, 197, 197, 197, 7, 7, 473, 331, 443, 443, 443, 330, 330, 143, 143, 76, 36, 259, 310, 107, 395, 395, 106, 106, 88, 88, 88, 88, 387, 387, 387, 206, 206, 206, 206, 240, 35, 35, 35, 77, 342, 342, 172, 115, 115, 267, 267, 267, 213, 324, 246, 3, 301, 197, 197, 197, 197, 197, 414, 197, 80, 287, 100, 100, 182, 182, 182, 182, 182, 182, 182, 182, 182, 387, 387, 387, 206, 122, 122, 314, 239, 401, 401, 259, 75, 384, 371, 371, 171, 171, 171, 171, 171, 314, 314, 32, 239, 354, 473, 473, 264, 264, 264, 264, 264, 264, 264, 264, 468, 468, 468, 199, 41, 41, 41, 19, 19, 454, 454, 454, 414, 414, 414, 414, 170, 170, 170, 170, 47, 47, 187, 408, 408, 408, 408, 408, 408, 73, 244, 73, 244, 320, 83, 287, 284, 284, 460, 240, 240, 240, 35, 35, 77, 77, 342, 342, 224, 224, 267, 444, 324, 324, 324, 301, 3, 3, 14, 14, 14, 14, 411, 411, 100, 424, 424, 424, 43, 43, 43, 32, 32, 239, 259, 208, 100, 100, 100, 497, 497, 98, 98, 98, 48, 13, 414, 414, 414, 170, 170, 244, 80, 244, 320, 287, 100, 481, 481, 375, 98, 98, 129, 129, 401, 401, 144, 208, 441, 441, 346, 346, 346, 206, 206, 206, 263, 17, 169, 143, 143, 143, 143, 143, 143, 143, 143, 143, 143, 143, 143, 143, 143, 143, 143, 143, 143, 143, 143, 143, 143, 143, 143, 143, 143, 143, 143, 143, 143, 143, 143, 143, 143, 143, 143, 143, 143, 143, 143, 143, 143, 143, 143, 143, 143, 143, 143, 143, 143, 143, 143, 143, 143, 143, 143, 143, 143, 143, 143, 143, 143, 143, 143, 143, 143, 143, 143, 143, 143, 143, 143, 143, 143, 143, 143, 143, 143, 143, 143, 143, 143, 143, 143, 143, 143, 143, 143, 143, 143, 143, 143, 143, 143, 143, 143, 143, 143, 143, 143, 143, 143, 143, 143, 143, 143, 143, 143, 143, 143, 143, 143, 143, 143, 143, 143, 143, 143]

ep16
Train step Loss: [1.0693777799606323, 1.179883599281311, 0.9957780838012695, 0.9725815653800964, 0.9854851365089417, 0.9984138011932373, 0.9986194968223572, 0.9807713031768799, 1.1100599765777588, 0.929434061050415, 0.8911435604095459, 1.0271568298339844, 1.060496211051941, 0.9313654899597168, 0.9995981454849243, 0.9531534910202026, 0.9399049282073975, 1.0718579292297363, 1.0261982679367065, 0.8619256615638733, 0.9174524545669556, 0.948806881904602, 1.005211591720581, 0.9543372392654419, 0.9690611362457275, 0.9657871127128601, 0.9432034492492676, 0.9285160303115845, 0.9099380970001221, 0.9778053760528564, 0.8632009029388428, 0.9012686014175415, 0.9072228074073792, 0.8442904949188232, 0.9480261206626892, 0.8897784948348999, 0.9038479328155518, 0.7970033288002014, 0.8768089413642883, 0.9697113037109375, 0.8232710361480713, 0.8379557728767395, 0.8392153382301331, 0.9135671854019165, 0.8940210938453674, 0.7968058586120605, 0.9257740378379822, 0.9257304072380066, 0.8267756104469299, 0.9071755409240723, 0.8019173741340637, 0.8124673962593079, 0.7765160799026489, 0.7337691187858582, 0.7986347675323486, 0.8317857980728149, 0.7898555397987366, 0.8387225270271301, 0.8158554434776306, 0.7777948975563049, 0.729617714881897, 0.7656561136245728, 0.8112642168998718]
val step Loss: [1.0458455085754395, 0.960637092590332, 1.0301822423934937, 1.0290650129318237, 1.0270650386810303, 0.973052442073822, 1.0238568782806396, 1.0108884572982788, 1.006371259689331, 0.9849675893783569, 0.9566418528556824, 1.001362681388855, 1.0026112794876099, 1.0344980955123901, 0.9934501647949219, 1.0442482233047485]
Train step Accs: [0.858878122014467, 0.8397746831481772, 0.8701221681888269, 0.873366694467612, 0.8728767123287671, 0.8700350022827575, 0.8664838930774503, 0.8670249414358551, 0.8517151838185049, 0.8810049227635376, 0.8858567668652167, 0.8613675706866705, 0.8610325844368397, 0.8781322957198444, 0.8700861604738827, 0.8748440748440749, 0.875, 0.8544558308470619, 0.8658274485723058, 0.893585574933491, 0.88626232608402, 0.8720154234020465, 0.8642887294216969, 0.8768679019725045, 0.8766491813702114, 0.8731707317073171, 0.8760317945582391, 0.8813668600902643, 0.8829473684210526, 0.8711757648470306, 0.8946966223444903, 0.8848761792452831, 0.8852857142857142, 0.8925233644859814, 0.8779736915757067, 0.8875748076375035, 0.8856700232378002, 0.8983234180638183, 0.8886018237082067, 0.8765726681127982, 0.8965959265061957, 0.8973439575033201, 0.8941508546338404, 0.8873692679002414, 0.8915165165165165, 0.9019106566200216, 0.8810665914221218, 0.8829043533523991, 0.895099729130756, 0.8927651905252317, 0.9033007132194394, 0.898709167544784, 0.9105725623582767, 0.9088109266202464, 0.9013038204972711, 0.895612073784237, 0.903072625698324, 0.8929032258064517, 0.9024349002367265, 0.9040082827984026, 0.915676652892562, 0.905830304945489, 0.8975344220300993]
val step Accs: [0.8680278884462151, 0.8891509433962265, 0.8744165035386237, 0.8694162436548223, 0.8697153909919867, 0.8817698606522052, 0.8762295081967213, 0.8748137108792846, 0.8707796610169491, 0.874323279195669, 0.8838683571621258, 0.8760597496972143, 0.8751502203231406, 0.8713813068651778, 0.8777653318398208, 0.8670138193470859]
Preds: [17, 17, 486, 486, 460, 460, 169, 169, 35, 35, 259, 208, 208, 441, 100, 153, 153, 497, 122, 129, 129, 129, 129, 208, 208, 437, 346, 346, 346, 206, 206, 98, 263, 263, 263, 263, 417, 414, 249, 249, 249, 249, 249, 249, 434, 354, 47, 47, 47, 170, 28, 249, 20, 20, 249, 82, 28, 28, 289, 20, 20, 464, 464, 213, 398, 398, 398, 398, 145, 145, 342, 342, 342, 197, 391, 244, 289, 80, 320, 287, 287, 287, 111, 111, 460, 169, 169, 169, 338, 338, 338, 338, 338, 338, 400, 400, 400, 444, 213, 213, 213, 246, 246, 246, 246, 246, 246, 422, 99, 99, 338, 338, 338, 338, 338, 400, 400, 400, 400, 286, 286, 286, 374, 374, 374, 132, 132, 132, 132, 132, 132, 132, 132, 132, 132, 132, 132, 132, 132, 132, 132, 132, 197, 197, 197, 197, 197, 197, 197, 414, 414, 414, 80, 354, 420, 213, 213, 213, 213, 246, 246, 434, 434, 374, 132, 132, 43, 43, 43, 250, 250, 276, 346, 174, 480, 480, 480, 480, 282, 282, 282, 282, 388, 303, 303, 217, 473, 473, 398, 324, 464, 301, 132, 129, 401, 197, 7, 7, 354, 276, 109, 109, 428, 428, 428, 146, 207, 207, 207, 3, 3, 3, 454, 197, 197, 197, 197, 197, 197, 7, 7, 309, 486, 162, 162, 162, 374, 374, 374, 374, 94, 94, 132, 132, 132, 132, 132, 132, 132, 217, 217, 479, 479, 331, 199, 153, 98, 132, 132, 197, 7, 217, 473, 473, 398, 213, 324, 324, 324, 246, 19, 19, 454, 454, 454, 454, 229, 229, 229, 229, 126, 126, 126, 126, 126, 23, 23, 23, 23, 23, 23, 23, 23, 391, 391, 391, 244, 392, 392, 392, 392, 287, 287, 319, 319, 319, 203, 348, 250, 250, 250, 276, 174, 109, 109, 403, 171, 324, 324, 324, 464, 301, 290, 251, 251, 251, 241, 241, 431, 486, 319, 319, 330, 388, 348, 348, 10, 250, 199, 199, 81, 290, 290, 290, 171, 324, 324, 3, 301, 301, 8, 129, 259, 259, 354, 354, 106, 284, 206, 206, 240, 240, 35, 77, 77, 342, 342, 390, 395, 395, 213, 76, 374, 374, 153, 153, 153, 182, 43, 43, 43, 276, 346, 346, 346, 428, 428, 428, 330, 388, 388, 94, 199, 398, 398, 398, 398, 116, 94, 94, 199, 199, 153, 43, 43, 43, 276, 276, 276, 153, 387, 387, 387, 387, 240, 240, 385, 35, 36, 77, 115, 14, 411, 411, 287, 302, 302, 302, 293, 497, 122, 122, 36, 374, 278, 224, 494, 494, 32, 32, 144, 27, 180, 443, 330, 388, 94, 199, 199, 464, 464, 464, 120, 330, 330, 368, 342, 342, 168, 168, 494, 278, 99, 99, 338, 436, 400, 395, 106, 106, 426, 426, 413, 388, 388, 394, 76, 239, 310, 107, 395, 395, 395, 286, 464, 139, 496, 496, 496, 496, 274, 32, 129, 129, 144, 208, 441, 437, 153, 426, 426, 426, 413, 348, 199, 250, 413, 375, 98, 98, 98, 197, 414, 320, 7, 473, 473, 286, 286, 286, 468, 468, 406, 406, 337, 337, 41, 324, 19, 454, 454, 414, 229, 229, 414, 170, 170, 170, 170, 20, 28, 187, 244, 187, 187, 187, 187, 187, 20, 66, 66, 392, 392, 20, 464, 392, 73, 73, 73, 320, 320, 7, 188, 324, 324, 479, 116, 94, 479, 331, 331, 153, 153, 387, 387, 387, 497, 43, 32, 129, 259, 208, 208, 106, 106, 387, 84, 450, 406, 406, 406, 413, 413, 375, 375, 98, 98, 98, 414, 414, 414, 414, 414, 414, 170, 47, 47, 47, 244, 80]

ep17
Train step Loss: [0.7426222562789917, 0.7565888166427612, 0.7000594735145569, 0.7867677211761475, 0.819445013999939, 0.8074378371238708, 0.7226986289024353, 0.7153452634811401, 0.8006640076637268, 0.7345148921012878, 0.7047884464263916, 0.7060508131980896, 0.8020207285881042, 0.7086415886878967, 0.7587850093841553, 0.6732801795005798, 0.7372773885726929, 0.6798802018165588, 0.7028318047523499, 0.7033546566963196, 0.6738302707672119, 0.7030988931655884, 0.6633685231208801, 0.7266440987586975, 0.6973711252212524, 0.6557638645172119, 0.833563506603241, 0.6658474802970886, 0.6588124632835388, 0.62437504529953, 0.6475591063499451, 0.6691393852233887, 0.7046375870704651, 0.682702898979187, 0.6296887397766113, 0.6304346323013306, 0.5793274641036987, 0.6487588882446289, 0.6701768040657043, 0.6390962600708008, 0.61949223279953, 0.5905630588531494, 0.5557620525360107, 0.5577414035797119, 0.5776377320289612, 0.544175386428833, 0.6785228848457336, 0.599227786064148, 0.5919398665428162, 0.5812534093856812, 0.5952802896499634, 0.6377483606338501, 0.5150748491287231, 0.573762059211731, 0.5955038070678711, 0.576024055480957, 0.5438563227653503, 0.6171154975891113, 0.5922093391418457, 0.5279566049575806, 0.5290665626525879, 0.5287971496582031, 0.5026487112045288]
val step Loss: [0.704239547252655, 0.6989702582359314, 0.7834085822105408, 0.7555534243583679, 0.7419862747192383, 0.7572822570800781, 0.7252514958381653, 0.6976739168167114, 0.7475747466087341, 0.7307456135749817, 0.7528347969055176, 0.7563276886940002, 0.745472252368927, 0.7069092988967896, 0.7464645504951477, 0.7898192405700684]
Train step Accs: [0.9097755249818972, 0.9074189916176655, 0.9177357492395186, 0.9046698393813206, 0.8962973083754612, 0.8996981339187706, 0.9131998748827025, 0.9215325670498085, 0.9007936507936508, 0.9098382045929019, 0.9183443615373785, 0.918625678119349, 0.9041518001946156, 0.918878812860676, 0.9065406976744186, 0.9264924264924265, 0.9142659279778393, 0.9233018742522929, 0.9185128983308043, 0.9200693678070314, 0.9206552341950346, 0.9154621112571178, 0.9231452687694358, 0.9104263132684017, 0.9162512462612163, 0.9265480427046263, 0.8984094407388404, 0.9206208425720621, 0.924822695035461, 0.925327812284334, 0.9250978200111795, 0.9270465366303179, 0.9138772077375946, 0.9208933717579251, 0.9252525252525252, 0.9278239871210089, 0.9370727159726538, 0.9251599464365422, 0.922412439139312, 0.9280239297064872, 0.9271986022131625, 0.9371412169919633, 0.9408418657565415, 0.9377462568951931, 0.9368392146093643, 0.9415926748057714, 0.9166156670746634, 0.9340792666486923, 0.9322590271560728, 0.9406207827260459, 0.9344667247893055, 0.9251038235715309, 0.9474232946082812, 0.9383886255924171, 0.931113662456946, 0.9338599544785112, 0.9398473282442749, 0.9300465386852821, 0.9359605911330049, 0.9463814051769678, 0.9446004993757803, 0.9469200524246396, 0.949213359094673]
val step Accs: [0.9212768835384824, 0.9209031318281137, 0.9089580010632642, 0.9109846034415836, 0.9144101238263709, 0.9108449767132402, 0.9171652093879429, 0.916486369536997, 0.9130377057886352, 0.9156536839493922, 0.911042944785276, 0.9097872340425532, 0.9149928728780614, 0.9186883497733938, 0.9156788793103449, 0.9075719120135364]
Preds: [17, 309, 479, 479, 398, 278, 17, 17, 465, 77, 77, 54, 54, 390, 445, 351, 351, 494, 431, 468, 468, 468, 468, 467, 337, 337, 337, 337, 434, 339, 339, 94, 479, 331, 331, 84, 84, 84, 426, 426, 16, 375, 375, 375, 98, 98, 98, 98, 13, 13, 414, 259, 170, 187, 187, 408, 442, 187, 20, 2, 2, 244, 244, 20, 20, 2, 2, 2, 2, 244, 63, 63, 63, 244, 73, 73, 73, 73, 320, 320, 320, 7, 7, 7, 7, 219, 420, 420, 213, 213, 213, 213, 213, 213, 246, 246, 246, 246, 246, 246, 246, 3, 3, 3, 464, 188, 188, 278, 301, 301, 259, 354, 109, 109, 109, 403, 171, 171, 171, 171, 171, 246, 246, 246, 246, 246, 324, 422, 186, 99, 338, 338, 338, 338, 338, 400, 400, 400, 30, 464, 171, 171, 252, 252, 143, 36, 310, 310, 54, 107, 395, 395, 395, 286, 286, 464, 365, 365, 315, 315, 315, 315, 282, 282, 282, 282, 282, 413, 413, 43, 43, 43, 276, 138, 138, 138, 182, 182, 182, 182, 182, 182, 182, 426, 282, 282, 282, 282, 303, 303, 94, 199, 331, 84, 302, 302, 496, 375, 375, 375, 297, 297, 411, 196, 196, 309, 398, 398, 464, 464, 264, 468, 406, 406, 88, 43, 43, 43, 276, 276, 174, 174, 387, 413, 348, 348, 348, 398, 398, 398, 398, 464, 464, 443, 355, 355, 282, 460, 263, 263, 263, 263, 414, 414, 414, 187, 187, 187, 187, 187, 47, 47, 244, 392, 392, 73, 73, 73, 244, 75, 75, 310, 310, 310, 310, 107, 106, 106, 374, 153, 153, 424, 182, 182, 182, 182, 182, 182, 182, 497, 497, 497, 497, 122, 122, 129, 36, 310, 323, 323, 445, 437, 106, 106, 481, 481, 139, 293, 81, 81, 299, 299, 146, 324, 324, 422, 301, 143, 259, 354, 345, 109, 109, 109, 355, 355, 355, 355, 355, 355, 355, 355, 355, 355, 287, 287, 460, 460, 169, 215, 35, 259, 354, 431, 265, 111, 428, 428, 438, 438, 368, 31, 31, 449, 351, 486, 486, 443, 443, 240, 240, 285, 434, 434, 324, 324, 324, 36, 464, 464, 132, 132, 132, 381, 465, 465, 465, 259, 441, 441, 100, 100, 100, 100, 100, 375, 98, 98, 98, 48, 13, 13, 414, 170, 170, 170, 170, 28, 28, 28, 28, 63, 63, 63, 63, 244, 2, 2, 2, 2, 2, 63, 63, 63, 63, 63, 63, 244, 73, 73, 73, 73, 244, 321, 412, 287, 287, 287, 287, 284, 284, 284, 284, 450, 450, 450, 450, 450, 43, 43, 276, 276, 174, 387, 497, 497, 43, 43, 43, 8, 239, 219, 219, 464, 464, 264, 171, 171, 171, 171, 252, 252, 143, 99, 99, 338, 338, 445, 219, 219, 30, 286, 282, 374, 374, 132, 132, 186, 186, 186, 162, 482, 482, 482, 482, 482, 115, 273, 273, 106, 106, 424, 497, 497, 122, 122, 259, 310, 445, 445, 445, 351, 213, 213, 213, 324, 324, 19, 19, 19, 454, 197, 259, 7, 7, 188, 398, 398, 464, 171, 171, 252, 252, 132, 8, 364, 345, 109, 109, 109, 284, 284, 376, 376, 206, 206, 206, 167, 167, 35, 411, 100, 100, 100, 375, 98, 98, 98, 233, 259, 259, 441, 441, 100, 100, 100, 481, 387, 375, 98, 98, 98, 98, 13, 414, 414, 170, 170, 170, 170, 28, 2, 2, 2, 244, 2, 244, 63, 63, 63, 244, 63, 63, 392, 63, 73, 244, 73, 73, 73, 321, 320, 320, 7, 7, 241, 374, 374, 374, 374, 374, 374, 132, 132, 274, 274, 88, 88, 337, 337]

ep18
Train step Loss: [0.5384741425514221, 0.5209150314331055, 0.5410406589508057, 0.5072081685066223, 0.5428586006164551, 0.5199156403541565, 0.48061516880989075, 0.5393033027648926, 0.5117071866989136, 0.49336501955986023, 0.4908711612224579, 0.5133346915245056, 0.5700206756591797, 0.47969549894332886, 0.42177721858024597, 0.5476998090744019, 0.5196118950843811, 0.5336604118347168, 0.5261609554290771, 0.43583768606185913, 0.4968816936016083, 0.4337531626224518, 0.41235142946243286, 0.4934953451156616, 0.4484253525733948, 0.46741998195648193, 0.5415048599243164, 0.4077175259590149, 0.4603995978832245, 0.43565312027931213, 0.4557216763496399, 0.47475573420524597, 0.44474315643310547, 0.46498021483421326, 0.4280301630496979, 0.49073657393455505, 0.41795074939727783, 0.49732550978660583, 0.4619798958301544, 0.40486007928848267, 0.4172150492668152, 0.4350951910018921, 0.43370530009269714, 0.44193342328071594, 0.3860543370246887, 0.4200272262096405, 0.482543408870697, 0.38196492195129395, 0.44217100739479065, 0.3876201808452606, 0.3724968135356903, 0.4083213806152344, 0.42942675948143005, 0.37257149815559387, 0.4496210217475891, 0.3897229731082916, 0.3515070676803589, 0.3510302007198334, 0.40878280997276306, 0.35924404859542847, 0.36616870760917664, 0.41331249475479126, 0.40197697281837463]
val step Loss: [0.5144884586334229, 0.4536004662513733, 0.47868379950523376, 0.5048512816429138, 0.5226543545722961, 0.5530359148979187, 0.5445500612258911, 0.507034182548523, 0.554630696773529, 0.5295060276985168, 0.5677847862243652, 0.5726383328437805, 0.5234907269477844, 0.5112417340278625, 0.5111836791038513, 0.5282815098762512]
Train step Accs: [0.9420369354543793, 0.9428533720469843, 0.943127962085308, 0.950863213811421, 0.9402117768595041, 0.9471592581689726, 0.9533671833244255, 0.943612094797058, 0.9471825063078217, 0.9481243899037791, 0.9543039319872476, 0.9478018329127375, 0.9386219866643871, 0.9541074636616038, 0.9635057892422688, 0.9393939393939394, 0.9461068929581659, 0.9425939050318922, 0.9463928523803173, 0.9570664884731039, 0.9495961227786753, 0.9587030166155831, 0.963880431774149, 0.9538756262894194, 0.9576837416481069, 0.9528557360905958, 0.9418483904465212, 0.9628948687949189, 0.9542600896860987, 0.9602366538249862, 0.9594659803763873, 0.9561576354679803, 0.9561478933791917, 0.9536423841059603, 0.9588987979837146, 0.9489754921655283, 0.9611532625189682, 0.9515390485881455, 0.9535709214823229, 0.9631556133506719, 0.9602997448979592, 0.9556862182704718, 0.9604398551696393, 0.9588612311819943, 0.9666869300911854, 0.9609797778410709, 0.950937071461222, 0.9652188384090531, 0.9567677353837226, 0.9629314017895185, 0.9653333333333334, 0.9587389219816941, 0.9578932343705395, 0.9653926337734537, 0.9548014440433213, 0.9660730733804114, 0.9700190787680567, 0.9702956989247312, 0.9635823694904657, 0.9697816593886462, 0.9668152550767707, 0.9615094339622642, 0.9606892837910609]
val step Accs: [0.9438596491228071, 0.9519531781679597, 0.9504950495049505, 0.9485994802194629, 0.9421378674047713, 0.941203775336531, 0.9411108010047446, 0.9444106556380002, 0.9342907465113128, 0.9440057430007178, 0.9347826086956522, 0.9331963001027749, 0.9418410579021698, 0.9464159479711579, 0.9479891999431576, 0.9419607843137255]
Preds: [17, 17, 17, 284, 486, 486, 460, 460, 169, 150, 349, 234, 234, 234, 261, 25, 25, 25, 481, 399, 399, 53, 473, 473, 473, 398, 360, 360, 360, 360, 434, 434, 434, 339, 339, 117, 81, 398, 398, 324, 360, 360, 360, 360, 360, 360, 434, 434, 434, 434, 434, 19, 19, 454, 454, 454, 417, 414, 414, 414, 249, 249, 249, 82, 80, 80, 80, 320, 321, 188, 188, 188, 290, 171, 171, 171, 434, 339, 399, 53, 345, 345, 100, 497, 497, 497, 122, 285, 285, 285, 285, 285, 241, 431, 431, 139, 139, 139, 293, 175, 122, 216, 458, 458, 192, 180, 470, 403, 290, 290, 171, 434, 434, 434, 19, 19, 19, 19, 454, 454, 414, 414, 414, 414, 414, 414, 102, 414, 47, 47, 20, 392, 73, 244, 244, 321, 7, 7, 7, 309, 309, 309, 309, 398, 398, 360, 360, 360, 360, 360, 434, 434, 434, 434, 434, 434, 434, 434, 19, 19, 454, 454, 197, 197, 197, 197, 7, 321, 7, 219, 219, 219, 219, 219, 30, 30, 286, 286, 286, 468, 468, 468, 468, 467, 467, 180, 486, 315, 315, 315, 315, 315, 315, 315, 450, 450, 203, 203, 53, 250, 250, 250, 138, 138, 138, 345, 345, 387, 186, 186, 186, 349, 349, 234, 234, 234, 234, 261, 25, 25, 374, 374, 153, 153, 153, 182, 182, 98, 98, 98, 98, 197, 259, 259, 183, 183, 183, 183, 171, 171, 438, 422, 31, 31, 342, 342, 342, 342, 115, 273, 26, 359, 171, 171, 171, 171, 171, 171, 252, 422, 143, 478, 342, 342, 342, 115, 115, 273, 273, 486, 486, 486, 460, 460, 460, 169, 35, 35, 35, 441, 441, 100, 100, 424, 424, 182, 182, 182, 182, 182, 182, 182, 182, 182, 182, 375, 375, 98, 98, 98, 13, 13, 226, 321, 75, 437, 437, 437, 437, 405, 405, 206, 98, 98, 98, 98, 13, 13, 17, 24, 143, 143, 143, 143, 143, 143, 143, 143, 143, 143, 143, 143, 143, 143, 143, 143, 143, 143, 143, 143, 143, 143, 143, 143, 143, 143, 143, 143, 143, 143, 143, 143, 143, 143, 143, 143, 143, 143, 143, 143, 143, 143, 143, 143, 143, 143, 143, 143, 143, 143, 143, 143, 143, 143, 143, 143, 143, 143, 143, 143, 143, 143, 143, 143, 143, 143, 143, 143, 143, 143, 143, 143, 143, 143, 143, 143, 143, 143, 143, 143, 143, 143, 143, 143, 143, 143, 143, 143, 143, 143, 143, 143, 143, 143, 143, 143, 143, 143, 143, 143, 143, 143, 143, 143, 143, 143, 143, 143, 143, 143, 143, 143, 143, 143, 143, 143, 143, 143, 143, 143, 143, 143, 143, 143, 143, 143, 143, 143, 143, 143, 143, 143, 143, 143, 143, 143, 143, 143, 143, 143, 143, 143, 143, 143, 143, 143, 143, 143, 143, 143, 143, 143, 143, 143, 143, 143, 143, 143, 143, 143, 143, 143, 143, 143, 143, 143, 143, 143, 143, 143, 143, 143, 143, 143, 143, 143, 143, 143, 143, 143, 143, 143, 143, 143, 143, 143, 143, 143, 143, 143, 143, 143, 143, 143, 143, 143, 143, 143, 143, 143, 143, 143, 143, 143, 143, 143, 143, 143, 143, 143, 143, 143, 143, 143, 143, 143, 143, 143, 143, 143, 143, 143, 143, 143, 143, 143, 143, 143, 143, 143, 143, 143, 143, 143, 143, 143, 143, 143, 143, 143, 143, 143, 143, 143, 143, 143, 143, 143, 143, 143, 143, 143, 143, 143, 143, 143, 143, 143, 143, 143, 143, 143, 143, 143, 143, 143, 143, 143, 143, 143, 143, 143, 143, 143, 143, 143, 143, 143, 143, 143]

ep19
Train step Loss: [0.36061906814575195, 0.31588488817214966, 0.3511714041233063, 0.42608535289764404, 0.3815385699272156, 0.37622037529945374, 0.34088343381881714, 0.33221229910850525, 0.3129572868347168, 0.31576353311538696, 0.3354467749595642, 0.3240138590335846, 0.32567062973976135, 0.34773847460746765, 0.3807005286216736, 0.31695684790611267, 0.3172500729560852, 0.3232990801334381, 0.347751259803772, 0.3517935276031494, 0.29035449028015137, 0.3309430778026581, 0.3305136263370514, 0.3068520724773407, 0.37408483028411865, 0.29289060831069946, 0.31425273418426514, 0.3331506848335266, 0.32075387239456177, 0.30064404010772705, 0.2706836462020874, 0.27660423517227173, 0.28438177704811096, 0.32735711336135864, 0.29732415080070496, 0.2681792378425598, 0.2824450731277466, 0.2725658416748047, 0.2762989401817322, 0.3228396773338318, 0.2707367539405823, 0.28203389048576355, 0.28387290239334106, 0.2697736620903015, 0.27252867817878723, 0.2852656841278076, 0.3161843419075012, 0.29978474974632263, 0.29508188366889954, 0.27394363284111023, 0.2641046345233917, 0.28453660011291504, 0.26697906851768494, 0.2839811444282532, 0.2477409690618515, 0.2927866280078888, 0.2763456404209137, 0.2431943118572235, 0.25210335850715637, 0.2723233103752136, 0.23965705931186676, 0.252534419298172, 0.2503649592399597]
val step Loss: [0.37424007058143616, 0.3731828033924103, 0.37620508670806885, 0.3689027726650238, 0.37514352798461914, 0.36549869179725647, 0.35233044624328613, 0.37424713373184204, 0.39175841212272644, 0.34924137592315674, 0.37176474928855896, 0.34720513224601746, 0.3401608467102051, 0.39288249611854553, 0.3357914090156555, 0.29868996143341064]
Train step Accs: [0.9668516355140186, 0.9723527785457562, 0.9696048632218845, 0.9591588460201599, 0.9610220874837592, 0.9648053207704033, 0.9707272249934366, 0.9722436391673092, 0.9724319578577699, 0.9733672376873662, 0.9695278969957082, 0.9703520691785052, 0.9713963646611244, 0.9708581548864917, 0.9647837723623045, 0.9730552595524433, 0.974021475580187, 0.9737120211360634, 0.9670672007120605, 0.9664198161389173, 0.9750479846449136, 0.9719861504564055, 0.9696601941747572, 0.9734412955465587, 0.9674280879864636, 0.9751421393626868, 0.9719482120838471, 0.9707125603864735, 0.9719267139479906, 0.9727107337780473, 0.9785320568610386, 0.9772458628841607, 0.9744665547830257, 0.9690436705362079, 0.9730360383717915, 0.97498921949116, 0.9736432095559595, 0.977027027027027, 0.9754528747702809, 0.9706012053505806, 0.9782270606531882, 0.9744292237442922, 0.9777294038847957, 0.9759662684469431, 0.9760719225449516, 0.9743554391286364, 0.9696325539022168, 0.9718071175473733, 0.9729091195463853, 0.9749676305567544, 0.9780917605969202, 0.9730834272829764, 0.9742496050552922, 0.9758576874205845, 0.9798882681564246, 0.9742789176330657, 0.9764905820705283, 0.9789080229608864, 0.9776822844469087, 0.976093452866069, 0.982009234198376, 0.9785626427692848, 0.9770548939878013]
val step Accs: [0.9599127038823799, 0.9612013405516886, 0.9586307356154407, 0.9599517814090543, 0.9596172559195588, 0.9605725087766676, 0.9640569860149, 0.9596139569413511, 0.9583333333333334, 0.9647986482680935, 0.9602142310635042, 0.9662876784769963, 0.966262319939348, 0.9581435079726651, 0.9642661555312158, 0.9708217120789531]
Preds: [17, 17, 287, 284, 319, 319, 319, 319, 450, 413, 203, 76, 76, 349, 349, 234, 234, 234, 234, 261, 25, 25, 106, 499, 499, 265, 265, 480, 85, 85, 299, 299, 388, 388, 388, 219, 324, 246, 324, 324, 324, 422, 31, 162, 162, 232, 232, 172, 172, 115, 267, 267, 267, 267, 213, 213, 252, 3, 3, 14, 411, 188, 188, 443, 443, 120, 271, 271, 31, 31, 342, 232, 232, 232, 232, 238, 336, 336, 110, 110, 486, 486, 486, 486, 468, 468, 468, 468, 203, 203, 303, 394, 243, 76, 465, 478, 310, 107, 107, 107, 395, 395, 470, 286, 264, 264, 264, 264, 264, 264, 264, 207, 207, 207, 207, 454, 454, 454, 454, 414, 170, 170, 170, 170, 170, 170, 82, 28, 2, 2, 2, 2, 2, 2, 392, 244, 392, 63, 63, 244, 73, 73, 244, 321, 320, 320, 287, 287, 106, 481, 293, 293, 293, 497, 58, 58, 72, 437, 437, 284, 284, 426, 426, 319, 348, 348, 348, 348, 348, 195, 250, 250, 76, 32, 320, 7, 354, 109, 109, 324, 324, 324, 468, 467, 337, 337, 290, 290, 360, 328, 434, 434, 324, 464, 464, 464, 340, 340, 116, 94, 479, 331, 331, 331, 138, 138, 182, 182, 182, 497, 497, 497, 497, 98, 58, 441, 437, 437, 284, 284, 426, 426, 319, 319, 348, 348, 53, 381, 381, 381, 275, 452, 452, 98, 48, 414, 414, 170, 170, 170, 170, 392, 2, 244, 392, 392, 392, 392, 392, 392, 73, 73, 73, 321, 320, 7, 7, 7, 345, 109, 109, 346, 284, 376, 376, 460, 460, 169, 271, 150, 269, 323, 323, 224, 168, 494, 106, 153, 153, 153, 387, 349, 349, 349, 349, 349, 349, 234, 261, 25, 25, 148, 100, 302, 153, 53, 274, 274, 497, 98, 98, 197, 197, 197, 321, 321, 209, 287, 287, 287, 284, 284, 284, 315, 480, 480, 480, 480, 480, 480, 282, 282, 282, 282, 282, 282, 282, 388, 388, 94, 195, 195, 195, 250, 250, 250, 250, 473, 109, 109, 290, 290, 290, 290, 207, 464, 434, 434, 252, 143, 458, 131, 192, 34, 10, 10, 134, 134, 134, 349, 349, 349, 349, 155, 261, 25, 148, 148, 148, 148, 153, 182, 182, 182, 182, 387, 406, 134, 134, 134, 134, 302, 302, 375, 132, 98, 98, 98, 98, 13, 13, 78, 170, 170, 170, 170, 28, 187, 187, 187, 187, 20, 163, 392, 73, 244, 75, 401, 401, 205, 205, 261, 261, 25, 106, 106, 106, 106, 153, 153, 182, 182, 182, 182, 182, 182, 182, 182, 182, 182, 182, 345, 345, 274, 122, 122, 122, 36, 310, 310, 310, 107, 395, 395, 84, 84, 84, 84, 84, 274, 274, 98, 98, 193, 17, 24, 143, 143, 143, 143, 143, 143, 143, 143, 143, 143, 143, 143, 143, 143, 143, 143, 143, 143, 143, 143, 143, 143, 143, 143, 143, 143, 143, 143, 143, 143, 143, 143, 143, 143, 143, 143, 143, 143, 143, 143, 143, 143, 143, 143, 143, 143, 143, 143, 143, 143, 143, 143, 143, 143, 143, 143, 143, 143, 143, 143, 143, 143, 143, 143, 143, 143, 143, 143, 143, 143, 143, 143, 143, 143, 143, 143, 143, 143, 143, 143, 143, 143, 143, 143, 143, 143, 143, 143, 143, 143, 143, 143, 143, 143, 143, 143, 143, 143, 143, 143, 143, 143, 143, 143, 143, 143, 143, 143, 143, 143, 143, 143, 143, 143, 143, 143, 143, 143, 143, 143, 143, 143, 143, 143, 143, 143, 143, 143, 143, 143, 143, 143, 143, 143, 143, 143, 143, 143, 143, 143, 143, 143, 143, 143]

ep20
Train step Loss: [0.21462184190750122, 0.2158346176147461, 0.23881085216999054, 0.22157026827335358, 0.22840434312820435, 0.24836106598377228, 0.2527529299259186, 0.23696959018707275, 0.22532345354557037, 0.2454138845205307, 0.23200379312038422, 0.2326468825340271, 0.2551530599594116, 0.22425274550914764, 0.21448080241680145, 0.23369713127613068, 0.19818060100078583, 0.2546280324459076, 0.21021251380443573, 0.20129598677158356, 0.22819699347019196, 0.244868203997612, 0.19791482388973236, 0.20015856623649597, 0.2049691528081894, 0.1824178397655487, 0.21985727548599243, 0.1971825361251831, 0.18569858372211456, 0.20240503549575806, 0.1816437840461731, 0.19213660061359406, 0.2258155196905136, 0.19713270664215088, 0.18042822182178497, 0.1845497488975525, 0.1786934733390808, 0.2021750956773758, 0.19178983569145203, 0.2030426412820816, 0.2085045576095581, 0.1863487958908081, 0.17400725185871124, 0.17319956421852112, 0.18715131282806396, 0.19102635979652405, 0.1739153265953064, 0.18953970074653625, 0.20394062995910645, 0.19164524972438812, 0.17041902244091034, 0.20065751671791077, 0.1577581912279129, 0.1562875658273697, 0.17500494420528412, 0.16342785954475403, 0.1388656497001648, 0.1785810887813568, 0.15614891052246094, 0.1346878707408905, 0.15982723236083984, 0.1538594365119934, 0.1524701714515686]
val step Loss: [0.2247696965932846, 0.2735987603664398, 0.24235756695270538, 0.24489851295948029, 0.2786032557487488, 0.23100510239601135, 0.27669423818588257, 0.24417416751384735, 0.24977821111679077, 0.23063965141773224, 0.20165568590164185, 0.2569909989833832, 0.222071573138237, 0.27597662806510925, 0.2414744645357132, 0.19833871722221375]
Train step Accs: [0.9848990621522811, 0.9836397631660954, 0.9801149603852727, 0.9849140941472273, 0.980330448465775, 0.9785474282760404, 0.9779400804888955, 0.9806967274920826, 0.9823670053795577, 0.9794160583941606, 0.9800412938747419, 0.9800641293740415, 0.9775597792765175, 0.9802382620882971, 0.9825841977205788, 0.9803117309269893, 0.9843071318481155, 0.9767165949873944, 0.9802009026059106, 0.9831126722507431, 0.9789245312257865, 0.9768120169170191, 0.9841223169655984, 0.9834403080872914, 0.9832417969300099, 0.9866811633596085, 0.9829322887520985, 0.984, 0.9859327217125382, 0.9829905063291139, 0.9857625128430941, 0.9857417494392823, 0.9790920807675784, 0.9838117262957421, 0.9850585704040162, 0.9866571018651363, 0.9858962693357598, 0.9821989528795811, 0.9846755787414412, 0.9821862348178138, 0.9832134292565947, 0.9841722515328676, 0.9879776728209532, 0.9882983910287665, 0.986972871340317, 0.9847258286237972, 0.9845122145936452, 0.9822163675284045, 0.984313725490196, 0.9853363085750717, 0.9864619678995115, 0.983330760919895, 0.9889695991390907, 0.9878127004490058, 0.985781990521327, 0.9853672396647251, 0.9904189904189904, 0.9837962962962963, 0.9879583276958464, 0.9905986450988525, 0.9875343721356553, 0.9887748117727584, 0.9881835669139873]
val step Accs: [0.9787290969899666, 0.9680540827147401, 0.9759502418797512, 0.9726312864684634, 0.9666926880041634, 0.9775677378701954, 0.9678795148607223, 0.9732107157137145, 0.9718380688961529, 0.97524247064829, 0.9815109977685686, 0.9717407686510927, 0.9791666666666666, 0.9728358208955223, 0.9756306113723814, 0.9817920459990417]
Preds: [17, 17, 17, 145, 284, 284, 284, 450, 450, 450, 43, 43, 43, 43, 276, 276, 153, 153, 138, 182, 182, 182, 182, 182, 182, 182, 98, 98, 98, 98, 98, 197, 226, 226, 226, 209, 287, 287, 110, 145, 111, 111, 322, 322, 67, 10, 10, 479, 398, 398, 398, 301, 399, 43, 43, 250, 138, 138, 138, 153, 387, 387, 109, 146, 146, 324, 324, 422, 99, 99, 338, 338, 338, 338, 338, 338, 395, 395, 395, 278, 278, 278, 374, 378, 416, 8, 259, 208, 100, 100, 100, 375, 122, 122, 122, 233, 82, 75, 75, 66, 68, 68, 68, 224, 25, 267, 444, 448, 324, 464, 464, 58, 315, 486, 319, 319, 72, 72, 203, 7, 364, 276, 276, 276, 276, 153, 153, 182, 182, 182, 182, 375, 98, 98, 98, 98, 426, 426, 282, 282, 59, 282, 282, 282, 413, 413, 413, 303, 413, 303, 303, 303, 303, 303, 309, 309, 479, 479, 331, 331, 106, 481, 481, 481, 481, 182, 387, 293, 375, 98, 263, 263, 263, 78, 170, 170, 170, 170, 170, 392, 392, 392, 392, 392, 392, 392, 392, 63, 63, 63, 63, 63, 63, 63, 63, 63, 63, 63, 392, 392, 392, 392, 244, 244, 289, 289, 321, 7, 7, 420, 324, 324, 324, 464, 464, 464, 110, 486, 486, 460, 460, 169, 349, 349, 234, 234, 234, 234, 261, 25, 25, 485, 324, 324, 324, 464, 464, 464, 139, 139, 426, 426, 426, 413, 348, 10, 10, 473, 398, 398, 340, 340, 116, 94, 199, 302, 88, 274, 122, 122, 129, 129, 75, 342, 68, 115, 273, 273, 151, 151, 151, 240, 215, 35, 129, 259, 354, 354, 420, 286, 286, 286, 286, 374, 374, 374, 374, 374, 246, 246, 246, 477, 132, 132, 132, 375, 375, 375, 98, 98, 98, 13, 401, 82, 401, 321, 75, 208, 208, 441, 437, 437, 437, 481, 481, 375, 375, 98, 98, 98, 263, 13, 193, 17, 143, 314, 143, 143, 143, 143, 143, 143, 143, 143, 143, 143, 143, 143, 143, 143, 143, 143, 143, 143, 143, 143, 143, 143, 143, 143, 143, 143, 143, 143, 143, 143, 143, 143, 143, 143, 143, 143, 143, 143, 143, 143, 143, 143, 143, 143, 143, 143, 143, 143, 143, 143, 143, 143, 143, 143, 143, 143, 143, 143, 143, 143, 143, 143, 143, 143, 143, 143, 143, 143, 143, 143, 143, 143, 143, 143, 143, 143, 143, 143, 143, 143, 143, 143, 143, 143, 143, 143, 143, 143, 143, 143, 143, 143, 143, 143, 143, 143, 143, 143, 143, 143, 143, 143, 143, 143, 143, 143, 143, 143, 143, 143, 143, 143, 143, 143, 143, 143, 143, 143, 143, 143, 143, 143, 143, 143, 143, 143, 143, 143, 143, 143, 143, 143, 143, 143, 143, 143, 143, 143, 143, 143, 143, 143, 143, 143, 143, 143, 143, 143, 143, 143, 143, 143, 143, 143, 143, 143, 143, 143, 143, 143, 143, 143, 143, 143, 143, 143, 143, 143, 143, 143, 143, 143, 143, 143, 143, 143, 143, 143, 143, 143, 143, 143, 143, 143, 143, 143, 143, 143, 143, 143, 143, 143, 143, 143, 143, 143, 143, 143, 143, 143, 143, 143, 143, 143, 143, 143, 143, 143, 143, 143, 143, 143, 143, 143, 143, 143, 143, 143, 143, 143, 143, 143, 143, 143, 143, 143, 143, 143, 143, 143, 143, 143, 143, 143, 143, 143, 143, 143, 143, 143, 143, 143, 143, 143, 143, 143, 143, 143, 143, 143, 143, 143, 143, 143, 143, 143, 143, 143, 143, 143, 143, 143, 143, 143, 143, 143, 143, 143, 143, 143, 143, 143, 143, 143]

ep21
Train step Loss: [0.16735094785690308, 0.1780916303396225, 0.15306201577186584, 0.14120566844940186, 0.14255037903785706, 0.15739242732524872, 0.12926223874092102, 0.1628478467464447, 0.12990760803222656, 0.14008261263370514, 0.1614643633365631, 0.13922622799873352, 0.14086349308490753, 0.12715257704257965, 0.16161799430847168, 0.15976585447788239, 0.14464698731899261, 0.16110897064208984, 0.15395665168762207, 0.11974669247865677, 0.12813472747802734, 0.15222623944282532, 0.13456352055072784, 0.16049478948116302, 0.14721931517124176, 0.118182472884655, 0.14011412858963013, 0.11625026166439056, 0.10835602134466171, 0.11833271384239197, 0.13382504880428314, 0.14697298407554626, 0.13385233283042908, 0.12174666672945023, 0.10233340412378311, 0.12867796421051025, 0.13597866892814636, 0.11620611697435379, 0.12707290053367615, 0.12854862213134766, 0.10586860775947571, 0.10793261975049973, 0.11217480897903442, 0.12442999333143234, 0.10377243906259537, 0.12569335103034973, 0.12632165849208832, 0.13137401640415192, 0.12182378023862839, 0.12167493999004364, 0.09491981565952301, 0.10459601134061813, 0.11401043832302094, 0.09675934165716171, 0.10280092060565948, 0.10714290291070938, 0.10346456617116928, 0.11838917434215546, 0.09636155515909195, 0.09117453545331955, 0.10096468776464462, 0.10348769277334213, 0.09707020968198776]
val step Loss: [0.17785696685314178, 0.170699805021286, 0.1675315648317337, 0.20395080745220184, 0.16070038080215454, 0.15611714124679565, 0.1819375902414322, 0.15164291858673096, 0.1448010951280594, 0.1564110964536667, 0.1493907868862152, 0.14904259145259857, 0.15092381834983826, 0.14297278225421906, 0.1657821387052536, 0.19204573333263397]
Train step Accs: [0.9861683343143025, 0.9838867871654757, 0.9870296465222349, 0.9892068273092369, 0.9909356725146199, 0.9869955758144523, 0.9919028340080972, 0.9871451526513123, 0.9901648828463986, 0.9902592537089765, 0.9880422691879867, 0.9884299744383156, 0.9899072558647026, 0.9911739983188568, 0.9852037967615858, 0.9866501086619063, 0.9893633661817614, 0.9873584408743745, 0.990515527000153, 0.9917039768238083, 0.9902340722368626, 0.9902649218001915, 0.9885222381635581, 0.9891645280866838, 0.990084416454509, 0.9914938068944934, 0.9912080755454249, 0.9909250981985642, 0.9934861907243356, 0.9920474037112116, 0.9885793871866295, 0.9888426063671526, 0.990273950397147, 0.992812356629454, 0.9951134380453752, 0.9906750173973556, 0.9892204343071395, 0.991615120274914, 0.9914084507042253, 0.9903516962340492, 0.9934899518822531, 0.9936409346347235, 0.9921941286271848, 0.9902774176821364, 0.9947062841530054, 0.9913516529502022, 0.9931127162775072, 0.9904224388575338, 0.9899874843554443, 0.9922903951172503, 0.9925439904563078, 0.9927188000582496, 0.9919310722100656, 0.9927372498386056, 0.9931416897709032, 0.9925623450488552, 0.9933731808731808, 0.9903297400126823, 0.9943371569623929, 0.9949524592088274, 0.9938028169014085, 0.992249154453213, 0.9951923076923077]
val step Accs: [0.9861220214715894, 0.9869689154336908, 0.9866099361782005, 0.9812834224598931, 0.9889170783816263, 0.9878273177636235, 0.9846625766871165, 0.9882072346627799, 0.9895901106050748, 0.9895795022679906, 0.9880560131795717, 0.9889459139360443, 0.9883440514469454, 0.9904080171796708, 0.9864556135770235, 0.9840903850587964]
Preds: [17, 188, 324, 324, 422, 143, 143, 14, 14, 209, 287, 145, 145, 111, 111, 85, 85, 146, 146, 438, 438, 335, 14, 14, 14, 287, 145, 145, 145, 486, 265, 428, 85, 85, 85, 207, 207, 207, 19, 19, 454, 454, 454, 454, 414, 56, 56, 170, 170, 312, 187, 187, 187, 187, 1, 1, 1, 1, 1, 408, 408, 391, 391, 391, 391, 73, 73, 321, 321, 287, 287, 287, 287, 284, 284, 284, 284, 284, 426, 284, 450, 450, 450, 450, 450, 293, 293, 98, 169, 349, 349, 349, 234, 234, 234, 234, 261, 25, 25, 106, 346, 426, 426, 480, 85, 85, 85, 299, 330, 330, 388, 388, 116, 309, 398, 398, 398, 398, 464, 464, 464, 330, 330, 139, 139, 315, 319, 319, 450, 450, 450, 450, 413, 413, 43, 43, 43, 276, 276, 174, 174, 174, 284, 284, 284, 355, 355, 355, 355, 426, 426, 450, 450, 293, 293, 43, 43, 43, 276, 276, 346, 346, 346, 428, 428, 85, 146, 285, 285, 285, 285, 285, 285, 337, 337, 324, 324, 422, 422, 31, 162, 232, 232, 172, 172, 115, 115, 267, 267, 267, 267, 213, 3, 3, 3, 14, 188, 188, 464, 120, 120, 120, 271, 271, 271, 31, 162, 232, 232, 232, 232, 172, 172, 115, 115, 273, 273, 273, 273, 84, 84, 84, 84, 355, 355, 355, 452, 452, 452, 263, 48, 48, 414, 414, 170, 170, 170, 170, 170, 244, 28, 2, 2, 2, 2, 2, 63, 63, 2, 63, 63, 63, 63, 63, 63, 63, 63, 63, 63, 244, 63, 244, 73, 320, 249, 441, 441, 441, 441, 441, 153, 153, 424, 497, 497, 497, 122, 122, 216, 198, 127, 371, 114, 180, 443, 443, 486, 486, 460, 240, 240, 285, 285, 285, 285, 300, 134, 134, 134, 88, 42, 42, 42, 147, 147, 380, 380, 288, 288, 288, 213, 213, 213, 246, 246, 246, 246, 246, 246, 246, 246, 19, 19, 19, 454, 454, 454, 414, 414, 170, 170, 170, 170, 170, 28, 28, 28, 28, 2, 2, 244, 2, 63, 244, 63, 63, 63, 63, 63, 63, 63, 63, 63, 63, 63, 366, 63, 63, 63, 163, 244, 63, 63, 316, 63, 73, 73, 244, 73, 321, 7, 7, 7, 7, 7, 7, 398, 398, 374, 374, 374, 374, 374, 378, 378, 378, 43, 43, 276, 276, 276, 346, 346, 346, 284, 284, 284, 405, 405, 405, 206, 206, 206, 206, 206, 206, 98, 167, 197, 197, 226, 321, 75, 287, 287, 287, 287, 284, 284, 284, 284, 284, 284, 284, 426, 426, 426, 426, 426, 426, 426, 450, 450, 282, 413, 388, 94, 94, 94, 199, 467, 337, 337, 337, 207, 207, 207, 464, 464, 464, 468, 467, 467, 467, 467, 313, 200, 375, 76, 76, 465, 349, 349, 155, 155, 155, 441, 441, 148, 148, 153, 153, 153, 182, 182, 182, 182, 182, 182, 132, 88, 88, 88, 182, 497, 497, 497, 43, 399, 70, 70, 70, 65, 65, 46, 46, 46, 46, 146, 146, 146, 464, 464, 464, 324, 324, 464, 464, 286, 468, 406, 406, 406, 359, 324, 464, 464, 464, 355, 355, 355, 355, 263, 263, 17, 143, 143, 143, 143, 143, 143, 143, 143, 143, 143, 143, 143, 143, 143, 143, 143, 143, 143, 143, 143, 143, 143, 143, 143, 143, 143, 143, 143, 143, 143, 143, 143, 143, 143, 143, 143, 143, 143, 143, 143, 143, 143, 143, 143, 143, 143, 143, 143, 143, 143, 143, 143, 143, 143, 143, 143, 143, 143, 143, 143, 143, 143, 143, 143, 143, 143, 143, 143, 143, 143, 143, 143, 143, 143, 143]

ep22
Train step Loss: [0.09870631992816925, 0.1178179383277893, 0.08558609336614609, 0.08740383386611938, 0.10124587267637253, 0.10095129907131195, 0.08577834069728851, 0.09203711152076721, 0.0855439230799675, 0.10049835592508316, 0.08736300468444824, 0.11114546656608582, 0.1040375679731369, 0.0993637666106224, 0.07635267823934555, 0.1077904999256134, 0.09536103904247284, 0.08358648419380188, 0.09048152714967728, 0.09658422321081161, 0.07945626229047775, 0.09267939627170563, 0.07685589045286179, 0.08749007433652878, 0.0791596993803978, 0.07979995757341385, 0.08266229927539825, 0.08432553708553314, 0.08353834599256516, 0.0882505252957344, 0.06537549942731857, 0.09244430810213089, 0.07204978913068771, 0.0927298292517662, 0.07974153012037277, 0.07925401628017426, 0.07541573792695999, 0.0661725178360939, 0.0850963220000267, 0.057182904332876205, 0.07808424532413483, 0.09248396754264832, 0.07118355482816696, 0.062047429382801056, 0.0783509835600853, 0.07536640763282776, 0.08198309689760208, 0.06923558562994003, 0.07374513894319534, 0.06138931214809418, 0.07717995345592499, 0.06590365618467331, 0.06287040561437607, 0.06626708805561066, 0.0727822408080101, 0.08306367695331573, 0.059810277074575424, 0.07477133721113205, 0.06118197366595268, 0.08107385039329529, 0.06430034339427948, 0.08550837635993958, 0.07673379778862]
val step Loss: [0.10128770023584366, 0.10019974410533905, 0.12420633435249329, 0.10910741239786148, 0.1062568724155426, 0.10939276963472366, 0.10150609165430069, 0.12231156975030899, 0.10414206236600876, 0.09544643759727478, 0.105593740940094, 0.10294368863105774, 0.08082148432731628, 0.11474601179361343, 0.09443989396095276, 0.10655688494443893]
Train step Accs: [0.9937674891885017, 0.9926896131586963, 0.9949642194540154, 0.994029454690195, 0.9932793855438211, 0.9948311509303929, 0.9960165710643722, 0.9947278426902252, 0.9949864498644987, 0.9923830250272034, 0.9952529499525296, 0.9920634920634921, 0.9917924666568958, 0.9932885906040269, 0.996277090812392, 0.9917418565529897, 0.9942172073342737, 0.9946154908187215, 0.9933877868533645, 0.9936461388074291, 0.9948653899528171, 0.9934924078091106, 0.995917132920006, 0.9941988950276243, 0.9952374282112341, 0.9959156785243741, 0.9954622066640736, 0.9947939262472885, 0.9952064326581104, 0.9941043083900227, 0.9965494577719356, 0.9934858135495078, 0.9963350785340314, 0.9939043952518447, 0.9945512335401846, 0.9948362868207957, 0.9970444805674598, 0.9965926127845168, 0.994991652754591, 0.997508176296527, 0.9943987397164362, 0.9930427374698282, 0.9957678355501813, 0.99689537410742, 0.9955725498088146, 0.9950644365231698, 0.9943322191541927, 0.9963375329622033, 0.9947128800117492, 0.9965214971476276, 0.9940202391904324, 0.995985495985496, 0.9961952243505642, 0.9952215464813206, 0.9955000725794745, 0.9939943947684505, 0.9964266080263882, 0.9955456570155902, 0.9965819586862833, 0.9946388682055101, 0.9964252614855025, 0.9934651474530831, 0.9945548597876396]
val step Accs: [0.993151662148666, 0.9933418693982075, 0.9912036358305234, 0.9931448157669237, 0.9935347856640899, 0.9924511545293073, 0.9929696287964005, 0.9915071618709596, 0.9931428571428571, 0.9945397815912637, 0.9919661115980134, 0.9933738266151297, 0.9960215605749486, 0.9929664363277394, 0.9926451273969005, 0.9933462116333978]
Preds: [17, 17, 17, 309, 309, 309, 473, 398, 324, 324, 434, 301, 339, 8, 8, 259, 354, 354, 420, 213, 213, 213, 324, 19, 19, 19, 454, 454, 454, 439, 78, 170, 170, 170, 170, 392, 237, 237, 237, 237, 237, 237, 237, 28, 244, 244, 244, 28, 63, 392, 63, 63, 63, 63, 63, 63, 63, 63, 63, 63, 63, 63, 63, 63, 63, 63, 63, 63, 63, 63, 63, 63, 63, 63, 63, 63, 63, 63, 63, 392, 244, 289, 289, 289, 287, 287, 287, 284, 284, 284, 284, 111, 85, 240, 240, 240, 314, 314, 243, 197, 414, 414, 414, 414, 47, 392, 392, 244, 80, 102, 321, 102, 102, 102, 102, 320, 320, 479, 331, 331, 307, 307, 206, 13, 167, 167, 457, 35, 401, 7, 196, 479, 473, 65, 429, 360, 171, 171, 171, 171, 171, 246, 3, 19, 3, 3, 197, 226, 320, 188, 188, 188, 340, 203, 399, 70, 70, 70, 138, 65, 174, 319, 319, 240, 251, 251, 241, 431, 443, 486, 486, 264, 264, 468, 468, 443, 443, 240, 271, 150, 150, 35, 342, 68, 68, 224, 26, 26, 494, 444, 448, 324, 324, 324, 464, 464, 464, 464, 328, 186, 271, 143, 458, 96, 448, 66, 68, 68, 68, 261, 25, 25, 106, 499, 284, 284, 306, 306, 306, 85, 59, 59, 452, 452, 48, 414, 170, 82, 170, 392, 392, 392, 392, 392, 392, 392, 392, 392, 392, 73, 289, 320, 320, 345, 345, 345, 132, 122, 236, 32, 32, 239, 259, 75, 371, 180, 180, 319, 319, 319, 319, 240, 388, 64, 64, 199, 374, 132, 132, 132, 132, 132, 359, 325, 34, 444, 324, 324, 324, 246, 246, 246, 246, 246, 246, 3, 3, 14, 14, 440, 440, 287, 284, 284, 265, 306, 85, 85, 59, 59, 59, 59, 59, 406, 42, 42, 147, 147, 147, 337, 41, 324, 324, 324, 301, 301, 8, 32, 32, 259, 259, 354, 354, 284, 284, 265, 376, 460, 17, 143, 143, 143, 143, 143, 143, 143, 143, 143, 143, 143, 143, 143, 143, 143, 143, 143, 143, 143, 143, 143, 143, 143, 143, 143, 143, 143, 143, 143, 143, 143, 143, 143, 143, 143, 143, 143, 143, 143, 143, 143, 143, 143, 143, 143, 143, 143, 143, 143, 143, 143, 143, 143, 143, 143, 143, 143, 143, 143, 143, 143, 143, 143, 143, 143, 143, 143, 143, 143, 143, 143, 143, 143, 143, 143, 143, 143, 143, 143, 143, 143, 143, 143, 143, 143, 143, 143, 143, 143, 143, 143, 143, 143, 143, 143, 143, 143, 143, 143, 143, 143, 143, 143, 143, 143, 143, 143, 143, 143, 143, 143, 143, 143, 143, 143, 143, 143, 143, 143, 143, 143, 143, 143, 143, 143, 143, 143, 143, 143, 143, 143, 143, 143, 143, 143, 143, 143, 143, 143, 143, 143, 143, 143, 143, 143, 143, 143, 143, 143, 143, 143, 143, 143, 143, 143, 143, 143, 143, 143, 143, 143, 143, 143, 143, 143, 143, 143, 143, 143, 143, 143, 143, 143, 143, 143, 143, 143, 143, 143, 143, 143, 143, 143, 143, 143, 143, 143, 143, 143, 143, 143, 143, 143, 143, 143, 143, 143, 143, 143, 143, 143, 143, 143, 143, 143, 143, 143, 143, 143, 143, 143, 143, 143, 143, 143, 143, 143, 143, 143, 143, 143, 143, 143, 143, 143, 143, 143, 143, 143, 143, 143, 143, 143, 143, 143, 143, 143, 143, 143, 143, 143, 143, 143, 143, 143, 143, 143, 143, 143, 143, 143, 143, 143, 143, 143, 143, 143, 143, 143, 143, 143, 143, 143, 143, 143, 143, 143, 143, 143, 143, 143]

ep23
Train step Loss: [0.05231839045882225, 0.07505808025598526, 0.060988906770944595, 0.05268857255578041, 0.06282176077365875, 0.05494007468223572, 0.04827416315674782, 0.05561011657118797, 0.06154097616672516, 0.05528854951262474, 0.051715265959501266, 0.05423595756292343, 0.05275615304708481, 0.0627448558807373, 0.055885426700115204, 0.06121210381388664, 0.0696549117565155, 0.055810943245887756, 0.05074775218963623, 0.06356542557477951, 0.05840384215116501, 0.05445319041609764, 0.06014309823513031, 0.05367383733391762, 0.03883283957839012, 0.06684137135744095, 0.054851777851581573, 0.05359843373298645, 0.04855307191610336, 0.046943891793489456, 0.03962071239948273, 0.052474770694971085, 0.05276234820485115, 0.046512700617313385, 0.05562949925661087, 0.04191248491406441, 0.055391084402799606, 0.05330647900700569, 0.04745161533355713, 0.051384612917900085, 0.06146518513560295, 0.055182088166475296, 0.0464198961853981, 0.04675602540373802, 0.05357712134718895, 0.04790373891592026, 0.050669390708208084, 0.04713395982980728, 0.03696902096271515, 0.04938063770532608, 0.04986206814646721, 0.04775002598762512, 0.05170390382409096, 0.04520493000745773, 0.0375925749540329, 0.03934825211763382, 0.04626000300049782, 0.03652670979499817, 0.048529889434576035, 0.03773220628499985, 0.046642232686281204, 0.05764042213559151, 0.03168509155511856]
val step Loss: [0.08086052536964417, 0.07324197888374329, 0.06414928287267685, 0.057927455753088, 0.07095111161470413, 0.06400326639413834, 0.0614897683262825, 0.06859386712312698, 0.08536095917224884, 0.06332672387361526, 0.0784045085310936, 0.07076772302389145, 0.05279659852385521, 0.05649951845407486, 0.062032684683799744, 0.08851351588964462]
Train step Accs: [0.9974764244919644, 0.9936176836861769, 0.9960029607698001, 0.9978511952726296, 0.9949558638083228, 0.9958853575482406, 0.9977724977724978, 0.9975193798449612, 0.9965192729147866, 0.9971181556195965, 0.997327884313109, 0.9972876516773733, 0.9970864786121043, 0.9962641761174116, 0.9962761386422229, 0.996189156417807, 0.9934879288437103, 0.9968466195761857, 0.9965956187092955, 0.9947319899907809, 0.9962400125332915, 0.996230479267636, 0.9951728636660143, 0.9959338194054963, 0.9982014388489209, 0.9951690821256038, 0.9965977822580645, 0.9964079337810401, 0.9973496769918834, 0.997356337832197, 0.9980145598941098, 0.9963066734589914, 0.9969045571797076, 0.9981327204826199, 0.9957271044010825, 0.9981501464467396, 0.9968881282091178, 0.9966296868417357, 0.9976971790443293, 0.9970713135158881, 0.9955844155844156, 0.9967487227124942, 0.9965417070134182, 0.9979622333922021, 0.9966986322905204, 0.9974103327722388, 0.9972388403129314, 0.9976971010566242, 0.998076394613905, 0.997786211258697, 0.9972280887011615, 0.9978729869340626, 0.9969669396420989, 0.9978034851369161, 0.9990007137758744, 0.9977534821027407, 0.9975622496952812, 0.998364312267658, 0.9971641791044776, 0.9981900452488688, 0.9971156619555812, 0.9953100573215217, 0.9993658845909955]
val step Accs: [0.9941183991816903, 0.994878706199461, 0.995058857724168, 0.9965807469752762, 0.9948724691033395, 0.9960809102402023, 0.9955992751747347, 0.9944237918215614, 0.9937213865271419, 0.9960010319917441, 0.9952010590766176, 0.9958500484161018, 0.9966284558327714, 0.9966840964162734, 0.9964658881376767, 0.9933265925176946]
Preds: [17, 17, 437, 284, 284, 284, 426, 426, 426, 426, 426, 319, 413, 413, 348, 250, 250, 250, 276, 276, 346, 346, 346, 346, 428, 146, 146, 422, 422, 31, 162, 232, 232, 232, 172, 172, 115, 115, 273, 273, 273, 151, 460, 460, 215, 35, 233, 375, 375, 375, 497, 186, 186, 323, 323, 323, 323, 238, 142, 397, 494, 494, 109, 498, 467, 313, 37, 385, 385, 183, 3, 3, 3, 464, 464, 110, 443, 443, 169, 169, 169, 150, 150, 150, 482, 482, 482, 482, 482, 115, 115, 267, 267, 267, 267, 213, 213, 246, 246, 246, 246, 246, 246, 3, 301, 143, 259, 259, 354, 106, 499, 284, 265, 306, 306, 85, 468, 406, 406, 467, 467, 467, 315, 315, 315, 450, 450, 203, 203, 53, 381, 382, 404, 225, 225, 197, 197, 320, 320, 127, 114, 114, 114, 403, 403, 403, 403, 207, 207, 301, 301, 378, 133, 8, 276, 346, 346, 346, 284, 284, 284, 426, 426, 450, 450, 413, 413, 348, 250, 364, 276, 276, 276, 138, 138, 138, 138, 182, 182, 426, 426, 426, 413, 413, 282, 282, 303, 303, 303, 303, 303, 303, 303, 303, 303, 303, 303, 479, 331, 331, 499, 106, 284, 284, 481, 481, 481, 481, 426, 426, 375, 98, 263, 263, 13, 13, 78, 170, 170, 170, 170, 28, 28, 28, 341, 341, 341, 341, 244, 341, 341, 12, 12, 12, 12, 12, 12, 260, 260, 260, 63, 63, 63, 63, 244, 63, 63, 244, 63, 63, 63, 73, 244, 73, 73, 244, 321, 320, 7, 7, 7, 479, 398, 398, 398, 360, 360, 360, 360, 434, 246, 246, 246, 246, 246, 246, 246, 246, 246, 324, 301, 301, 143, 259, 259, 354, 106, 284, 284, 284, 284, 426, 450, 450, 413, 175, 293, 497, 497, 497, 98, 197, 7, 32, 473, 473, 398, 398, 464, 464, 464, 464, 374, 374, 116, 116, 250, 250, 250, 153, 153, 153, 153, 153, 153, 182, 182, 387, 497, 497, 122, 122, 122, 143, 310, 310, 107, 107, 107, 395, 395, 395, 106, 106, 153, 424, 424, 182, 293, 293, 497, 497, 98, 35, 229, 229, 229, 170, 247, 312, 126, 126, 23, 23, 101, 155, 155, 320, 441, 148, 148, 153, 153, 182, 387, 387, 413, 122, 122, 250, 76, 465, 259, 208, 441, 441, 441, 346, 151, 169, 150, 150, 162, 54, 172, 172, 115, 273, 273, 494, 278, 278, 325, 286, 464, 464, 464, 264, 264, 264, 120, 120, 120, 282, 282, 271, 271, 271, 77, 77, 342, 433, 433, 115, 224, 267, 267, 267, 213, 213, 246, 246, 246, 246, 19, 197, 197, 226, 440, 440, 440, 89, 89, 446, 322, 67, 416, 32, 239, 259, 354, 354, 398, 464, 171, 403, 171, 171, 464, 464, 464, 464, 139, 139, 139, 293, 497, 497, 497, 122, 122, 310, 310, 107, 107, 395, 395, 395, 106, 153, 424, 424, 424, 424, 497, 497, 497, 497, 497, 122, 122, 42, 147, 380, 288, 288, 337, 337, 324, 19, 143, 143, 143, 143, 143, 143, 143, 143, 143, 143, 143, 143, 143, 143, 143, 143, 143, 143, 143, 143, 143, 143, 143, 143, 143, 143, 143, 143, 143, 143, 143, 143, 143, 143, 143, 143, 143, 143, 143, 143, 143, 143, 143, 143, 143, 143, 143, 143, 143, 143, 143, 143, 143, 143, 143, 143, 143, 143, 143, 143, 143, 143, 143, 143, 143, 143, 143, 143, 143, 143, 143, 143, 143, 143, 143, 143, 143, 143, 143, 143, 143, 143, 143, 143, 143, 143, 143, 143, 143, 143, 143, 143, 143, 143, 143, 143, 143, 143, 143, 143]

ep24
Train step Loss: [0.039009276777505875, 0.04332001879811287, 0.04711129516363144, 0.04614824056625366, 0.037413448095321655, 0.035746097564697266, 0.034193847328424454, 0.03731299191713333, 0.04187735170125961, 0.03112531080842018, 0.03921553120017052, 0.034891895949840546, 0.030707966536283493, 0.03224509209394455, 0.039270397275686264, 0.03872190788388252, 0.03074115328490734, 0.03699220344424248, 0.03257530555129051, 0.03772803768515587, 0.04812100529670715, 0.033429961651563644, 0.03361017629504204, 0.027835935354232788, 0.041887786239385605, 0.03235695883631706, 0.03026973269879818, 0.025260398164391518, 0.03754803538322449, 0.03333001956343651, 0.032635800540447235, 0.034354083240032196, 0.03431417793035507, 0.03185739368200302, 0.04021495208144188, 0.030522536486387253, 0.03207565099000931, 0.02755562961101532, 0.029929647222161293, 0.03095156140625477, 0.02477247826755047, 0.024742111563682556, 0.027609560638666153, 0.025276219472289085, 0.02562139183282852, 0.03901706263422966, 0.02607453055679798, 0.026301609352231026, 0.02168656699359417, 0.031563181430101395, 0.02753876894712448, 0.02223389595746994, 0.03337167948484421, 0.03135431185364723, 0.024554956704378128, 0.03618251904845238, 0.026735855266451836, 0.02454756759107113, 0.029115550220012665, 0.02435736171901226, 0.03437696024775505, 0.025829853489995003, 0.04693640023469925]
val step Loss: [0.05267728492617607, 0.03439595550298691, 0.04459352418780327, 0.046285055577754974, 0.05904034152626991, 0.04767816513776779, 0.046060554683208466, 0.04567364230751991, 0.0481298491358757, 0.07080920040607452, 0.04757862165570259, 0.044667404145002365, 0.0372345931828022, 0.05417279899120331, 0.026259038597345352, 0.031518250703811646]
Train step Accs: [0.9979051324255573, 0.9972851907153523, 0.9980146609651802, 0.9978073610023492, 0.9982627921667719, 0.9986639946559787, 0.9986160233738275, 0.9989299090422686, 0.9980209216850439, 0.9992622104175889, 0.997411933860532, 0.9982817869415808, 0.9987325728770595, 0.999132070013019, 0.998223011994669, 0.998189717595945, 0.9987577639751553, 0.9983763305069457, 0.9987775061124694, 0.998134618374009, 0.9971102062261921, 0.9981995498874718, 0.9981687561628398, 0.9992747316507108, 0.9976326416933575, 0.9989082969432315, 0.999445906635268, 0.9991760505355671, 0.998167379352474, 0.9988779803646564, 0.9983831851253031, 0.9986348122866894, 0.9984716490906312, 0.998509131569139, 0.9968373493975904, 0.999040153575428, 0.9986404833836858, 0.9986832479882956, 0.9984120109715605, 0.9985843213590515, 0.9992489673300788, 0.9995293379353624, 0.9979226175019476, 0.9990898058252428, 0.9984902552841065, 0.9967806841046277, 0.9988950276243094, 0.9988956377691883, 0.9993375728669847, 0.9986603155701101, 0.9990409645156871, 0.9994635193133047, 0.9981027239463341, 0.9981226533166458, 0.9992094861660079, 0.9970664928292047, 0.99873078550275, 0.9990053050397878, 0.9984789823008849, 0.9987218405496086, 0.9971539844218095, 0.9980772075136815, 0.9955317247542449]
val step Accs: [0.9950824414231993, 0.9974701335207309, 0.9970007498125468, 0.9965771458662454, 0.9955020505357851, 0.9965499616662408, 0.9969828151646334, 0.9971573907839617, 0.9961998592540464, 0.9933774834437086, 0.9965786901270772, 0.9963773164274766, 0.9981507165973186, 0.9957486382356848, 0.9984807049529019, 0.9983851433185305]
Preds: [17, 196, 217, 217, 217, 217, 217, 473, 473, 65, 264, 264, 264, 264, 264, 264, 264, 264, 264, 264, 468, 468, 468, 467, 337, 337, 337, 324, 328, 3, 454, 197, 197, 197, 259, 354, 345, 109, 109, 109, 285, 288, 285, 313, 313, 337, 337, 337, 360, 360, 360, 360, 434, 434, 434, 200, 200, 398, 398, 324, 434, 434, 339, 339, 33, 33, 250, 250, 250, 250, 345, 153, 100, 424, 424, 424, 424, 182, 497, 497, 497, 122, 43, 75, 208, 208, 106, 481, 481, 481, 481, 426, 426, 306, 306, 372, 396, 396, 396, 313, 313, 406, 406, 495, 380, 134, 84, 84, 84, 375, 375, 375, 375, 375, 375, 98, 98, 98, 48, 48, 48, 48, 414, 414, 170, 170, 170, 170, 170, 170, 187, 187, 187, 12, 12, 12, 12, 12, 12, 12, 408, 408, 408, 391, 391, 321, 75, 478, 66, 66, 232, 172, 172, 172, 115, 267, 267, 267, 444, 374, 374, 374, 374, 139, 139, 293, 293, 497, 349, 349, 349, 349, 234, 234, 234, 261, 261, 25, 25, 30, 324, 324, 324, 464, 464, 464, 464, 180, 486, 486, 486, 486, 315, 315, 315, 315, 282, 282, 282, 388, 203, 53, 466, 466, 22, 448, 448, 448, 448, 324, 464, 464, 464, 464, 464, 315, 315, 315, 315, 315, 480, 480, 480, 480, 480, 282, 282, 282, 85, 299, 313, 334, 382, 406, 406, 406, 406, 406, 406, 380, 467, 467, 499, 302, 100, 375, 98, 375, 98, 98, 98, 13, 13, 414, 414, 414, 414, 414, 414, 414, 170, 187, 187, 187, 187, 187, 187, 391, 391, 244, 244, 244, 320, 320, 320, 83, 300, 222, 374, 337, 337, 313, 313, 24, 24, 310, 310, 107, 107, 395, 395, 485, 286, 464, 139, 139, 139, 139, 496, 216, 216, 81, 81, 81, 139, 139, 139, 240, 240, 186, 99, 107, 107, 107, 400, 400, 152, 422, 143, 143, 458, 144, 144, 27, 27, 27, 437, 437, 284, 284, 405, 405, 405, 206, 460, 460, 215, 35, 35, 35, 35, 441, 437, 100, 100, 426, 426, 375, 375, 98, 98, 98, 263, 263, 13, 13, 13, 414, 170, 170, 237, 237, 28, 244, 2, 2, 341, 2, 341, 12, 63, 63, 408, 408, 63, 391, 73, 73, 244, 321, 321, 412, 287, 287, 287, 486, 486, 460, 460, 460, 150, 150, 342, 342, 342, 342, 224, 224, 196, 116, 94, 479, 199, 464, 464, 443, 443, 258, 31, 31, 342, 232, 172, 172, 115, 273, 273, 151, 151, 486, 460, 240, 240, 35, 310, 310, 107, 161, 395, 395, 487, 494, 116, 285, 81, 302, 302, 302, 497, 497, 497, 497, 458, 208, 208, 441, 100, 153, 153, 387, 387, 387, 387, 372, 372, 406, 467, 467, 467, 467, 337, 41, 41, 41, 19, 19, 19, 19, 454, 454, 454, 454, 414, 414, 414, 102, 102, 47, 47, 170, 47, 392, 392, 392, 392, 392, 73, 244, 320, 320, 7, 7, 7, 217, 217, 217, 217, 473, 65, 65, 264, 264, 264, 264, 264, 264, 264, 264, 264, 264, 468, 468, 468, 468, 468, 467, 337, 337, 41, 41, 41, 19, 19, 19, 19, 454, 17, 143, 143, 143, 143, 143, 143, 143, 143, 143, 143, 143, 143, 143, 143, 143, 143, 143, 143, 143, 143, 143, 143, 143, 143, 143, 143, 143, 143, 143, 143, 143, 143, 143, 143, 143, 143, 143, 143, 143, 143, 143, 143, 143, 143, 143, 143, 143, 143, 143, 143, 143, 143, 143, 143, 143, 143, 143, 143, 143, 143, 143, 143, 143, 143, 143, 143, 143, 143, 143, 143, 143, 143, 143]

ep25
Train step Loss: [0.027785586193203926, 0.023304816335439682, 0.01993286795914173, 0.02734592743217945, 0.025741038843989372, 0.022736841812729836, 0.02835771255195141, 0.026067892089486122, 0.02744372747838497, 0.026305245235562325, 0.020775925368070602, 0.020329834893345833, 0.026411036029458046, 0.02240816131234169, 0.027805093675851822, 0.02366134338080883, 0.02194555662572384, 0.019815340638160706, 0.024264821782708168, 0.02178727649152279, 0.01930200308561325, 0.021644502878189087, 0.025753524154424667, 0.02247748151421547, 0.027187984436750412, 0.028847279027104378, 0.025866078212857246, 0.022592997178435326, 0.016255175694823265, 0.023954717442393303, 0.020089156925678253, 0.018260110169649124, 0.016808340325951576, 0.018818385899066925, 0.018084462732076645, 0.020720623433589935, 0.02436809428036213, 0.016222000122070312, 0.017718998715281487, 0.01716882362961769, 0.023000165820121765, 0.017907951027154922, 0.03679058328270912, 0.013029545545578003, 0.021316859871149063, 0.01630396395921707, 0.015433292835950851, 0.014017471112310886, 0.023199893534183502, 0.017800981178879738, 0.022311439737677574, 0.021570025011897087, 0.016618361696600914, 0.01569535955786705, 0.018407288938760757, 0.021139800548553467, 0.013555687852203846, 0.017596960067749023, 0.026838671416044235, 0.016523880884051323, 0.01424552220851183, 0.013087267987430096, 0.01656818762421608]
val step Loss: [0.023027103394269943, 0.022262554615736008, 0.03387090936303139, 0.026559889316558838, 0.03467966988682747, 0.049437057226896286, 0.036149729043245316, 0.04447835311293602, 0.054195404052734375, 0.026524193584918976, 0.031435925513505936, 0.031402796506881714, 0.03501581400632858, 0.019884157925844193, 0.02967515029013157, 0.0489739328622818]
Train step Accs: [0.9986208798786375, 0.9989140762861409, 0.9990693964371178, 0.9982648158035238, 0.9985757240069632, 0.9991820709962376, 0.9984774149890036, 0.9985924304035033, 0.9987282746926663, 0.998873556744579, 0.9992848970251716, 0.9992781868052548, 0.9986533800161594, 0.9986786469344608, 0.9984756097560976, 0.9979474548440066, 0.9991194599354271, 0.9994749967187295, 0.9988529917797744, 0.9986928104575163, 0.9988343290106367, 0.9987202457128231, 0.9985045610886796, 0.9984, 0.9974929489188342, 0.9980657640232108, 0.9985155195681511, 0.9985935302390999, 0.9992873432155074, 0.9978319783197832, 0.9990605918271489, 0.9992555831265508, 0.9996863237139272, 0.9989035087719298, 0.9992018092324065, 0.9988111413043478, 0.9982698961937716, 0.9994414967886065, 0.9990695201382427, 0.9991772932949403, 0.9984917043740573, 0.9987532899293531, 0.9964742752676939, 1.0, 0.9986246943765281, 0.9992984425424443, 0.9995859784708805, 0.9996918335901387, 0.9983557138942176, 0.9993617360778682, 0.9984321923177424, 0.9984703101098595, 0.9994463667820069, 0.999549887471868, 0.9989392734022806, 0.9989249238487726, 0.99985835694051, 0.9991231915826392, 0.9978362183754993, 0.999056349420329, 0.9995289684408856, 0.9994815966822188, 0.9997049277072882]
val step Accs: [0.9988746659164439, 0.9988652124574454, 0.9979322822434737, 0.998086647533142, 0.9975196965275751, 0.9957292610327423, 0.9972876516773733, 0.9956259426847662, 0.9947113265755839, 0.9980735032602253, 0.9974418009721157, 0.9977149729404691, 0.9973890339425587, 0.9989882931059402, 0.9976800976800977, 0.9956255468066492]
Preds: [17, 451, 360, 360, 360, 301, 143, 17, 321, 321, 320, 7, 196, 70, 473, 109, 429, 360, 360, 434, 434, 434, 19, 19, 454, 454, 454, 408, 149, 82, 82, 66, 66, 66, 68, 68, 68, 115, 115, 267, 267, 470, 139, 139, 139, 443, 443, 443, 443, 85, 146, 240, 240, 240, 216, 34, 166, 324, 324, 324, 301, 349, 349, 261, 25, 25, 183, 30, 186, 186, 99, 338, 338, 338, 338, 338, 400, 400, 267, 267, 290, 360, 246, 246, 434, 3, 3, 3, 14, 226, 321, 209, 145, 145, 145, 460, 460, 178, 215, 259, 29, 100, 100, 497, 497, 122, 368, 49, 453, 224, 168, 106, 106, 496, 496, 274, 274, 8, 82, 364, 345, 345, 81, 81, 81, 474, 324, 324, 324, 246, 434, 339, 339, 339, 217, 398, 398, 398, 398, 434, 434, 434, 199, 199, 331, 275, 282, 282, 452, 263, 263, 193, 17, 143, 143, 143, 143, 143, 143, 143, 143, 143, 143, 143, 143, 143, 143, 143, 143, 143, 143, 143, 143, 143, 143, 143, 143, 143, 143, 143, 143, 143, 143, 143, 143, 143, 143, 143, 143, 143, 143, 143, 143, 143, 143, 143, 143, 143, 143, 143, 143, 143, 143, 143, 143, 143, 143, 143, 143, 143, 143, 143, 143, 143, 143, 143, 143, 143, 143, 143, 143, 143, 143, 143, 143, 143, 143, 143, 143, 143, 143, 143, 143, 143, 143, 143, 143, 143, 143, 143, 143, 143, 143, 143, 143, 143, 143, 143, 143, 143, 143, 143, 143, 143, 143, 143, 143, 143, 143, 143, 143, 143, 143, 143, 143, 143, 143, 143, 143, 143, 143, 143, 143, 143, 143, 143, 143, 143, 143, 143, 143, 143, 143, 143, 143, 143, 143, 143, 143, 143, 143, 143, 143, 143, 143, 143, 143, 143, 143, 143, 143, 143, 143, 143, 143, 143, 143, 143, 143, 143, 143, 143, 143, 143, 143, 143, 143, 143, 143, 143, 143, 143, 143, 143, 143, 143, 143, 143, 143, 143, 143, 143, 143, 143, 143, 143, 143, 143, 143, 143, 143, 143, 143, 143, 143, 143, 143, 143, 143, 143, 143, 143, 143, 143, 143, 143, 143, 143, 143, 143, 143, 143, 143, 143, 143, 143, 143, 143, 143, 143, 143, 143, 143, 143, 143, 143, 143, 143, 143, 143, 143, 143, 143, 143, 143, 143, 143, 143, 143, 143, 143, 143, 143, 143, 143, 143, 143, 143, 143, 143, 143, 143, 143, 143, 143, 143, 143, 143, 143, 143, 143, 143, 143, 143, 143, 143, 143, 143, 143, 143, 143, 143, 143, 143, 143, 143, 143, 143, 143, 143, 143, 143, 143, 143, 143, 143, 143, 143, 143, 143, 143, 143, 143, 143, 143, 143, 143, 143, 143, 143, 143, 143, 143, 143, 143, 143, 143, 143, 143, 143, 143, 143, 143, 143, 143, 143, 143, 143, 143, 143, 143, 143, 143, 143, 143, 143, 143, 143, 143, 143, 143, 143, 143, 143, 143, 143, 143, 143, 143, 143, 143, 143, 143, 143, 143, 143, 143, 143, 143, 143, 143, 143, 143, 143, 143, 143, 143, 143, 143, 143, 143, 143, 143, 143, 143, 143, 143, 143, 143, 143, 143, 143, 143, 143, 143, 143, 143, 143, 143, 143, 143, 143, 143, 143, 143, 143, 143, 143, 143, 143, 143, 143, 143, 143, 143, 143, 143, 143, 143, 143, 143, 143, 143, 143, 143, 143, 143, 143, 143, 143, 143, 143, 143, 143, 143, 143, 143, 143, 143, 143, 143, 143, 143, 143, 143, 143, 143, 143, 143, 143, 143, 143, 143, 143, 143, 143, 143, 143, 143, 143, 143, 143, 143, 143, 143, 143, 143, 143, 143, 143]

ep26
Train step Loss: [0.016712382435798645, 0.013321185484528542, 0.016434231773018837, 0.014008094556629658, 0.0149486493319273, 0.01761835627257824, 0.019568877294659615, 0.011642170138657093, 0.01942535676062107, 0.016199367120862007, 0.014344914816319942, 0.010891166515648365, 0.015456474386155605, 0.016902340576052666, 0.016155974939465523, 0.01589985378086567, 0.014569740742444992, 0.012906818650662899, 0.015801582485437393, 0.01190245058387518, 0.023903317749500275, 0.013456491753458977, 0.010631189681589603, 0.014405028894543648, 0.018961448222398758, 0.0222910288721323, 0.014614269137382507, 0.011204655282199383, 0.012595770880579948, 0.015524642542004585, 0.010878908447921276, 0.008288287557661533, 0.014412052929401398, 0.01597486436367035, 0.01509119849652052, 0.012645336799323559, 0.0166394654661417, 0.014272097498178482, 0.011528805829584599, 0.013415721245110035, 0.014764556661248207, 0.010653962381184101, 0.011738065630197525, 0.013621297664940357, 0.012222496792674065, 0.010298628360033035, 0.010087590664625168, 0.009272396564483643, 0.01135517843067646, 0.008489727042615414, 0.019301988184452057, 0.0116854477673769, 0.008555986918509007, 0.021946841850876808, 0.016233811154961586, 0.01920069009065628, 0.01450201217085123, 0.009501480497419834, 0.010954941622912884, 0.01259929034858942, 0.0110966507345438, 0.010114074684679508, 0.009890218265354633]
val step Loss: [0.03970243036746979, 0.017782682552933693, 0.02370002493262291, 0.03272571414709091, 0.020815899595618248, 0.04749462753534317, 0.017620539292693138, 0.018863487988710403, 0.03452366963028908, 0.03969098627567291, 0.013142434880137444, 0.019707245752215385, 0.016695968806743622, 0.026956666260957718, 0.0171035323292017, 0.015630152076482773]
Train step Accs: [0.9989400363416111, 0.999408196478769, 0.9989248963292889, 0.9996216420734014, 0.9991632966113513, 0.9991503823279524, 0.9985682468978683, 0.9995756718528995, 0.9988434292323262, 0.9989167230873393, 0.9994631352899069, 0.9997264396115443, 0.9991275265377345, 0.9988452655889145, 0.9985645308625865, 0.999343573585401, 0.9994887525562373, 0.9993809007893515, 0.9994319257716342, 0.9995586288068266, 0.9984033210921284, 0.9991970021413277, 0.9998446963814257, 0.9992526158445441, 0.9988247392390187, 0.9981512605042017, 0.9991096413126431, 0.9997032640949555, 0.9995060102091223, 0.9990497307570478, 0.9994327045809105, 1.0, 0.9991835401698237, 0.9989111201851095, 0.9993724505804832, 0.9994274262811337, 0.9986534253492678, 0.9988983317595216, 0.9994866529774127, 0.9993748046264458, 0.9991708126036484, 0.9995483968086708, 0.999332977588047, 0.9992072929052715, 0.9994330262225372, 0.9995004163197335, 0.999600692133635, 1.0, 0.9995533720410897, 1.0, 0.9983648998501158, 0.9993992189846801, 0.9997191011235955, 0.9976333008492273, 0.9989654726496832, 0.9984395318595579, 0.9990850869167429, 0.9997064435637751, 0.9995755517826825, 0.9994195327238427, 0.9992778914430136, 0.9995230524642289, 0.9996661101836394]
val step Accs: [0.9958499846295727, 0.9988596046629499, 0.9976493362831859, 0.9963779052218533, 0.9977251438511976, 0.9949584412045238, 0.9985897616697221, 0.9987437185929648, 0.9962066710268149, 0.9957105299571053, 0.9993891264508247, 0.9984354314598628, 0.9991382494152407, 0.9974362626406494, 0.9990455738487235, 0.998740025199496]
Preds: [17, 17, 287, 287, 284, 319, 319, 319, 413, 293, 43, 43, 43, 153, 153, 153, 153, 138, 138, 297, 182, 182, 182, 182, 182, 293, 293, 497, 98, 98, 197, 197, 197, 197, 226, 209, 287, 287, 111, 111, 111, 111, 438, 388, 10, 10, 479, 479, 398, 398, 324, 301, 301, 378, 132, 53, 250, 70, 70, 138, 138, 138, 138, 138, 346, 426, 426, 426, 426, 426, 426, 426, 450, 450, 413, 203, 250, 250, 276, 440, 138, 138, 138, 138, 138, 182, 182, 98, 98, 335, 14, 14, 287, 287, 111, 111, 438, 438, 251, 251, 251, 241, 241, 431, 428, 428, 428, 428, 146, 146, 146, 252, 271, 186, 162, 54, 54, 482, 482, 482, 142, 397, 273, 487, 109, 290, 290, 290, 464, 464, 464, 464, 37, 314, 314, 32, 32, 239, 420, 420, 324, 340, 116, 116, 10, 10, 10, 250, 479, 331, 331, 284, 307, 307, 61, 61, 282, 240, 388, 76, 36, 77, 342, 68, 172, 172, 115, 267, 267, 444, 213, 213, 246, 246, 246, 246, 339, 24, 8, 32, 32, 354, 420, 41, 324, 324, 143, 143, 129, 401, 270, 68, 68, 115, 273, 273, 273, 486, 376, 376, 376, 460, 460, 460, 178, 143, 35, 401, 270, 66, 68, 342, 224, 267, 448, 448, 464, 464, 464, 180, 180, 284, 265, 265, 265, 85, 85, 85, 146, 240, 236, 314, 129, 259, 74, 425, 106, 106, 106, 206, 167, 35, 35, 35, 270, 68, 68, 115, 273, 273, 284, 486, 376, 376, 460, 460, 263, 263, 13, 233, 170, 170, 170, 170, 170, 170, 421, 28, 421, 421, 2, 2, 2, 2, 2, 2, 2, 2, 2, 316, 316, 316, 316, 73, 73, 73, 289, 66, 172, 172, 115, 397, 7, 7, 153, 153, 153, 153, 153, 387, 387, 387, 387, 348, 348, 175, 359, 81, 166, 324, 324, 464, 464, 180, 315, 319, 319, 319, 319, 413, 348, 466, 466, 466, 250, 250, 250, 473, 337, 41, 324, 324, 324, 19, 301, 76, 129, 129, 259, 354, 106, 106, 284, 319, 319, 240, 240, 314, 129, 36, 401, 478, 66, 68, 68, 68, 68, 68, 68, 115, 371, 444, 213, 213, 213, 213, 246, 246, 246, 246, 246, 246, 246, 19, 454, 414, 414, 414, 414, 414, 414, 414, 237, 47, 47, 47, 20, 20, 47, 47, 20, 47, 47, 80, 80, 73, 73, 73, 289, 320, 287, 287, 111, 460, 460, 240, 35, 35, 77, 342, 224, 168, 257, 257, 281, 31, 31, 162, 9, 482, 68, 115, 115, 273, 106, 106, 153, 424, 182, 182, 182, 375, 375, 98, 98, 197, 197, 197, 226, 80, 80, 20, 20, 320, 7, 7, 7, 359, 398, 360, 213, 360, 246, 246, 246, 246, 3, 197, 197, 440, 188, 324, 324, 422, 99, 99, 338, 338, 338, 338, 338, 400, 400, 286, 286, 278, 278, 139, 203, 8, 8, 8, 8, 100, 100, 100, 100, 375, 98, 98, 48, 48, 48, 48, 414, 414, 170, 170, 170, 47, 28, 28, 47, 2, 20, 47, 47, 20, 2, 20, 2, 2, 73, 73, 73, 73, 289, 289, 209, 287, 287, 111, 111, 240, 240, 35, 35, 36, 77, 68, 342, 172, 115, 267, 267, 213, 213, 213, 246, 246, 246, 301, 301, 378, 43, 364, 364, 276, 276, 346, 346, 428, 428, 428, 428, 428, 146, 240, 385, 35, 35, 36, 75, 108, 371, 345, 177, 457, 457, 457, 7, 196, 473, 278, 197, 457, 457, 457, 196, 309, 473, 278, 278, 301, 301, 251, 251, 241, 374, 374, 132, 132, 132, 132, 132, 132, 374, 374, 337, 337]

