ep1
Train step Loss: [6.212289333343506, 6.207932949066162, 6.2031354904174805, 6.199487209320068, 6.193009376525879, 6.191952705383301, 6.182784557342529, 6.177640914916992, 6.1766533851623535, 6.17117166519165, 6.162337303161621, 6.151239395141602, 6.137350082397461, 6.122298717498779, 6.119985580444336, 6.1096038818359375, 6.1009135246276855, 6.0713043212890625, 6.054408073425293, 6.04927396774292, 6.047032356262207, 6.011581897735596, 5.9923906326293945, 5.973503112792969, 5.943275451660156, 5.916942596435547, 5.885331630706787, 5.86475133895874, 5.854238033294678, 5.822536945343018, 5.773126125335693, 5.772850036621094, 5.771790504455566, 5.733270645141602, 5.739590167999268, 5.694415092468262, 5.6682634353637695, 5.632874011993408, 5.676506996154785, 5.639931678771973, 5.621481418609619, 5.605955600738525, 5.520395278930664, 5.528092384338379, 5.613914966583252, 5.5414347648620605, 5.525041580200195, 5.529595851898193, 5.498112678527832, 5.610611438751221, 5.443143844604492, 5.56818151473999, 5.486176013946533, 5.43600606918335, 5.478261947631836, 5.479516983032227, 5.406779766082764, 5.4261298179626465, 5.490368366241455, 5.357670307159424, 5.511547565460205, 5.466283798217773, 5.4001288414001465]
val step Loss: [5.715344429016113, 5.621022701263428, 5.646152019500732, 5.700192451477051, 5.649411201477051, 5.665672779083252, 5.640741348266602, 5.651134967803955, 5.760169506072998, 5.640775203704834, 5.734363555908203, 5.648453712463379, 5.670494079589844, 5.637897968292236, 5.652789115905762, 5.732640743255615]
Train step Accs: [0.005312790543232833, 0.006070983810709838, 0.005033308660251665, 0.015175933387053451, 0.0158329830460978, 0.026248581157775255, 0.04558954558954559, 0.04992248062015504, 0.045249452107773626, 0.052890320393287, 0.06727444199937127, 0.057815845824411134, 0.05032446033637929, 0.07311541027351567, 0.03580635920939559, 0.058201974709856226, 0.04463151207115629, 0.05562563067608476, 0.04825340438129071, 0.06229421835901488, 0.03321322262259126, 0.043080236941303175, 0.03131115459882583, 0.030566461020751542, 0.029745434421693414, 0.029146537842190016, 0.03490423387096774, 0.049508043104794626, 0.03693887692562531, 0.030332544872686797, 0.0628722700198544, 0.03285787060621498, 0.02407566638005159, 0.053145647802355644, 0.04016521862982481, 0.03653460767689225, 0.0432550178932628, 0.05055469737396433, 0.028929188255613126, 0.022111582955044663, 0.03, 0.026629509211952316, 0.054917692626919354, 0.05053661187338677, 0.028140229523659802, 0.03819759160947818, 0.03635526921306949, 0.03413709021945272, 0.03654850233580654, 0.024193548387096774, 0.04461457233368532, 0.022029778182923124, 0.036851683348498636, 0.04334455996485576, 0.03683083511777302, 0.02291448255204433, 0.047187880898485114, 0.0337546468401487, 0.02507462686567164, 0.05188536953242836, 0.023507355062013267, 0.030918881361820392, 0.031071655041217502]
val step Accs: [0.007415931466564378, 0.011725067385444744, 0.0075570411277430605, 0.005523408732246186, 0.019063896923481462, 0.018710493046776234, 0.016308568470100957, 0.0015727766657134686, 0.0010464355788096795, 0.01238390092879257, 0.005626344530862155, 0.02033476276110112, 0.007147673634524612, 0.020533095268460654, 0.011216963736939152, 0.010717896865520727]
Preds: [63, 63, 63, 63, 63, 63, 63, 63, 63, 63, 63, 63, 63, 63, 63, 63, 63, 63, 63, 63, 63, 63, 63, 63, 63, 63, 63, 63, 63, 63, 63, 63, 63, 63, 63, 63, 63, 63, 63, 63, 63, 63, 63, 63, 63, 63, 63, 63, 63, 63, 63, 63, 63, 63, 63, 63, 63, 63, 63, 63, 63, 63, 63, 63, 63, 63, 63, 63, 63, 63, 63, 63, 63, 63, 63, 63, 63, 63, 63, 63, 63, 63, 63, 63, 63, 63, 63, 63, 63, 63, 63, 63, 63, 63, 63, 63, 63, 63, 63, 63, 63, 63, 63, 63, 63, 63, 63, 63, 63, 63, 63, 63, 63, 63, 63, 63, 63, 63, 63, 63, 63, 63, 63, 63, 63, 63, 63, 63, 63, 63, 63, 63, 63, 63, 63, 63, 63, 63, 63, 63, 63, 63, 63, 63, 63, 63, 63, 63, 63, 63, 63, 63, 63, 63, 63, 63, 63, 63, 63, 63, 63, 63, 63, 63, 63, 63, 63, 63, 63, 63, 63, 63, 63, 63, 63, 63, 63, 63, 63, 63, 63, 63, 63, 63, 63, 63, 63, 63, 63, 63, 63, 63, 63, 63, 63, 63, 63, 63, 63, 63, 63, 63, 63, 63, 63, 63, 63, 63, 63, 63, 63, 63, 63, 63, 63, 63, 63, 63, 63, 63, 63, 63, 63, 63, 63, 63, 63, 63, 63, 63, 63, 63, 63, 63, 63, 63, 63, 63, 63, 63, 63, 63, 63, 63, 63, 63, 63, 63, 63, 63, 63, 63, 63, 63, 63, 63, 63, 63, 63, 63, 63, 63, 63, 63, 63, 63, 63, 63, 63, 63, 63, 63, 63, 63, 63, 63, 63, 63, 63, 63, 63, 63, 63, 63, 63, 63, 63, 63, 63, 63, 63, 63, 63, 63, 63, 63, 63, 63, 63, 63, 63, 63, 63, 63, 63, 63, 63, 63, 63, 63, 63, 63, 63, 63, 63, 63, 63, 63, 63, 63, 63, 63, 63, 63, 63, 63, 63, 63, 63, 63, 63, 63, 63, 63, 63, 63, 63, 63, 63, 63, 63, 63, 63, 63, 63, 63, 63, 63, 63, 63, 63, 63, 63, 63, 63, 63, 63, 63, 63, 63, 63, 63, 63, 63, 63, 63, 63, 63, 63, 63, 63, 63, 63, 63, 63, 63, 63, 63, 63, 63, 63, 63, 63, 63, 63, 63, 63, 63, 63, 63, 63, 63, 63, 63, 63, 63, 63, 63, 63, 63, 63, 63, 63, 63, 63, 63, 63, 63, 63, 63, 63, 63, 63, 63, 63, 63, 63, 63, 63, 63, 63, 63, 63, 63, 63, 63, 63, 63, 63, 63, 63, 63, 63, 63, 63, 63, 63, 63, 63, 63, 63, 63, 63, 63, 63, 63, 63, 63, 63, 63, 63, 63, 63, 63, 63, 63, 63, 63, 63, 63, 63, 63, 63, 63, 63, 63, 63, 63, 63, 63, 63, 63, 63, 63, 63, 63, 63, 63, 63, 63, 63, 63, 63, 63, 63, 63, 63, 63, 63, 63, 63, 63, 63, 63, 63, 63, 63, 63, 63, 63, 63, 63, 63, 63, 63, 63, 63, 63, 63, 63, 63, 63, 63, 63, 63, 63, 63, 63, 63, 63, 63, 63, 63, 63, 63, 63, 63, 63, 63, 63, 63, 63, 63, 63, 63, 63, 63, 63, 63, 63, 63, 63, 63, 63, 63, 63, 63, 63, 63, 63, 63, 63, 63, 63, 63, 63, 63, 63, 63, 63, 63, 63, 63, 63, 63, 63, 63, 63, 63, 63, 63, 63, 63, 63, 63, 63, 63, 63, 63, 63, 63, 63, 63, 63, 63, 63, 63, 63, 63, 63, 63, 63, 63, 63, 63, 63, 63, 63, 63, 63]

ep2
Train step Loss: [5.398812294006348, 5.4860520362854, 5.455877780914307, 5.396142959594727, 5.318224906921387, 5.387071132659912, 5.337309837341309, 5.394858360290527, 5.444704055786133, 5.40517520904541, 5.367079257965088, 5.392718315124512, 5.371522426605225, 5.377699851989746, 5.411342144012451, 5.3749308586120605, 5.426593780517578, 5.377171993255615, 5.364502429962158, 5.372637748718262, 5.475444316864014, 5.382739067077637, 5.39052152633667, 5.406520366668701, 5.3581461906433105, 5.390212535858154, 5.367814064025879, 5.325063228607178, 5.354445457458496, 5.345090866088867, 5.199578285217285, 5.321738243103027, 5.364635944366455, 5.2900004386901855, 5.351464748382568, 5.3195271492004395, 5.345006465911865, 5.302963733673096, 5.366493225097656, 5.365264415740967, 5.360825538635254, 5.352374076843262, 5.2468791007995605, 5.2704949378967285, 5.398730278015137, 5.315094947814941, 5.322292804718018, 5.335437774658203, 5.296463966369629, 5.442072868347168, 5.266219615936279, 5.40302038192749, 5.323172569274902, 5.260878086090088, 5.314495086669922, 5.3387908935546875, 5.243595600128174, 5.258965969085693, 5.35226583480835, 5.183072090148926, 5.3695387840271, 5.329778671264648, 5.257503032684326]
val step Loss: [5.632850170135498, 5.527685642242432, 5.55118465423584, 5.610145092010498, 5.537550926208496, 5.570964336395264, 5.536973476409912, 5.573765754699707, 5.687422275543213, 5.544382572174072, 5.653988838195801, 5.539939880371094, 5.583680152893066, 5.519562244415283, 5.5643157958984375, 5.636151313781738]
Train step Accs: [0.028423429406295657, 0.022571606475716065, 0.01628423390081421, 0.0351866774106903, 0.06066974919433936, 0.03064699205448354, 0.04351054351054351, 0.02930232558139535, 0.02462292123243522, 0.03678589591456179, 0.044954416850047155, 0.03297644539614561, 0.028473049927161966, 0.05043362241494329, 0.023918647951876253, 0.03221895028581327, 0.026048284625158832, 0.03910191725529768, 0.03374777975133215, 0.035954168312919796, 0.024126586244712516, 0.0327140549273021, 0.0279191128506197, 0.027201346045989904, 0.02919203099059214, 0.029146537842190016, 0.03540826612903226, 0.051069811026081526, 0.037435812489647176, 0.03047168498678169, 0.0628722700198544, 0.03285787060621498, 0.02407566638005159, 0.05328928468830796, 0.04272895598917533, 0.0393093880067828, 0.04512214096779213, 0.05308243224266255, 0.030080598733448476, 0.02240445160345585, 0.033506493506493505, 0.030035609227434586, 0.06473924470881173, 0.059502784947697326, 0.03049834931614526, 0.03962190858474686, 0.039423224420923456, 0.05256028176645895, 0.047677933498213795, 0.030676786843769767, 0.06480992608236537, 0.03342449103615922, 0.05959963603275705, 0.06530970859569483, 0.05667380442541042, 0.039538714991762765, 0.07191363398920425, 0.05516728624535316, 0.05253731343283582, 0.08310708898944193, 0.04456302278627055, 0.053673788431474724, 0.06467977171845275]
val step Accs: [0.029408004091548395, 0.036657681940700806, 0.02528702223514024, 0.02511835875854813, 0.04036287141730213, 0.03792667509481669, 0.03766502718094745, 0.02902487846725765, 0.01805101373446697, 0.033797729618163054, 0.023663743173920237, 0.05145939964033753, 0.03074848280512475, 0.04591251115929091, 0.03733866011063307, 0.02750252780586451]
Preds: [63, 63, 63, 392, 392, 392, 392, 392, 392, 392, 392, 392, 392, 392, 392, 392, 392, 392, 392, 392, 392, 392, 392, 392, 392, 392, 392, 392, 392, 392, 392, 392, 392, 392, 392, 392, 392, 392, 392, 392, 392, 392, 392, 392, 392, 392, 392, 392, 392, 392, 392, 392, 392, 392, 392, 392, 392, 392, 392, 392, 392, 392, 392, 392, 392, 392, 392, 392, 392, 392, 392, 392, 392, 392, 392, 392, 392, 392, 392, 392, 392, 392, 392, 392, 392, 392, 392, 392, 392, 392, 392, 392, 392, 392, 392, 392, 246, 246, 246, 246, 246, 246, 246, 246, 246, 246, 246, 246, 246, 246, 392, 392, 392, 392, 392, 392, 392, 392, 392, 392, 392, 392, 392, 392, 392, 392, 392, 392, 392, 392, 392, 392, 392, 392, 392, 392, 392, 392, 392, 392, 392, 392, 392, 392, 392, 392, 392, 392, 392, 392, 392, 392, 392, 392, 392, 392, 392, 392, 392, 392, 392, 392, 392, 392, 392, 392, 392, 392, 392, 392, 392, 392, 392, 392, 392, 392, 392, 392, 392, 392, 392, 392, 392, 392, 392, 392, 392, 392, 392, 392, 392, 392, 392, 392, 392, 392, 392, 392, 392, 392, 392, 392, 392, 392, 392, 392, 246, 246, 246, 246, 246, 246, 246, 246, 392, 392, 392, 392, 392, 392, 63, 63, 63, 63, 63, 63, 63, 392, 392, 392, 392, 392, 392, 392, 392, 392, 392, 392, 392, 392, 392, 63, 63, 63, 63, 63, 63, 63, 63, 63, 63, 63, 63, 63, 63, 63, 63, 63, 63, 63, 63, 63, 63, 63, 63, 63, 392, 392, 246, 246, 246, 246, 246, 246, 246, 246, 246, 246, 246, 246, 246, 246, 246, 246, 246, 246, 246, 392, 392, 246, 246, 246, 246, 246, 246, 246, 392, 392, 392, 392, 392, 392, 392, 392, 392, 392, 246, 246, 246, 246, 246, 246, 246, 246, 392, 392, 392, 392, 246, 246, 392, 392, 392, 392, 392, 392, 392, 392, 392, 392, 392, 392, 392, 392, 392, 392, 392, 392, 392, 392, 392, 392, 392, 392, 392, 392, 392, 392, 392, 392, 392, 392, 392, 392, 392, 392, 392, 392, 392, 392, 392, 392, 392, 392, 392, 392, 392, 392, 392, 392, 392, 392, 392, 392, 392, 392, 392, 392, 392, 392, 392, 392, 392, 392, 392, 392, 246, 246, 246, 246, 246, 246, 246, 246, 392, 392, 392, 392, 392, 392, 392, 392, 392, 392, 392, 392, 392, 392, 392, 392, 392, 392, 392, 392, 392, 392, 392, 392, 392, 392, 392, 392, 392, 392, 392, 392, 392, 392, 392, 392, 246, 246, 246, 246, 246, 246, 246, 246, 246, 246, 246, 246, 246, 246, 392, 392, 392, 392, 392, 392, 392, 392, 392, 392, 392, 392, 392, 392, 246, 246, 246, 246, 246, 392, 392, 392, 392, 392, 392, 392, 392, 392, 392, 392, 392, 392, 392, 392, 392, 392, 392, 392, 392, 392, 392, 392, 392, 392, 392, 392, 392, 392, 392, 392, 392, 392, 392, 392, 392, 392, 392, 392, 392, 392, 392, 392, 392, 392, 392, 392, 392, 392, 392, 392, 392, 392, 392, 392, 392, 392, 392, 392, 392, 392, 392, 392, 392, 392, 392, 392, 392, 392, 392, 392, 392, 392, 392, 392, 392, 392, 392, 392, 392, 392, 392, 392, 392, 392, 392, 392, 392, 392, 392, 392, 392, 392, 392, 392, 392, 392, 392, 392, 392, 392, 392, 392, 392, 392, 392, 392, 392, 392, 392, 392, 392, 392, 392, 392, 392, 392, 392, 392, 392, 392, 392, 392, 392, 392, 392, 392, 392, 392, 392, 392, 392, 392, 392, 392, 392, 392]

ep3
Train step Loss: [5.308469772338867, 5.316930294036865, 5.349432945251465, 5.174889087677002, 5.3122735023498535, 5.206175327301025, 5.21466064453125, 5.302201747894287, 5.337533950805664, 5.257214546203613, 5.310266971588135, 5.328367710113525, 5.17043924331665, 5.272924423217773, 5.292230606079102, 5.2208452224731445, 5.195237159729004, 5.373560905456543, 5.196763515472412, 5.2815937995910645, 5.304424285888672, 5.220221042633057, 5.273373126983643, 5.163486957550049, 5.242967128753662, 5.167003631591797, 5.086223125457764, 5.137129783630371, 5.196693420410156, 5.213057518005371, 5.224844455718994, 5.181567668914795, 5.222808361053467, 5.124654769897461, 5.195690155029297, 5.179266452789307, 5.242351055145264, 5.235066890716553, 5.174333095550537, 5.194333076477051, 5.178158760070801, 5.202282428741455, 5.1758904457092285, 5.092990398406982, 5.118496894836426, 5.292121410369873, 5.133362293243408, 5.1336188316345215, 5.1669511795043945, 5.0860161781311035, 5.103848457336426, 5.227634906768799, 5.207082748413086, 5.2305006980896, 5.086465358734131, 5.0549845695495605, 5.129895210266113, 5.243602275848389, 4.958073616027832, 5.040975570678711, 5.163139820098877, 5.053591251373291, 5.196895122528076]
val step Loss: [5.500944137573242, 5.4683918952941895, 5.497519493103027, 5.467790126800537, 5.5233564376831055, 5.357729434967041, 5.5049214363098145, 5.504278659820557, 5.531290531158447, 5.476754665374756, 5.470383167266846, 5.425542831420898, 5.398977279663086, 5.412047863006592, 5.398227214813232, 5.396241188049316]
Train step Accs: [0.045488553045039654, 0.04981675037328628, 0.05284056200366524, 0.07470634299138607, 0.04042956411876184, 0.07334669338677355, 0.06151007227433492, 0.04614767255216693, 0.041136556403731976, 0.05887560867640549, 0.05664989216391086, 0.04311152764761012, 0.07915658486000691, 0.05771734413423984, 0.06130608618391826, 0.07349746560463433, 0.07453416149068323, 0.03301461302543749, 0.07063298016843249, 0.05223068552774755, 0.054117956127676344, 0.05641410352588147, 0.04986617833497676, 0.06861038584276183, 0.05625957387550481, 0.06862133499688085, 0.0894860784042111, 0.07566602581708322, 0.05956017104459377, 0.059186535764375874, 0.05564537860414982, 0.058293515358361775, 0.05639614855570839, 0.07528885575847931, 0.060090361445783134, 0.070068788993761, 0.053323262839879156, 0.06071689831748354, 0.06323083585967952, 0.061405061051141394, 0.05726624108148704, 0.05647944775651083, 0.052583744481952736, 0.07675970873786407, 0.06491902278342025, 0.04144869215291751, 0.06988950276243094, 0.06446714522363335, 0.05537890832008479, 0.0867817802917535, 0.07398273736128237, 0.059370529327610874, 0.06450738582463748, 0.06054443053817272, 0.0782608695652174, 0.09224250325945241, 0.06910167818361303, 0.054045092838196286, 0.10619469026548672, 0.0718964690845183, 0.06860395446375075, 0.0702558793077947, 0.06702412868632708]
val step Accs: [0.032976569279722305, 0.04877020379479972, 0.03924018995251187, 0.03923117430226435, 0.035719010451117875, 0.060950677229746994, 0.03213957759412305, 0.04608019150209455, 0.03884588318085855, 0.05073097588404348, 0.03726783968719453, 0.04876689424550648, 0.061488673139158574, 0.05234489172313007, 0.04405955636584625, 0.054299555914412594]
Preds: [17, 392, 392, 392, 392, 392, 392, 392, 213, 213, 213, 213, 213, 213, 213, 246, 246, 246, 246, 246, 246, 246, 246, 246, 246, 246, 213, 213, 213, 213, 213, 324, 324, 392, 392, 392, 392, 392, 392, 392, 392, 392, 392, 392, 392, 392, 392, 392, 392, 392, 324, 213, 246, 246, 246, 246, 246, 246, 213, 213, 246, 246, 246, 246, 213, 213, 213, 213, 213, 246, 246, 213, 324, 324, 324, 324, 213, 213, 324, 324, 324, 392, 392, 392, 324, 324, 392, 324, 324, 213, 213, 246, 246, 246, 246, 213, 213, 324, 324, 392, 392, 392, 392, 392, 392, 324, 324, 213, 246, 246, 246, 246, 246, 246, 246, 246, 246, 246, 246, 246, 246, 246, 246, 414, 392, 392, 392, 392, 63, 63, 63, 63, 63, 63, 63, 63, 63, 63, 63, 392, 392, 392, 392, 392, 392, 392, 392, 392, 392, 392, 392, 392, 392, 392, 392, 324, 213, 213, 213, 246, 246, 246, 246, 246, 246, 246, 213, 324, 392, 392, 392, 392, 392, 392, 392, 392, 392, 392, 392, 392, 324, 213, 246, 246, 246, 246, 246, 324, 392, 392, 392, 392, 392, 392, 392, 392, 392, 392, 392, 392, 392, 324, 324, 324, 324, 392, 392, 392, 392, 392, 392, 392, 392, 392, 392, 392, 324, 324, 324, 324, 324, 324, 324, 324, 324, 392, 392, 392, 392, 392, 392, 324, 324, 324, 324, 324, 324, 324, 324, 324, 324, 324, 324, 324, 324, 324, 324, 213, 213, 213, 213, 213, 213, 414, 392, 392, 392, 392, 392, 392, 392, 392, 63, 63, 63, 63, 63, 63, 63, 63, 63, 63, 63, 392, 392, 392, 392, 392, 392, 392, 392, 392, 392, 392, 392, 392, 324, 324, 324, 324, 213, 213, 213, 213, 213, 324, 324, 324, 324, 324, 324, 392, 392, 392, 392, 392, 392, 392, 392, 324, 324, 324, 324, 392, 392, 324, 324, 324, 324, 213, 213, 213, 324, 324, 324, 392, 392, 392, 392, 392, 392, 392, 392, 392, 392, 392, 392, 392, 324, 324, 213, 246, 246, 213, 213, 324, 324, 213, 213, 213, 213, 213, 213, 213, 392, 392, 392, 392, 392, 392, 392, 392, 392, 392, 392, 392, 392, 392, 392, 392, 392, 63, 63, 63, 63, 63, 63, 63, 63, 63, 63, 63, 63, 63, 392, 392, 392, 392, 392, 392, 392, 392, 392, 392, 392, 392, 392, 392, 392, 392, 392, 392, 392, 392, 392, 392, 392, 392, 392, 392, 392, 392, 392, 392, 392, 392, 392, 392, 392, 392, 392, 324, 324, 324, 324, 213, 213, 213, 213, 213, 213, 213, 213, 213, 324, 324, 324, 324, 324, 324, 392, 392, 392, 392, 392, 392, 392, 392, 392, 392, 392, 324, 324, 324, 324, 324, 324, 324, 324, 324, 324, 324, 324, 213, 213, 246, 246, 246, 246, 246, 246, 246, 246, 213, 414, 392, 392, 392, 392, 392, 392, 392, 63, 63, 63, 63, 63, 63, 63, 63, 63, 392, 392, 392, 392, 171, 213, 213, 213, 213, 213, 213, 213, 213, 213, 246, 246, 246, 246, 246, 246, 246, 246, 246, 246, 246, 246, 246, 246, 246, 246, 246, 246, 246, 246, 246, 246, 246, 246, 246, 213, 213, 213, 213, 213, 213, 213, 213, 213, 213, 213, 213, 213, 213, 213, 213, 213, 213, 213, 213, 213, 213, 213, 213, 213, 213, 213, 213, 213, 213, 213, 213, 213, 213, 213, 213, 213, 213, 213, 213, 213, 213, 213, 213, 213, 213, 213, 213, 213, 213, 213, 213, 213, 213, 213, 213, 213, 213, 213, 213, 213, 213, 213, 213, 213, 213, 213, 213, 213, 213]

ep4
Train step Loss: [5.173443794250488, 4.98962926864624, 5.044665336608887, 5.029044151306152, 5.114487171173096, 5.102278709411621, 5.092268466949463, 5.127585411071777, 5.1877851486206055, 5.148930549621582, 4.981354713439941, 5.118005275726318, 5.1670756340026855, 5.1003804206848145, 5.177441120147705, 5.091157913208008, 4.903628826141357, 4.999415874481201, 5.124481678009033, 5.07829475402832, 4.970037460327148, 4.924105644226074, 4.981710433959961, 5.056399822235107, 5.107738494873047, 5.067875862121582, 5.098753452301025, 4.978394031524658, 4.962090015411377, 4.968703269958496, 4.913287162780762, 5.026275634765625, 5.032675743103027, 4.972067832946777, 5.007745265960693, 5.015048503875732, 5.068352222442627, 4.939084053039551, 4.868836402893066, 4.955242156982422, 4.998411178588867, 4.947324275970459, 5.0076584815979, 5.052577018737793, 4.822024345397949, 4.917074203491211, 4.874728202819824, 4.937088489532471, 4.9930338859558105, 4.934358596801758, 5.11892032623291, 4.900049209594727, 4.951827526092529, 4.8225836753845215, 4.931382179260254, 4.906369209289551, 5.044773101806641, 4.871108531951904, 4.881377696990967, 4.900503635406494, 4.956009387969971, 4.860164642333984, 4.825505256652832]
val step Loss: [5.266999244689941, 5.185722351074219, 5.247880935668945, 5.235272407531738, 5.33344030380249, 5.27709436416626, 5.277517795562744, 5.160691738128662, 5.327551364898682, 5.307991027832031, 5.280981540679932, 5.294495582580566, 5.29702091217041, 5.166639804840088, 5.262016773223877, 5.2785325050354]
Train step Accs: [0.06219831747345194, 0.0837518664313832, 0.06687051316139325, 0.0890282968499733, 0.06915651210634594, 0.0737771961393751, 0.07562172221282355, 0.06850172036284016, 0.06231454005934718, 0.06406646015206983, 0.10040045766590389, 0.07275877003031615, 0.06302181524373822, 0.06474630021141649, 0.051321138211382115, 0.07348111658456485, 0.1052245377164661, 0.08925055781598636, 0.08468744025998853, 0.06928104575163399, 0.08844528631793676, 0.104811876119785, 0.0895767907880963, 0.07418181818181818, 0.05249138201190849, 0.0726217689467206, 0.06261808367071525, 0.0876699484294421, 0.06941277080957811, 0.08997289972899729, 0.09707217786128072, 0.06885856079404466, 0.0740276035131744, 0.09443530701754387, 0.0859385393108953, 0.07404891304347826, 0.07208765859284891, 0.08377548170901983, 0.09770038548451415, 0.08624708624708624, 0.07828054298642534, 0.09197949854550491, 0.07939409767563332, 0.07612179487179487, 0.11919315403422982, 0.08909779710958328, 0.10019321004692244, 0.08274268104776579, 0.07769251849821869, 0.08728259135152386, 0.058270185523909064, 0.0985954665554165, 0.09411764705882353, 0.11567891972993248, 0.0896313975072925, 0.0903063967030998, 0.0745042492917847, 0.09615665643723513, 0.09320905459387484, 0.09625235912644918, 0.07709216517506673, 0.08618455158113011, 0.10209501327825317]
val step Accs: [0.05612603741735828, 0.06304375236414071, 0.06125613853708969, 0.06396063960639606, 0.0426028596440035, 0.0446486346576938, 0.051677373304782295, 0.0746606334841629, 0.05009548993682973, 0.05186721991701245, 0.06114095676643643, 0.053998797354179194, 0.04973890339425587, 0.06026882497470733, 0.05726495726495726, 0.05774278215223097]
Preds: [17, 17, 17, 213, 246, 246, 246, 246, 246, 414, 414, 414, 414, 414, 414, 171, 171, 246, 246, 246, 246, 246, 246, 246, 246, 246, 246, 414, 414, 414, 414, 414, 414, 246, 246, 246, 324, 171, 171, 246, 246, 246, 246, 246, 246, 246, 414, 414, 414, 414, 414, 324, 324, 324, 324, 324, 414, 324, 246, 246, 246, 246, 246, 246, 171, 171, 414, 414, 171, 246, 246, 246, 246, 246, 246, 246, 246, 246, 246, 246, 246, 246, 246, 246, 246, 246, 246, 246, 246, 246, 414, 414, 414, 414, 414, 414, 414, 414, 414, 414, 414, 414, 170, 170, 170, 170, 284, 284, 414, 414, 414, 414, 170, 170, 284, 284, 170, 170, 284, 284, 284, 284, 284, 284, 284, 284, 171, 213, 246, 246, 246, 246, 246, 246, 246, 246, 246, 246, 246, 246, 246, 246, 246, 246, 246, 246, 246, 246, 246, 414, 414, 414, 170, 170, 170, 170, 414, 414, 414, 414, 171, 171, 171, 171, 171, 171, 171, 171, 171, 171, 171, 171, 171, 171, 171, 171, 171, 171, 171, 171, 171, 171, 171, 171, 171, 171, 171, 171, 171, 171, 171, 171, 171, 171, 171, 171, 171, 171, 171, 171, 171, 171, 171, 171, 171, 171, 171, 171, 171, 171, 171, 171, 171, 171, 171, 171, 171, 171, 171, 171, 171, 171, 171, 171, 171, 171, 171, 171, 171, 171, 171, 171, 171, 171, 171, 171, 171, 171, 171, 171, 171, 171, 171, 171, 171, 171, 171, 171, 171, 171, 171, 171, 171, 171, 171, 171, 171, 171, 171, 171, 171, 171, 171, 171, 171, 171, 171, 171, 171, 171, 171, 171, 171, 171, 171, 171, 171, 171, 171, 171, 171, 171, 171, 171, 171, 171, 171, 171, 171, 171, 171, 171, 171, 171, 171, 171, 171, 171, 171, 171, 171, 171, 171, 171, 171, 171, 171, 171, 171, 171, 171, 171, 171, 171, 171, 171, 171, 171, 171, 171, 171, 171, 171, 171, 171, 171, 171, 171, 171, 171, 171, 171, 171, 171, 171, 171, 171, 171, 171, 171, 171, 171, 171, 171, 171, 171, 171, 171, 171, 171, 171, 171, 171, 171, 171, 171, 171, 171, 171, 171, 171, 171, 171, 171, 171, 171, 171, 171, 171, 171, 171, 171, 171, 171, 171, 171, 171, 171, 171, 171, 171, 171, 171, 171, 171, 171, 171, 171, 171, 171, 171, 171, 171, 171, 171, 171, 171, 171, 171, 171, 171, 171, 171, 171, 171, 171, 171, 171, 171, 171, 171, 171, 171, 171, 171, 171, 171, 171, 171, 171, 171, 171, 171, 171, 171, 171, 171, 171, 171, 171, 171, 171, 171, 171, 171, 171, 171, 171, 171, 171, 171, 171, 171, 171, 171, 171, 171, 171, 171, 171, 171, 171, 171, 171, 171, 171, 171, 171, 171, 171, 171, 171, 171, 171, 171, 171, 171, 171, 171, 171, 171, 171, 171, 171, 171, 171, 171, 171, 171, 171, 171, 171, 171, 171, 171, 171, 171, 171, 171, 171, 171, 171, 171, 171, 171, 171, 171, 171, 171, 171, 171, 171, 171, 171, 171, 171, 171, 171, 171, 171, 171, 171, 171, 171, 171, 171, 171, 171, 171, 171, 171, 171, 171, 171, 171, 171, 171, 171, 171, 171, 171, 171, 171, 171, 171, 171, 171, 171, 171, 171, 171, 171, 171, 171, 171, 171, 171, 171, 171, 171, 171, 171, 171, 171, 171, 171, 171, 171, 171, 171, 171, 171, 171, 171, 171, 171, 171, 171, 171, 171, 171, 171, 171, 171, 171, 171, 171, 171, 171, 171, 171, 171, 171, 171, 171, 171, 171, 171, 171, 171, 171, 171, 171, 171, 171, 171, 171, 171, 171, 171]

ep5
Train step Loss: [4.840103626251221, 4.890493392944336, 4.853808879852295, 4.7713398933410645, 4.828925609588623, 4.941175937652588, 4.812623500823975, 4.810669422149658, 4.888211727142334, 4.755545139312744, 4.833266258239746, 4.735752582550049, 4.925074577331543, 4.800340175628662, 4.819113731384277, 4.911791801452637, 4.893233776092529, 4.81121301651001, 4.846030235290527, 4.699732303619385, 4.908945560455322, 4.793105602264404, 4.776979923248291, 4.863098621368408, 4.837424278259277, 4.777860164642334, 4.829675674438477, 4.767367839813232, 4.764308452606201, 4.69032621383667, 4.804423809051514, 4.660499095916748, 4.8482136726379395, 4.825387954711914, 4.72519063949585, 4.743315696716309, 4.785816192626953, 4.760928630828857, 4.847828388214111, 4.683407306671143, 4.835101127624512, 4.709273815155029, 4.706219673156738, 4.72645378112793, 4.801922798156738, 4.6502814292907715, 4.739043235778809, 4.746418476104736, 4.764870643615723, 4.670641899108887, 4.85527229309082, 4.684292316436768, 4.769574165344238, 4.7447710037231445, 4.7003865242004395, 4.762875080108643, 4.636449337005615, 4.738949298858643, 4.68031644821167, 4.6861090660095215, 4.655310153961182, 4.674276351928711, 4.6942362785339355]
val step Loss: [4.973069190979004, 5.061221122741699, 5.06227445602417, 5.090539455413818, 5.0280351638793945, 5.127925872802734, 4.951735496520996, 5.038252830505371, 5.1074442863464355, 5.077238082885742, 4.980197429656982, 5.076387882232666, 5.062868595123291, 5.080782413482666, 5.080283164978027, 4.988188743591309]
Train step Accs: [0.09373107207752877, 0.085219707057257, 0.10751036707111043, 0.10997603733131542, 0.1079347371356854, 0.08666100254885302, 0.10165447025135221, 0.100990099009901, 0.08573080815382392, 0.1054840893703453, 0.09878310665712241, 0.10887703460538914, 0.08971935436963792, 0.10060623556581987, 0.09552394623515595, 0.08310358408822371, 0.08819018404907976, 0.10137749574369292, 0.08691535693997349, 0.11799323230837135, 0.08015328117515567, 0.1005085653104925, 0.09939431588756018, 0.10059790732436473, 0.10063170265902747, 0.1146218487394958, 0.0946324090562198, 0.10697329376854599, 0.10521982545694056, 0.13097877732024074, 0.0998439937597504, 0.1120777891504606, 0.08556499020248204, 0.09936028310875188, 0.12237213680577345, 0.11952476381334097, 0.09695337485271839, 0.1049732451998741, 0.0920602327173169, 0.12144420131291028, 0.09466556108347153, 0.10657835315369563, 0.1152614727854856, 0.11626370722684634, 0.10290574060949681, 0.12472939217318901, 0.10235591641155331, 0.104570100697134, 0.1045109423849933, 0.11662892267874474, 0.09701594222646137, 0.11865425052568339, 0.08693820224719101, 0.10831129054712516, 0.11987585671796198, 0.10611183355006502, 0.13017906156058032, 0.10406575664171437, 0.11049801924165252, 0.12117254389783776, 0.10362257792754845, 0.12702702702702703, 0.11853088480801335]
val step Accs: [0.08822625268982477, 0.08071464774455145, 0.07093473451327434, 0.08255357681859342, 0.0717248762210625, 0.06840168960348822, 0.08390918065153011, 0.06937465103294249, 0.06474820143884892, 0.06821641068216411, 0.06887599266951741, 0.06847996148754362, 0.08334359226886619, 0.0585386697051702, 0.06000954426151277, 0.07517849643007139]
Preds: [17, 17, 17, 17, 284, 284, 284, 284, 35, 35, 35, 35, 35, 414, 414, 284, 284, 284, 284, 284, 284, 284, 284, 284, 284, 284, 284, 284, 284, 284, 414, 414, 170, 170, 392, 392, 392, 392, 320, 284, 284, 284, 284, 35, 35, 35, 35, 35, 35, 213, 213, 213, 324, 324, 324, 324, 324, 414, 414, 414, 414, 414, 414, 414, 414, 284, 284, 284, 284, 284, 284, 182, 35, 35, 35, 324, 324, 324, 324, 414, 414, 414, 414, 414, 414, 414, 284, 284, 284, 284, 284, 414, 170, 170, 284, 284, 284, 284, 284, 284, 284, 284, 284, 284, 284, 284, 284, 284, 284, 35, 35, 213, 213, 213, 324, 324, 414, 414, 414, 414, 414, 414, 414, 414, 284, 284, 284, 182, 414, 414, 414, 414, 284, 284, 284, 35, 35, 213, 213, 213, 213, 213, 324, 324, 324, 324, 324, 324, 324, 414, 414, 414, 414, 414, 414, 414, 284, 284, 182, 35, 35, 414, 414, 414, 414, 414, 414, 35, 213, 213, 246, 246, 246, 246, 246, 246, 246, 246, 246, 246, 246, 324, 324, 324, 246, 246, 246, 246, 246, 324, 324, 414, 414, 414, 414, 414, 414, 414, 414, 414, 414, 414, 284, 284, 284, 35, 35, 35, 35, 250, 250, 414, 414, 250, 324, 324, 250, 414, 414, 414, 414, 414, 170, 170, 284, 284, 284, 284, 35, 324, 213, 213, 324, 324, 324, 324, 414, 414, 414, 414, 414, 284, 35, 35, 35, 414, 414, 414, 414, 414, 414, 414, 414, 414, 284, 284, 284, 284, 284, 284, 170, 170, 392, 392, 392, 392, 392, 392, 392, 392, 392, 392, 392, 392, 392, 392, 392, 392, 392, 392, 392, 392, 392, 392, 392, 73, 320, 320, 320, 320, 7, 7, 7, 213, 213, 35, 284, 284, 284, 284, 284, 284, 35, 35, 35, 35, 35, 35, 35, 213, 213, 213, 324, 414, 414, 414, 414, 414, 414, 35, 35, 324, 324, 250, 250, 250, 250, 324, 324, 324, 246, 246, 246, 246, 246, 324, 324, 324, 414, 414, 414, 414, 414, 414, 414, 284, 182, 35, 35, 35, 414, 414, 250, 250, 250, 414, 414, 414, 414, 414, 35, 324, 213, 246, 246, 246, 246, 246, 246, 246, 246, 246, 246, 246, 246, 246, 414, 414, 170, 170, 392, 392, 392, 392, 392, 392, 392, 392, 392, 392, 392, 392, 392, 392, 392, 392, 320, 320, 320, 320, 320, 320, 287, 7, 7, 35, 35, 213, 35, 35, 35, 35, 414, 284, 35, 284, 284, 284, 284, 284, 284, 284, 35, 414, 414, 414, 414, 284, 284, 284, 284, 284, 284, 284, 284, 414, 414, 170, 170, 170, 392, 392, 392, 392, 320, 7, 7, 324, 213, 213, 213, 246, 246, 246, 246, 246, 246, 246, 324, 414, 414, 324, 324, 324, 324, 324, 324, 324, 324, 324, 324, 324, 246, 246, 246, 246, 246, 246, 246, 324, 324, 324, 324, 414, 414, 414, 414, 414, 414, 414, 414, 414, 414, 414, 414, 170, 170, 392, 392, 392, 392, 392, 392, 392, 392, 392, 392, 392, 392, 392, 392, 392, 392, 392, 320, 320, 320, 320, 320, 320, 287, 284, 284, 284, 35, 213, 213, 213, 35, 414, 414, 284, 284, 35, 213, 213, 246, 246, 246, 246, 246, 246, 246, 246, 246, 324, 414, 414, 414, 414, 414, 414, 414, 414, 284, 284, 182, 35, 35, 35, 250, 250, 250, 414, 250, 414, 414, 414, 414, 414, 250, 324, 324, 324, 324, 324, 414, 414, 414, 324, 324, 324, 324, 324, 324, 324, 414, 414, 414, 414, 324, 324, 324, 324, 324, 324, 324, 324, 324, 324]

ep6
Train step Loss: [4.657025337219238, 4.71276330947876, 4.741248607635498, 4.587621688842773, 4.67025899887085, 4.650632381439209, 4.716554641723633, 4.670166492462158, 4.566792011260986, 4.658297538757324, 4.599387168884277, 4.58927583694458, 4.647172927856445, 4.592774868011475, 4.532266616821289, 4.523404121398926, 4.671414375305176, 4.61522102355957, 4.4110612869262695, 4.591856956481934, 4.527374744415283, 4.659543991088867, 4.652290344238281, 4.536021709442139, 4.635039329528809, 4.541146278381348, 4.598483085632324, 4.590867042541504, 4.536036014556885, 4.607497692108154, 4.544921398162842, 4.751536846160889, 4.564842224121094, 4.5505266189575195, 4.5447516441345215, 4.512829303741455, 4.542128086090088, 4.505241870880127, 4.706186294555664, 4.486034393310547, 4.530869007110596, 4.541380405426025, 4.585222244262695, 4.516330242156982, 4.535562515258789, 4.480420112609863, 4.560207843780518, 4.313986778259277, 4.39681339263916, 4.457185745239258, 4.3871564865112305, 4.515477657318115, 4.552854061126709, 4.5319318771362305, 4.621763706207275, 4.602705001831055, 4.54845666885376, 4.387239456176758, 4.490099906921387, 4.4878692626953125, 4.444681167602539, 4.5381999015808105, 4.548719882965088]
val step Loss: [4.889400005340576, 4.9298505783081055, 4.980762481689453, 4.84446382522583, 4.791079998016357, 4.825263977050781, 4.8126325607299805, 4.860745906829834, 4.8888468742370605, 4.874880790710449, 4.802293300628662, 4.849932670593262, 4.900395393371582, 4.846101760864258, 4.840075969696045, 4.839334964752197]
Train step Accs: [0.12181261838845986, 0.1049374032916022, 0.0964445084209011, 0.13025516403402188, 0.10319593787335722, 0.1223429381199811, 0.10577213659715927, 0.1334054722522801, 0.14195842450765864, 0.1111759556463379, 0.1275141825683342, 0.1256425763531902, 0.10241773002014776, 0.12269433465085638, 0.12622111955341914, 0.13731714049130556, 0.11227586206896552, 0.1293812202509736, 0.15902924329213144, 0.12070938215102975, 0.12846980053006, 0.12203663793103449, 0.11749238859673401, 0.12984794122672133, 0.1169413125180688, 0.11120309050772627, 0.11069394096323149, 0.12996168582375478, 0.14527458492975734, 0.1192700100589165, 0.1297572670062931, 0.09742986729380144, 0.129315918789603, 0.12684690348946873, 0.11909681227863046, 0.13584740827023878, 0.13293413173652693, 0.13993755322168605, 0.10813634582734752, 0.12951316095970183, 0.13912231559290383, 0.14142695995487875, 0.1264041316978696, 0.14116177389131793, 0.1341816078658184, 0.14244407243950694, 0.13466862074580688, 0.1664002131628031, 0.1606073269257557, 0.13384443379651814, 0.14786785038567893, 0.13669168591224018, 0.12644978783592645, 0.12103174603174603, 0.11271548548696037, 0.122858541360744, 0.12196144174350378, 0.16165113182423435, 0.13487203642644058, 0.14273204903677758, 0.16393995614774837, 0.11904454486765655, 0.12297426120114395]
val step Accs: [0.09958217270194986, 0.08228317272053373, 0.08908371040723982, 0.08858214955775931, 0.1081733995436854, 0.09003086005635315, 0.09563695461932742, 0.10776846915460776, 0.08061182306738322, 0.09171283743958505, 0.10588551464660037, 0.08775243353189016, 0.09057437407952872, 0.09288739593982766, 0.08376885172465283, 0.09693760073681787]
Preds: [17, 17, 17, 35, 35, 35, 213, 213, 246, 246, 246, 324, 324, 464, 414, 414, 414, 414, 182, 240, 35, 35, 35, 35, 414, 414, 414, 182, 182, 414, 414, 284, 284, 284, 284, 182, 35, 35, 35, 35, 250, 250, 324, 246, 246, 246, 246, 246, 246, 246, 246, 324, 464, 414, 414, 414, 170, 392, 392, 392, 392, 392, 392, 392, 392, 73, 73, 320, 320, 320, 320, 320, 320, 320, 320, 392, 392, 392, 320, 320, 320, 320, 320, 320, 287, 284, 284, 284, 284, 284, 284, 284, 284, 387, 35, 35, 35, 35, 35, 35, 35, 250, 250, 414, 414, 414, 284, 414, 284, 284, 284, 284, 284, 284, 284, 35, 35, 35, 35, 35, 250, 414, 414, 414, 414, 284, 240, 35, 324, 324, 324, 324, 324, 324, 324, 324, 324, 324, 324, 324, 324, 324, 324, 324, 324, 324, 324, 324, 324, 324, 324, 324, 324, 324, 324, 324, 324, 324, 324, 324, 464, 414, 414, 414, 414, 284, 284, 284, 182, 182, 35, 35, 35, 250, 250, 414, 414, 414, 414, 284, 284, 182, 240, 182, 182, 182, 182, 182, 182, 182, 182, 182, 182, 182, 182, 284, 284, 284, 284, 284, 284, 284, 284, 284, 284, 284, 284, 170, 284, 284, 284, 284, 284, 284, 284, 35, 35, 35, 35, 284, 284, 284, 284, 284, 284, 284, 284, 240, 35, 35, 35, 35, 98, 414, 98, 98, 182, 182, 35, 324, 324, 213, 246, 246, 246, 246, 324, 324, 324, 324, 246, 246, 246, 246, 246, 246, 246, 246, 246, 246, 246, 324, 324, 464, 464, 324, 324, 324, 324, 324, 324, 324, 324, 246, 246, 246, 246, 324, 464, 414, 414, 414, 170, 170, 392, 392, 392, 392, 392, 320, 320, 320, 7, 284, 284, 392, 392, 392, 392, 392, 392, 392, 392, 73, 320, 320, 7, 7, 7, 284, 35, 35, 213, 213, 213, 246, 324, 324, 464, 464, 414, 414, 182, 240, 35, 35, 324, 324, 324, 246, 246, 246, 246, 246, 464, 414, 414, 414, 414, 182, 35, 324, 324, 246, 246, 324, 324, 324, 324, 324, 324, 324, 324, 324, 324, 324, 246, 246, 246, 246, 246, 246, 246, 246, 246, 246, 246, 246, 464, 414, 414, 414, 414, 414, 284, 284, 284, 240, 35, 35, 35, 414, 414, 414, 284, 284, 35, 35, 35, 250, 250, 324, 324, 324, 324, 464, 464, 464, 464, 414, 414, 98, 250, 250, 250, 324, 324, 464, 464, 171, 171, 324, 246, 246, 246, 246, 324, 464, 464, 324, 324, 246, 246, 246, 246, 246, 246, 246, 246, 246, 324, 464, 464, 464, 464, 464, 414, 414, 414, 414, 414, 170, 392, 392, 392, 392, 392, 392, 392, 392, 392, 392, 392, 392, 392, 73, 73, 73, 320, 320, 320, 320, 7, 7, 7, 35, 35, 284, 284, 35, 213, 213, 213, 213, 324, 324, 324, 324, 246, 246, 246, 246, 246, 246, 246, 246, 246, 246, 246, 324, 464, 464, 464, 464, 464, 464, 414, 414, 414, 414, 414, 284, 284, 284, 284, 284, 182, 182, 35, 182, 182, 284, 284, 284, 284, 414, 414, 170, 392, 392, 392, 392, 63, 63, 63, 392, 73, 73, 73, 73, 73, 73, 73, 73, 73, 73, 73, 73, 320, 320, 320, 320, 320, 320, 320, 287, 284, 284, 284, 284, 284, 35, 35, 35, 35, 284, 284, 284, 284, 284, 284, 284, 284, 284, 284, 284, 284, 284, 284, 284, 284, 284, 284, 284, 284, 284, 182, 182, 182, 182, 35, 35, 35, 35, 324, 324, 464, 414, 414, 414, 414, 182, 35, 324, 324, 324, 324, 324, 464, 464]

ep7
Train step Loss: [4.44221830368042, 4.42253303527832, 4.520153522491455, 4.401477813720703, 4.427860260009766, 4.37538480758667, 4.412607669830322, 4.470159530639648, 4.400227069854736, 4.457841396331787, 4.5351881980896, 4.5755934715271, 4.444099426269531, 4.5046820640563965, 4.422633171081543, 4.340859889984131, 4.517280578613281, 4.335414886474609, 4.389571666717529, 4.512014389038086, 4.50634765625, 4.294697284698486, 4.439293384552002, 4.370885372161865, 4.13021183013916, 4.350337505340576, 4.479528427124023, 4.439270973205566, 4.343567848205566, 4.371906757354736, 4.389642715454102, 4.417616367340088, 4.339145660400391, 4.4219231605529785, 4.303317070007324, 4.370965957641602, 4.53953218460083, 4.334623336791992, 4.32990026473999, 4.304668426513672, 4.496610641479492, 4.309554576873779, 4.280622482299805, 4.328909873962402, 4.33195161819458, 4.329285144805908, 4.362692832946777, 4.235523700714111, 4.3705830574035645, 4.310113906860352, 4.3026123046875, 4.288372993469238, 4.36643123626709, 4.300271511077881, 4.341213226318359, 4.2059807777404785, 4.184359073638916, 4.286377906799316, 4.328120231628418, 4.300771236419678, 4.288812637329102, 4.320934772491455, 4.396444797515869]
val step Loss: [4.737613201141357, 4.659628868103027, 4.740350246429443, 4.658260822296143, 4.686694622039795, 4.6279191970825195, 4.754147529602051, 4.684793472290039, 4.682336807250977, 4.7051496505737305, 4.711263656616211, 4.674076557159424, 4.6744279861450195, 4.681335926055908, 4.666432857513428, 4.770294189453125]
Train step Accs: [0.13477130182040692, 0.14526854219948848, 0.14103514756043303, 0.14629972907457578, 0.14484715593963626, 0.1529255319148936, 0.13911205073995772, 0.1391238670694864, 0.1509929906542056, 0.1318039327443716, 0.12470402525651145, 0.12284593072854462, 0.1376752966558792, 0.12741561453233702, 0.1549601737871108, 0.15928417311841606, 0.12566844919786097, 0.15597667638483964, 0.13879063500084218, 0.13031735313977041, 0.14603374862009147, 0.1647236941710825, 0.13598593799936082, 0.15540871267743514, 0.19565850815850816, 0.1453496359390026, 0.13211781206171108, 0.15038985066737148, 0.14900568181818183, 0.15760585467851543, 0.15144475098010746, 0.13969819214104287, 0.15458796025715957, 0.15892384592766834, 0.16701406982803543, 0.1458603311735061, 0.12410256410256411, 0.15512093162137952, 0.1582608695652174, 0.1453857421875, 0.12267080745341614, 0.16918675929709848, 0.1595191682910981, 0.16038309516570387, 0.16316858496953285, 0.14643139320516196, 0.14852658077891306, 0.1702013422818792, 0.1412857142857143, 0.16010033938320792, 0.15573505654281097, 0.15882516703786193, 0.1364327979712595, 0.16911332941867294, 0.1600648911720968, 0.17516750991385205, 0.1956082057208899, 0.1655577904997679, 0.12941847206385404, 0.16646134893748074, 0.1429299796057104, 0.16604419545596016, 0.16298168035375868]
val step Accs: [0.1094191329976667, 0.10749477455957002, 0.10714750683504752, 0.1163898916967509, 0.12013681060282172, 0.12234976367319379, 0.09843856076035302, 0.12216778934476424, 0.12588220197613242, 0.11434614906059475, 0.11244782715443162, 0.100975874220656, 0.09899592092877314, 0.1131185115275718, 0.11999488294742229, 0.10385949696444059]
Preds: [17, 17, 17, 213, 213, 246, 246, 246, 246, 246, 246, 246, 324, 324, 324, 464, 464, 414, 414, 414, 414, 284, 284, 284, 284, 240, 35, 35, 35, 35, 98, 98, 98, 98, 182, 182, 35, 35, 35, 35, 35, 35, 35, 324, 324, 324, 213, 324, 324, 464, 464, 464, 464, 324, 324, 464, 464, 414, 464, 250, 250, 250, 414, 355, 250, 250, 250, 414, 414, 414, 414, 414, 170, 170, 392, 392, 392, 392, 392, 392, 73, 73, 73, 73, 73, 73, 73, 73, 73, 73, 73, 392, 73, 73, 320, 320, 320, 7, 7, 7, 284, 35, 35, 35, 35, 213, 324, 464, 324, 324, 324, 213, 246, 246, 246, 246, 246, 246, 246, 246, 246, 464, 414, 414, 414, 170, 170, 392, 392, 392, 392, 392, 392, 73, 320, 320, 320, 320, 392, 73, 73, 73, 73, 320, 320, 320, 320, 7, 7, 7, 213, 213, 213, 213, 246, 246, 246, 324, 464, 464, 324, 324, 246, 246, 324, 324, 464, 464, 414, 414, 355, 355, 355, 240, 35, 35, 324, 213, 213, 246, 246, 324, 324, 464, 414, 414, 414, 414, 284, 284, 182, 35, 213, 213, 246, 246, 246, 246, 246, 246, 246, 246, 246, 464, 464, 414, 414, 414, 414, 170, 170, 392, 320, 7, 35, 324, 324, 324, 464, 464, 132, 132, 132, 324, 324, 324, 324, 324, 213, 213, 246, 246, 246, 464, 414, 414, 414, 414, 170, 170, 320, 284, 7, 213, 213, 213, 246, 246, 324, 324, 324, 464, 324, 324, 324, 246, 246, 246, 246, 324, 464, 464, 414, 414, 414, 355, 284, 284, 355, 182, 182, 182, 182, 182, 182, 35, 182, 182, 284, 284, 284, 284, 182, 182, 182, 182, 35, 35, 35, 35, 250, 250, 98, 182, 35, 35, 35, 250, 132, 132, 464, 464, 414, 414, 414, 284, 284, 284, 284, 182, 284, 284, 284, 284, 182, 182, 182, 240, 35, 35, 35, 35, 35, 250, 250, 250, 132, 324, 213, 213, 213, 324, 464, 464, 464, 464, 464, 464, 464, 464, 464, 464, 464, 464, 464, 250, 250, 98, 414, 414, 414, 284, 284, 284, 182, 182, 240, 35, 35, 35, 250, 98, 98, 182, 182, 182, 182, 182, 182, 284, 284, 284, 284, 182, 182, 35, 35, 35, 35, 250, 250, 250, 324, 213, 213, 213, 324, 324, 464, 464, 464, 414, 355, 98, 355, 355, 355, 284, 414, 414, 170, 170, 47, 320, 320, 284, 284, 182, 240, 284, 284, 284, 414, 170, 392, 392, 392, 392, 320, 320, 320, 392, 392, 392, 392, 73, 73, 320, 320, 320, 320, 287, 284, 284, 284, 284, 284, 284, 284, 284, 284, 284, 284, 284, 387, 387, 35, 35, 35, 35, 35, 35, 35, 324, 324, 324, 213, 324, 324, 464, 464, 464, 414, 414, 284, 284, 284, 284, 182, 182, 182, 182, 182, 182, 284, 284, 284, 284, 284, 284, 182, 182, 182, 182, 182, 182, 35, 35, 35, 35, 250, 250, 250, 250, 250, 250, 250, 250, 250, 250, 414, 414, 414, 414, 414, 284, 284, 284, 182, 240, 35, 35, 35, 35, 35, 35, 250, 250, 250, 464, 132, 324, 324, 324, 324, 324, 132, 464, 464, 414, 414, 414, 414, 170, 170, 182, 324, 324, 324, 324, 324, 324, 464, 464, 464, 464, 464, 464, 464, 464, 414, 414, 170, 170, 392, 392, 392, 392, 392, 320, 320, 320, 320, 320, 320, 320, 320, 320, 320, 320, 320, 320, 320, 320, 320, 320, 320, 320, 320, 320, 320, 320, 320, 320, 287, 7, 7, 35, 35, 414, 414, 392, 392, 73, 320, 320, 287, 284, 284, 284]

ep8
Train step Loss: [4.262213706970215, 4.16326904296875, 4.283018112182617, 4.371258735656738, 4.331203460693359, 4.2747602462768555, 4.1830644607543945, 4.325882434844971, 4.346808433532715, 4.243299961090088, 4.142945766448975, 4.185103416442871, 4.212746620178223, 4.11161470413208, 4.239721298217773, 4.1588263511657715, 4.296337604522705, 4.2541985511779785, 4.265081405639648, 4.329261779785156, 4.251977443695068, 4.214406967163086, 4.329533576965332, 4.249959945678711, 4.292571067810059, 4.164529800415039, 4.173982620239258, 4.376475811004639, 4.154754638671875, 4.234503269195557, 4.17855167388916, 4.2414960861206055, 4.027171611785889, 4.413473129272461, 4.146179676055908, 4.22613525390625, 4.196699619293213, 4.189215183258057, 4.223578929901123, 4.129356861114502, 4.241786956787109, 4.1775617599487305, 4.186446189880371, 4.161762714385986, 4.204886436462402, 4.173934459686279, 4.210849761962891, 4.16481351852417, 4.105609893798828, 4.150938034057617, 4.190106391906738, 4.239630699157715, 4.104386329650879, 4.260153293609619, 4.074398994445801, 4.1840362548828125, 4.118163108825684, 4.17380428314209, 4.324680328369141, 4.141800403594971, 4.099327087402344, 4.097678184509277, 4.133439064025879]
val step Loss: [4.394226551055908, 4.53588342666626, 4.606786251068115, 4.595390796661377, 4.532046794891357, 4.592447757720947, 4.508285999298096, 4.465361595153809, 4.551048278808594, 4.661476135253906, 4.516598224639893, 4.4968485832214355, 4.469568729400635, 4.568930625915527, 4.633567810058594, 4.52746057510376]
Train step Accs: [0.16832010582010581, 0.18888457054022542, 0.16303377947737413, 0.15173933574689125, 0.14795439302481556, 0.16601371204701273, 0.17579250720461095, 0.15381515314347124, 0.15082191780821919, 0.16480649369473838, 0.18897338403041825, 0.187390263367917, 0.1789240972733972, 0.19291391620638557, 0.16931289351218176, 0.18564356435643564, 0.16214305908962398, 0.17727543129089826, 0.16230147673446643, 0.16014930678990402, 0.1793358946212953, 0.16646415552855406, 0.15404735682819384, 0.16126242974492003, 0.15118894601542415, 0.17140513942044833, 0.17089036454804174, 0.14528184366241045, 0.19046408137317228, 0.17592466220827077, 0.17319470160945735, 0.17271691356014976, 0.19807162534435263, 0.14443014443014443, 0.18924551896623593, 0.17246273953158267, 0.18685300207039338, 0.16908431550317315, 0.16368, 0.18269659580793815, 0.17313607733997363, 0.1735019501240988, 0.16558978211870773, 0.1735566021280307, 0.16855600539811066, 0.17531044558071585, 0.1567763261451283, 0.17363344051446947, 0.18348343764310793, 0.19180773881499397, 0.18261732596058414, 0.16707132018209409, 0.1800325115144947, 0.17024189867640346, 0.21188360341522913, 0.1773951072844062, 0.18114041143172718, 0.18034265103697025, 0.1497005988023952, 0.1781628532974428, 0.18676286943249618, 0.18947036569987388, 0.18617172003400398]
val step Accs: [0.1438692098092643, 0.12655786350148368, 0.12361111111111112, 0.11761022044088176, 0.131716303346638, 0.1187917513796108, 0.1279491833030853, 0.1288824383164006, 0.1280927470663085, 0.10726092812538264, 0.1267519804996953, 0.14648626259837083, 0.14256173214937357, 0.13222650459531574, 0.10749609578344613, 0.12782590323262202]
Preds: [17, 17, 17, 17, 284, 284, 284, 387, 387, 240, 35, 35, 35, 35, 250, 98, 98, 98, 98, 182, 182, 182, 240, 284, 182, 284, 284, 284, 284, 240, 35, 35, 35, 35, 35, 250, 250, 132, 324, 324, 213, 324, 132, 464, 464, 464, 355, 355, 355, 98, 182, 35, 324, 213, 213, 246, 246, 324, 464, 414, 414, 464, 324, 324, 324, 464, 464, 464, 132, 464, 464, 464, 98, 98, 355, 98, 182, 182, 182, 284, 284, 284, 284, 284, 284, 182, 35, 35, 35, 35, 132, 324, 324, 324, 324, 132, 464, 132, 132, 132, 132, 132, 132, 324, 324, 324, 324, 132, 464, 464, 414, 414, 355, 250, 132, 132, 132, 464, 464, 414, 414, 170, 170, 170, 392, 392, 392, 392, 392, 392, 392, 392, 392, 73, 73, 73, 73, 73, 392, 392, 392, 392, 392, 392, 73, 73, 73, 320, 320, 320, 320, 7, 7, 7, 35, 35, 35, 284, 284, 284, 284, 284, 284, 284, 240, 35, 35, 35, 35, 250, 250, 250, 414, 414, 284, 240, 35, 35, 35, 250, 250, 98, 98, 250, 250, 132, 324, 324, 213, 171, 324, 132, 464, 464, 464, 464, 464, 132, 132, 464, 464, 464, 464, 355, 355, 284, 284, 284, 182, 182, 182, 240, 35, 35, 35, 250, 355, 355, 284, 284, 284, 284, 182, 182, 240, 35, 35, 250, 35, 250, 250, 250, 98, 414, 414, 414, 170, 170, 392, 392, 392, 392, 392, 73, 73, 73, 73, 73, 73, 73, 73, 73, 73, 73, 73, 73, 73, 320, 7, 7, 7, 287, 284, 284, 284, 284, 387, 35, 35, 35, 35, 98, 182, 182, 182, 182, 284, 284, 284, 284, 284, 284, 240, 35, 35, 35, 98, 98, 182, 182, 182, 35, 98, 182, 182, 182, 182, 182, 182, 98, 98, 414, 414, 414, 414, 170, 170, 47, 47, 320, 320, 320, 320, 284, 284, 284, 284, 284, 284, 284, 284, 284, 284, 284, 182, 182, 240, 35, 35, 35, 35, 35, 132, 250, 250, 250, 250, 250, 250, 98, 98, 250, 132, 324, 324, 324, 171, 171, 324, 324, 324, 132, 132, 464, 414, 414, 414, 414, 284, 182, 240, 240, 250, 98, 98, 98, 98, 98, 98, 182, 182, 284, 284, 182, 182, 182, 182, 35, 35, 35, 35, 132, 132, 132, 464, 464, 464, 414, 414, 414, 414, 170, 170, 392, 392, 392, 392, 392, 392, 392, 392, 392, 392, 392, 392, 392, 392, 73, 73, 320, 7, 7, 7, 7, 35, 284, 284, 284, 284, 284, 284, 284, 284, 387, 387, 182, 182, 182, 182, 182, 182, 182, 182, 182, 35, 35, 35, 250, 250, 250, 250, 132, 132, 464, 414, 414, 414, 414, 284, 284, 182, 182, 182, 182, 414, 284, 182, 240, 35, 35, 35, 250, 250, 250, 132, 132, 132, 132, 132, 464, 464, 464, 464, 464, 464, 464, 464, 464, 464, 464, 464, 464, 464, 464, 464, 464, 464, 464, 464, 464, 464, 464, 464, 464, 464, 464, 464, 464, 464, 464, 464, 464, 464, 464, 464, 464, 464, 464, 464, 464, 464, 464, 464, 464, 464, 464, 464, 464, 464, 464, 464, 464, 464, 464, 464, 464, 464, 464, 464, 464, 464, 464, 464, 464, 464, 464, 464, 464, 464, 464, 464, 464, 464, 464, 464, 464, 464, 464, 464, 464, 464, 464, 464, 464, 464, 464, 464, 464, 464, 464, 464, 464, 464, 464, 464, 464, 464, 464, 464, 464, 464, 464, 464, 464, 464, 464, 464, 464, 464, 464, 464, 464, 464, 464, 464, 464, 464, 464, 464, 464, 464, 464, 464, 464, 464, 464, 464, 464, 464, 464]

ep9
Train step Loss: [3.9959962368011475, 4.054784774780273, 4.2254767417907715, 4.170238494873047, 4.042996406555176, 4.20611047744751, 4.141819953918457, 4.1776909828186035, 4.082129955291748, 4.034721851348877, 4.054344654083252, 4.037527084350586, 4.078579425811768, 4.111933708190918, 4.177891254425049, 4.042496681213379, 3.9794013500213623, 4.117111682891846, 4.122435569763184, 4.105039119720459, 4.001769542694092, 4.10648250579834, 4.107707977294922, 4.087978839874268, 4.220765590667725, 3.953272581100464, 3.8964486122131348, 4.154748439788818, 3.995304584503174, 4.135396480560303, 4.044663906097412, 4.0309224128723145, 4.160517692565918, 3.9814794063568115, 4.116794586181641, 4.0294952392578125, 4.114765644073486, 4.041623592376709, 4.0097198486328125, 4.044189929962158, 4.078184127807617, 4.113430500030518, 4.069425582885742, 4.187060356140137, 4.0678629875183105, 4.128367900848389, 3.9273624420166016, 3.9864542484283447, 4.023129463195801, 4.054957866668701, 4.080788612365723, 4.102778911590576, 3.9165642261505127, 3.968813896179199, 3.960040330886841, 4.050172328948975, 4.067615985870361, 3.971435785293579, 4.116523265838623, 4.021627426147461, 4.09487247467041, 4.049925804138184, 4.0717058181762695]
val step Loss: [4.405362129211426, 4.395666122436523, 4.4073166847229, 4.491343975067139, 4.3528900146484375, 4.4672112464904785, 4.450209617614746, 4.421629428863525, 4.438751220703125, 4.410679340362549, 4.366947174072266, 4.437351703643799, 4.2993083000183105, 4.44139289855957, 4.327414035797119, 4.367356300354004]
Train step Accs: [0.21217051740969736, 0.1855860988463182, 0.17650479790636814, 0.16428461656677423, 0.19110275689223058, 0.16630253180825086, 0.18875558035714285, 0.19063631660631145, 0.1909255898366606, 0.19951959165290498, 0.1920029257588687, 0.18708653082826143, 0.1850120413656325, 0.177389237820404, 0.17549969715324046, 0.18254751913107875, 0.20549866741478467, 0.18295422634091546, 0.18441259278218583, 0.18541110687507942, 0.19296697756491052, 0.18229536104411972, 0.19168941461935093, 0.18879569552144326, 0.17510480490164462, 0.20837422309453713, 0.22644782492660795, 0.1699835403262008, 0.21740790227142584, 0.1916254725210817, 0.19149862179022195, 0.2063667820069204, 0.16805721096543505, 0.19203413940256045, 0.175090799031477, 0.19052563270603504, 0.183990071362085, 0.20375814904767992, 0.20830759728227302, 0.1906636670416198, 0.16984878570337558, 0.1711092003439381, 0.18969298245614036, 0.17038711500423848, 0.1930218628331836, 0.1995734308348568, 0.20674754861226524, 0.20272259013980867, 0.2005856515373353, 0.18159357628165534, 0.1952235935246033, 0.1912568306010929, 0.21976047904191617, 0.19053618927621446, 0.20513154467309194, 0.1913109756097561, 0.17700381679389313, 0.19831158864159631, 0.1753547639733565, 0.19416547106647536, 0.2020249960449296, 0.1876132432877615, 0.18918092909535453]
val step Accs: [0.1413404962906114, 0.12625462229265716, 0.15974522292993631, 0.12448073341928091, 0.14613138686131386, 0.14101184068891282, 0.13521930962886064, 0.1365900913368392, 0.134105098855359, 0.15453174276703688, 0.13999059413701206, 0.13370646766169153, 0.15826965418987177, 0.12248701903874318, 0.15514905149051492, 0.14821474441304905]
Preds: [17, 17, 17, 17, 387, 387, 35, 35, 35, 35, 250, 98, 284, 182, 182, 182, 35, 35, 35, 35, 132, 132, 132, 464, 414, 414, 486, 284, 284, 284, 284, 182, 387, 387, 240, 35, 35, 35, 250, 250, 98, 355, 284, 284, 284, 182, 182, 182, 182, 240, 35, 35, 98, 98, 98, 98, 98, 267, 213, 171, 213, 171, 464, 464, 414, 355, 355, 284, 182, 182, 182, 35, 35, 35, 35, 132, 250, 250, 250, 250, 250, 98, 355, 486, 486, 486, 284, 240, 35, 35, 250, 98, 98, 250, 250, 98, 250, 250, 35, 132, 132, 132, 324, 324, 324, 213, 246, 246, 246, 246, 454, 464, 464, 132, 132, 132, 132, 132, 132, 132, 374, 374, 132, 132, 132, 132, 464, 464, 464, 180, 355, 250, 250, 250, 250, 250, 464, 250, 171, 213, 246, 246, 171, 171, 464, 464, 464, 132, 374, 324, 246, 246, 246, 171, 464, 464, 464, 464, 132, 324, 246, 246, 246, 246, 246, 246, 246, 171, 454, 464, 414, 414, 414, 170, 170, 392, 392, 47, 47, 320, 320, 320, 47, 47, 392, 392, 392, 392, 73, 320, 320, 7, 7, 7, 387, 284, 284, 387, 35, 35, 213, 213, 213, 246, 246, 246, 246, 246, 246, 246, 246, 246, 246, 246, 171, 454, 464, 464, 414, 414, 414, 486, 284, 284, 182, 240, 35, 35, 250, 98, 98, 98, 98, 98, 35, 35, 35, 250, 250, 250, 250, 180, 414, 355, 182, 182, 240, 240, 98, 182, 284, 284, 284, 284, 284, 284, 284, 284, 284, 182, 182, 182, 284, 284, 414, 170, 170, 170, 392, 392, 392, 392, 73, 73, 392, 73, 73, 320, 73, 73, 320, 7, 7, 7, 7, 35, 32, 132, 132, 171, 171, 171, 464, 464, 464, 132, 464, 132, 324, 324, 324, 324, 324, 464, 464, 464, 464, 132, 132, 132, 132, 324, 324, 324, 464, 464, 464, 464, 464, 250, 250, 132, 132, 464, 180, 355, 355, 182, 182, 35, 35, 132, 132, 48, 48, 464, 171, 171, 213, 246, 246, 171, 171, 464, 464, 464, 464, 414, 355, 240, 35, 35, 132, 464, 464, 132, 324, 213, 246, 246, 246, 246, 246, 246, 246, 246, 171, 454, 414, 414, 414, 170, 170, 392, 392, 392, 392, 392, 392, 392, 47, 320, 320, 7, 7, 287, 284, 284, 284, 284, 284, 387, 387, 35, 35, 35, 35, 250, 250, 250, 180, 98, 98, 98, 98, 98, 35, 35, 98, 355, 182, 182, 98, 35, 98, 98, 98, 98, 98, 98, 355, 355, 284, 182, 35, 35, 35, 250, 250, 250, 250, 250, 250, 250, 250, 250, 250, 250, 132, 132, 132, 250, 132, 132, 374, 132, 464, 132, 132, 132, 132, 464, 464, 132, 132, 132, 132, 132, 374, 374, 324, 324, 246, 246, 246, 171, 464, 464, 464, 132, 132, 132, 464, 464, 414, 414, 355, 35, 35, 132, 132, 464, 464, 355, 355, 486, 355, 240, 35, 35, 35, 35, 324, 324, 213, 324, 246, 246, 246, 246, 246, 171, 171, 454, 464, 414, 414, 414, 170, 170, 392, 392, 47, 47, 47, 392, 47, 320, 320, 320, 7, 7, 213, 213, 171, 464, 464, 464, 132, 132, 324, 171, 171, 171, 171, 171, 464, 464, 464, 464, 464, 132, 132, 132, 132, 132, 132, 132, 132, 132, 132, 132, 132, 132, 132, 132, 132, 132, 132, 132, 132, 132, 132, 132, 132, 132, 132, 132, 132, 132, 132, 132, 132, 132, 132, 132, 132, 132, 132, 132, 132, 132, 132, 132, 132, 132, 132, 132, 132, 132, 132, 132, 132, 132, 132, 132, 132, 132, 132, 132]

ep10
Train step Loss: [3.9479992389678955, 4.096277236938477, 3.952918529510498, 3.961221694946289, 4.030316352844238, 3.8946797847747803, 3.9073781967163086, 3.934976577758789, 3.9477663040161133, 4.012320518493652, 3.949901819229126, 4.020668983459473, 4.039689064025879, 3.9548699855804443, 3.945624351501465, 4.020921230316162, 4.008795738220215, 3.957144021987915, 3.9771809577941895, 3.905021905899048, 3.946176767349243, 4.030211448669434, 4.020775318145752, 3.845315933227539, 3.9521145820617676, 3.9130141735076904, 3.962782144546509, 3.9498281478881836, 3.822373867034912, 3.942261219024658, 3.8735804557800293, 3.9049015045166016, 4.043117046356201, 4.034514904022217, 4.0579915046691895, 4.028293609619141, 3.8423142433166504, 3.859476089477539, 3.950862169265747, 3.941889524459839, 3.991856336593628, 3.9791722297668457, 3.8558075428009033, 3.918013095855713, 3.863389253616333, 3.8329923152923584, 3.816169500350952, 3.8806354999542236, 3.9370574951171875, 4.013510227203369, 3.8155579566955566, 3.8174405097961426, 3.948824405670166, 3.876903772354126, 3.981867551803589, 3.7794642448425293, 3.8382437229156494, 3.8583853244781494, 3.857680559158325, 3.9664316177368164, 3.8683414459228516, 3.9108166694641113, 4.009433746337891]
val step Loss: [4.255276679992676, 4.191303730010986, 4.213986396789551, 4.239938735961914, 4.227270126342773, 4.253662109375, 4.312934398651123, 4.248866081237793, 4.2254719734191895, 4.312887191772461, 4.2947678565979, 4.300811290740967, 4.332120418548584, 4.322681903839111, 4.385831356048584, 4.284406661987305]
Train step Accs: [0.2172666454284804, 0.17726396917148363, 0.20471067170689153, 0.20402665532397563, 0.1883428925747946, 0.21252498334443704, 0.22574285311927897, 0.2155355249204666, 0.20318524727577536, 0.1993822393822394, 0.20774902414341478, 0.20352564102564102, 0.20153738644304683, 0.21757255090588423, 0.20347585358351278, 0.19712274257728804, 0.19365171811298776, 0.20349358017318603, 0.21210942564501492, 0.21777718903165982, 0.22174979558462796, 0.2012072434607646, 0.19045501704461243, 0.2234185733512786, 0.19774575545726922, 0.21116689487296517, 0.22179171069625456, 0.2129817444219067, 0.22310513447432762, 0.20897907013899983, 0.2143428845846006, 0.20164725930133484, 0.1892498679344955, 0.17977859778597785, 0.20137069139286434, 0.1893814997263273, 0.21762934574322473, 0.2136502843809246, 0.21518987341772153, 0.1983856728465128, 0.18383891213389122, 0.2, 0.20923035522066738, 0.21102687801516196, 0.21930819393252055, 0.215929203539823, 0.23624595469255663, 0.21208401527550463, 0.21654348167950935, 0.1882277875259212, 0.2406223951097527, 0.2238709677419355, 0.19808352402745996, 0.2233466362599772, 0.2064030687518442, 0.24699945444626295, 0.22878998609179416, 0.2230769230769231, 0.21831852358168147, 0.19225228109492556, 0.21748812351543942, 0.21223709369024857, 0.20463804450015669]
val step Accs: [0.15756302521008403, 0.15685997171145685, 0.15920183749641115, 0.15988167347513735, 0.1544623857804481, 0.1607941099132264, 0.15240931239848401, 0.16063215001769077, 0.16531645569620254, 0.1485011529592621, 0.1588502269288956, 0.15098498415759745, 0.14426666666666665, 0.15093020002797594, 0.1300333030578262, 0.15536670977276926]
Preds: [17, 17, 17, 17, 284, 284, 387, 240, 35, 35, 35, 35, 250, 98, 98, 98, 98, 98, 355, 182, 240, 35, 35, 35, 267, 132, 324, 324, 324, 324, 171, 464, 464, 464, 132, 132, 324, 324, 324, 324, 324, 324, 324, 324, 324, 246, 246, 246, 171, 454, 464, 464, 414, 414, 414, 170, 170, 47, 47, 47, 47, 47, 320, 7, 7, 171, 213, 213, 171, 171, 171, 464, 464, 464, 464, 355, 182, 240, 240, 35, 35, 35, 250, 250, 250, 464, 355, 98, 98, 98, 250, 35, 35, 132, 464, 464, 132, 132, 324, 324, 324, 324, 324, 324, 171, 171, 171, 464, 464, 464, 414, 414, 414, 170, 170, 170, 47, 320, 47, 320, 287, 287, 284, 284, 7, 7, 324, 35, 132, 132, 132, 132, 324, 324, 324, 324, 324, 324, 171, 246, 246, 246, 246, 246, 246, 454, 464, 414, 414, 414, 464, 324, 324, 324, 324, 324, 324, 324, 324, 132, 324, 324, 324, 464, 464, 464, 464, 464, 464, 414, 414, 486, 284, 284, 284, 182, 182, 240, 35, 35, 250, 250, 250, 250, 180, 355, 486, 182, 182, 240, 240, 98, 98, 98, 98, 98, 98, 98, 98, 98, 98, 355, 355, 284, 182, 182, 182, 182, 98, 98, 414, 414, 414, 170, 7, 267, 35, 464, 180, 250, 250, 250, 464, 98, 98, 98, 250, 98, 35, 267, 324, 324, 213, 213, 246, 324, 464, 464, 464, 464, 355, 98, 250, 98, 355, 355, 486, 284, 182, 182, 240, 35, 35, 35, 355, 355, 355, 355, 182, 182, 182, 182, 182, 182, 182, 182, 182, 182, 182, 182, 182, 98, 98, 414, 414, 355, 414, 486, 284, 284, 182, 182, 182, 182, 182, 182, 98, 98, 414, 414, 355, 240, 35, 35, 35, 132, 132, 132, 132, 132, 132, 132, 132, 132, 132, 132, 132, 132, 132, 132, 132, 132, 132, 132, 132, 132, 132, 132, 132, 132, 132, 132, 132, 132, 132, 132, 132, 132, 132, 132, 132, 132, 132, 132, 132, 132, 132, 132, 132, 132, 132, 132, 132, 132, 132, 132, 132, 132, 132, 132, 132, 132, 132, 132, 132, 132, 132, 132, 132, 132, 132, 132, 132, 132, 132, 132, 132, 132, 132, 132, 132, 132, 132, 132, 132, 132, 132, 132, 132, 132, 132, 132, 132, 132, 132, 132, 132, 132, 132, 132, 132, 132, 132, 132, 132, 132, 132, 132, 132, 132, 132, 132, 132, 132, 132, 132, 132, 132, 132, 132, 132, 132, 132, 132, 132, 132, 132, 132, 132, 132, 132, 132, 132, 132, 132, 132, 132, 132, 132, 132, 132, 132, 132, 132, 132, 132, 132, 132, 132, 132, 132, 132, 132, 132, 132, 132, 132, 132, 132, 132, 132, 132, 132, 132, 132, 132, 132, 132, 132, 132, 132, 132, 132, 132, 132, 132, 132, 132, 132, 132, 132, 132, 132, 132, 132, 132, 132, 132, 132, 132, 132, 132, 132, 132, 132, 132, 132, 132, 132, 132, 132, 132, 132, 132, 132, 132, 132, 132, 132, 132, 132, 132, 132, 132, 132, 132, 132, 132, 132, 132, 132, 132, 132, 132, 132, 132, 132, 132, 132, 132, 132, 132, 132, 132, 132, 132, 132, 132, 132, 132, 132, 132, 132, 132, 132, 132, 132, 132, 132, 132, 132, 132, 132, 132, 132, 132, 132, 132, 132, 132, 132, 132, 132, 132, 132, 132, 132, 132, 132, 132, 132, 132, 132, 132, 132, 132, 132, 132, 132, 132, 132, 132, 132, 132, 132, 132, 132, 132, 132, 132, 132, 132, 132, 132, 132, 132, 132, 132, 132, 132, 132, 132, 132, 132, 132, 132, 132, 132, 132, 132]

ep11
Train step Loss: [3.806302547454834, 3.851172685623169, 3.9248721599578857, 3.8752365112304688, 3.9110805988311768, 3.8306052684783936, 3.782681941986084, 3.903186082839966, 3.7916431427001953, 3.8586151599884033, 3.7718517780303955, 3.880188465118408, 3.799325466156006, 3.957672595977783, 3.8920843601226807, 3.899892807006836, 3.79301381111145, 3.7735791206359863, 3.881587266921997, 3.856593608856201, 3.8365700244903564, 3.757657289505005, 3.799063205718994, 3.774543046951294, 3.7819225788116455, 3.8687021732330322, 3.776698112487793, 3.843466281890869, 3.8116095066070557, 3.8888769149780273, 3.856860876083374, 3.778501033782959, 3.815995931625366, 3.8768742084503174, 3.8448116779327393, 3.9202873706817627, 3.5954949855804443, 3.680645704269409, 3.884575366973877, 3.8430118560791016, 3.7526605129241943, 3.8342385292053223, 3.7633397579193115, 3.7401933670043945, 3.8147215843200684, 3.601372718811035, 3.7550196647644043, 3.7993741035461426, 3.6801702976226807, 3.855616569519043, 3.6839053630828857, 3.789869785308838, 3.795835018157959, 3.670170307159424, 3.7240331172943115, 3.685615301132202, 3.7673957347869873, 3.795626401901245, 3.78481388092041, 3.610842227935791, 3.8972063064575195, 3.6810052394866943, 3.8940939903259277]
val step Loss: [4.106485843658447, 4.157620906829834, 4.207616806030273, 4.072090148925781, 4.149003982543945, 4.11484432220459, 4.101526737213135, 4.289665222167969, 4.167930603027344, 4.129690170288086, 4.158998489379883, 4.0984344482421875, 4.223813056945801, 4.0757060050964355, 4.070340633392334, 4.1082634925842285]
Train step Accs: [0.23564087061668681, 0.22476725284468746, 0.1995568480819831, 0.21692195477753465, 0.21288594388834062, 0.22522775052557814, 0.24153082919914953, 0.22076749435665916, 0.22907549234135668, 0.20761191701762596, 0.22170963364993215, 0.22415413533834586, 0.2300364247688428, 0.1989490849791629, 0.2051909892262488, 0.21156354151572235, 0.2363921568627451, 0.2308584686774942, 0.22790489008524, 0.21399511798209928, 0.2175011142475115, 0.24543880676521507, 0.21959287531806615, 0.24337096350748227, 0.2157303370786517, 0.21262779773418072, 0.23774901846735494, 0.21503277088272207, 0.23296560674886438, 0.21591847975764253, 0.21212524983344436, 0.22493852162592218, 0.22905027932960895, 0.22189823589444527, 0.21693121693121692, 0.21468475658419792, 0.27671076966851615, 0.24299312533051295, 0.21332263242375601, 0.22345788849347567, 0.24590401623894448, 0.21565374754938924, 0.24038202851762175, 0.23007558679220264, 0.221485036702428, 0.2738024837374335, 0.23405109000936206, 0.22852020410977797, 0.2534442422667013, 0.2327943338233329, 0.24574616457461645, 0.24408352668213457, 0.2322253000923361, 0.2636182902584493, 0.23907304194778528, 0.2573230001313543, 0.24169005761560053, 0.21132516053706946, 0.23359319631467046, 0.27992547741034, 0.21398933017190278, 0.25400652389731954, 0.20393725007689942]
val step Accs: [0.18470149253731344, 0.1721165279429251, 0.15521200061227614, 0.2018102107198416, 0.1748684210526316, 0.17438619774386196, 0.17217297878055332, 0.15631661219269574, 0.17090216010165185, 0.17657992565055763, 0.16750418760469013, 0.17584097859327216, 0.15998275118585598, 0.16848039858397798, 0.18137434395215427, 0.17761806981519507]
Preds: [17, 17, 17, 284, 387, 387, 387, 387, 240, 35, 35, 35, 250, 250, 250, 250, 284, 284, 284, 284, 182, 182, 182, 182, 182, 182, 182, 182, 182, 182, 182, 443, 414, 414, 284, 284, 284, 182, 387, 182, 182, 182, 240, 240, 35, 35, 35, 35, 267, 32, 324, 324, 324, 324, 464, 464, 464, 355, 486, 284, 284, 182, 284, 182, 284, 182, 182, 182, 284, 284, 284, 284, 182, 182, 182, 240, 240, 35, 182, 240, 250, 35, 35, 250, 250, 250, 98, 98, 355, 284, 284, 284, 182, 182, 182, 182, 240, 240, 35, 250, 250, 98, 355, 355, 355, 284, 182, 240, 35, 267, 35, 35, 132, 132, 464, 464, 355, 355, 355, 182, 182, 182, 355, 240, 240, 267, 267, 132, 324, 324, 324, 171, 171, 171, 464, 464, 464, 464, 374, 374, 324, 324, 324, 324, 374, 464, 464, 464, 464, 48, 180, 355, 355, 355, 355, 182, 182, 182, 240, 35, 250, 98, 98, 98, 98, 98, 267, 267, 213, 324, 213, 246, 246, 246, 246, 246, 246, 246, 454, 464, 374, 374, 374, 324, 324, 246, 454, 464, 464, 464, 464, 464, 464, 250, 98, 355, 355, 355, 355, 355, 355, 355, 182, 182, 182, 240, 35, 98, 98, 98, 98, 98, 267, 267, 267, 464, 464, 464, 250, 355, 98, 98, 98, 355, 284, 284, 284, 182, 182, 240, 35, 250, 98, 98, 182, 182, 182, 182, 182, 182, 182, 182, 35, 250, 98, 98, 98, 98, 355, 355, 355, 284, 284, 284, 284, 284, 182, 182, 182, 284, 414, 414, 170, 170, 47, 80, 320, 287, 287, 287, 387, 387, 284, 486, 486, 244, 244, 244, 47, 47, 73, 73, 244, 320, 320, 7, 7, 387, 182, 293, 240, 182, 284, 182, 240, 182, 284, 182, 182, 182, 182, 182, 182, 182, 182, 240, 267, 267, 267, 464, 464, 98, 355, 355, 355, 182, 182, 182, 182, 240, 35, 35, 250, 250, 250, 250, 250, 374, 374, 324, 324, 213, 324, 324, 324, 374, 132, 464, 464, 414, 414, 486, 284, 284, 182, 182, 182, 240, 35, 250, 98, 98, 250, 250, 250, 250, 250, 250, 250, 132, 324, 324, 324, 213, 246, 246, 246, 246, 246, 246, 246, 246, 246, 246, 246, 246, 454, 464, 464, 414, 414, 414, 170, 170, 47, 47, 47, 47, 47, 47, 392, 47, 392, 392, 73, 244, 320, 320, 320, 287, 287, 284, 284, 387, 387, 240, 35, 35, 250, 250, 250, 250, 98, 98, 98, 98, 98, 98, 98, 98, 98, 98, 355, 355, 284, 284, 182, 182, 182, 182, 182, 182, 182, 182, 240, 35, 35, 414, 414, 414, 170, 7, 267, 324, 132, 132, 132, 132, 132, 374, 324, 324, 324, 324, 324, 324, 324, 324, 213, 246, 246, 19, 454, 464, 132, 132, 132, 132, 132, 132, 132, 374, 374, 324, 171, 171, 374, 374, 132, 48, 464, 464, 464, 48, 132, 374, 374, 132, 132, 132, 132, 48, 464, 464, 414, 414, 414, 170, 170, 170, 392, 392, 392, 392, 47, 244, 320, 320, 73, 73, 73, 244, 320, 244, 320, 320, 320, 287, 287, 284, 284, 284, 387, 387, 387, 240, 35, 35, 98, 98, 98, 98, 267, 267, 213, 213, 213, 246, 246, 246, 246, 246, 19, 301, 464, 464, 464, 464, 355, 355, 486, 284, 284, 284, 284, 284, 240, 240, 35, 35, 35, 250, 98, 98, 98, 250, 35, 267, 324, 374, 132, 464, 464, 250, 250, 250, 250, 250, 374, 324, 374, 374, 324, 324, 374, 374, 132, 132, 132, 132, 132, 132, 132, 132, 132, 48, 48, 464, 464, 48]

ep12
Train step Loss: [3.7166521549224854, 3.7492032051086426, 3.6631550788879395, 3.6786792278289795, 3.7094907760620117, 3.759793996810913, 3.6529202461242676, 3.7159552574157715, 3.674793004989624, 3.750979423522949, 3.6421515941619873, 3.6508665084838867, 3.7434744834899902, 3.6731443405151367, 3.7317049503326416, 3.6828668117523193, 3.68776273727417, 3.631786823272705, 3.6866979598999023, 3.717402696609497, 3.6579113006591797, 3.66121244430542, 3.763793468475342, 3.6817378997802734, 3.6390368938446045, 3.6427903175354004, 3.627747058868408, 3.67641282081604, 3.6551806926727295, 3.7065751552581787, 3.6701149940490723, 3.6357414722442627, 3.5361361503601074, 3.676198959350586, 3.7439417839050293, 3.6517999172210693, 3.612969160079956, 3.7160518169403076, 3.5898945331573486, 3.7674808502197266, 3.6141090393066406, 3.7535715103149414, 3.6651415824890137, 3.6975409984588623, 3.653397798538208, 3.8293371200561523, 3.7532308101654053, 3.5015432834625244, 3.5157124996185303, 3.5888726711273193, 3.5044312477111816, 3.8275325298309326, 3.6972219944000244, 3.718247413635254, 3.7160890102386475, 3.722538709640503, 3.573037624359131, 3.5424869060516357, 3.652031660079956, 3.6234424114227295, 3.5651695728302, 3.6122844219207764, 3.7214982509613037]
val step Loss: [4.055438995361328, 3.9346280097961426, 4.097528457641602, 3.992251396179199, 3.971287488937378, 4.034430980682373, 3.992711067199707, 3.9900150299072266, 3.9685418605804443, 4.015009880065918, 4.052978038787842, 3.894493341445923, 3.9463162422180176, 4.024320602416992, 4.108816623687744, 3.999692678451538]
Train step Accs: [0.2565816966151275, 0.23203060945613554, 0.2581592689295039, 0.24251019322815104, 0.25482993197278914, 0.24894637407353581, 0.2521379703534778, 0.25791978246091096, 0.2637394174200029, 0.2344386271087842, 0.2628161312371839, 0.260990099009901, 0.242355283743422, 0.2606492478226445, 0.2341178071010747, 0.25722456351595424, 0.24150485436893204, 0.261011673151751, 0.24649730561970748, 0.24903302588515322, 0.2601246105919003, 0.245026686074721, 0.24296885718205516, 0.24435290991230402, 0.2589147286821705, 0.2528465570215073, 0.25700726679519503, 0.24404006206799267, 0.2502306982466933, 0.2509027878087534, 0.25481962206527964, 0.2694271911663216, 0.27881188118811884, 0.24310855007008253, 0.23772272924815296, 0.25317124735729385, 0.25285714285714284, 0.24202780049059688, 0.2646332427759941, 0.23766460415675075, 0.25483870967741934, 0.22889886944401425, 0.26112565445026176, 0.2353548387096774, 0.24215827338129498, 0.22867811799850635, 0.2441983122362869, 0.27893090702303097, 0.2756383128791085, 0.2632885514018692, 0.2860600193610842, 0.23388984240911218, 0.24828828828828828, 0.24022662889518415, 0.24501805536980073, 0.22591760299625468, 0.2680043980208906, 0.2692527096406161, 0.2588938299055031, 0.2653333333333333, 0.2757944841103178, 0.25922686723806193, 0.263669909426367]
val step Accs: [0.18592351505288854, 0.2042443729903537, 0.18131228160993917, 0.1960867715865589, 0.19703443076149788, 0.18733972195977866, 0.18568265682656826, 0.18219656283566057, 0.20096219931271478, 0.17753098342185739, 0.18118227952269922, 0.2078843626806833, 0.19935082499323775, 0.18654592496765848, 0.18888888888888888, 0.19271272114574559]
Preds: [17, 7, 35, 35, 35, 35, 35, 374, 213, 213, 324, 171, 301, 464, 464, 464, 132, 132, 374, 374, 324, 213, 246, 171, 246, 171, 301, 301, 374, 414, 464, 464, 464, 464, 98, 98, 98, 98, 250, 374, 374, 324, 324, 324, 324, 324, 171, 464, 464, 132, 464, 464, 132, 132, 132, 48, 464, 250, 250, 250, 250, 250, 250, 250, 250, 250, 250, 180, 355, 355, 284, 182, 182, 182, 98, 98, 250, 98, 284, 284, 284, 284, 284, 182, 182, 240, 240, 98, 98, 98, 98, 98, 35, 35, 35, 132, 374, 132, 132, 132, 132, 132, 132, 48, 48, 48, 48, 414, 414, 414, 170, 170, 170, 392, 47, 47, 392, 392, 392, 73, 392, 392, 73, 244, 320, 320, 7, 7, 287, 387, 293, 293, 267, 213, 171, 171, 171, 374, 132, 464, 464, 182, 182, 250, 250, 35, 35, 374, 374, 324, 324, 324, 324, 171, 374, 374, 324, 464, 464, 180, 355, 182, 182, 35, 250, 250, 355, 182, 182, 182, 240, 35, 35, 250, 250, 250, 98, 355, 355, 486, 284, 182, 240, 35, 35, 250, 98, 98, 98, 267, 213, 213, 246, 246, 246, 246, 246, 246, 246, 246, 19, 414, 414, 464, 464, 464, 355, 355, 284, 284, 284, 284, 284, 284, 284, 182, 284, 284, 355, 486, 414, 414, 170, 392, 47, 47, 320, 320, 486, 486, 287, 240, 35, 486, 486, 170, 170, 244, 244, 320, 7, 7, 213, 213, 213, 171, 171, 132, 464, 464, 464, 180, 486, 486, 284, 182, 387, 284, 240, 35, 35, 35, 132, 132, 132, 132, 132, 132, 132, 132, 132, 132, 132, 132, 132, 132, 132, 132, 132, 132, 132, 132, 132, 132, 132, 132, 132, 132, 132, 132, 132, 132, 132, 132, 132, 132, 132, 132, 132, 132, 132, 132, 132, 132, 132, 132, 132, 132, 132, 132, 132, 132, 132, 132, 132, 132, 132, 132, 132, 132, 132, 132, 132, 132, 132, 132, 132, 132, 132, 132, 132, 132, 132, 132, 132, 132, 132, 132, 132, 132, 132, 132, 132, 132, 132, 132, 132, 132, 132, 132, 132, 132, 132, 132, 132, 132, 132, 132, 132, 132, 132, 132, 132, 132, 132, 132, 132, 132, 132, 132, 132, 132, 132, 132, 132, 132, 132, 132, 132, 132, 132, 132, 132, 132, 132, 132, 132, 132, 132, 132, 132, 132, 132, 132, 132, 132, 132, 132, 132, 132, 132, 132, 132, 132, 132, 132, 132, 132, 132, 132, 132, 132, 132, 132, 132, 132, 132, 132, 132, 132, 132, 132, 132, 132, 132, 132, 132, 132, 132, 132, 132, 132, 132, 132, 132, 132, 132, 132, 132, 132, 132, 132, 132, 132, 132, 132, 132, 132, 132, 132, 132, 132, 132, 132, 132, 132, 132, 132, 132, 132, 132, 132, 132, 132, 132, 132, 132, 132, 132, 132, 132, 132, 132, 132, 132, 132, 132, 132, 132, 132, 132, 132, 132, 132, 132, 132, 132, 132, 132, 132, 132, 132, 132, 132, 132, 132, 132, 132, 132, 132, 132, 132, 132, 132, 132, 132, 132, 132, 132, 132, 132, 132, 132, 132, 132, 132, 132, 132, 132, 132, 132, 132, 132, 132, 132, 132, 132, 132, 132, 132, 132, 132, 132, 132, 132, 132, 132, 132, 132, 132, 132, 132, 132, 132, 132, 132, 132, 132, 132, 132, 132, 132, 132, 132, 132, 132, 132, 132, 132, 132, 132, 132, 132, 132, 132, 132, 132, 132, 132, 132, 132, 132, 132, 132, 132, 132, 132, 132, 132, 132, 132, 132, 132, 132, 132, 132, 132, 132, 132, 132, 132, 132, 132, 132, 132, 132, 132, 132, 132, 132]

ep13
Train step Loss: [3.5352938175201416, 3.6873044967651367, 3.6785757541656494, 3.6051883697509766, 3.5345571041107178, 3.696753978729248, 3.713244676589966, 3.6260879039764404, 3.4856410026550293, 3.5364811420440674, 3.617377281188965, 3.638333559036255, 3.6514954566955566, 3.5274462699890137, 3.4254329204559326, 3.613579750061035, 3.533012866973877, 3.6403493881225586, 3.550640821456909, 3.550351858139038, 3.4728424549102783, 3.6666131019592285, 3.368129014968872, 3.4951391220092773, 3.5708255767822266, 3.5025925636291504, 3.7080938816070557, 3.571180820465088, 3.455580711364746, 3.475053310394287, 3.622183322906494, 3.504840135574341, 3.600358247756958, 3.613032817840576, 3.558617115020752, 3.550908088684082, 3.5379388332366943, 3.461808204650879, 3.704911708831787, 3.5365538597106934, 3.559990167617798, 3.573413372039795, 3.5555033683776855, 3.569021224975586, 3.4201011657714844, 3.561584949493408, 3.5655534267425537, 3.5041816234588623, 3.4797098636627197, 3.490450382232666, 3.4877688884735107, 3.4875595569610596, 3.4740729331970215, 3.3745059967041016, 3.4912238121032715, 3.528810501098633, 3.568627119064331, 3.473836660385132, 3.4830987453460693, 3.3622474670410156, 3.401812791824341, 3.5359416007995605, 3.527773141860962]
val step Loss: [3.787774085998535, 3.863708019256592, 3.9661128520965576, 3.9652976989746094, 4.0078125, 3.7800204753875732, 3.887143135070801, 3.764712333679199, 3.916599988937378, 3.9104552268981934, 3.9173202514648438, 3.8301920890808105, 3.8823466300964355, 3.8977746963500977, 3.905742645263672, 3.8087148666381836]
Train step Accs: [0.2814250155569384, 0.2506967874431568, 0.255199374511337, 0.2562295081967213, 0.27735644637053086, 0.24342774146695714, 0.23604490235276027, 0.2643093010456797, 0.29919976289270894, 0.2813516188321787, 0.2610638000837638, 0.251153102216932, 0.2601023469207694, 0.28630777220010384, 0.2952755905511811, 0.2768141081237352, 0.2624949207639171, 0.2590053959457489, 0.2712456344586729, 0.26750175602903303, 0.2884364820846905, 0.25233229675699687, 0.3031582011352059, 0.27682465833091013, 0.27588757396449703, 0.2808241401687216, 0.2427895620326568, 0.2761171497584541, 0.2753879662401307, 0.28665028665028663, 0.2559498956158664, 0.28156284760845385, 0.25171729506945506, 0.24609795479009688, 0.27075862068965517, 0.2754772788383974, 0.26816343606191606, 0.29247217340363213, 0.24026696329254726, 0.2741254523522316, 0.27616325234238526, 0.27126756214296743, 0.27390403866068347, 0.2594313063063063, 0.2840138865928253, 0.2683989670755326, 0.2623049219687875, 0.2826475849731664, 0.28770830366044725, 0.28006823997725333, 0.2805766087085748, 0.2740134994807892, 0.275592636736856, 0.3013858308509261, 0.2714624505928854, 0.2742040285899935, 0.2586307782328847, 0.2815623558357681, 0.2740218088518281, 0.301909150757077, 0.2955958549222798, 0.26614816767730026, 0.2857744107744108]
val step Accs: [0.22544063396638886, 0.20198855897575593, 0.19445222751471, 0.19123962210134554, 0.18760012816404997, 0.22133108203179963, 0.2127027027027027, 0.22585947130530065, 0.20524134242545794, 0.20666064282948238, 0.20778847535565456, 0.21418110812789845, 0.2062314540059347, 0.20785392696348173, 0.2056982240960777, 0.1996318265493966]
Preds: [17, 17, 17, 287, 284, 284, 284, 387, 387, 240, 35, 35, 35, 35, 250, 48, 48, 250, 250, 250, 250, 250, 35, 35, 35, 35, 324, 324, 213, 246, 246, 246, 246, 454, 454, 454, 414, 414, 486, 387, 250, 35, 324, 324, 213, 246, 246, 246, 246, 246, 19, 19, 454, 414, 414, 414, 170, 392, 392, 392, 392, 392, 392, 392, 392, 392, 73, 320, 320, 320, 287, 287, 287, 287, 387, 240, 284, 182, 387, 387, 240, 35, 250, 180, 250, 98, 48, 48, 48, 48, 267, 171, 48, 48, 48, 171, 171, 171, 324, 324, 324, 324, 213, 246, 246, 171, 19, 454, 464, 464, 464, 48, 48, 48, 414, 171, 171, 171, 374, 374, 48, 464, 48, 464, 464, 171, 171, 171, 171, 374, 464, 464, 48, 48, 48, 132, 213, 213, 246, 246, 246, 246, 246, 246, 246, 246, 454, 454, 414, 414, 414, 414, 414, 7, 324, 464, 464, 464, 98, 98, 98, 98, 98, 98, 98, 293, 267, 267, 324, 324, 171, 301, 374, 132, 464, 48, 48, 48, 48, 464, 180, 132, 374, 213, 213, 246, 246, 246, 19, 464, 464, 414, 355, 98, 267, 324, 324, 324, 464, 464, 464, 464, 180, 355, 355, 284, 284, 284, 182, 182, 182, 240, 240, 250, 250, 98, 355, 284, 182, 182, 182, 182, 182, 182, 182, 98, 98, 98, 98, 414, 414, 170, 170, 392, 392, 63, 63, 63, 63, 63, 63, 63, 63, 63, 63, 63, 63, 63, 63, 63, 73, 320, 320, 320, 287, 287, 287, 287, 240, 35, 284, 284, 284, 284, 284, 387, 240, 240, 250, 98, 98, 98, 35, 250, 32, 48, 48, 464, 464, 464, 98, 98, 355, 182, 182, 182, 240, 35, 35, 250, 250, 250, 250, 264, 264, 374, 324, 324, 464, 464, 464, 464, 355, 355, 182, 182, 240, 35, 250, 250, 98, 355, 182, 182, 182, 240, 250, 250, 250, 250, 250, 267, 324, 324, 324, 239, 132, 250, 374, 374, 464, 464, 464, 464, 180, 486, 486, 486, 182, 355, 355, 486, 486, 170, 170, 170, 392, 392, 392, 392, 63, 63, 63, 63, 63, 63, 63, 63, 63, 63, 63, 63, 63, 63, 63, 63, 63, 73, 73, 73, 320, 320, 320, 7, 7, 7, 35, 464, 35, 171, 171, 171, 171, 171, 171, 171, 171, 301, 464, 414, 414, 486, 284, 284, 182, 387, 387, 240, 250, 250, 182, 182, 182, 182, 182, 182, 267, 267, 324, 324, 324, 324, 301, 32, 132, 132, 48, 464, 132, 374, 213, 246, 246, 246, 246, 19, 454, 464, 464, 464, 464, 414, 414, 355, 414, 355, 240, 35, 180, 486, 182, 240, 250, 98, 98, 98, 98, 98, 240, 35, 250, 250, 48, 48, 374, 374, 374, 132, 132, 374, 132, 464, 464, 180, 486, 250, 35, 132, 132, 132, 132, 132, 132, 132, 132, 132, 132, 132, 132, 132, 132, 132, 132, 132, 132, 132, 132, 132, 132, 132, 132, 132, 132, 132, 132, 132, 132, 132, 132, 132, 132, 132, 132, 132, 132, 132, 132, 132, 132, 132, 132, 132, 132, 132, 132, 132, 132, 132, 132, 132, 132, 132, 132, 132, 132, 132, 132, 132, 132, 132, 132, 132, 132, 132, 132, 132, 132, 132, 132, 132, 132, 132, 132, 132, 132, 132, 132, 132, 132, 132, 132, 132, 132, 132, 132, 132, 132, 132, 132, 132, 132, 132, 132, 132, 132, 132, 132, 132, 132, 132, 132, 132, 132, 132, 132, 132, 132, 132, 132, 132, 132, 132, 132, 132, 132, 132, 132, 132, 132, 132, 132, 132, 132, 132, 132, 132, 132, 132, 132, 132]

ep14
Train step Loss: [3.554337501525879, 3.3689064979553223, 3.564807415008545, 3.4151816368103027, 3.459413528442383, 3.613150119781494, 3.5050435066223145, 3.5597565174102783, 3.521624803543091, 3.61672043800354, 3.5394647121429443, 3.393360137939453, 3.5274834632873535, 3.4499104022979736, 3.5290286540985107, 3.445902109146118, 3.5556256771087646, 3.2596373558044434, 3.5437636375427246, 3.421532154083252, 3.4377551078796387, 3.5167222023010254, 3.382389783859253, 3.4044628143310547, 3.4227802753448486, 3.470824718475342, 3.3448033332824707, 3.3792543411254883, 3.4061496257781982, 3.395134210586548, 3.33539080619812, 3.407813787460327, 3.421255350112915, 3.3379271030426025, 3.438429594039917, 3.4869987964630127, 3.460986852645874, 3.356926202774048, 3.4903757572174072, 3.442894697189331, 3.38490629196167, 3.298722267150879, 3.3668134212493896, 3.3563945293426514, 3.3672406673431396, 3.5142881870269775, 3.3358447551727295, 3.4177310466766357, 3.3014516830444336, 3.3777902126312256, 3.4383809566497803, 3.4944729804992676, 3.322489023208618, 3.4279704093933105, 3.355375051498413, 3.297991991043091, 3.2601048946380615, 3.3613882064819336, 3.312218189239502, 3.4641666412353516, 3.2845053672790527, 3.420567512512207, 3.2652647495269775]
val step Loss: [3.7693257331848145, 3.768745183944702, 3.615955352783203, 3.7567925453186035, 3.8080267906188965, 3.757028579711914, 3.725123167037964, 3.7435567378997803, 3.7258074283599854, 3.7992608547210693, 3.818572521209717, 3.7530179023742676, 3.7928647994995117, 3.7985501289367676, 3.6791398525238037, 3.840149164199829]
Train step Accs: [0.27025254181698916, 0.30757180156657965, 0.27144583165525576, 0.2917078683429863, 0.28661464585834334, 0.25857275254865614, 0.28063069579053956, 0.2704035874439462, 0.2734411085450346, 0.2507915347442093, 0.27742693493905124, 0.2855091196323424, 0.2776357346969469, 0.2785304846274101, 0.2698490612345073, 0.2999345121152587, 0.273903756753361, 0.3082935301780287, 0.26269284712482466, 0.2990792990792991, 0.2783829898936868, 0.271936403179841, 0.29356545485577745, 0.30024968789013734, 0.3133759695196625, 0.2888181566565181, 0.30758347481607246, 0.30303030303030304, 0.28285714285714286, 0.3000604960677556, 0.3142270861833105, 0.29966235227912214, 0.29910087103118854, 0.30551816958277256, 0.28125854993160054, 0.27465708687132595, 0.2803429087080764, 0.2993064849738411, 0.2756200280767431, 0.28968123562274073, 0.29586868827375157, 0.3105645018580782, 0.2841567761523599, 0.3124664639599356, 0.3100279664402717, 0.286471009305655, 0.305840022142264, 0.28127380770988875, 0.3233127912220051, 0.30154746967795903, 0.28108493932905065, 0.2748980780430984, 0.31196526624952114, 0.2969624978788393, 0.31656724511930584, 0.30938353211668346, 0.31414496833216043, 0.295261914686675, 0.30512654120700844, 0.2878562945368171, 0.32122944960686206, 0.29198585739540367, 0.31498079385403327]
val step Accs: [0.22625257794492296, 0.2277825711820535, 0.2676323270610532, 0.22708333333333333, 0.21971447994561522, 0.22656683305601774, 0.2321285140562249, 0.2330288123682361, 0.23357975547341484, 0.2191088026243849, 0.22660037290242385, 0.22884922362501814, 0.2142656557146869, 0.2302097902097902, 0.24124513618677043, 0.22021821420619017]
Preds: [17, 17, 35, 250, 17, 35, 17, 284, 387, 35, 250, 98, 98, 98, 98, 98, 98, 443, 443, 240, 35, 250, 132, 132, 132, 132, 35, 35, 250, 35, 374, 374, 374, 374, 324, 132, 132, 132, 132, 250, 464, 464, 139, 250, 250, 250, 276, 284, 284, 182, 387, 293, 98, 98, 98, 98, 98, 414, 414, 414, 414, 414, 414, 244, 244, 47, 47, 47, 47, 47, 73, 244, 321, 320, 320, 287, 287, 287, 284, 284, 284, 284, 284, 284, 284, 392, 73, 392, 73, 392, 63, 63, 63, 73, 73, 73, 7, 7, 7, 7, 7, 32, 32, 32, 464, 32, 32, 213, 213, 213, 246, 246, 246, 246, 246, 246, 246, 246, 246, 246, 246, 246, 246, 19, 19, 19, 171, 19, 19, 143, 132, 32, 132, 132, 132, 464, 464, 464, 464, 464, 132, 374, 171, 171, 171, 171, 171, 171, 246, 246, 246, 246, 246, 246, 246, 246, 454, 454, 132, 132, 132, 132, 132, 132, 132, 374, 374, 374, 324, 324, 324, 464, 464, 324, 324, 464, 132, 464, 464, 464, 250, 98, 98, 35, 35, 374, 324, 171, 464, 464, 464, 132, 132, 180, 355, 284, 284, 182, 387, 293, 98, 98, 240, 250, 250, 250, 250, 250, 250, 250, 276, 182, 182, 182, 182, 182, 182, 182, 182, 182, 182, 182, 182, 240, 250, 250, 35, 132, 48, 464, 464, 250, 132, 132, 132, 132, 48, 464, 464, 98, 98, 98, 98, 98, 413, 250, 250, 250, 250, 250, 250, 250, 374, 374, 464, 464, 464, 98, 250, 98, 182, 182, 293, 250, 250, 250, 182, 284, 284, 284, 182, 182, 182, 240, 35, 35, 35, 250, 324, 324, 374, 464, 464, 464, 98, 98, 98, 98, 98, 98, 98, 355, 355, 355, 355, 414, 414, 170, 170, 170, 47, 47, 47, 47, 47, 47, 47, 392, 392, 392, 392, 392, 392, 73, 244, 73, 73, 320, 7, 7, 320, 287, 464, 98, 473, 180, 284, 284, 284, 284, 284, 182, 182, 182, 182, 182, 182, 182, 182, 182, 182, 182, 182, 182, 182, 182, 240, 35, 35, 250, 374, 374, 464, 464, 464, 355, 355, 284, 284, 284, 182, 387, 387, 387, 387, 293, 35, 35, 267, 324, 324, 324, 324, 434, 32, 132, 132, 464, 464, 464, 464, 98, 98, 98, 355, 355, 355, 355, 355, 355, 486, 486, 486, 284, 284, 284, 284, 284, 460, 460, 460, 182, 240, 240, 250, 250, 98, 355, 355, 486, 486, 486, 460, 387, 240, 240, 250, 250, 250, 250, 250, 250, 443, 486, 486, 460, 240, 35, 35, 250, 250, 250, 35, 324, 324, 324, 464, 464, 464, 464, 98, 98, 98, 98, 98, 98, 180, 414, 98, 98, 355, 355, 355, 355, 284, 284, 284, 182, 182, 182, 182, 98, 98, 98, 414, 414, 414, 170, 170, 170, 392, 392, 244, 244, 244, 392, 63, 63, 63, 63, 63, 63, 63, 73, 73, 244, 244, 244, 392, 63, 63, 63, 63, 63, 63, 63, 63, 63, 73, 73, 73, 73, 73, 73, 73, 244, 321, 320, 320, 287, 287, 287, 284, 284, 284, 284, 284, 287, 387, 387, 387, 387, 387, 387, 387, 182, 284, 284, 284, 182, 387, 387, 240, 240, 250, 250, 250, 35, 132, 464, 374, 374, 374, 464, 324, 171, 171, 171, 171, 171, 246, 171, 19, 19, 374, 132, 132, 132, 464, 374, 374, 374, 374, 374, 132, 374, 374, 374, 132, 132, 464, 132, 132, 132, 464, 464, 355, 355, 355, 355, 355, 355, 497, 98, 355, 284, 284, 182, 182, 182, 387, 182, 240, 35, 250, 374, 374, 48, 132, 132]

ep15
Train step Loss: [3.4343388080596924, 3.314450979232788, 3.3930020332336426, 3.3598883152008057, 3.3081300258636475, 3.3173558712005615, 3.2393405437469482, 3.370138168334961, 3.317882537841797, 3.2669670581817627, 3.3095545768737793, 3.302168369293213, 3.364809989929199, 3.3202731609344482, 3.120015859603882, 3.3106656074523926, 3.318857192993164, 3.365245819091797, 3.3167600631713867, 3.3816258907318115, 3.280733108520508, 3.354383707046509, 3.4021847248077393, 3.2529139518737793, 3.2187652587890625, 3.3042986392974854, 3.3170480728149414, 3.369054079055786, 3.3809878826141357, 3.406751871109009, 3.310037136077881, 3.2975125312805176, 3.2884609699249268, 3.3028652667999268, 3.3503687381744385, 3.304978370666504, 3.367636203765869, 3.3297042846679688, 3.243136405944824, 3.2578554153442383, 3.2777435779571533, 3.2375552654266357, 3.288914680480957, 3.242025136947632, 3.3911080360412598, 3.264970064163208, 3.31238055229187, 3.271965980529785, 3.39867901802063, 3.1943016052246094, 3.248527765274048, 3.416806697845459, 3.3302087783813477, 3.2832021713256836, 3.243853807449341, 3.260087251663208, 3.2095236778259277, 3.220027208328247, 3.325286865234375, 3.2362420558929443, 3.2637510299682617, 3.182260036468506, 3.2223598957061768]
val step Loss: [3.6346514225006104, 3.6053853034973145, 3.6251018047332764, 3.671574354171753, 3.5247457027435303, 3.735914707183838, 3.6297454833984375, 3.6749939918518066, 3.6804327964782715, 3.640113353729248, 3.6917734146118164, 3.573928117752075, 3.6316542625427246, 3.6147851943969727, 3.663078546524048, 3.7001657485961914]
Train step Accs: [0.29265770423991727, 0.3094170403587444, 0.2964183381088825, 0.29719725013220516, 0.30418068236424795, 0.3148303896832072, 0.32669697444740553, 0.3025662251655629, 0.3165376495425756, 0.3101720167953406, 0.304661079253051, 0.3008723235527359, 0.3007818488425571, 0.30918856147481494, 0.34809447128287707, 0.3158459886485657, 0.3211541744920608, 0.29995529727313364, 0.31282586027111575, 0.29793464858199753, 0.3186707645024971, 0.30230512053492875, 0.29449838187702265, 0.32557479420948054, 0.3337112087289216, 0.3161451447039812, 0.3020244821092279, 0.30602186970583706, 0.2796818510484454, 0.28989483310470965, 0.30813563865433585, 0.3185461580983969, 0.3146364201367309, 0.30631565296329916, 0.30719135374809475, 0.30020582181711264, 0.29676910953506697, 0.3060927152317881, 0.32725647899910637, 0.3225499524262607, 0.31784335355763926, 0.3297587131367292, 0.3144495026133873, 0.31385249521566316, 0.302606043803715, 0.31844687811122174, 0.30616907844630614, 0.3232411620581029, 0.3019522776572668, 0.32268559597752144, 0.3194648632755072, 0.28933931610707103, 0.29870671672924487, 0.31580262336039977, 0.3170127905377527, 0.3173892917759605, 0.321068056007815, 0.3257661748013621, 0.30869370043393685, 0.3212513159873665, 0.32777929527451516, 0.34349070100143064, 0.33651399491094147]
val step Accs: [0.26716826265389876, 0.25385130609511053, 0.256406723615321, 0.24112032545767487, 0.2731865284974093, 0.24235717249965416, 0.2506558237145855, 0.2505335546597107, 0.24416017797552836, 0.25960082587749483, 0.24275956284153005, 0.2643485005170631, 0.2571506774325989, 0.2515424774560987, 0.2526035052070104, 0.23661626481405804]
Preds: [17, 17, 284, 387, 387, 387, 98, 35, 48, 48, 48, 464, 414, 98, 98, 98, 180, 443, 443, 426, 426, 387, 387, 182, 240, 182, 355, 414, 414, 414, 170, 170, 170, 170, 244, 244, 2, 7, 7, 7, 7, 464, 32, 171, 171, 171, 132, 132, 132, 132, 132, 35, 35, 250, 398, 398, 398, 324, 171, 171, 171, 171, 171, 32, 32, 32, 32, 464, 414, 414, 75, 75, 48, 374, 374, 324, 324, 239, 239, 132, 464, 48, 250, 464, 374, 374, 132, 180, 182, 182, 182, 182, 182, 98, 98, 132, 414, 414, 355, 355, 355, 182, 182, 250, 413, 250, 98, 98, 98, 98, 443, 486, 284, 182, 182, 182, 182, 182, 240, 240, 250, 250, 35, 35, 35, 250, 250, 250, 250, 180, 98, 98, 98, 98, 98, 48, 414, 414, 180, 414, 414, 414, 414, 414, 170, 170, 47, 47, 47, 47, 2, 2, 2, 320, 320, 320, 7, 7, 473, 139, 267, 213, 464, 32, 32, 464, 464, 464, 464, 250, 180, 486, 284, 460, 182, 387, 240, 35, 250, 250, 250, 132, 48, 464, 374, 132, 324, 464, 464, 464, 180, 355, 486, 355, 182, 355, 355, 355, 414, 414, 170, 47, 80, 80, 80, 320, 287, 287, 287, 287, 486, 486, 486, 47, 47, 80, 244, 47, 47, 47, 47, 244, 73, 73, 73, 244, 320, 320, 287, 287, 387, 387, 387, 387, 35, 35, 77, 98, 98, 98, 98, 98, 115, 267, 267, 267, 324, 324, 213, 246, 246, 19, 454, 414, 414, 414, 414, 414, 80, 7, 75, 75, 464, 180, 486, 284, 240, 35, 35, 35, 35, 250, 464, 374, 132, 132, 132, 180, 180, 182, 182, 182, 182, 182, 182, 182, 182, 182, 182, 98, 240, 35, 35, 250, 98, 98, 98, 98, 98, 115, 267, 267, 267, 213, 324, 246, 19, 19, 464, 414, 414, 414, 414, 170, 80, 244, 320, 287, 284, 460, 182, 182, 182, 182, 182, 182, 182, 182, 182, 182, 182, 182, 240, 413, 35, 132, 464, 464, 48, 48, 48, 132, 48, 171, 171, 171, 171, 454, 239, 132, 374, 132, 464, 48, 132, 132, 132, 48, 132, 132, 132, 132, 132, 132, 132, 250, 250, 324, 324, 171, 171, 171, 454, 454, 454, 414, 414, 414, 414, 170, 170, 170, 47, 47, 47, 244, 47, 47, 47, 47, 73, 244, 73, 244, 73, 244, 320, 320, 320, 284, 284, 287, 240, 240, 35, 35, 35, 77, 77, 98, 98, 98, 98, 267, 267, 213, 324, 324, 434, 301, 464, 414, 414, 486, 486, 486, 80, 287, 287, 460, 182, 387, 387, 387, 240, 35, 132, 180, 355, 355, 355, 153, 182, 182, 98, 98, 98, 98, 414, 414, 414, 414, 170, 170, 244, 47, 244, 320, 320, 287, 287, 287, 460, 387, 293, 98, 98, 98, 180, 98, 180, 355, 355, 284, 284, 284, 460, 387, 355, 355, 355, 240, 240, 35, 35, 473, 473, 132, 132, 132, 132, 132, 132, 132, 132, 132, 132, 132, 132, 132, 132, 132, 132, 132, 132, 132, 132, 132, 132, 132, 132, 132, 132, 132, 132, 132, 132, 132, 132, 132, 132, 132, 132, 132, 132, 132, 132, 132, 132, 132, 132, 132, 132, 132, 132, 132, 132, 132, 132, 132, 132, 132, 132, 132, 132, 132, 132, 132, 132, 132, 132, 132, 132, 132, 132, 132, 132, 132, 132, 132, 132, 132, 132, 132, 132, 132, 132, 132, 132, 132, 132, 132, 132, 132, 132, 132, 132, 132, 132, 132, 132, 132, 132, 132, 132, 132, 132, 132, 132, 132, 132, 132, 132, 132, 132, 132, 132, 132, 132, 132]

ep16
Train step Loss: [3.2865850925445557, 3.4049017429351807, 3.2648589611053467, 3.17655086517334, 3.1594882011413574, 3.2372915744781494, 3.236996650695801, 3.2570626735687256, 3.299833059310913, 3.1602065563201904, 3.1852424144744873, 3.1942989826202393, 3.2334072589874268, 3.2154927253723145, 3.2761425971984863, 3.2295491695404053, 3.1215739250183105, 3.3396453857421875, 3.304347276687622, 3.170133352279663, 3.1455087661743164, 3.179809808731079, 3.1826517581939697, 3.248948335647583, 3.2099874019622803, 3.2864291667938232, 3.2328007221221924, 3.256098985671997, 3.1815459728240967, 3.276554584503174, 3.1641016006469727, 3.162647247314453, 3.1343414783477783, 3.0453250408172607, 3.213423490524292, 3.251908779144287, 3.200411558151245, 3.1175901889801025, 3.1534059047698975, 3.283562660217285, 3.0913734436035156, 3.126849889755249, 3.08491849899292, 3.3056817054748535, 3.171574115753174, 3.0961029529571533, 3.2611243724823, 3.272979259490967, 3.146824836730957, 3.3220245838165283, 3.066695213317871, 3.175286054611206, 3.1312599182128906, 2.944201707839966, 3.127958059310913, 3.186508893966675, 3.1477222442626953, 3.238105058670044, 3.155038356781006, 3.0612571239471436, 3.1014821529388428, 2.9957878589630127, 3.2688488960266113]
val step Loss: [3.5485706329345703, 3.4818475246429443, 3.6105527877807617, 3.5478782653808594, 3.509814977645874, 3.4527769088745117, 3.5839784145355225, 3.5043957233428955, 3.5101375579833984, 3.446512460708618, 3.480195999145508, 3.541511297225952, 3.5101850032806396, 3.581944227218628, 3.5046935081481934, 3.5262033939361572]
Train step Accs: [0.3204585778626996, 0.3037083398529182, 0.3200094887913652, 0.3333333333333333, 0.3423287671232877, 0.3197382437985086, 0.33296778615490064, 0.3166597767672592, 0.3172065053983873, 0.3411984382957053, 0.3414600360160687, 0.3462204270051933, 0.33730099687546494, 0.3259143968871595, 0.31623586429725364, 0.3239085239085239, 0.36042116630669546, 0.3144376702555455, 0.3107153822536076, 0.326337570203961, 0.33189247602323385, 0.3316031440011864, 0.3419164204305614, 0.31784219964136284, 0.3285646161182642, 0.30718157181571815, 0.33246713543258943, 0.32456479690522244, 0.3329122807017544, 0.3084883023395321, 0.33165214733302767, 0.3362323113207547, 0.35, 0.35910506938544323, 0.33879093198992444, 0.32644628099173556, 0.34252517428350115, 0.3508653326122228, 0.35699088145896657, 0.3355748373101952, 0.35336846603048, 0.34289508632138116, 0.35878939940410853, 0.309064092249933, 0.34928678678678676, 0.35279870828848225, 0.32505643340857787, 0.3263425484588497, 0.34831322334400394, 0.31449536560247165, 0.36341018411013437, 0.33785563751317177, 0.35459183673469385, 0.3860471344402785, 0.34627046694966646, 0.3242034656232532, 0.346927374301676, 0.3275806451612903, 0.34866418667568483, 0.3638515012572105, 0.353176652892562, 0.3836309053562964, 0.3282100544348383]
val step Accs: [0.26145418326693226, 0.274685534591195, 0.24815539828339106, 0.27068527918781726, 0.27852998065764023, 0.29047550639275965, 0.2515027322404372, 0.280675608544461, 0.2695593220338983, 0.3002062387213199, 0.28095495009441596, 0.2712959224868793, 0.2812124449192148, 0.261373035566584, 0.2703724446933632, 0.2659723613058282]
Preds: [17, 17, 17, 17, 287, 287, 240, 35, 35, 35, 250, 180, 443, 284, 284, 284, 284, 387, 240, 250, 48, 48, 48, 180, 355, 443, 284, 284, 284, 284, 426, 426, 355, 263, 263, 414, 414, 414, 414, 244, 244, 244, 244, 244, 244, 244, 244, 244, 244, 392, 244, 244, 244, 244, 2, 2, 244, 244, 320, 321, 287, 287, 287, 7, 7, 7, 32, 32, 17, 414, 486, 486, 486, 47, 47, 244, 320, 287, 287, 287, 287, 284, 387, 387, 387, 240, 240, 35, 35, 35, 35, 132, 132, 132, 374, 374, 374, 171, 213, 213, 246, 246, 246, 246, 246, 246, 246, 454, 454, 454, 132, 132, 132, 132, 132, 374, 374, 374, 48, 374, 286, 286, 374, 374, 374, 132, 132, 464, 132, 132, 132, 132, 132, 132, 132, 132, 132, 132, 132, 132, 132, 132, 414, 414, 414, 414, 414, 80, 80, 414, 414, 414, 244, 320, 7, 213, 213, 213, 213, 246, 246, 19, 19, 301, 143, 132, 464, 464, 250, 250, 250, 276, 284, 284, 284, 153, 153, 182, 182, 387, 182, 182, 240, 413, 374, 48, 48, 48, 374, 324, 464, 374, 48, 48, 464, 414, 374, 374, 464, 180, 98, 355, 355, 355, 182, 240, 267, 267, 324, 219, 374, 374, 464, 414, 414, 414, 414, 414, 80, 7, 75, 355, 75, 132, 132, 132, 374, 374, 48, 48, 48, 464, 132, 132, 132, 132, 132, 132, 132, 48, 48, 48, 48, 464, 98, 355, 98, 98, 48, 414, 374, 48, 132, 132, 374, 213, 324, 324, 324, 246, 19, 19, 454, 454, 454, 48, 414, 414, 414, 414, 197, 80, 80, 80, 80, 320, 80, 80, 80, 80, 80, 80, 80, 47, 47, 47, 244, 392, 392, 392, 320, 320, 287, 287, 287, 287, 240, 240, 250, 250, 250, 276, 284, 182, 98, 267, 267, 171, 324, 324, 464, 32, 464, 464, 464, 48, 464, 464, 180, 486, 182, 182, 240, 35, 35, 250, 250, 250, 250, 250, 250, 250, 250, 132, 171, 324, 324, 301, 324, 324, 374, 464, 464, 48, 464, 464, 180, 486, 284, 182, 240, 250, 35, 250, 77, 98, 98, 98, 98, 98, 35, 132, 374, 374, 180, 355, 284, 182, 182, 387, 250, 182, 284, 284, 284, 284, 182, 182, 240, 240, 35, 250, 250, 35, 374, 250, 250, 132, 250, 250, 250, 250, 180, 250, 250, 250, 276, 153, 153, 284, 182, 182, 182, 182, 240, 35, 250, 35, 250, 98, 98, 414, 486, 486, 287, 460, 387, 387, 387, 387, 240, 35, 250, 98, 250, 250, 35, 250, 132, 132, 48, 464, 180, 355, 240, 35, 35, 250, 250, 98, 98, 98, 98, 240, 35, 35, 250, 250, 250, 250, 250, 374, 132, 473, 250, 250, 132, 132, 180, 250, 98, 182, 35, 35, 250, 250, 132, 132, 374, 132, 132, 48, 48, 374, 464, 464, 464, 98, 98, 98, 98, 35, 48, 48, 464, 180, 355, 355, 486, 182, 182, 387, 387, 240, 250, 250, 35, 250, 98, 98, 98, 414, 414, 98, 188, 132, 132, 171, 171, 171, 132, 132, 132, 132, 398, 398, 324, 324, 171, 454, 454, 414, 414, 414, 170, 170, 170, 170, 392, 244, 244, 47, 47, 47, 47, 47, 244, 244, 321, 321, 321, 392, 244, 320, 287, 392, 73, 73, 73, 320, 320, 7, 7, 213, 464, 464, 132, 473, 48, 464, 331, 443, 284, 182, 387, 387, 387, 387, 35, 250, 250, 180, 355, 486, 486, 387, 240, 250, 35, 35, 35, 35, 35, 250, 98, 98, 98, 98, 414, 414, 414, 414, 414, 414, 170, 47, 47, 47, 47, 47]

ep17
Train step Loss: [3.043226480484009, 3.033735990524292, 3.106724262237549, 3.1493844985961914, 3.230276584625244, 3.2248806953430176, 3.1028640270233154, 3.1510424613952637, 3.26069712638855, 3.0652859210968018, 3.0781261920928955, 3.186598300933838, 3.2316813468933105, 3.069404363632202, 3.0970072746276855, 3.0238687992095947, 3.1714859008789062, 3.0489394664764404, 3.1299052238464355, 3.1441702842712402, 3.0999014377593994, 3.0977623462677, 3.132413387298584, 3.128746509552002, 3.0494401454925537, 3.1124823093414307, 3.313157320022583, 3.0016040802001953, 3.1356120109558105, 2.996595621109009, 3.055588960647583, 3.1118428707122803, 3.1433279514312744, 3.170419931411743, 3.0322744846343994, 3.060274124145508, 2.97855806350708, 3.063666820526123, 3.0982730388641357, 3.09436297416687, 3.007176399230957, 3.0192947387695312, 2.9975104331970215, 2.9125726222991943, 3.059802532196045, 3.047436237335205, 3.148766279220581, 3.0570361614227295, 2.940782308578491, 3.148637294769287, 3.028299331665039, 3.073700189590454, 2.9241995811462402, 3.060153007507324, 3.074695348739624, 3.0638890266418457, 2.9299113750457764, 3.1183412075042725, 3.0731587409973145, 3.0427629947662354, 2.9381844997406006, 3.03297758102417, 2.9388790130615234]
val step Loss: [3.3960318565368652, 3.4015650749206543, 3.4592783451080322, 3.423659563064575, 3.399972915649414, 3.41228985786438, 3.414942741394043, 3.3335211277008057, 3.4034206867218018, 3.3896076679229736, 3.3590481281280518, 3.4169013500213623, 3.4634509086608887, 3.3587050437927246, 3.4254701137542725, 3.46071195602417]
Train step Accs: [0.3606082548877625, 0.3739522081821594, 0.3447956619494776, 0.353807257584771, 0.3205355922940292, 0.3194291986827662, 0.3540819518298405, 0.33624521072796937, 0.3184891240446796, 0.3607776617954071, 0.34914824721948473, 0.32605369314230076, 0.33619850794680506, 0.36537510305028853, 0.35377906976744183, 0.36516186516186516, 0.34085872576177284, 0.36328592316894853, 0.3506828528072838, 0.3507803878291029, 0.34911696954184795, 0.3510001460067163, 0.3516955427217533, 0.3536643780935654, 0.3728813559322034, 0.34306049822064055, 0.32615016247648365, 0.3679231337767923, 0.3405673758865248, 0.37446514837819184, 0.36193404136389046, 0.35416986637997233, 0.35172413793103446, 0.34365994236311237, 0.370995670995671, 0.363026562919238, 0.37461155997513984, 0.3664633239101324, 0.36767708496937335, 0.35184146569452235, 0.3827897495631916, 0.3685419058553387, 0.36730050381927515, 0.38508011557656946, 0.3605657009474118, 0.36168146503884574, 0.3523561811505508, 0.3662712321380426, 0.38272157564906, 0.33423301844354475, 0.38201104330136587, 0.37190319346985534, 0.3890378313970807, 0.3624111374407583, 0.3610792192881745, 0.36671575846833576, 0.3916030534351145, 0.35151250727166955, 0.36586340034615894, 0.3608029582673006, 0.4004369538077403, 0.373132372214941, 0.39111233784156774]
val step Accs: [0.29893142161504127, 0.30182083029861617, 0.29545454545454547, 0.30120326044766466, 0.311743094298544, 0.3056553559547572, 0.30357416781714985, 0.31097648925429106, 0.31293149229952205, 0.3007938476804763, 0.327554014403841, 0.3019858156028369, 0.2871582221070364, 0.31511596907491335, 0.30859375, 0.3039340101522843]
Preds: [17, 17, 473, 473, 32, 32, 180, 443, 250, 250, 77, 98, 98, 115, 342, 250, 250, 250, 259, 35, 35, 35, 35, 250, 374, 398, 398, 32, 324, 239, 473, 250, 250, 464, 331, 250, 250, 250, 276, 182, 182, 387, 98, 98, 98, 98, 98, 98, 414, 414, 414, 98, 414, 170, 47, 47, 244, 47, 244, 2, 2, 2, 244, 320, 320, 2, 244, 2, 244, 2, 392, 63, 63, 73, 73, 73, 73, 73, 320, 320, 320, 7, 7, 7, 7, 219, 32, 32, 213, 213, 213, 246, 246, 246, 246, 246, 246, 246, 246, 246, 246, 19, 19, 32, 464, 19, 143, 132, 219, 464, 464, 464, 464, 464, 464, 171, 171, 171, 171, 171, 171, 246, 246, 246, 246, 246, 246, 454, 143, 143, 132, 132, 132, 132, 132, 374, 374, 374, 374, 464, 171, 171, 19, 19, 143, 464, 374, 374, 464, 132, 132, 132, 48, 286, 286, 464, 464, 464, 355, 153, 284, 284, 387, 387, 387, 497, 497, 240, 35, 250, 250, 250, 276, 153, 153, 153, 182, 182, 182, 182, 182, 182, 182, 182, 182, 182, 182, 182, 413, 303, 48, 48, 98, 250, 98, 182, 182, 497, 98, 98, 98, 98, 98, 115, 250, 35, 374, 374, 464, 464, 132, 132, 132, 132, 464, 250, 250, 250, 276, 276, 153, 153, 182, 240, 413, 35, 35, 374, 374, 374, 398, 464, 464, 180, 355, 355, 355, 497, 355, 355, 355, 263, 414, 414, 414, 414, 170, 47, 47, 47, 47, 47, 47, 392, 392, 73, 73, 73, 244, 320, 320, 7, 7, 464, 464, 75, 180, 486, 240, 153, 284, 182, 182, 182, 182, 182, 182, 182, 182, 182, 182, 182, 182, 413, 413, 48, 48, 374, 464, 48, 464, 180, 486, 284, 460, 182, 182, 387, 240, 240, 35, 35, 267, 324, 324, 464, 219, 132, 464, 464, 464, 464, 98, 98, 355, 355, 355, 355, 355, 355, 355, 355, 355, 355, 355, 355, 182, 182, 240, 240, 35, 250, 98, 180, 355, 182, 182, 182, 240, 240, 35, 98, 250, 250, 250, 486, 486, 284, 284, 240, 240, 250, 250, 250, 267, 324, 324, 143, 464, 464, 132, 132, 132, 48, 48, 48, 48, 48, 180, 180, 355, 355, 355, 153, 153, 182, 98, 98, 98, 48, 414, 414, 414, 170, 170, 170, 392, 244, 244, 244, 2, 392, 63, 63, 63, 73, 244, 244, 244, 244, 244, 392, 63, 63, 63, 63, 63, 73, 73, 73, 73, 73, 244, 244, 320, 320, 287, 287, 287, 284, 284, 284, 284, 387, 387, 387, 387, 182, 387, 293, 182, 153, 153, 182, 387, 387, 293, 250, 250, 35, 132, 219, 219, 464, 464, 374, 171, 171, 171, 171, 19, 19, 143, 454, 239, 132, 132, 48, 324, 324, 219, 132, 132, 374, 374, 132, 132, 132, 132, 132, 464, 331, 355, 355, 355, 355, 115, 98, 355, 443, 284, 182, 387, 387, 240, 240, 250, 374, 48, 48, 48, 48, 213, 213, 213, 324, 324, 19, 19, 19, 454, 414, 454, 171, 19, 19, 301, 374, 464, 171, 171, 19, 454, 454, 374, 464, 464, 464, 464, 98, 180, 486, 486, 486, 460, 460, 387, 240, 240, 35, 106, 443, 443, 153, 182, 98, 98, 98, 98, 48, 48, 180, 355, 355, 355, 355, 182, 182, 182, 98, 98, 98, 98, 414, 414, 414, 170, 170, 170, 170, 244, 244, 2, 2, 2, 2, 2, 392, 63, 63, 244, 392, 63, 392, 63, 73, 244, 73, 73, 73, 244, 320, 320, 7, 7, 75, 7, 32, 374, 374, 374, 374, 132, 132, 464, 464, 98, 250, 219, 219]

ep18
Train step Loss: [3.070807456970215, 2.947638511657715, 2.9929873943328857, 3.038409948348999, 3.022587776184082, 3.0482161045074463, 2.924788475036621, 2.9715757369995117, 2.985006332397461, 2.9002673625946045, 2.9345431327819824, 3.0698649883270264, 3.1097052097320557, 3.0217742919921875, 2.972242593765259, 3.114152193069458, 3.0547678470611572, 3.026474714279175, 3.066727638244629, 2.9518356323242188, 3.049696683883667, 2.832914352416992, 2.890303373336792, 3.080094337463379, 2.957994222640991, 2.924628257751465, 2.9797005653381348, 2.954920530319214, 3.0212924480438232, 2.927011251449585, 3.0745418071746826, 2.9602839946746826, 2.9062366485595703, 2.991023302078247, 2.9593896865844727, 3.008868455886841, 2.9552667140960693, 3.1145172119140625, 2.941960334777832, 2.819169044494629, 2.981602191925049, 3.0164597034454346, 3.0050413608551025, 3.002816677093506, 2.86894154548645, 2.931699275970459, 3.0136046409606934, 2.860846757888794, 2.9267070293426514, 2.8376026153564453, 2.85111665725708, 2.899965286254883, 2.9680988788604736, 2.9015052318573, 3.0240986347198486, 2.923227548599243, 2.9452030658721924, 2.9197680950164795, 2.9485952854156494, 2.9286742210388184, 2.9562716484069824, 3.0173933506011963, 3.0336995124816895]
val step Loss: [3.2888271808624268, 3.1566030979156494, 3.2098922729492188, 3.3255343437194824, 3.3258674144744873, 3.3243744373321533, 3.2855210304260254, 3.28432035446167, 3.3235390186309814, 3.34682035446167, 3.3153738975524902, 3.312697410583496, 3.305216073989868, 3.3012871742248535, 3.324404716491699, 3.3606364727020264]
Train step Accs: [0.3602121045895045, 0.39989441731556025, 0.38541957067187066, 0.3750922236978014, 0.37293388429752067, 0.3694436267294672, 0.3940406199893105, 0.3892672296377009, 0.38704793944491167, 0.398689164691117, 0.3837672688629118, 0.3604728383583477, 0.3622841511369465, 0.371223256573575, 0.36787336948556354, 0.36218075956067225, 0.37382760160786066, 0.3852586817859674, 0.3668489131884251, 0.39341797527564315, 0.37092084006462034, 0.4249072431037264, 0.41516745087185164, 0.36427939876215737, 0.3882702301410542, 0.3959871984244215, 0.39326509419967365, 0.3919438408825004, 0.3837070254110613, 0.3930930104567969, 0.3623934373492038, 0.3955665024630542, 0.40154772141014616, 0.3880479344055503, 0.3921416569729869, 0.3847596089460292, 0.39408194233687405, 0.37051640803866703, 0.40607695584268066, 0.42580551943360784, 0.3832908163265306, 0.3712892585687652, 0.37897277725626927, 0.38664480548516916, 0.39987841945288755, 0.3984619766448305, 0.37879018741429227, 0.40655683141953736, 0.4076599448716089, 0.4115892628887942, 0.4113684210526316, 0.399970942902804, 0.38281473023123036, 0.38763029881862404, 0.38093862815884477, 0.39775867362603623, 0.38961569910057237, 0.3934139784946237, 0.3910597061581744, 0.39371179039301313, 0.3780749545979858, 0.376, 0.3737210554658051]
val step Accs: [0.328604118993135, 0.3532053899550837, 0.3491336633663366, 0.3172105111175282, 0.32344800316330563, 0.33018721955748104, 0.3455205135361429, 0.3364554190487775, 0.332068825362417, 0.31888011486001433, 0.32672260361047545, 0.3392857142857143, 0.3313647451534215, 0.32899759649370847, 0.3195964189285207, 0.31882352941176473]
Preds: [17, 17, 17, 17, 284, 284, 287, 460, 240, 293, 250, 98, 98, 98, 115, 250, 250, 35, 35, 250, 250, 473, 473, 473, 473, 374, 324, 324, 324, 324, 434, 434, 434, 339, 339, 250, 132, 398, 398, 324, 324, 324, 324, 324, 324, 324, 434, 434, 434, 434, 434, 19, 19, 454, 454, 454, 414, 414, 414, 414, 414, 80, 80, 80, 80, 80, 80, 320, 80, 7, 7, 7, 75, 171, 171, 171, 171, 454, 464, 473, 464, 331, 443, 497, 497, 497, 240, 35, 250, 250, 250, 250, 77, 180, 443, 319, 139, 139, 293, 293, 35, 250, 250, 48, 48, 180, 75, 171, 132, 132, 171, 171, 324, 434, 19, 19, 19, 19, 454, 454, 414, 414, 414, 414, 414, 414, 80, 170, 47, 47, 320, 320, 47, 244, 244, 80, 7, 7, 7, 473, 473, 35, 35, 398, 398, 324, 324, 324, 324, 324, 434, 434, 434, 434, 434, 434, 434, 434, 434, 19, 454, 454, 414, 414, 414, 197, 7, 197, 7, 434, 434, 434, 434, 339, 219, 219, 434, 286, 286, 132, 132, 132, 132, 250, 250, 180, 486, 486, 284, 284, 284, 284, 284, 284, 387, 387, 240, 240, 35, 250, 250, 250, 276, 153, 153, 182, 98, 497, 240, 35, 35, 250, 77, 98, 98, 98, 98, 115, 250, 250, 374, 374, 65, 153, 153, 182, 182, 182, 98, 98, 98, 414, 98, 48, 48, 48, 48, 464, 171, 171, 464, 464, 464, 464, 98, 98, 98, 98, 115, 342, 115, 250, 267, 171, 171, 171, 171, 171, 19, 454, 143, 464, 464, 464, 464, 115, 115, 139, 139, 486, 486, 486, 460, 460, 182, 240, 240, 35, 35, 443, 443, 443, 153, 182, 182, 182, 182, 182, 182, 182, 182, 182, 182, 182, 182, 182, 182, 98, 98, 98, 414, 414, 414, 414, 75, 355, 443, 284, 153, 460, 426, 426, 98, 98, 98, 98, 414, 414, 414, 75, 75, 473, 473, 473, 473, 473, 473, 473, 473, 473, 473, 473, 473, 473, 473, 473, 473, 473, 473, 473, 473, 473, 473, 473, 473, 132, 132, 132, 132, 132, 132, 132, 132, 132, 132, 132, 132, 132, 132, 132, 132, 132, 132, 132, 132, 132, 132, 132, 132, 132, 132, 132, 132, 132, 132, 132, 132, 132, 132, 132, 132, 132, 132, 132, 132, 132, 132, 132, 132, 132, 132, 132, 132, 132, 132, 132, 132, 132, 132, 132, 132, 132, 132, 132, 132, 132, 132, 132, 132, 132, 132, 132, 132, 132, 132, 132, 132, 132, 132, 132, 132, 132, 132, 132, 132, 132, 132, 132, 132, 132, 132, 132, 132, 132, 132, 132, 132, 132, 132, 132, 132, 132, 132, 132, 132, 132, 132, 132, 132, 132, 132, 132, 132, 132, 132, 132, 132, 132, 132, 132, 132, 132, 132, 132, 132, 132, 132, 132, 132, 132, 132, 132, 132, 132, 132, 132, 132, 132, 132, 132, 132, 132, 132, 132, 132, 132, 132, 132, 132, 132, 132, 132, 132, 132, 132, 132, 132, 132, 132, 132, 132, 132, 132, 132, 132, 132, 132, 132, 132, 132, 132, 132, 132, 132, 132, 132, 132, 132, 132, 132, 132, 132, 132, 132, 132, 132, 132, 132, 132, 132, 132, 132, 132, 132, 132, 132, 132, 132, 132, 132, 132, 132, 132, 132, 132, 132, 132, 132, 132, 132, 132, 132, 132, 132, 132, 132, 132, 132, 132, 132, 132, 132, 132, 132, 132, 132, 132, 132, 132, 132, 132, 132, 132, 132, 132, 132, 132, 132, 132, 132, 132, 132, 132, 132, 132, 132, 132, 132, 132, 132, 132, 132, 132, 132, 132, 132, 132, 132, 132, 132]

ep19
Train step Loss: [2.8924832344055176, 2.757723093032837, 2.8779103755950928, 3.0358169078826904, 2.9386420249938965, 2.993537425994873, 2.8839058876037598, 2.930712938308716, 2.8053507804870605, 2.7932839393615723, 2.9295406341552734, 2.8942596912384033, 2.8641035556793213, 3.0222225189208984, 2.9958720207214355, 2.8055524826049805, 2.889413356781006, 2.93882417678833, 2.9461467266082764, 2.9389941692352295, 2.796698808670044, 2.910109758377075, 2.8914759159088135, 2.9200167655944824, 3.0092289447784424, 2.849639892578125, 2.854205846786499, 2.888798952102661, 3.0149505138397217, 2.8902814388275146, 2.813070297241211, 2.740006923675537, 2.8132357597351074, 2.7687995433807373, 2.848522663116455, 2.84326171875, 2.8110108375549316, 2.876661777496338, 2.775952100753784, 2.912154197692871, 2.9481139183044434, 2.793797731399536, 2.9218060970306396, 2.8392674922943115, 2.801290988922119, 2.8669216632843018, 2.914645195007324, 2.919501304626465, 2.851576566696167, 2.791905164718628, 2.758528709411621, 2.9290177822113037, 2.828298330307007, 2.839282989501953, 2.801107883453369, 2.9504473209381104, 2.839510679244995, 2.804701805114746, 2.8380250930786133, 2.892430067062378, 2.7455079555511475, 2.823486328125, 2.8207175731658936]
val step Loss: [3.2410471439361572, 3.15451717376709, 3.1761717796325684, 3.215813159942627, 3.2435803413391113, 3.209064245223999, 3.2445545196533203, 3.3081178665161133, 3.2258803844451904, 3.175790786743164, 3.1852917671203613, 3.142920970916748, 3.167412281036377, 3.230163812637329, 3.116333484649658, 3.0347914695739746]
Train step Accs: [0.39880257009345793, 0.4351672656897982, 0.42829510914617297, 0.3802572123740007, 0.4076800923920889, 0.38644866287931273, 0.4044368600682594, 0.40663068619892057, 0.4145741878841089, 0.4192987152034261, 0.3909871244635193, 0.4018529956763434, 0.4105960264900662, 0.37739494445338917, 0.3885054232990562, 0.41878520322727963, 0.39903013508832696, 0.3903566710700132, 0.38807298620382735, 0.4112614913176711, 0.4253039027511196, 0.39565627950897075, 0.41504854368932037, 0.39546558704453444, 0.3904399323181049, 0.4151791617083168, 0.4184648581997534, 0.4134963768115942, 0.3891843971631206, 0.40494238932686477, 0.4216710182767624, 0.42641843971631205, 0.42903380484296333, 0.43463239358761746, 0.4187192118226601, 0.4145464999281299, 0.4274214489742924, 0.4093243243243243, 0.4355473877658178, 0.4145230045568132, 0.392846034214619, 0.4407045009784736, 0.39919624916275953, 0.42431482782853125, 0.42697095435684645, 0.4119674617399697, 0.400698451260249, 0.41133877676783237, 0.4224287289336903, 0.4340382678751259, 0.44499126845531034, 0.4124859075535513, 0.4300157977883096, 0.42722010447550474, 0.441340782122905, 0.4006839131727624, 0.4261436057215692, 0.4247763983446803, 0.41849182145827557, 0.41537625645205106, 0.443878363317943, 0.4290985767000527, 0.4295672378739471]
val step Accs: [0.35010337698139216, 0.3762567672080433, 0.3660597232337946, 0.35400482185909454, 0.3535517353227376, 0.3586281393464758, 0.3487125865899882, 0.3276911655530809, 0.35744147157190637, 0.36060264714165025, 0.3618974751338944, 0.3721575885774722, 0.36037402072276975, 0.35079726651480636, 0.37404162102957283, 0.38103411285131944]
Preds: [17, 17, 287, 284, 287, 287, 287, 287, 387, 240, 35, 35, 250, 259, 98, 98, 98, 98, 98, 115, 250, 250, 106, 486, 486, 443, 443, 315, 387, 387, 240, 35, 35, 35, 132, 219, 324, 213, 324, 324, 324, 454, 464, 464, 464, 464, 98, 98, 98, 115, 267, 267, 324, 324, 213, 213, 19, 3, 32, 14, 14, 188, 171, 180, 443, 120, 240, 250, 77, 98, 98, 98, 98, 98, 98, 180, 486, 355, 355, 355, 486, 486, 486, 486, 240, 240, 35, 35, 250, 250, 303, 48, 75, 132, 48, 464, 374, 303, 303, 303, 132, 132, 132, 374, 132, 132, 132, 132, 132, 132, 132, 374, 286, 286, 19, 454, 48, 48, 48, 414, 170, 170, 170, 170, 170, 170, 244, 244, 80, 80, 2, 2, 2, 2, 392, 244, 392, 63, 63, 244, 73, 73, 244, 244, 320, 320, 287, 287, 284, 287, 287, 293, 293, 293, 293, 293, 342, 443, 443, 284, 284, 460, 460, 460, 240, 240, 35, 35, 35, 250, 250, 250, 250, 374, 464, 374, 464, 464, 464, 355, 355, 355, 240, 250, 413, 219, 132, 132, 324, 132, 324, 324, 324, 464, 464, 464, 464, 464, 264, 473, 250, 331, 331, 139, 153, 153, 182, 182, 182, 182, 182, 182, 182, 98, 98, 355, 355, 443, 284, 284, 460, 460, 460, 426, 240, 240, 35, 250, 48, 48, 303, 464, 355, 98, 48, 414, 414, 170, 170, 170, 170, 392, 244, 244, 392, 392, 392, 392, 392, 392, 73, 73, 73, 244, 320, 7, 7, 7, 464, 464, 98, 443, 284, 284, 284, 460, 460, 240, 250, 250, 77, 98, 98, 98, 98, 250, 180, 153, 153, 153, 182, 387, 43, 98, 98, 98, 98, 98, 98, 250, 250, 276, 153, 182, 153, 387, 497, 182, 182, 98, 98, 414, 414, 414, 197, 244, 320, 287, 287, 287, 284, 284, 284, 284, 287, 460, 460, 460, 426, 426, 450, 450, 450, 450, 497, 497, 497, 240, 35, 250, 250, 250, 250, 250, 250, 250, 250, 250, 250, 98, 75, 303, 303, 303, 171, 464, 219, 434, 434, 143, 464, 48, 48, 75, 132, 398, 250, 250, 331, 250, 250, 98, 98, 250, 250, 250, 276, 276, 182, 182, 153, 182, 182, 182, 182, 182, 413, 250, 250, 250, 250, 182, 182, 182, 413, 98, 98, 98, 98, 414, 414, 414, 170, 170, 170, 170, 244, 47, 47, 47, 47, 244, 321, 392, 73, 244, 320, 7, 7, 75, 75, 48, 250, 250, 106, 486, 284, 284, 284, 284, 182, 182, 182, 182, 182, 182, 182, 182, 182, 182, 182, 182, 182, 182, 146, 413, 413, 250, 374, 374, 374, 303, 303, 132, 48, 250, 250, 250, 250, 250, 250, 98, 98, 98, 414, 75, 303, 303, 473, 473, 473, 473, 473, 473, 473, 473, 473, 473, 473, 473, 473, 473, 473, 473, 473, 473, 473, 473, 473, 473, 473, 473, 473, 473, 473, 473, 473, 473, 473, 473, 473, 473, 473, 473, 473, 473, 473, 473, 473, 473, 473, 473, 473, 473, 473, 473, 473, 473, 473, 473, 473, 473, 473, 473, 473, 473, 473, 473, 473, 473, 473, 473, 473, 473, 473, 473, 473, 473, 473, 473, 473, 473, 473, 473, 473, 473, 473, 473, 473, 473, 473, 473, 473, 473, 473, 473, 473, 473, 473, 473, 473, 473, 473, 473, 473, 473, 473, 473, 473, 473, 473, 473, 473, 473, 473, 473, 473, 473, 473, 473, 473, 473, 473, 473, 473, 473, 473, 473, 473, 473, 473, 473, 473, 473, 473, 473, 473, 473, 473, 473, 473, 473, 473, 473, 473, 473, 473, 473, 473, 473]

ep20
Train step Loss: [2.7284600734710693, 2.7383222579956055, 2.898810625076294, 2.8049440383911133, 2.755817174911499, 2.9007678031921387, 2.8394033908843994, 2.826991319656372, 2.875143051147461, 2.8287999629974365, 2.8729188442230225, 2.723315715789795, 2.8682844638824463, 2.6961777210235596, 2.744314670562744, 2.8498730659484863, 2.7172389030456543, 2.8555727005004883, 2.740971326828003, 2.716371536254883, 2.815641164779663, 2.8176863193511963, 2.727062940597534, 2.7091357707977295, 2.7838850021362305, 2.7070810794830322, 2.8786580562591553, 2.7846248149871826, 2.7269411087036133, 2.8011107444763184, 2.740797758102417, 2.7073307037353516, 2.8090169429779053, 2.729846477508545, 2.645846366882324, 2.8053925037384033, 2.7004666328430176, 2.7329559326171875, 2.766465187072754, 2.808685779571533, 2.755831003189087, 2.7359464168548584, 2.7756662368774414, 2.7694144248962402, 2.805664539337158, 2.837120294570923, 2.7417619228363037, 2.8015694618225098, 2.8518624305725098, 2.84159255027771, 2.7523250579833984, 2.7272555828094482, 2.7532973289489746, 2.667081356048584, 2.7840781211853027, 2.7470943927764893, 2.636080265045166, 2.6856274604797363, 2.657111644744873, 2.6836137771606445, 2.768791675567627, 2.699584722518921, 2.744138240814209]
val step Loss: [3.010985851287842, 3.1016221046447754, 3.131169080734253, 3.084218978881836, 3.1307523250579834, 3.015855312347412, 3.190246820449829, 3.048901081085205, 3.0784287452697754, 3.050156831741333, 2.9729771614074707, 3.0925073623657227, 3.039438486099243, 3.1572606563568115, 3.127619504928589, 3.0611464977264404]
Train step Accs: [0.4453981878874583, 0.44375194764724213, 0.4099735901817617, 0.4288308422964101, 0.4339103068450039, 0.41664512794003616, 0.4224176479356089, 0.4257276428894586, 0.42304243873281533, 0.4208759124087591, 0.4189607708189952, 0.44555973790603653, 0.4290619251992643, 0.4532585844428872, 0.4441029581252401, 0.43035274815422475, 0.4426229508196721, 0.4231054426812991, 0.4406754986169748, 0.45149959470413403, 0.434061676739501, 0.43094647805162606, 0.4500147015583652, 0.4527599486521181, 0.4292353189691593, 0.4596357705898342, 0.41144376049244547, 0.43260377358490565, 0.45137614678899085, 0.43130274261603374, 0.4350506384852488, 0.44553027875680873, 0.4316196477158814, 0.44864644266086245, 0.4610327516136744, 0.4236728837876614, 0.4564755838641189, 0.44013961605584645, 0.4404955983045321, 0.4338731443994602, 0.44236610711430857, 0.43818622558106374, 0.43194504079003865, 0.4405980822363075, 0.42412033306473274, 0.4160684282877654, 0.43860769599233596, 0.43158241396344477, 0.4287581699346405, 0.4349697162894485, 0.4341939986043266, 0.4522302824509955, 0.4459241323648103, 0.45991019884541373, 0.4364632701421801, 0.43926694132689303, 0.4673244673244673, 0.45493827160493827, 0.4658368285752943, 0.4544449052951749, 0.4395967002749771, 0.45516769336071183, 0.44078043418521573]
val step Accs: [0.40695652173913044, 0.389050901378579, 0.37456807187284036, 0.3838566268407891, 0.3749674733281291, 0.4074354127284184, 0.3626549380247901, 0.38904438224710114, 0.3863464923309027, 0.38629402756508424, 0.401498246732547, 0.396131625219794, 0.39311002178649235, 0.36462686567164176, 0.37038620493088215, 0.39242932438907524]
Preds: [17, 17, 17, 17, 284, 284, 284, 387, 387, 387, 387, 387, 250, 250, 276, 276, 284, 284, 153, 182, 182, 182, 182, 182, 182, 182, 98, 98, 98, 98, 98, 414, 414, 197, 244, 244, 287, 287, 287, 284, 460, 387, 387, 293, 35, 35, 473, 473, 398, 398, 398, 219, 250, 250, 250, 250, 65, 153, 153, 284, 387, 387, 387, 146, 146, 324, 324, 464, 75, 75, 132, 132, 132, 132, 132, 132, 132, 132, 132, 374, 374, 374, 374, 250, 132, 374, 48, 180, 180, 443, 355, 182, 413, 413, 398, 48, 180, 75, 75, 259, 77, 139, 115, 115, 115, 267, 267, 143, 324, 464, 464, 464, 443, 486, 460, 426, 426, 315, 240, 146, 250, 276, 153, 153, 182, 153, 153, 182, 182, 182, 182, 182, 98, 98, 98, 98, 98, 355, 497, 497, 293, 497, 497, 497, 413, 413, 413, 303, 374, 303, 303, 303, 303, 303, 303, 132, 250, 250, 331, 331, 443, 426, 426, 426, 426, 182, 387, 387, 387, 98, 98, 263, 263, 414, 170, 170, 170, 170, 170, 392, 392, 392, 392, 392, 392, 392, 392, 63, 63, 63, 63, 63, 63, 63, 63, 63, 63, 63, 392, 392, 392, 392, 244, 244, 320, 320, 244, 7, 7, 7, 213, 324, 324, 464, 464, 464, 464, 486, 486, 460, 460, 240, 293, 98, 98, 98, 98, 98, 115, 115, 250, 250, 324, 324, 324, 464, 464, 464, 464, 139, 139, 319, 426, 240, 413, 35, 35, 473, 398, 398, 250, 250, 132, 473, 250, 77, 139, 497, 122, 413, 259, 48, 48, 464, 464, 115, 139, 139, 139, 139, 182, 240, 35, 35, 259, 48, 464, 464, 374, 403, 286, 286, 286, 374, 374, 374, 374, 374, 213, 246, 246, 143, 132, 132, 132, 464, 98, 98, 98, 98, 98, 414, 98, 414, 98, 197, 75, 443, 443, 443, 443, 443, 284, 460, 460, 387, 497, 98, 98, 98, 98, 414, 197, 197, 75, 75, 473, 473, 473, 473, 473, 473, 473, 473, 473, 473, 473, 473, 473, 473, 473, 473, 473, 473, 473, 473, 473, 473, 473, 473, 473, 473, 473, 473, 473, 473, 473, 473, 473, 473, 473, 473, 473, 473, 473, 473, 473, 473, 473, 473, 473, 473, 473, 473, 473, 473, 473, 473, 473, 473, 473, 473, 473, 473, 473, 473, 473, 473, 473, 473, 473, 473, 473, 473, 473, 473, 473, 473, 473, 473, 473, 473, 473, 473, 473, 473, 473, 473, 473, 473, 473, 473, 473, 473, 473, 473, 473, 473, 473, 473, 473, 473, 473, 473, 473, 473, 473, 473, 473, 473, 473, 473, 473, 473, 473, 473, 473, 473, 473, 473, 473, 473, 473, 473, 473, 473, 473, 473, 473, 473, 473, 473, 473, 473, 473, 473, 473, 473, 473, 473, 473, 473, 473, 473, 473, 473, 473, 473, 473, 473, 473, 473, 473, 473, 473, 473, 473, 473, 473, 473, 473, 473, 473, 473, 473, 473, 473, 473, 473, 473, 473, 473, 473, 473, 473, 473, 473, 473, 473, 473, 473, 473, 473, 473, 473, 473, 473, 473, 473, 473, 473, 473, 473, 473, 473, 473, 473, 473, 473, 473, 473, 473, 473, 473, 473, 473, 473, 473, 473, 473, 473, 473, 473, 473, 473, 473, 473, 473, 473, 473, 473, 473, 473, 473, 473, 473, 473, 473, 473, 473, 473, 473, 473, 473, 473, 473, 473, 473, 473, 473, 473, 473, 473, 473, 473, 473, 473, 473, 473, 473, 473, 473, 473, 473, 473, 473, 473, 473, 473, 473, 473, 473, 473, 473, 473, 473, 473, 473, 473, 473, 473, 473, 473, 473, 473, 473, 473, 473, 473, 473]

ep21
Train step Loss: [2.716552257537842, 2.6661415100097656, 2.653207540512085, 2.6963436603546143, 2.6393799781799316, 2.6877822875976562, 2.6272826194763184, 2.7667112350463867, 2.6265347003936768, 2.774395704269409, 2.758824110031128, 2.661872625350952, 2.694436550140381, 2.677729368209839, 2.7508044242858887, 2.7668228149414062, 2.7058358192443848, 2.711322546005249, 2.7174160480499268, 2.584125518798828, 2.6796934604644775, 2.780111074447632, 2.6504650115966797, 2.7884609699249268, 2.818251371383667, 2.5237228870391846, 2.7256593704223633, 2.629337787628174, 2.5840365886688232, 2.6167073249816895, 2.705678701400757, 2.6909098625183105, 2.6746671199798584, 2.6233057975769043, 2.6497151851654053, 2.6334896087646484, 2.715310573577881, 2.56240177154541, 2.7613396644592285, 2.687969923019409, 2.599008798599243, 2.64475154876709, 2.5661511421203613, 2.660243511199951, 2.664391279220581, 2.6310715675354004, 2.7116644382476807, 2.748914957046509, 2.5704336166381836, 2.6168503761291504, 2.5786824226379395, 2.6119632720947266, 2.6063742637634277, 2.5877809524536133, 2.604670524597168, 2.6427512168884277, 2.5947091579437256, 2.7214295864105225, 2.5935192108154297, 2.558196783065796, 2.552586555480957, 2.589637041091919, 2.593851327896118]
val step Loss: [3.025880813598633, 3.0019142627716064, 2.956423044204712, 3.168700933456421, 3.022704601287842, 2.940511703491211, 2.980297803878784, 2.9215946197509766, 2.949317455291748, 2.9660446643829346, 2.8901164531707764, 2.9923930168151855, 2.8749890327453613, 2.8950016498565674, 2.9221951961517334, 3.0482826232910156]
Train step Accs: [0.45718069452619187, 0.4639204147400869, 0.46080387685290763, 0.4482931726907631, 0.4703216374269006, 0.4542163828931492, 0.47089208432221136, 0.4449651847884306, 0.4732426959791727, 0.43923272890753784, 0.44660734149054504, 0.4641463742768734, 0.46576650300054556, 0.45713084897730455, 0.4338358458961474, 0.4330953120149022, 0.449867042077272, 0.46049512773242035, 0.4656570292182959, 0.47353173558072165, 0.4582235312354674, 0.43728056176188956, 0.46022636696955205, 0.43969204448246363, 0.43025592925097145, 0.48888225637964483, 0.4558775643112993, 0.4678315048083435, 0.4863210005211047, 0.4692031810385155, 0.45041782729805013, 0.4635525141326986, 0.458745339601232, 0.4772901055207218, 0.47033158813263526, 0.4665274878218511, 0.46711451335728793, 0.4887972508591065, 0.4508450704225352, 0.455026455026455, 0.48089442400226434, 0.46805678793256433, 0.49193958934328863, 0.4695359087373606, 0.45850409836065575, 0.4677081880318036, 0.45926423651940196, 0.45407901487942537, 0.47684605757196497, 0.4857051076132348, 0.4813599761407695, 0.46381243628950053, 0.4740153172866521, 0.4714331826985152, 0.4621333722457318, 0.4592387341402946, 0.4795997920997921, 0.44942929613189603, 0.4777116306083926, 0.48655945533513323, 0.4887323943661972, 0.4818207440811725, 0.4807692307692308]
val step Accs: [0.3982717989002357, 0.40464232387674764, 0.41684394944312353, 0.3692654095130875, 0.3965816530912004, 0.41712668082094834, 0.4034409175780208, 0.41857691798065455, 0.4104098893949252, 0.40382493563810223, 0.4336902800658979, 0.39978944597973415, 0.44064844587352625, 0.4302075876879026, 0.4179177545691906, 0.3968180770117593]
Preds: [17, 7, 324, 324, 464, 239, 239, 14, 14, 287, 287, 443, 443, 460, 387, 387, 387, 146, 146, 35, 35, 259, 14, 14, 486, 287, 443, 443, 443, 486, 287, 460, 387, 293, 293, 146, 267, 267, 171, 171, 454, 48, 48, 48, 414, 414, 414, 170, 170, 244, 47, 47, 47, 47, 244, 244, 321, 321, 321, 73, 73, 73, 73, 73, 244, 73, 73, 244, 321, 320, 287, 287, 287, 284, 284, 284, 284, 284, 287, 284, 387, 387, 387, 387, 387, 387, 387, 98, 132, 98, 98, 98, 98, 98, 98, 98, 115, 115, 250, 106, 443, 426, 426, 426, 387, 387, 387, 240, 413, 35, 35, 35, 35, 473, 398, 398, 398, 398, 464, 98, 464, 35, 35, 139, 139, 153, 426, 426, 387, 387, 387, 387, 413, 413, 250, 250, 250, 276, 276, 153, 153, 153, 284, 284, 284, 284, 355, 355, 355, 355, 426, 450, 387, 387, 387, 387, 293, 43, 276, 153, 153, 153, 153, 426, 426, 387, 146, 240, 35, 35, 250, 250, 250, 35, 398, 324, 324, 464, 464, 464, 464, 464, 342, 342, 342, 115, 115, 267, 267, 267, 267, 213, 3, 32, 32, 14, 219, 19, 464, 464, 464, 139, 250, 250, 250, 77, 342, 98, 98, 342, 342, 342, 342, 115, 115, 139, 355, 355, 355, 115, 115, 250, 250, 355, 355, 355, 355, 355, 355, 263, 98, 48, 414, 414, 170, 170, 170, 170, 170, 244, 244, 2, 2, 2, 2, 2, 392, 63, 73, 63, 63, 63, 63, 63, 63, 63, 63, 63, 63, 244, 63, 244, 73, 320, 244, 244, 321, 321, 287, 443, 153, 153, 182, 387, 387, 387, 413, 413, 250, 129, 75, 303, 180, 180, 443, 443, 486, 486, 460, 240, 240, 35, 35, 35, 35, 250, 250, 250, 250, 77, 250, 250, 250, 114, 355, 75, 75, 259, 250, 250, 213, 213, 213, 246, 246, 246, 246, 246, 246, 246, 246, 19, 19, 19, 454, 454, 454, 414, 414, 170, 170, 170, 170, 170, 244, 244, 244, 244, 80, 2, 2, 2, 392, 244, 392, 63, 63, 63, 63, 63, 63, 63, 63, 63, 63, 244, 63, 63, 63, 73, 244, 63, 63, 73, 63, 73, 73, 244, 73, 244, 7, 7, 7, 7, 7, 7, 398, 398, 374, 374, 374, 374, 374, 250, 250, 250, 250, 250, 276, 276, 153, 153, 153, 153, 284, 284, 284, 284, 426, 426, 426, 450, 450, 450, 450, 426, 98, 240, 197, 197, 197, 80, 75, 287, 287, 287, 287, 284, 284, 284, 284, 284, 284, 284, 460, 460, 460, 460, 426, 426, 426, 387, 387, 387, 413, 413, 250, 250, 250, 250, 250, 374, 398, 398, 434, 19, 19, 464, 464, 464, 132, 250, 250, 250, 250, 250, 331, 77, 250, 132, 48, 259, 464, 48, 48, 48, 180, 355, 355, 182, 153, 153, 153, 182, 182, 182, 182, 182, 182, 413, 98, 98, 98, 182, 182, 387, 497, 43, 250, 98, 98, 115, 443, 153, 426, 182, 182, 182, 146, 146, 146, 464, 464, 464, 324, 324, 464, 464, 171, 132, 468, 468, 468, 250, 324, 464, 464, 464, 355, 355, 355, 355, 355, 355, 355, 263, 75, 303, 473, 473, 473, 473, 473, 473, 473, 473, 473, 473, 473, 473, 473, 473, 473, 473, 473, 473, 473, 473, 473, 473, 473, 473, 473, 473, 473, 473, 473, 473, 473, 473, 473, 473, 473, 473, 473, 473, 473, 473, 473, 473, 473, 473, 473, 473, 473, 473, 473, 473, 473, 473, 473, 473, 473, 473, 473, 473, 473, 473, 473, 473, 473, 473, 473, 473, 473, 473, 473, 473, 473, 473]

ep22
Train step Loss: [2.6396422386169434, 2.641563892364502, 2.6268703937530518, 2.4561684131622314, 2.6752021312713623, 2.7394893169403076, 2.542419672012329, 2.540243148803711, 2.5744380950927734, 2.609771251678467, 2.5093958377838135, 2.695655584335327, 2.5674924850463867, 2.59137225151062, 2.5489978790283203, 2.6619629859924316, 2.5569097995758057, 2.459660291671753, 2.5856211185455322, 2.5634632110595703, 2.4974453449249268, 2.644627332687378, 2.5132715702056885, 2.5569968223571777, 2.6212422847747803, 2.484562873840332, 2.5502305030822754, 2.556034803390503, 2.6067073345184326, 2.587270498275757, 2.510859727859497, 2.5661704540252686, 2.449573516845703, 2.6177473068237305, 2.5115416049957275, 2.503753662109375, 2.5705409049987793, 2.4922080039978027, 2.586399555206299, 2.4833498001098633, 2.6509594917297363, 2.6078152656555176, 2.5126893520355225, 2.538386821746826, 2.5813770294189453, 2.556574821472168, 2.5953922271728516, 2.5259599685668945, 2.4720828533172607, 2.4279706478118896, 2.519402265548706, 2.533435106277466, 2.393018960952759, 2.5132555961608887, 2.503619909286499, 2.5451345443725586, 2.4391233921051025, 2.6253249645233154, 2.5434892177581787, 2.594320058822632, 2.4624738693237305, 2.592489004135132, 2.636650323867798]
val step Loss: [2.8686959743499756, 2.871572494506836, 2.876325845718384, 2.8670244216918945, 2.908451557159424, 2.8578708171844482, 2.8909449577331543, 2.917954444885254, 2.861659288406372, 2.848886728286743, 2.8170113563537598, 2.923391580581665, 2.7691640853881836, 2.8861191272735596, 2.7382972240448, 2.837183713912964]
Train step Accs: [0.465784787585856, 0.464514163874505, 0.46633978266631326, 0.5067002786254478, 0.4685228363736113, 0.4474500344589938, 0.4969725940089229, 0.4957252778569393, 0.48360433604336045, 0.4823565987875019, 0.5015597450155974, 0.4642857142857143, 0.49684889344862965, 0.47966032050404056, 0.4873022204494083, 0.47484324820308915, 0.4922425952045134, 0.5124948225873257, 0.4768572539867756, 0.48289345063538613, 0.4963918956425201, 0.4608710161855498, 0.4965976107666717, 0.49074585635359114, 0.4707942288835971, 0.5076416337285903, 0.489822377803708, 0.5045553145336226, 0.48476882634915724, 0.47286470143613, 0.4937561616825501, 0.48653734800231613, 0.5153141361256545, 0.48139236445299965, 0.49190252762221887, 0.49325196573172164, 0.47953302792965863, 0.4999318522556903, 0.48732736378813174, 0.5042828219903441, 0.46472956415193417, 0.4925457901462445, 0.49334945586457074, 0.49177274138466315, 0.48540953914268464, 0.4927337537702221, 0.47275105362592645, 0.49633753296220334, 0.5028638566603025, 0.5128704605537776, 0.5016865992026985, 0.4963739963739964, 0.5141695093151404, 0.4888502751230814, 0.5077660037741327, 0.4967302815961564, 0.5186915887850467, 0.4742162069556279, 0.4951701590132263, 0.49203276247207745, 0.5163511187607573, 0.49782171581769435, 0.4688265722842363]
val step Accs: [0.4402910543586817, 0.43636363636363634, 0.43761911743146165, 0.4334475864038846, 0.41869290231904427, 0.44182948490230906, 0.4311023622047244, 0.4278108759031563, 0.43822222222222224, 0.42680707228289133, 0.4421560035056968, 0.409718387631143, 0.4434034907597536, 0.4167077986179664, 0.46178092986603625, 0.4402232238677828]
Preds: [17, 17, 17, 7, 35, 35, 35, 398, 324, 324, 434, 301, 339, 32, 32, 48, 464, 464, 374, 213, 213, 213, 324, 19, 19, 19, 454, 454, 454, 197, 197, 170, 170, 170, 170, 392, 244, 244, 244, 244, 244, 244, 244, 244, 2, 244, 244, 244, 392, 392, 63, 63, 63, 63, 63, 63, 63, 63, 63, 63, 63, 63, 63, 63, 63, 63, 63, 63, 63, 63, 63, 63, 63, 63, 63, 63, 63, 63, 63, 392, 244, 320, 320, 320, 287, 287, 287, 284, 284, 284, 284, 460, 387, 240, 240, 35, 35, 32, 75, 197, 414, 414, 414, 414, 47, 392, 392, 244, 244, 244, 244, 244, 244, 244, 244, 320, 320, 320, 287, 287, 443, 486, 460, 387, 240, 35, 75, 35, 464, 32, 75, 217, 473, 65, 217, 324, 171, 171, 171, 171, 171, 246, 3, 19, 3, 32, 197, 414, 464, 171, 171, 252, 464, 132, 250, 77, 77, 77, 276, 153, 153, 182, 182, 240, 250, 259, 98, 180, 443, 486, 486, 240, 132, 468, 468, 106, 443, 240, 250, 250, 250, 35, 77, 77, 77, 115, 75, 75, 473, 219, 473, 324, 324, 324, 464, 464, 464, 464, 464, 464, 250, 35, 75, 464, 464, 77, 139, 139, 115, 115, 115, 250, 106, 486, 486, 284, 460, 293, 115, 293, 293, 115, 342, 98, 98, 414, 170, 244, 170, 392, 392, 392, 392, 392, 392, 392, 392, 392, 392, 73, 320, 320, 320, 320, 320, 320, 132, 7, 219, 32, 32, 239, 48, 75, 239, 180, 180, 319, 426, 426, 426, 240, 35, 250, 259, 259, 374, 132, 132, 132, 132, 132, 250, 132, 250, 219, 324, 324, 324, 246, 246, 246, 246, 246, 246, 3, 3, 14, 14, 14, 486, 287, 284, 284, 287, 460, 450, 450, 293, 293, 293, 115, 115, 35, 250, 250, 355, 355, 355, 7, 171, 324, 324, 324, 301, 301, 32, 32, 32, 454, 48, 464, 464, 106, 284, 315, 284, 460, 284, 240, 240, 473, 473, 473, 473, 473, 473, 473, 473, 473, 473, 473, 473, 473, 473, 473, 473, 473, 473, 473, 473, 473, 473, 473, 473, 473, 473, 473, 473, 473, 473, 473, 473, 473, 473, 473, 473, 473, 473, 473, 473, 473, 473, 473, 473, 473, 473, 473, 473, 473, 473, 473, 473, 473, 473, 473, 473, 473, 473, 473, 473, 473, 473, 473, 473, 473, 473, 473, 473, 473, 473, 473, 473, 473, 473, 473, 473, 473, 473, 473, 473, 473, 473, 473, 473, 473, 473, 473, 473, 473, 473, 473, 473, 473, 473, 473, 473, 473, 473, 473, 473, 473, 473, 473, 473, 473, 473, 473, 473, 473, 473, 473, 473, 473, 473, 473, 473, 473, 473, 473, 473, 473, 473, 473, 473, 473, 473, 473, 473, 473, 473, 473, 473, 473, 473, 473, 473, 473, 473, 473, 473, 473, 473, 473, 473, 473, 473, 473, 473, 473, 473, 473, 473, 473, 473, 473, 473, 473, 473, 473, 473, 473, 473, 473, 473, 473, 473, 473, 473, 473, 473, 473, 473, 473, 473, 473, 473, 473, 473, 473, 473, 473, 473, 473, 473, 473, 473, 473, 473, 473, 473, 473, 473, 473, 473, 473, 473, 473, 473, 473, 473, 473, 473, 473, 473, 473, 473, 473, 473, 473, 473, 473, 473, 473, 473, 473, 473, 473, 473, 473, 473, 473, 473, 473, 473, 473, 473, 473, 473, 473, 473, 473, 473, 473, 473, 473, 473, 473, 473, 473, 473, 473, 473, 473, 473, 473, 473, 473, 473, 473, 473, 473, 473, 473, 473, 473, 473, 473, 473, 473, 473, 473, 473, 473, 473, 473, 473, 473, 473, 473]

ep23
Train step Loss: [2.541344404220581, 2.5081825256347656, 2.5767362117767334, 2.5962305068969727, 2.4437921047210693, 2.4865455627441406, 2.545933961868286, 2.468094825744629, 2.4835007190704346, 2.5645480155944824, 2.432941198348999, 2.479252338409424, 2.467878580093384, 2.4610402584075928, 2.4151053428649902, 2.463405132293701, 2.5344512462615967, 2.5050761699676514, 2.5056979656219482, 2.455070972442627, 2.5459961891174316, 2.4586920738220215, 2.3904836177825928, 2.4599697589874268, 2.4097797870635986, 2.5227596759796143, 2.4317569732666016, 2.3941853046417236, 2.4688384532928467, 2.526503801345825, 2.475778102874756, 2.534703016281128, 2.5138211250305176, 2.4629831314086914, 2.502351999282837, 2.4571621417999268, 2.4181573390960693, 2.399104118347168, 2.4071521759033203, 2.408205509185791, 2.3903324604034424, 2.4106321334838867, 2.3651485443115234, 2.362751007080078, 2.394704818725586, 2.38893723487854, 2.37688946723938, 2.3013463020324707, 2.3242013454437256, 2.481288433074951, 2.423121213912964, 2.3962249755859375, 2.3387298583984375, 2.4076991081237793, 2.497083902359009, 2.351748466491699, 2.3239567279815674, 2.4557688236236572, 2.3223986625671387, 2.4315707683563232, 2.468559980392456, 2.3420584201812744, 2.2897355556488037]
val step Loss: [2.797248601913452, 2.7810683250427246, 2.7362422943115234, 2.726369857788086, 2.7592670917510986, 2.776981830596924, 2.6893534660339355, 2.758350133895874, 2.7624917030334473, 2.6797597408294678, 2.8455469608306885, 2.6812968254089355, 2.6862285137176514, 2.7886743545532227, 2.7246205806732178, 2.703428030014038]
Train step Accs: [0.49331667707682697, 0.5, 0.4814925820470553, 0.48234969663541094, 0.5041334300217549, 0.4964729119638826, 0.48996099956666184, 0.5077220077220077, 0.5003484320557491, 0.48527312832489944, 0.5109581343073897, 0.508590001547748, 0.4885587431693989, 0.4956247310285468, 0.5268377144656068, 0.5175212098856511, 0.48555729984301416, 0.5065905693708385, 0.5017182130584192, 0.5064913168099815, 0.49166801488432293, 0.5012329656067489, 0.5162797087512021, 0.49971838918614475, 0.5185130111524163, 0.49215017064846417, 0.5123680738786279, 0.530495643479503, 0.5037037037037037, 0.5004303455059633, 0.5013711889014357, 0.4823272727272727, 0.5003107520198882, 0.5045542368203146, 0.5022984983144345, 0.5173368061207879, 0.5196625567813108, 0.5264599676254513, 0.5162188500626479, 0.5226743389505412, 0.5266055045871559, 0.5304556354916067, 0.5279264214046823, 0.5367878614371601, 0.5299674267100977, 0.5238213092439055, 0.5328662420382165, 0.5418423613363607, 0.5480485405050837, 0.5208206686930091, 0.5335764587525151, 0.5238308680711191, 0.5370162196884535, 0.5257040679481448, 0.5063358676804055, 0.5319306563935398, 0.5386702849389416, 0.5129802699896158, 0.539997227228615, 0.5137213310353971, 0.5061173083843109, 0.5408712019360044, 0.5472011385199241]
val step Accs: [0.4571593700332322, 0.4599282296650718, 0.47180117438208385, 0.4560030785017958, 0.45782507137295614, 0.45270029673590506, 0.45692100940719726, 0.4623986580933743, 0.44932484867297845, 0.4813614262560778, 0.4380078636959371, 0.4767944652637648, 0.4652579725175007, 0.45220228384991845, 0.47500305586114167, 0.4765382912793271]
Preds: [17, 17, 287, 217, 473, 331, 267, 360, 360, 360, 143, 422, 75, 75, 75, 259, 259, 75, 75, 75, 259, 84, 35, 35, 35, 219, 434, 434, 464, 434, 219, 219, 19, 19, 19, 19, 19, 19, 454, 454, 197, 197, 197, 197, 197, 244, 170, 244, 170, 244, 392, 392, 392, 63, 63, 63, 63, 63, 63, 63, 63, 63, 73, 244, 320, 320, 321, 7, 7, 473, 473, 473, 398, 324, 132, 239, 239, 48, 401, 75, 75, 77, 65, 319, 319, 319, 387, 293, 293, 35, 129, 250, 473, 259, 342, 342, 398, 32, 473, 259, 259, 259, 259, 354, 331, 106, 106, 153, 153, 153, 182, 182, 182, 182, 182, 182, 122, 303, 48, 48, 180, 139, 443, 443, 122, 122, 219, 259, 259, 250, 77, 250, 331, 132, 219, 219, 48, 464, 75, 259, 77, 77, 331, 106, 486, 443, 426, 319, 240, 35, 250, 464, 401, 180, 7, 7, 139, 342, 342, 342, 403, 403, 403, 286, 286, 19, 19, 19, 19, 19, 19, 454, 454, 454, 197, 197, 180, 392, 392, 392, 392, 392, 392, 392, 63, 63, 63, 63, 63, 63, 63, 392, 392, 244, 244, 320, 321, 287, 287, 287, 284, 284, 284, 387, 450, 450, 250, 342, 342, 153, 153, 153, 387, 387, 387, 497, 146, 267, 171, 19, 19, 246, 246, 19, 19, 454, 339, 339, 132, 132, 132, 132, 132, 132, 374, 374, 374, 374, 286, 464, 464, 464, 464, 75, 250, 250, 250, 132, 132, 132, 132, 132, 374, 374, 374, 132, 286, 464, 468, 132, 473, 473, 473, 473, 473, 217, 331, 106, 106, 284, 284, 284, 460, 426, 450, 98, 98, 98, 413, 413, 132, 303, 303, 374, 303, 354, 32, 32, 303, 303, 132, 180, 132, 132, 132, 132, 331, 139, 139, 293, 293, 497, 497, 98, 98, 98, 98, 48, 48, 180, 443, 426, 153, 426, 450, 497, 98, 98, 98, 13, 170, 170, 170, 170, 392, 63, 63, 63, 63, 63, 63, 63, 63, 63, 63, 63, 63, 63, 63, 63, 63, 63, 63, 63, 63, 63, 63, 63, 63, 63, 63, 73, 244, 320, 320, 321, 287, 287, 287, 284, 284, 284, 460, 450, 240, 240, 35, 35, 259, 259, 75, 217, 250, 250, 114, 217, 324, 324, 324, 324, 246, 246, 246, 246, 246, 246, 246, 246, 454, 143, 339, 132, 132, 132, 132, 132, 374, 374, 434, 339, 132, 374, 374, 374, 374, 132, 139, 497, 497, 497, 387, 387, 387, 122, 129, 48, 401, 401, 401, 75, 401, 32, 374, 213, 213, 324, 464, 239, 48, 197, 464, 464, 75, 75, 374, 132, 132, 473, 171, 171, 324, 324, 19, 19, 19, 19, 32, 454, 75, 259, 259, 259, 180, 180, 171, 171, 454, 239, 75, 259, 259, 171, 464, 464, 180, 443, 240, 146, 32, 129, 464, 75, 464, 32, 374, 213, 213, 246, 246, 3, 464, 303, 48, 48, 48, 414, 197, 170, 244, 392, 392, 392, 392, 392, 392, 392, 320, 320, 320, 320, 75, 7, 213, 213, 213, 246, 246, 246, 246, 19, 454, 454, 414, 197, 197, 32, 32, 32, 32, 180, 32, 239, 107, 395, 132, 132, 132, 180, 120, 120, 240, 35, 473, 32, 464, 32, 32, 259, 217, 473, 473, 473, 324, 324, 324, 464, 239, 239, 32, 32, 107, 107, 107, 303, 374, 213, 19, 19, 454, 197, 197, 75, 239, 239, 239, 473, 473, 473, 473, 473, 473, 473, 473, 473, 473, 473, 473, 473, 473, 473, 473, 473, 473, 473, 473, 473, 473, 473, 473, 473, 473, 473, 473, 473, 473, 473, 473, 473, 473, 473]

ep24
Train step Loss: [2.3701508045196533, 2.4029972553253174, 2.3291380405426025, 2.3651599884033203, 2.387174129486084, 2.4095990657806396, 2.383124351501465, 2.2749648094177246, 2.3759148120880127, 2.4087228775024414, 2.260115385055542, 2.455281972885132, 2.313441038131714, 2.3706514835357666, 2.37812876701355, 2.3092916011810303, 2.4014830589294434, 2.3641533851623535, 2.3961191177368164, 2.2560997009277344, 2.3145194053649902, 2.368870496749878, 2.3217062950134277, 2.335892677307129, 2.3822808265686035, 2.4016432762145996, 2.356196165084839, 2.312296152114868, 2.3421502113342285, 2.2648696899414062, 2.41579270362854, 2.4610283374786377, 2.405677080154419, 2.333146333694458, 2.287137746810913, 2.37453556060791, 2.308699131011963, 2.29308819770813, 2.3757739067077637, 2.4040117263793945, 2.356126546859741, 2.28890061378479, 2.2420451641082764, 2.343374729156494, 2.2332475185394287, 2.3331151008605957, 2.3533873558044434, 2.29552960395813, 2.2670321464538574, 2.3340697288513184, 2.452949285507202, 2.2998743057250977, 2.2713656425476074, 2.3166613578796387, 2.278203248977661, 2.264545202255249, 2.355335235595703, 2.2324483394622803, 2.2768118381500244, 2.313823699951172, 2.293330430984497, 2.2546422481536865, 2.298943519592285]
val step Loss: [2.635723829269409, 2.5958902835845947, 2.7045445442199707, 2.6085259914398193, 2.534808397293091, 2.5756914615631104, 2.6231882572174072, 2.720370292663574, 2.655222177505493, 2.5619702339172363, 2.61906099319458, 2.652867317199707, 2.6840121746063232, 2.6193816661834717, 2.6765007972717285, 2.583139657974243]
Train step Accs: [0.5402082730691351, 0.5290459578340664, 0.5435028248587571, 0.5308770108977685, 0.5237719159690413, 0.5211379529561347, 0.5322384428223844, 0.549685534591195, 0.5367120595254808, 0.5259181775918178, 0.551926298157454, 0.5076177285318559, 0.5406814136791254, 0.5371380612673101, 0.5303697183098591, 0.5543430816237451, 0.5286649739409328, 0.5379355687047995, 0.5255543324422078, 0.5537534754402225, 0.552731065050189, 0.5324422166527429, 0.5475414691943128, 0.5428964673497476, 0.5157473754374271, 0.5287267080745341, 0.549097374179431, 0.5545205479452054, 0.5397542719954809, 0.5539193812286182, 0.5277155655095185, 0.5191552727764993, 0.5304291287386216, 0.5379644588045234, 0.5518777848504137, 0.5410909090909091, 0.5427373546118475, 0.5474528057926041, 0.5448826147000153, 0.5193893881570848, 0.5314978303157265, 0.5547945205479452, 0.5682574916759157, 0.5359257265877287, 0.5530693360812601, 0.5442898470863755, 0.5344401756311745, 0.5497259201252936, 0.5457511009623226, 0.5433056976539072, 0.5102297765187284, 0.558412520961431, 0.5625192485371112, 0.539865813699485, 0.5643900280277327, 0.5518288275263843, 0.5354305687956784, 0.5688315724052206, 0.564777998674619, 0.5479138010087116, 0.5587586206896552, 0.5601682268348935, 0.5599336374948154]
val step Accs: [0.4913006274957216, 0.5003219575016098, 0.48190137959295176, 0.49451013513513514, 0.5019011406844106, 0.5038324664659184, 0.48344815997311374, 0.48144078144078145, 0.4962850853054485, 0.5053464796556034, 0.49325474787164375, 0.48700564971751414, 0.4851423598159891, 0.49589193705612034, 0.4775654059915955, 0.4935830002103934]
Preds: [17, 17, 7, 324, 422, 239, 464, 464, 464, 14, 287, 287, 443, 450, 387, 460, 240, 35, 35, 259, 14, 14, 486, 244, 287, 443, 443, 486, 486, 460, 460, 85, 240, 146, 188, 171, 19, 454, 454, 48, 414, 414, 47, 170, 244, 244, 187, 187, 187, 244, 244, 2, 2, 73, 73, 73, 73, 321, 321, 321, 321, 320, 287, 287, 287, 287, 284, 284, 284, 284, 284, 284, 287, 287, 426, 450, 387, 293, 293, 122, 77, 259, 259, 342, 342, 342, 84, 250, 250, 106, 443, 284, 426, 426, 426, 387, 293, 240, 35, 35, 264, 250, 398, 398, 398, 398, 464, 464, 464, 139, 153, 315, 315, 315, 426, 387, 387, 387, 387, 413, 413, 250, 250, 250, 276, 153, 153, 284, 284, 284, 284, 287, 426, 426, 426, 426, 426, 413, 413, 413, 250, 250, 276, 276, 153, 153, 284, 426, 426, 146, 240, 240, 35, 35, 35, 398, 398, 324, 324, 464, 239, 464, 331, 342, 342, 342, 115, 115, 267, 267, 267, 324, 324, 3, 32, 32, 19, 19, 464, 464, 464, 464, 250, 250, 77, 120, 342, 172, 172, 172, 172, 342, 115, 342, 355, 355, 355, 139, 115, 43, 250, 355, 355, 355, 355, 355, 355, 263, 263, 414, 414, 170, 170, 170, 170, 244, 244, 2, 2, 2, 2, 2, 2, 2, 2, 63, 63, 63, 63, 63, 63, 63, 63, 63, 244, 244, 244, 244, 244, 244, 320, 7, 7, 287, 153, 387, 387, 387, 122, 122, 77, 259, 199, 331, 342, 342, 443, 443, 486, 460, 240, 240, 35, 35, 35, 250, 199, 199, 77, 497, 497, 250, 250, 250, 355, 75, 259, 250, 213, 213, 213, 246, 246, 246, 246, 246, 246, 246, 19, 19, 19, 454, 454, 454, 454, 414, 170, 170, 170, 170, 244, 244, 80, 2, 2, 80, 80, 2, 392, 63, 63, 63, 73, 63, 63, 73, 63, 244, 63, 63, 63, 63, 63, 63, 63, 63, 63, 63, 244, 73, 73, 244, 244, 244, 320, 7, 7, 7, 32, 32, 264, 264, 374, 374, 250, 250, 250, 250, 43, 276, 276, 153, 153, 153, 284, 284, 284, 284, 284, 284, 315, 460, 450, 450, 450, 450, 240, 240, 35, 129, 259, 259, 106, 443, 443, 284, 284, 284, 284, 284, 284, 287, 460, 426, 426, 426, 426, 426, 450, 450, 450, 240, 348, 413, 250, 250, 250, 398, 413, 132, 286, 286, 464, 464, 468, 468, 250, 250, 250, 250, 77, 199, 497, 250, 98, 98, 199, 199, 199, 199, 100, 100, 182, 182, 153, 153, 182, 182, 182, 182, 182, 182, 182, 182, 182, 497, 497, 497, 43, 43, 276, 497, 497, 65, 276, 426, 426, 426, 146, 146, 146, 219, 219, 219, 464, 464, 286, 374, 374, 374, 132, 374, 324, 324, 464, 464, 355, 355, 355, 355, 355, 263, 263, 75, 75, 264, 264, 473, 473, 473, 473, 473, 473, 473, 473, 473, 473, 473, 473, 473, 473, 473, 473, 473, 473, 473, 473, 473, 473, 473, 473, 473, 473, 473, 473, 473, 473, 473, 473, 473, 473, 473, 473, 473, 473, 473, 473, 473, 473, 473, 473, 473, 473, 473, 473, 473, 473, 473, 473, 473, 473, 473, 473, 473, 473, 473, 473, 473, 473, 473, 473, 473, 473, 473, 473, 473, 473, 473, 473, 473, 473, 473, 473, 473, 473, 473, 473, 473, 473, 473, 473, 473, 473, 473, 473, 473, 473, 473, 473, 473, 473, 473, 473, 473, 473, 473, 473, 473, 473, 473, 473, 473, 473, 473, 473, 473, 473, 473, 473, 473, 473, 473, 473, 473, 473, 473, 473, 473, 473, 473]

ep25
Train step Loss: [2.3244564533233643, 2.288396120071411, 2.314271926879883, 2.214832305908203, 2.109185218811035, 2.238853693008423, 2.3000035285949707, 2.303297996520996, 2.299079179763794, 2.1765103340148926, 2.2749035358428955, 2.189135789871216, 2.2709271907806396, 2.1918163299560547, 2.3395018577575684, 2.3104686737060547, 2.1844043731689453, 2.3360791206359863, 2.312575340270996, 2.329070806503296, 2.3124964237213135, 2.2497246265411377, 2.2100627422332764, 2.2621541023254395, 2.178009033203125, 2.34555983543396, 2.2829372882843018, 2.257265329360962, 2.20713210105896, 2.29514479637146, 2.16611909866333, 2.241443634033203, 2.264981746673584, 2.103980302810669, 2.246509552001953, 2.2365520000457764, 2.199735403060913, 2.2054762840270996, 2.2284672260284424, 2.1694180965423584, 2.2494444847106934, 2.1966781616210938, 2.3797574043273926, 2.1722304821014404, 2.2741339206695557, 2.1709179878234863, 2.1783697605133057, 2.2121920585632324, 2.0719339847564697, 2.198944330215454, 2.19853138923645, 2.239133834838867, 2.1414849758148193, 2.2671937942504883, 2.28086519241333, 2.239126205444336, 2.3084678649902344, 2.232011079788208, 2.164557456970215, 2.197864532470703, 2.288571357727051, 2.1719884872436523, 2.3157541751861572]
val step Loss: [2.5172324180603027, 2.5123841762542725, 2.4875121116638184, 2.49747633934021, 2.5306804180145264, 2.4544167518615723, 2.5617947578430176, 2.497723340988159, 2.601261854171753, 2.5889222621917725, 2.471593141555786, 2.464087963104248, 2.4542012214660645, 2.56557035446167, 2.4907402992248535, 2.5781476497650146]
Train step Accs: [0.5383854093029832, 0.5527244819646968, 0.5340125861552293, 0.5687787706471703, 0.5852609727164887, 0.5740338688666956, 0.5550534100246508, 0.5409811985898942, 0.5562585499316005, 0.5785054575986566, 0.5528281750266809, 0.5826654793707332, 0.5611833258628418, 0.5811289882737933, 0.5409912718204489, 0.554372197309417, 0.5800756620428752, 0.5356164383561643, 0.5493950068923266, 0.5496173132752705, 0.5530608948473591, 0.5618979664645023, 0.569114619080302, 0.5634282178217822, 0.5824102495662619, 0.548284449363586, 0.5556900726392252, 0.5688433117176896, 0.5708579367836054, 0.5571725571725572, 0.5802739726027397, 0.5704955820207452, 0.5618501732871234, 0.5987769210316405, 0.5798386029898135, 0.5597502541019311, 0.5801906340654787, 0.5717184329639456, 0.5717844908128309, 0.5892857142857143, 0.5620449264136328, 0.5778519224658405, 0.5333221701272606, 0.5840654347167525, 0.5576016499705363, 0.5837348689622752, 0.5737097598364844, 0.5691228998544781, 0.6089299461123941, 0.5816240040684861, 0.5797605252993434, 0.5692920033771559, 0.5962752525252525, 0.5661721931355439, 0.5541743400859422, 0.5638930163447251, 0.5533392434988179, 0.5624252094136418, 0.5891221642947725, 0.57398197078023, 0.5678038745071147, 0.5858363542206111, 0.5548098434004475]
val step Accs: [0.5236647850629613, 0.5208576998050682, 0.5244146202170189, 0.5281207133058985, 0.5258841619682214, 0.5274695896270553, 0.4994462901439646, 0.5226375361937352, 0.49730281382125674, 0.5017320216156298, 0.5174834801762115, 0.5277565376968956, 0.5248881052488811, 0.5062203411568552, 0.5222825400833229, 0.5084382534154835]
Preds: [17, 17, 287, 287, 284, 284, 287, 450, 387, 387, 413, 35, 35, 473, 259, 354, 342, 342, 342, 342, 342, 115, 250, 106, 250, 106, 284, 426, 426, 240, 35, 35, 35, 473, 473, 473, 473, 398, 398, 324, 324, 422, 35, 331, 139, 342, 342, 342, 342, 115, 342, 267, 267, 267, 324, 324, 3, 3, 14, 14, 14, 188, 188, 171, 443, 443, 240, 35, 239, 77, 464, 342, 342, 342, 14, 115, 180, 197, 197, 145, 145, 145, 486, 486, 460, 240, 468, 468, 468, 250, 132, 374, 32, 32, 32, 239, 180, 32, 239, 239, 395, 395, 395, 286, 286, 132, 132, 132, 120, 120, 120, 120, 120, 188, 264, 290, 239, 259, 259, 414, 170, 170, 244, 244, 170, 170, 244, 170, 170, 187, 187, 187, 244, 2, 2, 2, 2, 2, 392, 73, 73, 392, 244, 73, 73, 73, 244, 320, 287, 287, 287, 293, 293, 43, 374, 48, 354, 180, 342, 443, 284, 443, 426, 426, 240, 413, 413, 250, 250, 250, 250, 98, 197, 48, 401, 7, 398, 217, 473, 354, 354, 473, 250, 35, 250, 398, 398, 398, 324, 339, 132, 217, 250, 199, 398, 250, 251, 132, 250, 250, 217, 331, 331, 276, 153, 153, 153, 153, 182, 497, 497, 43, 303, 32, 239, 180, 443, 342, 443, 443, 426, 426, 426, 240, 413, 250, 250, 250, 303, 98, 98, 98, 98, 13, 414, 414, 170, 170, 170, 170, 170, 244, 2, 2, 2, 2, 2, 2, 2, 2, 2, 244, 73, 73, 73, 73, 244, 320, 7, 320, 473, 106, 284, 287, 111, 450, 240, 77, 35, 443, 115, 115, 342, 342, 342, 115, 106, 153, 153, 153, 153, 387, 413, 98, 98, 259, 342, 342, 342, 84, 250, 250, 100, 100, 100, 182, 497, 497, 98, 98, 98, 414, 414, 197, 187, 80, 80, 244, 320, 287, 287, 284, 284, 284, 284, 315, 315, 315, 315, 315, 315, 315, 315, 450, 85, 85, 240, 240, 35, 250, 406, 406, 250, 250, 250, 250, 250, 250, 98, 98, 354, 403, 403, 403, 286, 19, 19, 19, 143, 32, 32, 239, 75, 75, 180, 106, 153, 153, 387, 497, 98, 98, 109, 342, 84, 84, 84, 331, 276, 182, 182, 153, 182, 182, 182, 182, 250, 132, 250, 467, 212, 199, 132, 132, 98, 98, 98, 98, 13, 13, 197, 197, 170, 170, 170, 170, 244, 187, 187, 187, 187, 47, 47, 392, 392, 73, 73, 73, 244, 7, 7, 354, 354, 109, 109, 355, 106, 486, 153, 153, 153, 182, 182, 182, 182, 182, 182, 182, 182, 182, 182, 182, 182, 122, 122, 219, 48, 259, 197, 75, 32, 32, 354, 354, 331, 106, 486, 486, 100, 375, 98, 98, 98, 98, 13, 264, 264, 264, 473, 473, 473, 473, 473, 473, 473, 473, 473, 473, 473, 473, 473, 473, 473, 473, 473, 473, 473, 473, 473, 473, 473, 473, 473, 473, 473, 473, 473, 473, 473, 473, 473, 473, 473, 473, 473, 473, 473, 473, 473, 473, 473, 473, 473, 473, 473, 473, 473, 473, 473, 473, 473, 473, 473, 473, 473, 473, 473, 473, 473, 473, 473, 473, 473, 473, 473, 473, 473, 473, 473, 473, 473, 473, 473, 473, 473, 473, 473, 473, 473, 473, 473, 473, 473, 473, 473, 473, 473, 473, 473, 473, 473, 473, 473, 473, 473, 473, 473, 473, 473, 473, 473, 473, 473, 473, 473, 473, 473, 473, 473, 473, 473, 473, 473, 473, 473, 473, 473, 473, 473, 473, 473, 473, 473, 473, 473, 473, 473, 473, 473, 473, 473, 473, 473, 473, 473, 473, 473, 473, 473, 473]

ep26
Train step Loss: [2.163865089416504, 2.1525018215179443, 2.088224411010742, 2.5509724617004395, 2.5450997352600098, 2.4950497150421143, 2.3633639812469482, 2.3982250690460205, 2.1567513942718506, 2.2693679332733154, 2.2344467639923096, 2.2498013973236084, 2.125894069671631, 2.2371416091918945, 2.662907123565674, 2.4082131385803223, 2.4234583377838135, 2.2852461338043213, 2.3517417907714844, 2.336489200592041, 2.1952970027923584, 2.580463171005249, 2.486995220184326, 2.52172589302063, 2.522191047668457, 2.423056125640869, 2.486804246902466, 2.428772211074829, 2.5893173217773438, 2.6518964767456055, 2.4620444774627686, 2.2499892711639404, 2.6362392902374268, 2.7541816234588623, 2.709961414337158, 2.898601770401001, 2.774663209915161, 2.8708293437957764, 3.6426682472229004, 2.9166319370269775, 2.509171962738037, 2.6636016368865967, 2.7190604209899902, 2.7252278327941895, 2.5103280544281006, 2.693648099899292, 2.597395420074463, 2.786648750305176, 2.7074897289276123, 2.801844835281372, 3.039825201034546, 2.938413619995117, 3.12674617767334, 3.2432029247283936, 2.9422099590301514, 2.9303946495056152, 3.684577226638794, 3.4712116718292236, 3.1103146076202393, 3.074463129043579, 3.33988618850708, 3.199805974960327, 3.3160130977630615]
val step Loss: [2.4996581077575684, 3.189213514328003, 2.696859121322632, 2.648618221282959, 2.540437698364258, 3.220672607421875, 2.52128267288208, 2.742811918258667, 2.693801164627075, 3.325087070465088, 3.0085184574127197, 2.864078998565674, 2.569969892501831, 2.5761425495147705, 2.6893482208251953, 2.6464271545410156]
Train step Accs: [0.5751382141062155, 0.5902841429880843, 0.6042446941323346, 0.5118802362312869, 0.5166225916131469, 0.53827546955037, 0.5603269150851918, 0.5391044031433204, 0.5904097195295334, 0.5682154882154882, 0.5739957716701902, 0.571671388101983, 0.592548961861287, 0.5557113916160199, 0.4944347592865764, 0.5449923140593591, 0.5461123723041997, 0.5719803892437973, 0.5544728650696982, 0.5699889781136829, 0.5856254319281271, 0.5072591289045315, 0.532944357478298, 0.5307193152008836, 0.5223330775134305, 0.5405783582089553, 0.5361063862687491, 0.5404229788510575, 0.5134772896500372, 0.4971331163799783, 0.5416475622802995, 0.5677109232554285, 0.5048043447987746, 0.51011353255905, 0.4945722970039079, 0.470242656449553, 0.5073280721533259, 0.48998343123964455, 0.36966900063653724, 0.4652029274783766, 0.538355535140101, 0.5146579804560261, 0.5054836895388076, 0.49147810755215987, 0.5269914926527456, 0.5044225099346238, 0.5242284786139686, 0.48106666666666664, 0.5039840637450199, 0.5057407663577258, 0.46051564780282145, 0.46155134863461217, 0.4376669009135629, 0.4316664714837803, 0.46147001245773267, 0.48457300275482096, 0.36375034828643077, 0.39712790229499395, 0.4434964304370538, 0.4739095955590801, 0.43323579239180654, 0.4487543361715547, 0.4330201342281879]
val step Accs: [0.5418069206947623, 0.4444610108841509, 0.5044134396355353, 0.5225439640354357, 0.5401234567901234, 0.4266013661554324, 0.5329381651623333, 0.5137908915971777, 0.506500469106018, 0.41358024691358025, 0.47910940076965364, 0.48027444253859347, 0.5328456683878371, 0.5194971780400205, 0.5061035498807352, 0.5418343571277272]
Preds: [17, 17, 17, 75, 75, 109, 331, 443, 443, 115, 240, 35, 35, 267, 464, 434, 434, 324, 324, 324, 324, 324, 301, 301, 239, 303, 303, 132, 217, 217, 331, 331, 106, 284, 284, 284, 284, 460, 426, 426, 450, 98, 98, 98, 263, 197, 197, 197, 197, 170, 170, 392, 392, 392, 63, 63, 63, 63, 63, 63, 63, 63, 63, 63, 63, 63, 63, 63, 73, 244, 320, 320, 321, 320, 320, 443, 486, 486, 460, 460, 240, 150, 35, 77, 342, 342, 75, 75, 259, 35, 473, 473, 264, 264, 264, 264, 374, 374, 374, 324, 213, 324, 246, 246, 246, 246, 454, 339, 339, 264, 132, 132, 374, 374, 374, 339, 374, 374, 374, 132, 132, 120, 132, 132, 497, 413, 398, 259, 401, 401, 401, 197, 75, 401, 75, 374, 374, 324, 324, 301, 301, 239, 251, 473, 217, 473, 398, 398, 324, 324, 19, 252, 143, 422, 251, 32, 107, 107, 107, 395, 171, 171, 19, 19, 454, 454, 454, 197, 197, 197, 197, 197, 197, 197, 197, 170, 80, 170, 392, 392, 392, 392, 392, 392, 392, 392, 392, 392, 392, 73, 73, 289, 321, 287, 287, 287, 443, 486, 460, 460, 240, 35, 35, 401, 401, 75, 473, 473, 473, 324, 324, 324, 143, 239, 259, 401, 401, 197, 75, 259, 259, 259, 75, 75, 374, 374, 132, 132, 132, 398, 467, 473, 217, 473, 398, 324, 301, 301, 259, 259, 259, 75, 217, 77, 65, 319, 319, 387, 293, 146, 146, 219, 324, 324, 464, 339, 339, 132, 132, 132, 374, 374, 374, 339, 374, 374, 374, 132, 182, 182, 182, 182, 182, 497, 497, 43, 122, 122, 197, 259, 171, 252, 324, 301, 301, 32, 217, 77, 77, 276, 276, 153, 153, 182, 413, 250, 129, 259, 241, 180, 486, 486, 486, 85, 240, 468, 468, 468, 250, 250, 106, 486, 460, 240, 35, 35, 250, 342, 77, 115, 115, 115, 115, 180, 115, 267, 267, 267, 213, 213, 246, 246, 3, 14, 252, 252, 252, 171, 171, 171, 339, 464, 251, 251, 77, 77, 139, 115, 115, 106, 443, 443, 443, 287, 287, 284, 284, 284, 85, 85, 115, 115, 115, 355, 355, 355, 263, 13, 13, 188, 75, 290, 473, 473, 473, 473, 473, 473, 473, 473, 473, 473, 473, 473, 473, 473, 473, 473, 473, 473, 473, 473, 473, 473, 473, 473, 473, 473, 473, 473, 473, 473, 473, 473, 473, 473, 473, 473, 473, 473, 473, 473, 473, 473, 473, 473, 473, 473, 473, 473, 473, 473, 473, 473, 473, 473, 473, 473, 473, 473, 473, 473, 473, 473, 473, 473, 473, 473, 473, 473, 473, 473, 473, 473, 473, 473, 473, 473, 473, 473, 473, 473, 473, 473, 473, 473, 473, 473, 473, 473, 473, 473, 473, 473, 473, 473, 473, 473, 473, 473, 473, 473, 473, 473, 473, 473, 473, 473, 473, 473, 473, 473, 473, 473, 473, 473, 473, 473, 473, 473, 473, 473, 473, 473, 473, 473, 473, 473, 473, 473, 473, 473, 473, 473, 473, 473, 473, 473, 473, 473, 473, 473, 473, 473, 473, 473, 473, 473, 473, 473, 473, 473, 473, 473, 473, 473, 473, 473, 473, 473, 473, 473, 473, 473, 473, 473, 473, 473, 473, 473, 473, 473, 473, 473, 473, 473, 473, 473, 473, 473, 473, 473, 473, 473, 473, 473, 473, 473, 473, 473, 473, 473, 473, 473, 473, 473, 473, 473, 473, 473, 473, 473, 473, 473, 473, 473, 473, 473, 473, 473, 473, 473, 473, 473, 473, 473, 473, 473, 473, 473, 473, 473, 473, 473, 473, 473, 473, 473, 473, 473]

